{
    "bestIndiv": [
        [
            34,
            39,
            4,
            14,
            5,
            3,
            32,
            42,
            44,
            40,
            7,
            37,
            23,
            47,
            36,
            38,
            33,
            35,
            31,
            8,
            9,
            18,
            2,
            0,
            49,
            19,
            17,
            16,
            22,
            28,
            24,
            11,
            50,
            10,
            26,
            27,
            25,
            46,
            13,
            51,
            12,
            45,
            43,
            15,
            29,
            1,
            6,
            41,
            20,
            30,
            21,
            48
        ],
        0.6790676013563497
    ],
    "best": [
        0.2982676061331995,
        0.2982676061331995,
        0.34317234993422185,
        0.34317234993422185,
        0.3492979142773798,
        0.3492979142773798,
        0.35440053307410624,
        0.35712665517097175,
        0.3812551750604681,
        0.3812551750604681,
        0.386305879681996,
        0.386482476440874,
        0.4117819811846289,
        0.4117819811846289,
        0.4117819811846289,
        0.4150245631721425,
        0.4150245631721425,
        0.4253185762619509,
        0.4399072364426732,
        0.4399072364426732,
        0.44010389612683776,
        0.4605545293515063,
        0.4605545293515063,
        0.4605545293515063,
        0.46486767034809273,
        0.46767240522602194,
        0.46767240522602194,
        0.47032631499536104,
        0.47032631499536104,
        0.4740494014557244,
        0.48168452308024023,
        0.48168452308024023,
        0.4870763440538733,
        0.4931105026932989,
        0.502567455313995,
        0.5160231608644567,
        0.5160231608644567,
        0.5204648620118909,
        0.5288494017233044,
        0.5288494017233044,
        0.5288494017233044,
        0.5288494017233044,
        0.5358833864457527,
        0.5399351417600968,
        0.5497291607242171,
        0.5527444100552448,
        0.5527444100552448,
        0.5583777727774166,
        0.5620560028035133,
        0.5632143618385181,
        0.5632143618385181,
        0.5632143618385181,
        0.5692307592469706,
        0.5732077894500129,
        0.5809596330447645,
        0.5812361990867423,
        0.5860058426234948,
        0.5950204573050313,
        0.5995885992974308,
        0.5999105534437627,
        0.6023094073042011,
        0.6023094073042011,
        0.6024385865805111,
        0.6051884077368407,
        0.6107275878400227,
        0.6107275878400227,
        0.621121621976956,
        0.621121621976956,
        0.6211216219769561,
        0.6249737953748011,
        0.6285454857806553,
        0.6285454857806553,
        0.6285454857806553,
        0.6332516536513428,
        0.6335523398653271,
        0.6335523398653271,
        0.6335523398653271,
        0.6335523398653271,
        0.6387217524449424,
        0.6387217524449424,
        0.6390276570723978,
        0.6390276570723978,
        0.6406683233851453,
        0.6418989575946978,
        0.6429674490178396,
        0.6433390492689464,
        0.6438649722308076,
        0.6438649722308076,
        0.6442376109459323,
        0.6442376109459323,
        0.6442376109459323,
        0.6449134125931506,
        0.6449134125931507,
        0.6452872662244513,
        0.6465845275314465,
        0.6472652645533188,
        0.6472652645533188,
        0.6472652645533188,
        0.6503105557772283,
        0.6503105557772283,
        0.6503105557772283,
        0.6503105557772283,
        0.6526070784302019,
        0.6526070784302019,
        0.6526070784302019,
        0.6526070784302019,
        0.6526070784302019,
        0.6543284259220864,
        0.6543284259220864,
        0.6562663286648804,
        0.6562663286648804,
        0.6566534645782857,
        0.6566534645782857,
        0.6566534645782857,
        0.6566534645782857,
        0.6566534645782857,
        0.6566534645782857,
        0.6573137882514559,
        0.6573137882514559,
        0.6573137882514559,
        0.6590755181287463,
        0.6597407244349484,
        0.6597427956633002,
        0.6597427956633002,
        0.6597427956633002,
        0.6597427956633002,
        0.6597427956633002,
        0.6597427956633002,
        0.6597427956633002,
        0.6597427956633002,
        0.6597427956633002,
        0.6597427956633002,
        0.6704120014115967,
        0.6704120014115967,
        0.6704120014115967,
        0.6704120014115967,
        0.6704120014115967,
        0.6704120014115967,
        0.6704120014115967,
        0.6704120014115967,
        0.6704120014115967,
        0.6704120014115967,
        0.6704120014115967,
        0.6704120014115967,
        0.6704120014115967,
        0.6704120014115967,
        0.6704120014115967,
        0.6704120014115967,
        0.6704120014115967,
        0.6704120014115967,
        0.6704120014115967,
        0.6704120014115967,
        0.6704120014115967,
        0.6704120014115967,
        0.6704120014115967,
        0.6704120014115967,
        0.6704120014115967,
        0.6704120014115967,
        0.6704120014115967,
        0.6704120014115967,
        0.6704120014115967,
        0.6704120014115967,
        0.6704120014115967,
        0.6704120014115967,
        0.6704120014115967,
        0.6704120014115967,
        0.6711098412074639,
        0.6711098412074639,
        0.6711098412074639,
        0.6711098412074639,
        0.6711098412074639,
        0.6790676013563497,
        0.6790676013563497,
        0.6790676013563497,
        0.6790676013563497,
        0.6790676013563497,
        0.6790676013563497,
        0.6790676013563497,
        0.6790676013563497,
        0.6790676013563497,
        0.6790676013563497,
        0.6790676013563497,
        0.6790676013563497,
        0.6790676013563497,
        0.6790676013563497,
        0.6790676013563497,
        0.6790676013563497,
        0.6790676013563497,
        0.6790676013563497,
        0.6790676013563497,
        0.6790676013563497,
        0.6790676013563497,
        0.6790676013563497,
        0.6790676013563497,
        0.6790676013563497,
        0.6790676013563497,
        0.6790676013563497,
        0.6790676013563497,
        0.6790676013563497,
        0.6790676013563497,
        0.6790676013563497
    ],