{
    "bestIndiv": [
        [
            20,
            41,
            6,
            1,
            21,
            42,
            14,
            23,
            47,
            37,
            39,
            36,
            34,
            0,
            48,
            31,
            44,
            40,
            18,
            2,
            16,
            22,
            19,
            49,
            15,
            43,
            33,
            4,
            5,
            3,
            24,
            25,
            27,
            11,
            50,
            32,
            9,
            8,
            7,
            17,
            30,
            35,
            38,
            45,
            26,
            46,
            12,
            13,
            51,
            10,
            28,
            29
        ],
        0.6769533922148159
    ],
    "best": [
        0.293365696484161,
        0.2941507905765504,
        0.3221401315913326,
        0.3221401315913326,
        0.3221401315913326,
        0.3354605380300752,
        0.33963562643502715,
        0.35602960344988865,
        0.3686122604233626,
        0.37491380180323053,
        0.37491380180323053,
        0.3847811278383344,
        0.388375250463485,
        0.3975181228754477,
        0.3975181228754477,
        0.4099100170015495,
        0.4099100170015495,
        0.4099100170015495,
        0.4186839819568307,
        0.43030414455904764,
        0.4347266107762401,
        0.4347266107762401,
        0.45167265068400125,
        0.452166687662368,
        0.4580167185889732,
        0.4698207553833753,
        0.4698207553833753,
        0.47741722290322197,
        0.47741722290322197,
        0.4977396514152164,
        0.4977396514152164,
        0.4977396514152164,
        0.5033949977139879,
        0.5093298488147712,
        0.5093298488147712,
        0.5093298488147712,
        0.511307083875438,
        0.5123130411546456,
        0.5233889852554575,
        0.526853555660692,
        0.5335912716322995,
        0.5335912716322995,
        0.541931967657722,
        0.5467858813643215,
        0.5514084641733655,
        0.5674776233939701,
        0.5674776233939701,
        0.5694752427289306,
        0.5762920979513245,
        0.5806557969033598,
        0.5806557969033598,
        0.5806557969033598,
        0.581155645920282,
        0.583400134357785,
        0.5973372806714009,
        0.5978662753358194,
        0.5985291588217136,
        0.6000317705930158,
        0.6000317705930158,
        0.610098963818139,
        0.6160594751185824,
        0.6160594751185824,
        0.6160594751185824,
        0.6160594751185824,
        0.6160594751185824,
        0.6194081716381931,
        0.6194081716381931,
        0.6194081716381931,
        0.6194081716381931,
        0.6194081716381931,
        0.6194081716381931,
        0.6194081716381931,
        0.6194081716381931,
        0.6194081716381931,
        0.6194081716381931,
        0.6194081716381931,
        0.6194081716381931,
        0.6194081716381931,
        0.6194081716381931,
        0.6194081716381931,
        0.6194081716381931,
        0.6194081716381931,
        0.6194081716381931,
        0.6194081716381931,
        0.6194081716381931,
        0.6194081716381931,
        0.6194081716381931,
        0.6194081716381931,
        0.6194081716381931,
        0.6258372015524477,
        0.6258372015524477,
        0.6258372015524477,
        0.6258372015524477,
        0.6258372015524477,
        0.6258372015524477,
        0.6258372015524477,
        0.6258372015524477,
        0.6258372015524477,
        0.6258372015524477,
        0.6258372015524477,
        0.6258372015524477,
        0.6258372015524477,
        0.6258372015524477,
        0.6258372015524477,
        0.6321901883029807,
        0.6321901883029807,
        0.6321901883029807,
        0.6321901883029807,
        0.6321901883029807,
        0.6321901883029807,
        0.6321901883029807,
        0.6321901883029807,
        0.6321901883029807,
        0.6321901883029807,
        0.6321901883029807,
        0.6321901883029807,
        0.6321901883029807,
        0.6321901883029807,
        0.6321901883029807,
        0.6321901883029807,
        0.6321901883029807,
        0.6321901883029807,
        0.6321901883029807,
        0.6321901883029807,
        0.6321901883029807,
        0.6321901883029807,
        0.63912090709637,
        0.63912090709637,
        0.63912090709637,
        0.63912090709637,
        0.63912090709637,
        0.63912090709637,
        0.63912090709637,
        0.63912090709637,
        0.63912090709637,
        0.63912090709637,
        0.63912090709637,
        0.63912090709637,
        0.63912090709637,
        0.63912090709637,
        0.63912090709637,
        0.63912090709637,
        0.63912090709637,
        0.63912090709637,
        0.63912090709637,
        0.6475867347189859,
        0.6475867347189859,
        0.6475867347189859,
        0.6475867347189859,
        0.6475867347189859,
        0.6475867347189859,
        0.6475867347189859,
        0.6475867347189859,
        0.6475867347189859,
        0.6475867347189859,
        0.6475867347189859,
        0.6475867347189859,
        0.6505428384583989,
        0.6505428384583989,
        0.6505428384583989,
        0.6505428384583989,
        0.6505428384583989,
        0.6505428384583989,
        0.6505428384583989,
        0.6505428384583989,
        0.6505428384583989,
        0.6505428384583989,
        0.6505428384583989,
        0.6505428384583989,
        0.6505428384583989,
        0.6505428384583989,
        0.6505428384583989,
        0.6505428384583989,
        0.6505428384583989,
        0.6505428384583989,
        0.6505428384583989,
        0.6505428384583989,
        0.6505428384583989,
        0.6505428384583989,
        0.6505428384583989,
        0.6505428384583989,
        0.6505428384583989,
        0.6505428384583989,
        0.6505428384583989,
        0.6505428384583989,
        0.6505428384583989,
        0.6657132503917949,
        0.6657132503917949,
        0.6657132503917949,
        0.6657132503917949,
        0.6657132503917949,
        0.6657132503917949,
        0.6657132503917949,
        0.6753118229259445,
        0.6753118229259445,
        0.6753118229259445,
        0.6753118229259445,
        0.6753118229259445,
        0.6769533922148159,
        0.6769533922148159,
        0.6769533922148159
    ],