{
    "bestIndiv": [
        [
            4,
            14,
            47,
            36,
            38,
            33,
            35,
            34,
            48,
            21,
            0,
            43,
            19,
            49,
            28,
            46,
            12,
            13,
            51,
            10,
            26,
            27,
            25,
            5,
            24,
            3,
            11,
            50,
            32,
            42,
            39,
            37,
            23,
            44,
            40,
            18,
            7,
            9,
            8,
            30,
            22,
            29,
            6,
            1,
            41,
            20,
            2,
            16,
            17,
            31,
            15,
            45
        ],
        0.7241738594291276
    ],
    "best": [
        0.2970436211377127,
        0.2986417215770556,
        0.3032877828998726,
        0.3136843562189169,
        0.32501431483409227,
        0.32501431483409227,
        0.32501431483409227,
        0.3277301045202398,
        0.33224608468004013,
        0.3348594011574977,
        0.3443391710767256,
        0.3496797910414124,
        0.3496797910414124,
        0.35590534265580365,
        0.35590534265580365,
        0.35590534265580365,
        0.3581740408282686,
        0.36569924400807347,
        0.36582648602550993,
        0.38138658636035716,
        0.3884852014300924,
        0.3884852014300924,
        0.3893861554747234,
        0.39716333951665456,
        0.39716333951665456,
        0.4163531423005765,
        0.4163531423005765,
        0.42880633407004565,
        0.42943668517225797,
        0.4317211260791591,
        0.4549058835433014,
        0.4556062527393762,
        0.4619784632265967,
        0.46552945771031584,
        0.46552945771031584,
        0.46552945771031584,
        0.47006981530888736,
        0.49281449900981955,
        0.49281449900981955,
        0.49641105454129486,
        0.49641105454129486,
        0.5023202256843405,
        0.50385306836058,
        0.5263836582523693,
        0.5263836582523693,
        0.5263836582523693,
        0.5263836582523693,
        0.5386122131509544,
        0.5483259215009948,
        0.5510840133668492,
        0.5510840133668492,
        0.5552595111648216,
        0.5583599074700049,
        0.5583599074700049,
        0.5583599074700049,
        0.5583599074700049,
        0.5613386443158669,
        0.5613386443158669,
        0.5632583234052256,
        0.5632583234052256,
        0.5647148756660365,
        0.5647148756660365,
        0.5803428500467408,
        0.5839303988585284,
        0.5871980142312722,
        0.5871980142312722,
        0.5871980142312722,
        0.5871980142312722,
        0.5923043673049553,
        0.5923043673049553,
        0.5934131856565186,
        0.5934131856565186,
        0.5934131856565186,
        0.5934131856565186,
        0.5934131856565186,
        0.5934131856565186,
        0.5934131856565186,
        0.5934131856565186,
        0.5934131856565186,
        0.5934131856565186,
        0.5934131856565186,
        0.6019360839233187,
        0.6019360839233187,
        0.6019360839233187,
        0.6019983148187718,
        0.6019983148187718,
        0.6019983148187718,
        0.6019983148187718,
        0.6019983148187718,
        0.6019983148187718,
        0.6019983148187718,
        0.6019983148187718,
        0.6019983148187718,
        0.6019983148187718,
        0.6019983148187718,
        0.6019983148187718,
        0.6019983148187718,
        0.6019983148187718,
        0.6019983148187718,
        0.6019983148187718,
        0.6019983148187718,
        0.6081471242980708,
        0.609534578020181,
        0.609534578020181,
        0.609534578020181,
        0.6158391080242317,
        0.6158391080242317,
        0.6225264791468205,
        0.6225264791468205,
        0.6225264791468205,
        0.6225264791468205,
        0.6225264791468205,
        0.6225264791468205,
        0.6238626638785797,
        0.63586191847898,
        0.6358619184789801,
        0.6358619184789801,
        0.6453037983262616,
        0.6453037983262616,
        0.6453037983262616,
        0.6453037983262616,
        0.6453037983262616,
        0.6453037983262616,
        0.6453037983262616,
        0.6453037983262616,
        0.6453037983262616,
        0.6453037983262616,
        0.6453037983262616,
        0.6453037983262616,
        0.6453037983262616,
        0.6453037983262616,
        0.6453037983262616,
        0.6453037983262616,
        0.6527691408935059,
        0.6527691408935059,
        0.6527691408935059,
        0.6527691408935059,
        0.6527691408935059,
        0.6527691408935059,
        0.6527691408935059,
        0.6527691408935059,
        0.6527691408935059,
        0.6527691408935059,
        0.6527691408935059,
        0.6527691408935059,
        0.6624086248226586,
        0.6632656090353475,
        0.6632656090353475,
        0.6632656090353475,
        0.6632656090353475,
        0.6632656090353475,
        0.6632656090353475,
        0.6632656090353475,
        0.6632656090353475,
        0.6632656090353475,
        0.6632656090353475,
        0.6632656090353475,
        0.6632656090353475,
        0.6632656090353475,
        0.6632656090353475,
        0.6632656090353475,
        0.6632656090353475,
        0.6725997151645331,
        0.6725997151645331,
        0.6725997151645331,
        0.6841108498860974,
        0.6841108498860974,
        0.6841108498860974,
        0.6841108498860974,
        0.6841108498860974,
        0.6841108498860974,
        0.7058046113505002,
        0.7058046113505002,
        0.7058046113505002,
        0.7132693515233435,
        0.7132693515233435,
        0.7132693515233435,
        0.7153891272837656,
        0.7153891272837656,
        0.7153891272837656,
        0.7153891272837656,
        0.7209789834644903,
        0.7209789834644903,
        0.7231449011963763,
        0.7240843900640372,
        0.7240843900640372,
        0.7240843900640372,
        0.7240843900640372,
        0.7240843900640372,
        0.7240843900640372,
        0.7240843900640372,
        0.7240843900640372,
        0.7240843900640372,
        0.7240843900640372,
        0.7240843900640372,
        0.7241738594291276,
        0.7241738594291276,
        0.7241738594291276,
        0.7241738594291276,
        0.7241738594291276,
        0.7241738594291276
    ],