{
    "bestIndiv": [
        [
            34,
            31,
            21,
            17,
            22,
            19,
            29,
            28,
            49,
            48,
            9,
            32,
            42,
            39,
            36,
            38,
            35,
            33,
            43,
            5,
            4,
            45,
            50,
            3,
            14,
            44,
            18,
            2,
            16,
            6,
            1,
            41,
            20,
            30,
            15,
            25,
            46,
            27,
            26,
            12,
            13,
            51,
            10,
            11,
            24,
            47,
            23,
            37,
            7,
            8,
            40,
            0
        ],
        0.6450687784141641
    ],
    "best": [
        0.2970436211377127,
        0.2986417215770556,
        0.3243528076542743,
        0.3243528076542743,
        0.32758773172994454,
        0.3282990041175063,
        0.34813056305158285,
        0.34813056305158285,
        0.34813056305158285,
        0.3518529463346679,
        0.3748452405015799,
        0.3748452405015799,
        0.3748452405015799,
        0.37586108531783746,
        0.37968115948768083,
        0.3848834152121324,
        0.3854098223940588,
        0.388742800517723,
        0.388742800517723,
        0.3971368645292474,
        0.4070903060316814,
        0.41000534083367085,
        0.4165025256742897,
        0.4165025256742897,
        0.42374792661753125,
        0.42852370460899525,
        0.44786779566407414,
        0.44786779566407414,
        0.44786779566407414,
        0.44786779566407425,
        0.4511530276575691,
        0.464573124243704,
        0.47276515539866126,
        0.47276515539866126,
        0.4727651553986613,
        0.47561759349139826,
        0.47561759349139826,
        0.48907556238113775,
        0.48907556238113775,
        0.49937093501498075,
        0.49937093501498075,
        0.49937093501498075,
        0.5011733535709089,
        0.5160358977940672,
        0.520072729686205,
        0.5277550611357825,
        0.5375746966073089,
        0.5375746966073089,
        0.5399830190211793,
        0.5443493426419296,
        0.5469389333853857,
        0.5469389333853857,
        0.5522738057925064,
        0.5527194970571409,
        0.5568419998620807,
        0.5588547125304222,
        0.5617576258430733,
        0.5712059708961971,
        0.575019378390919,
        0.5821570242514068,
        0.5821570242514068,
        0.5821570242514068,
        0.5926247864786099,
        0.5926247864786099,
        0.5926247864786099,
        0.5926247864786099,
        0.5926247864786099,
        0.5926247864786099,
        0.5926247864786099,
        0.5926247864786099,
        0.5926247864786099,
        0.5926247864786099,
        0.6061961541982708,
        0.6061961541982708,
        0.6061961541982708,
        0.6061961541982708,
        0.6061961541982708,
        0.6066246594011752,
        0.6066246594011752,
        0.6066246594011752,
        0.6066246594011752,
        0.6066246594011752,
        0.6066246594011752,
        0.6105800678814091,
        0.6105800678814091,
        0.6105800678814091,
        0.6105800678814091,
        0.6105800678814091,
        0.6105800678814091,
        0.6105800678814091,
        0.6105800678814091,
        0.6105800678814091,
        0.6119103901690618,
        0.6119103901690618,
        0.6119103901690618,
        0.6119103901690618,
        0.6119103901690618,
        0.6119103901690618,
        0.6119103901690618,
        0.6119103901690618,
        0.6119103901690618,
        0.6119103901690618,
        0.6119103901690618,
        0.6119103901690618,
        0.6120752469212304,
        0.6120752469212304,
        0.6120752469212304,
        0.6120752469212304,
        0.6120752469212304,
        0.6120752469212304,
        0.6120752469212304,
        0.6120752469212304,
        0.6120752469212304,
        0.6120752469212304,
        0.6120752469212304,
        0.6135308499668779,
        0.6152685997573454,
        0.6152685997573454,
        0.6152685997573454,
        0.6152685997573454,
        0.6152685997573454,
        0.6152685997573454,
        0.618342729279439,
        0.618342729279439,
        0.6201510559365718,
        0.6201510559365718,
        0.6201510559365718,
        0.6201510559365718,
        0.6201510559365718,
        0.6201510559365718,
        0.6201510559365718,
        0.6201510559365718,
        0.6201510559365718,
        0.6203427689784737,
        0.6203427689784737,
        0.6203427689784737,
        0.6203427689784737,
        0.6203427689784737,
        0.6203427689784737,
        0.6203427689784737,
        0.6203427689784737,
        0.6203427689784737,
        0.6203427689784737,
        0.6203427689784737,
        0.6203427689784737,
        0.6203427689784737,
        0.6203427689784737,
        0.6203427689784737,
        0.6203427689784737,
        0.6203427689784737,
        0.6203427689784737,
        0.6203427689784737,
        0.6203427689784737,
        0.6203427689784737,
        0.6203427689784737,
        0.6203427689784737,
        0.6203427689784737,
        0.6357165224123742,
        0.6357165224123742,
        0.6357165224123742,
        0.6357165224123742,
        0.6357165224123742,
        0.6357165224123742,
        0.6357165224123742,
        0.6357165224123742,
        0.6357165224123742,
        0.6357165224123742,
        0.6357165224123742,
        0.6357165224123742,
        0.6366333637175179,
        0.6366333637175179,
        0.6366333637175179,
        0.6366333637175179,
        0.6366333637175179,
        0.6366333637175179,
        0.6366333637175179,
        0.6366333637175179,
        0.6366333637175179,
        0.6366333637175179,
        0.6366333637175179,
        0.6366333637175179,
        0.6372617438798465,
        0.6372617438798465,
        0.6393763580416792,
        0.6393763580416792,
        0.6393763580416792,
        0.6393763580416792,
        0.6393763580416792,
        0.6393763580416792,
        0.6393763580416792,
        0.6393763580416792,
        0.6393763580416792,
        0.6393763580416792,
        0.6393763580416792,
        0.6393763580416792,
        0.6393763580416792,
        0.6401740608493718,
        0.6401740608493718,
        0.6439319639875181,
        0.6450687784141641,
        0.6450687784141641
    ],