{
    "bestIndiv": [
        [
            2,
            17,
            0,
            44,
            18,
            9,
            8,
            40,
            7,
            14,
            45,
            43,
            36,
            33,
            38,
            39,
            47,
            42,
            32,
            3,
            5,
            23,
            37,
            4,
            24,
            26,
            27,
            10,
            50,
            11,
            12,
            51,
            13,
            46,
            25,
            29,
            20,
            21,
            34,
            35,
            48,
            31,
            30,
            22,
            19,
            49,
            28,
            15,
            41,
            1,
            6,
            16
        ],
        0.6865156126559959
    ],
    "best": [
        0.2861159382151202,
        0.2911355690136039,
        0.31691653799412617,
        0.31691653799412617,
        0.3188621930600865,
        0.3350774829194281,
        0.336154024444316,
        0.34235663059889093,
        0.3565705586480837,
        0.3570086832415758,
        0.3596393800502375,
        0.3601363437133514,
        0.3691048450369282,
        0.38269778485674205,
        0.38269778485674205,
        0.39130185773345405,
        0.3993463768605458,
        0.40701417933088424,
        0.40701417933088424,
        0.41756221145922107,
        0.4336721877691011,
        0.4336721877691011,
        0.4336721877691011,
        0.4407916661241011,
        0.45413193170287736,
        0.46047010349265294,
        0.46047010349265294,
        0.4638398659110019,
        0.47936206768515705,
        0.483153769213679,
        0.4843753683372755,
        0.48861829920802685,
        0.495027653168832,
        0.5038169692296649,
        0.5038169692296649,
        0.5113469404467721,
        0.5113469404467721,
        0.5113469404467721,
        0.5133358441848896,
        0.5221866068730521,
        0.5221866068730521,
        0.5221866068730521,
        0.5242732353286839,
        0.5334560178830684,
        0.5334560178830684,
        0.540541480983205,
        0.540541480983205,
        0.5413385052700408,
        0.5413385052700408,
        0.5413385052700408,
        0.5485775595602836,
        0.5485775595602836,
        0.5485775595602836,
        0.5485775595602836,
        0.5485775595602836,
        0.5589062520920436,
        0.5633984674673501,
        0.5633984674673501,
        0.5633984674673501,
        0.5633984674673501,
        0.5633984674673501,
        0.5633984674673501,
        0.5633984674673501,
        0.5633984674673501,
        0.5636768182992943,
        0.5636768182992943,
        0.5703941723719221,
        0.5703941723719221,
        0.5703941723719221,
        0.5703941723719221,
        0.5703941723719221,
        0.5703941723719221,
        0.5712618899273143,
        0.5712618899273143,
        0.5712618899273143,
        0.5712618899273143,
        0.5712618899273143,
        0.5712618899273143,
        0.5712618899273143,
        0.5712618899273143,
        0.5712618899273143,
        0.5712618899273143,
        0.5712618899273143,
        0.5712618899273143,
        0.5712618899273143,
        0.5712618899273143,
        0.5712618899273143,
        0.5712618899273143,
        0.5712618899273143,
        0.5712618899273143,
        0.5712618899273143,
        0.5712618899273143,
        0.5712618899273143,
        0.5712618899273143,
        0.5712618899273143,
        0.5712618899273143,
        0.5712618899273143,
        0.5712618899273143,
        0.5712618899273143,
        0.5712618899273143,
        0.5712618899273143,
        0.5810837530683578,
        0.5810837530683578,
        0.5810837530683578,
        0.5810837530683578,
        0.5875296044218654,
        0.5875296044218654,
        0.5875296044218654,
        0.5875296044218654,
        0.5875296044218654,
        0.5875296044218654,
        0.5875296044218654,
        0.5922032345934104,
        0.5922032345934104,
        0.5922032345934104,
        0.5922032345934104,
        0.6028112965021031,
        0.6298575531528904,
        0.6298575531528904,
        0.6298575531528904,
        0.6323468791885918,
        0.6323468791885918,
        0.6323468791885918,
        0.6438566581247172,
        0.6438566581247172,
        0.6438566581247172,
        0.6438566581247172,
        0.6441659700497296,
        0.6441659700497296,
        0.6441659700497296,
        0.6441659700497296,
        0.6441659700497296,
        0.6441659700497296,
        0.6441659700497296,
        0.6441659700497296,
        0.6441659700497296,
        0.6441659700497296,
        0.6441659700497296,
        0.6449618558603092,
        0.6449618558603092,
        0.6449618558603092,
        0.6449618558603092,
        0.6449618558603092,
        0.6449618558603092,
        0.6449618558603092,
        0.6449618558603092,
        0.6449618558603092,
        0.6450866993578844,
        0.6450866993578844,
        0.6450866993578844,
        0.6450866993578844,
        0.6450866993578844,
        0.6450866993578844,
        0.6450866993578844,
        0.6450866993578844,
        0.6450866993578844,
        0.6450866993578844,
        0.6530325071585514,
        0.6530325071585514,
        0.6530325071585514,
        0.6530325071585514,
        0.6562060536589048,
        0.6562060536589048,
        0.6562060536589048,
        0.6562060536589048,
        0.6562060536589048,
        0.6585242727079095,
        0.6654479315441727,
        0.6678320277287407,
        0.6682627568655808,
        0.6707191835662519,
        0.6707191835662519,
        0.6707191835662519,
        0.6834911684254227,
        0.6834911684254227,
        0.6865156126559959,
        0.6865156126559959,
        0.6865156126559959,
        0.6865156126559959,
        0.6865156126559959,
        0.6865156126559959,
        0.6865156126559959,
        0.6865156126559959,
        0.6865156126559959,
        0.6865156126559959,
        0.6865156126559959,
        0.6865156126559959,
        0.6865156126559959,
        0.6865156126559959,
        0.6865156126559959,
        0.6865156126559959,
        0.6865156126559959,
        0.6865156126559959,
        0.6865156126559959,
        0.6865156126559959,
        0.6865156126559959,
        0.6865156126559959,
        0.6865156126559959,
        0.6865156126559959,
        0.6865156126559959,
        0.6865156126559959
    ],