{
    "bestIndiv": [
        [
            7,
            8,
            9,
            18,
            48,
            31,
            0,
            21,
            17,
            2,
            16,
            20,
            19,
            29,
            41,
            6,
            1,
            22,
            30,
            35,
            36,
            33,
            23,
            14,
            4,
            5,
            3,
            50,
            27,
            26,
            12,
            13,
            51,
            10,
            32,
            42,
            39,
            15,
            28,
            49,
            34,
            38,
            37,
            47,
            24,
            46,
            25,
            11,
            45,
            43,
            44,
            40
        ],
        0.6980070125573639
    ],
    "best": [
        0.29415596602819777,
        0.3125803415081786,
        0.32610090923765744,
        0.3379274118652564,
        0.3379274118652564,
        0.34001839914184206,
        0.34642030758816417,
        0.34642030758816417,
        0.35921545390606135,
        0.35921545390606135,
        0.36468067091806533,
        0.3747987777824418,
        0.39141462944522054,
        0.39520954678645204,
        0.39520954678645204,
        0.39989358345840653,
        0.4153236434066779,
        0.4165034986102029,
        0.42018694733598927,
        0.422678900404705,
        0.422678900404705,
        0.4232002525428451,
        0.44252425865074696,
        0.44276025666940677,
        0.44276025666940677,
        0.4505740327085397,
        0.46886401988783805,
        0.48346585026050415,
        0.4900212970290078,
        0.4900212970290078,
        0.4900212970290078,
        0.4900212970290078,
        0.4999340865177127,
        0.509306332939856,
        0.5270884126879788,
        0.5270884126879788,
        0.5270884126879788,
        0.5351888745797586,
        0.5351888745797586,
        0.5517049810119711,
        0.5517049810119711,
        0.5517049810119711,
        0.57109737920482,
        0.57109737920482,
        0.5737041671664755,
        0.5779346308018807,
        0.5779346308018807,
        0.5779346308018807,
        0.5814147210449112,
        0.5839004582466641,
        0.5839004582466643,
        0.5882362189686942,
        0.6028684401121394,
        0.6028684401121394,
        0.6028684401121394,
        0.6028684401121394,
        0.606309469683319,
        0.606309469683319,
        0.606309469683319,
        0.606309469683319,
        0.6103086422311791,
        0.6167654380213983,
        0.6167654380213983,
        0.6174352783215913,
        0.6247482702491607,
        0.6247482702491607,
        0.6250083680380916,
        0.6250083680380916,
        0.6250083680380916,
        0.6321334263150881,
        0.6321334263150881,
        0.6321334263150881,
        0.6359846067623183,
        0.6373586523586514,
        0.6373586523586514,
        0.6384609313795369,
        0.6384609313795369,
        0.6426745843288867,
        0.6498809102908827,
        0.6498809102908827,
        0.6498809102908827,
        0.6498809102908827,
        0.6498809102908827,
        0.6498809102908827,
        0.6498809102908827,
        0.6498809102908827,
        0.6498809102908827,
        0.6498809102908827,
        0.6498809102908827,
        0.6498809102908827,
        0.6498809102908827,
        0.6498809102908827,
        0.6498809102908827,
        0.6498809102908827,
        0.6498809102908827,
        0.6498809102908827,
        0.6498809102908827,
        0.6498809102908827,
        0.6498809102908827,
        0.6498809102908827,
        0.6498809102908827,
        0.6498809102908827,
        0.6498809102908827,
        0.6498809102908827,
        0.6498809102908827,
        0.6498809102908827,
        0.6498809102908827,
        0.6498809102908827,
        0.6498809102908827,
        0.6498809102908827,
        0.6498809102908827,
        0.6498809102908827,
        0.6498809102908827,
        0.6499373965536365,
        0.6499373965536365,
        0.6499373965536365,
        0.6499373965536365,
        0.6499373965536365,
        0.6499373965536365,
        0.6499373965536365,
        0.6499373965536365,
        0.6499373965536365,
        0.6499373965536365,
        0.6499373965536365,
        0.6499373965536365,
        0.6499373965536365,
        0.6499373965536365,
        0.650374437764805,
        0.652671459980641,
        0.652671459980641,
        0.652671459980641,
        0.6565729327794586,
        0.6565729327794586,
        0.6565729327794586,
        0.6568808958058231,
        0.6568808958058231,
        0.6568808958058231,
        0.6568808958058231,
        0.6568808958058231,
        0.6568808958058231,
        0.6568808958058231,
        0.6568808958058231,
        0.6568808958058231,
        0.6568808958058231,
        0.6568808958058231,
        0.6568808958058231,
        0.6568808958058231,
        0.6568808958058231,
        0.6568808958058231,
        0.6577364508149178,
        0.6577364508149178,
        0.6577364508149178,
        0.6577364508149178,
        0.6577364508149178,
        0.6577364508149178,
        0.6577364508149178,
        0.6577364508149178,
        0.6577364508149178,
        0.6577364508149178,
        0.6577364508149178,
        0.6577364508149178,
        0.6577364508149178,
        0.6577364508149178,
        0.6631890348970806,
        0.6631890348970806,
        0.6631890348970806,
        0.6631890348970806,
        0.6631890348970806,
        0.6631890348970806,
        0.6631890348970806,
        0.6631890348970806,
        0.6631890348970806,
        0.6631890348970806,
        0.6631890348970806,
        0.6631890348970806,
        0.6631890348970806,
        0.6631890348970806,
        0.6661210761608716,
        0.6892999886717424,
        0.6892999886717424,
        0.6924680060109092,
        0.6924680060109092,
        0.6924680060109092,
        0.6934089740939814,
        0.6934089740939814,
        0.6934089740939814,
        0.6934089740939814,
        0.6934089740939814,
        0.6934089740939814,
        0.6934089740939814,
        0.6934089740939814,
        0.6934089740939814,
        0.6934089740939814,
        0.6980070125573639,
        0.6980070125573639,
        0.6980070125573639,
        0.6980070125573639,
        0.6980070125573639,
        0.6980070125573639,
        0.6980070125573639,
        0.6980070125573639
    ],