{
    "bestIndiv": [
        [
            11,
            50,
            10,
            32,
            3,
            42,
            38,
            15,
            45,
            24,
            5,
            23,
            47,
            36,
            4,
            14,
            39,
            37,
            34,
            33,
            48,
            31,
            21,
            17,
            19,
            49,
            43,
            35,
            44,
            2,
            40,
            7,
            9,
            8,
            18,
            0,
            20,
            1,
            6,
            41,
            16,
            30,
            22,
            29,
            28,
            46,
            25,
            12,
            13,
            51,
            26,
            27
        ],
        0.7222721731119759
    ],
    "best": [
        0.28990787091869336,
        0.29235914709115485,
        0.3015688555141181,
        0.3174425844155346,
        0.3220303880166387,
        0.3245106104370341,
        0.33039650028726475,
        0.3449645456998504,
        0.3449645456998504,
        0.35202824072568484,
        0.3622616487903164,
        0.36479614670549804,
        0.3868600764382665,
        0.3992223043843899,
        0.3992223043843899,
        0.3992223043843899,
        0.40551274434233503,
        0.4075308813353462,
        0.4075308813353462,
        0.4160055248979809,
        0.41941895458200845,
        0.4247540052701098,
        0.4341555394055487,
        0.4384740289219794,
        0.44348008663364735,
        0.44348008663364735,
        0.44410046623823435,
        0.45323921345483104,
        0.4604841012398541,
        0.4680805129105815,
        0.479053389146604,
        0.479292081484243,
        0.4819800835841659,
        0.49251355882063147,
        0.5059509285921455,
        0.5108967069731631,
        0.5298202973101456,
        0.5298202973101456,
        0.5382170243395767,
        0.5382170243395767,
        0.5382170243395767,
        0.5469896409978167,
        0.5525889435841312,
        0.5525889435841312,
        0.5527206081261463,
        0.5527206081261463,
        0.5558847323897536,
        0.5691707585932722,
        0.5691707585932722,
        0.5691707585932722,
        0.5713698425836623,
        0.5713698425836623,
        0.5729401082001463,
        0.5729401082001463,
        0.5769639810677424,
        0.5769639810677424,
        0.5770865134562422,
        0.5784771747801847,
        0.5923876045874076,
        0.5923876045874076,
        0.594361548318693,
        0.594361548318693,
        0.594361548318693,
        0.594361548318693,
        0.5944844691312223,
        0.5944844691312223,
        0.5944844691312223,
        0.5945878254875312,
        0.5945878254875312,
        0.5945878254875312,
        0.5945878254875312,
        0.6119748556107728,
        0.6119748556107728,
        0.6119748556107728,
        0.6119748556107728,
        0.6119748556107728,
        0.6127109937971081,
        0.6127109937971081,
        0.6127109937971081,
        0.6127109937971081,
        0.6127109937971081,
        0.6127109937971081,
        0.6127109937971081,
        0.6127109937971081,
        0.6127109937971081,
        0.6127109937971081,
        0.6127109937971081,
        0.6127109937971081,
        0.6127109937971081,
        0.6150505046560967,
        0.617890176135078,
        0.6199687718405537,
        0.6199687718405537,
        0.6199687718405537,
        0.6231917100442685,
        0.6231917100442685,
        0.6253061887476696,
        0.6253061887476696,
        0.6253061887476696,
        0.6253061887476696,
        0.6253061887476696,
        0.6253061887476696,
        0.6253061887476696,
        0.6253061887476696,
        0.6267050281779274,
        0.6267050281779274,
        0.6267050281779274,
        0.6267050281779274,
        0.6267050281779274,
        0.6267050281779274,
        0.6267050281779274,
        0.6267050281779274,
        0.6268776370270966,
        0.6268776370270966,
        0.6399601321992718,
        0.6568411697738626,
        0.658847631530554,
        0.658847631530554,
        0.658847631530554,
        0.658847631530554,
        0.6598566947706997,
        0.6598566947706997,
        0.6602505902997825,
        0.6744916359533869,
        0.6744916359533869,
        0.6759408222755467,
        0.6762931797132259,
        0.6762931797132259,
        0.676293179713226,
        0.676293179713226,
        0.6802739397062312,
        0.6802739397062312,
        0.6802739397062312,
        0.6825375093160603,
        0.6825375093160603,
        0.6825375093160603,
        0.6828867661988586,
        0.6871404058033852,
        0.6871404058033852,
        0.6871404058033852,
        0.6871404058033852,
        0.6871404058033852,
        0.6871404058033852,
        0.6871404058033852,
        0.6871404058033852,
        0.6871404058033852,
        0.6992662621485073,
        0.6992662621485073,
        0.6992662621485073,
        0.6992662621485073,
        0.6992662621485073,
        0.6992662621485073,
        0.6992662621485073,
        0.6992662621485073,
        0.6992662621485073,
        0.6992662621485073,
        0.6992662621485073,
        0.6992662621485073,
        0.6992662621485073,
        0.6992662621485073,
        0.7008627009663556,
        0.7008627009663556,
        0.7115024562948656,
        0.7115024562948656,
        0.7115024562948656,
        0.7194010919137132,
        0.7194010919137132,
        0.7194010919137132,
        0.7222721731119759,
        0.7222721731119759,
        0.7222721731119759,
        0.7222721731119759,
        0.7222721731119759,
        0.7222721731119759,
        0.7222721731119759,
        0.7222721731119759,
        0.7222721731119759,
        0.7222721731119759,
        0.7222721731119759,
        0.7222721731119759,
        0.7222721731119759,
        0.7222721731119759,
        0.7222721731119759,
        0.7222721731119759,
        0.7222721731119759,
        0.7222721731119759,
        0.7222721731119759,
        0.7222721731119759,
        0.7222721731119759,
        0.7222721731119759,
        0.7222721731119759,
        0.7222721731119759,
        0.7222721731119759,
        0.7222721731119759,
        0.7222721731119759,
        0.7222721731119759,
        0.7222721731119759,
        0.7222721731119759,
        0.7222721731119759,
        0.7222721731119759,
        0.7222721731119759
    ],