{
    "bestIndiv": [
        [
            22,
            30,
            17,
            2,
            48,
            35,
            43,
            33,
            45,
            24,
            27,
            26,
            25,
            46,
            28,
            15,
            34,
            38,
            39,
            4,
            23,
            47,
            14,
            42,
            7,
            40,
            18,
            44,
            31,
            21,
            0,
            19,
            49,
            36,
            37,
            5,
            3,
            11,
            50,
            12,
            13,
            51,
            10,
            32,
            9,
            8,
            16,
            20,
            41,
            6,
            1,
            29
        ],
        0.7338393169897544
    ],
    "best": [
        0.2982676061331995,
        0.2982676061331995,
        0.3211228885472564,
        0.3379792585409519,
        0.33920606796784614,
        0.33920606796784614,
        0.38095461458587576,
        0.38095461458587576,
        0.3830695522686543,
        0.4068097587952325,
        0.416665472914456,
        0.416665472914456,
        0.416665472914456,
        0.4211341784049973,
        0.42653188180040286,
        0.4341340663534167,
        0.4341340663534167,
        0.4546719815958252,
        0.4607760697188952,
        0.4673776982934285,
        0.4673776982934285,
        0.4673776982934285,
        0.4698178597982482,
        0.47015321848955094,
        0.4891471565729759,
        0.48914715657297597,
        0.48914715657297597,
        0.5051938546494633,
        0.5051938546494633,
        0.5113797921281643,
        0.513985358768931,
        0.529384219773361,
        0.5472418619825095,
        0.5472418619825095,
        0.5472418619825095,
        0.5497747728357856,
        0.5497747728357856,
        0.5527227108204025,
        0.5527227108204025,
        0.5535407426058331,
        0.5591760501573264,
        0.5591760501573264,
        0.5600540033006831,
        0.5600540033006831,
        0.5905939123024925,
        0.5905939123024925,
        0.5905939123024925,
        0.5905939123024926,
        0.5905939123024926,
        0.592798292591082,
        0.6014568410019514,
        0.6014568410019514,
        0.6014568410019514,
        0.6037498956144566,
        0.6038526852354379,
        0.6038526852354379,
        0.6202398649426152,
        0.6215446986091333,
        0.6215446986091333,
        0.6215446986091333,
        0.6215446986091333,
        0.6384437640670324,
        0.6384437640670324,
        0.6413830278885532,
        0.6413830278885532,
        0.6421504657866236,
        0.6421504657866236,
        0.6421504657866236,
        0.6421504657866236,
        0.6427118304847698,
        0.6443972704618112,
        0.6443972704618112,
        0.6591814124338115,
        0.6591814124338115,
        0.6615491955702215,
        0.6615491955702215,
        0.6615491955702215,
        0.6615491955702215,
        0.6615491955702215,
        0.6646285332887956,
        0.6646285332887956,
        0.6649029922176152,
        0.6657889981946089,
        0.6657889981946089,
        0.6680137045684861,
        0.6743438783016278,
        0.6743438783016278,
        0.6743438783016278,
        0.6743438783016278,
        0.6743438783016278,
        0.6743438783016278,
        0.6785079009522308,
        0.6785079009522308,
        0.6809667636575352,
        0.6809667636575352,
        0.6809667636575352,
        0.6809667636575352,
        0.6837237393815192,
        0.6837237393815192,
        0.6837237393815192,
        0.6837237393815192,
        0.6837237393815192,
        0.6935714464153497,
        0.6935714464153497,
        0.6945022219371187,
        0.6945022219371187,
        0.6945022219371187,
        0.6964316442195578,
        0.6964316442195578,
        0.6964316442195578,
        0.6973701175568009,
        0.6973701175568009,
        0.697370117556801,
        0.697370117556801,
        0.697370117556801,
        0.697370117556801,
        0.697370117556801,
        0.697370117556801,
        0.697370117556801,
        0.697370117556801,
        0.697370117556801,
        0.697370117556801,
        0.7055733680420757,
        0.7055733680420757,
        0.7058061608581981,
        0.7142102760909017,
        0.7142102760909017,
        0.7142102760909017,
        0.7142102760909017,
        0.7142102760909017,
        0.7142102760909017,
        0.7142102760909017,
        0.7142102760909017,
        0.7142102760909017,
        0.7142102760909017,
        0.7177222362714456,
        0.7177222362714456,
        0.7180107829940302,
        0.7215603116846824,
        0.7215603116846824,
        0.7215603116846824,
        0.7215603116846824,
        0.7215603116846824,
        0.7215603116846824,
        0.7215603116846824,
        0.7215603116846824,
        0.7215603116846824,
        0.7215603116846824,
        0.7215603116846824,
        0.7215603116846824,
        0.7215603116846824,
        0.7215603116846824,
        0.7215603116846824,
        0.7215603116846824,
        0.7309070632811098,
        0.7309070632811098,
        0.7309070632811098,
        0.7309070632811098,
        0.7309070632811098,
        0.7309070632811098,
        0.7309070632811098,
        0.7309070632811098,
        0.7309070632811098,
        0.7309070632811098,
        0.7309070632811098,
        0.7309070632811098,
        0.7309070632811098,
        0.7309070632811098,
        0.7309070632811098,
        0.7309070632811098,
        0.7309070632811098,
        0.7309070632811098,
        0.7309070632811098,
        0.7309070632811098,
        0.7309070632811098,
        0.7309070632811098,
        0.7309070632811098,
        0.7309070632811098,
        0.7309070632811098,
        0.7309070632811098,
        0.7324330040524059,
        0.7324330040524059,
        0.7324330040524059,
        0.7338393169897544,
        0.7338393169897544,
        0.7338393169897544,
        0.7338393169897544,
        0.7338393169897544,
        0.7338393169897544,
        0.7338393169897544,
        0.7338393169897544,
        0.7338393169897544,
        0.7338393169897544,
        0.7338393169897544,
        0.7338393169897544,
        0.7338393169897544,
        0.7338393169897544,
        0.7338393169897544,
        0.7338393169897544,
        0.7338393169897544,
        0.7338393169897544
    ],