{
    "bestIndiv": [
        [
            10,
            50,
            11,
            27,
            12,
            51,
            13,
            46,
            28,
            19,
            49,
            43,
            34,
            33,
            45,
            15,
            30,
            21,
            0,
            31,
            44,
            18,
            40,
            7,
            8,
            9,
            32,
            42,
            35,
            48,
            22,
            29,
            20,
            16,
            6,
            1,
            41,
            2,
            17,
            38,
            36,
            47,
            39,
            23,
            37,
            14,
            5,
            4,
            3,
            24,
            25,
            26
        ],
        0.7559308123648006
    ],
    "best": [
        0.29677378681497585,
        0.2983592916322971,
        0.30694633670602106,
        0.3219761998586199,
        0.3219761998586199,
        0.34057122212742397,
        0.34057122212742397,
        0.3694372461065175,
        0.3758538546941147,
        0.3758538546941147,
        0.3783507057259665,
        0.38102520970473763,
        0.3859383119461706,
        0.3859383119461706,
        0.39139290652831216,
        0.39908740799249454,
        0.39908740799249454,
        0.41472848127828155,
        0.41472848127828155,
        0.41472848127828155,
        0.42075671977845136,
        0.4230260921964721,
        0.4386520095667901,
        0.4386520095667901,
        0.44573500997843757,
        0.4931302469317764,
        0.4931302469317764,
        0.4931302469317764,
        0.5095653020092582,
        0.5159309048003375,
        0.5159309048003375,
        0.5159309048003375,
        0.5232974899079705,
        0.5362268812025447,
        0.5362268812025447,
        0.5362268812025447,
        0.5362268812025447,
        0.5489216501537121,
        0.5489216501537121,
        0.5603502278273995,
        0.5666387513192656,
        0.5666387513192656,
        0.5666387513192656,
        0.5666387513192656,
        0.5690062737788396,
        0.5690062737788396,
        0.5690062737788396,
        0.5690062737788396,
        0.5690062737788396,
        0.5690062737788396,
        0.5707656440781977,
        0.5707656440781977,
        0.5723135539332405,
        0.5723135539332405,
        0.5755570380083599,
        0.5755570380083599,
        0.5755570380083599,
        0.5832163224386634,
        0.5832163224386634,
        0.5832163224386634,
        0.5832163224386634,
        0.5956679536197921,
        0.599198514546324,
        0.599198514546324,
        0.5997598129288769,
        0.5997598129288769,
        0.6260342818841947,
        0.6260342818841947,
        0.6260342818841947,
        0.6260342818841947,
        0.6260522455197045,
        0.6260522455197045,
        0.6292717966272521,
        0.6370631783430882,
        0.6370631783430882,
        0.6419128435101911,
        0.6535134864367036,
        0.6535134864367036,
        0.6535134864367036,
        0.6619156265838341,
        0.6619156265838341,
        0.670676436222931,
        0.670676436222931,
        0.670676436222931,
        0.670676436222931,
        0.6795286842672185,
        0.6795286842672185,
        0.6795286842672185,
        0.6795286842672185,
        0.6795286842672185,
        0.6795286842672185,
        0.6795286842672185,
        0.6795286842672185,
        0.6795286842672185,
        0.6902873692209875,
        0.6902873692209875,
        0.6902873692209875,
        0.6902873692209875,
        0.6902873692209875,
        0.6902873692209875,
        0.6902873692209875,
        0.6902873692209875,
        0.6902873692209875,
        0.6902873692209875,
        0.6902873692209875,
        0.6902873692209875,
        0.6902873692209875,
        0.6902873692209875,
        0.6917896270382113,
        0.6917896270382113,
        0.6953147651353128,
        0.6953147651353128,
        0.6953218721488967,
        0.6953218721488967,
        0.6953218721488967,
        0.6955715827078218,
        0.6955715827078218,
        0.6955715827078218,
        0.6955715827078218,
        0.6955715827078218,
        0.6955715827078218,
        0.6955715827078218,
        0.6955715827078218,
        0.6955715827078218,
        0.6955715827078218,
        0.6955715827078218,
        0.6955715827078218,
        0.6955715827078218,
        0.6955715827078218,
        0.6965425094770948,
        0.6965425094770948,
        0.6965425094770948,
        0.700262342042925,
        0.700262342042925,
        0.700262342042925,
        0.700262342042925,
        0.700262342042925,
        0.700262342042925,
        0.700262342042925,
        0.700262342042925,
        0.700262342042925,
        0.700262342042925,
        0.700262342042925,
        0.700262342042925,
        0.7147717604787479,
        0.7147717604787479,
        0.7147717604787479,
        0.7270817493911946,
        0.7270817493911946,
        0.7270817493911946,
        0.7270817493911946,
        0.7270817493911946,
        0.7277386150368808,
        0.7277386150368808,
        0.7277386150368808,
        0.7277386150368808,
        0.7433584305810512,
        0.7433584305810512,
        0.7433584305810514,
        0.7496190124819415,
        0.7496190124819415,
        0.7496190124819415,
        0.7496190124819415,
        0.7496190124819415,
        0.7496485788661758,
        0.7496485788661758,
        0.7496485788661758,
        0.7496485788661758,
        0.7496485788661758,
        0.7516756045601286,
        0.7516756045601286,
        0.7516756045601286,
        0.7516756045601286,
        0.7536561385056804,
        0.7536561385056804,
        0.7536561385056804,
        0.7536561385056804,
        0.7536561385056804,
        0.7536561385056804,
        0.7536561385056804,
        0.7536561385056804,
        0.7536561385056804,
        0.7536561385056804,
        0.7536561385056804,
        0.7536561385056804,
        0.7536561385056804,
        0.7536561385056804,
        0.7536561385056804,
        0.7536561385056804,
        0.7536561385056804,
        0.7536561385056804,
        0.7536561385056804,
        0.7536561385056804,
        0.7559308123648006,
        0.7559308123648006,
        0.7559308123648006,
        0.7559308123648006,
        0.7559308123648006,
        0.7559308123648006,
        0.7559308123648006,
        0.7559308123648006
    ],