{
    "bestIndiv": [
        [
            21,
            17,
            30,
            22,
            20,
            41,
            1,
            16,
            2,
            31,
            38,
            23,
            4,
            14,
            37,
            45,
            11,
            26,
            46,
            25,
            27,
            12,
            13,
            51,
            10,
            32,
            50,
            24,
            43,
            28,
            19,
            6,
            29,
            49,
            15,
            36,
            39,
            44,
            18,
            7,
            40,
            8,
            9,
            42,
            3,
            5,
            47,
            33,
            48,
            35,
            34,
            0
        ],
        0.6873912649829041
    ],
    "best": [
        0.2965246587783425,
        0.31485820389691205,
        0.34190669892920145,
        0.34190669892920145,
        0.35176298030922937,
        0.36241765007336313,
        0.3724002643800744,
        0.37576710401836777,
        0.377822593716633,
        0.3809726678131999,
        0.38509179693005774,
        0.39064186014040425,
        0.39064186014040425,
        0.3923284090922456,
        0.4032149378923696,
        0.4046453620966704,
        0.4074266992917944,
        0.4074266992917944,
        0.4168543603528355,
        0.4374345759351354,
        0.4374345759351354,
        0.4374345759351354,
        0.4415176551504186,
        0.4417091525675535,
        0.44770788744534584,
        0.46241174032168886,
        0.46241174032168886,
        0.4730104234413141,
        0.4824498468757525,
        0.48790541764138184,
        0.48790541764138184,
        0.48790541764138184,
        0.4947075307238928,
        0.49711406854136064,
        0.5040129898454011,
        0.5042374322560901,
        0.5042374322560901,
        0.5057645049342365,
        0.5100816437348294,
        0.5106584941434266,
        0.5106584941434266,
        0.5162872772311708,
        0.5162872772311708,
        0.5357617059663315,
        0.5357617059663315,
        0.5372552828191448,
        0.5431874353845807,
        0.5444500538927517,
        0.5444500538927518,
        0.5444500538927518,
        0.5444500538927518,
        0.5547566561729861,
        0.5645076655132536,
        0.5645076655132536,
        0.57397344406472,
        0.57397344406472,
        0.5795954516209271,
        0.5795954516209271,
        0.5863270928499711,
        0.5940727772973895,
        0.5940727772973895,
        0.5965617679676686,
        0.6069819419531917,
        0.6069819419531917,
        0.6113004464430776,
        0.6113004464430776,
        0.6145450927755809,
        0.6145450927755809,
        0.6145450927755809,
        0.6145450927755809,
        0.6145450927755809,
        0.6145450927755809,
        0.6145450927755809,
        0.6145450927755809,
        0.6145450927755809,
        0.6145450927755809,
        0.6145450927755809,
        0.6145450927755809,
        0.6145450927755809,
        0.6145450927755809,
        0.6145450927755809,
        0.6145450927755809,
        0.6145450927755809,
        0.6145450927755809,
        0.6145450927755809,
        0.6145450927755809,
        0.6148779153177217,
        0.6148779153177217,
        0.6148779153177217,
        0.6148779153177217,
        0.6148779153177217,
        0.6148779153177217,
        0.6148779153177217,
        0.6148779153177217,
        0.6148779153177217,
        0.6148779153177217,
        0.6148779153177217,
        0.6186411299170864,
        0.6186411299170864,
        0.6186411299170864,
        0.6186411299170864,
        0.6186411299170864,
        0.6186411299170864,
        0.6316004664651932,
        0.6316004664651932,
        0.6316004664651932,
        0.6316004664651932,
        0.6316004664651932,
        0.6316004664651932,
        0.643212451367019,
        0.6451501179384201,
        0.6494940723568531,
        0.6613876206418391,
        0.6613876206418391,
        0.6613876206418391,
        0.6613876206418391,
        0.6613876206418391,
        0.6636231991511271,
        0.6636231991511271,
        0.6636231991511271,
        0.6750031001581747,
        0.6758889181113155,
        0.6758889181113155,
        0.6758889181113155,
        0.6758889181113155,
        0.6758889181113155,
        0.6758889181113155,
        0.6758889181113155,
        0.6758889181113155,
        0.6758889181113155,
        0.6758889181113155,
        0.6758889181113155,
        0.6758889181113155,
        0.6758889181113155,
        0.6798596421494723,
        0.6798596421494723,
        0.6798596421494723,
        0.6798596421494723,
        0.6798596421494723,
        0.6798596421494723,
        0.6798596421494723,
        0.6798672951804393,
        0.6798672951804393,
        0.6809123365818275,
        0.6809123365818275,
        0.6809123365818275,
        0.6809123365818275,
        0.6809123365818275,
        0.6809123365818275,
        0.6809123365818275,
        0.6809123365818275,
        0.6809123365818275,
        0.6809123365818275,
        0.6809123365818275,
        0.6809123365818275,
        0.6809123365818275,
        0.6809123365818275,
        0.6809123365818275,
        0.6809123365818275,
        0.6809123365818275,
        0.6809123365818275,
        0.6809123365818275,
        0.6809123365818275,
        0.6809123365818275,
        0.6872029087469627,
        0.6872029087469627,
        0.6872029087469627,
        0.6872029087469627,
        0.6873912649829041,
        0.6873912649829041,
        0.6873912649829041,
        0.6873912649829041,
        0.6873912649829041,
        0.6873912649829041,
        0.6873912649829041,
        0.6873912649829041,
        0.6873912649829041,
        0.6873912649829041,
        0.6873912649829041,
        0.6873912649829041,
        0.6873912649829041,
        0.6873912649829041,
        0.6873912649829041,
        0.6873912649829041,
        0.6873912649829041,
        0.6873912649829041,
        0.6873912649829041,
        0.6873912649829041,
        0.6873912649829041,
        0.6873912649829041,
        0.6873912649829041,
        0.6873912649829041,
        0.6873912649829041,
        0.6873912649829041,
        0.6873912649829041,
        0.6873912649829041,
        0.6873912649829041,
        0.6873912649829041,
        0.6873912649829041,
        0.6873912649829041,
        0.6873912649829041
    ],