{
    "bestIndiv": [
        [
            17,
            30,
            2,
            20,
            16,
            6,
            1,
            41,
            29,
            22,
            19,
            49,
            43,
            33,
            34,
            27,
            10,
            26,
            51,
            13,
            12,
            46,
            25,
            45,
            47,
            23,
            4,
            7,
            9,
            8,
            40,
            18,
            44,
            31,
            48,
            0,
            28,
            15,
            14,
            42,
            32,
            50,
            11,
            24,
            3,
            5,
            36,
            37,
            39,
            38,
            35,
            21
        ],
        0.7215442037257727
    ],
    "best": [
        0.29083059519524995,
        0.29083059519524995,
        0.31153712383711574,
        0.31216908926189985,
        0.32774010930309005,
        0.3320685921407705,
        0.34421994303037934,
        0.34421994303037934,
        0.3560050390816665,
        0.35929176663855517,
        0.36988499490994564,
        0.37294507127140936,
        0.403507248750394,
        0.403507248750394,
        0.403507248750394,
        0.41089811230380496,
        0.42814810270410175,
        0.42942051477678655,
        0.4585992886645253,
        0.4585992886645253,
        0.4585992886645253,
        0.47232007338092796,
        0.47714419442587885,
        0.47714419442587885,
        0.510139615713726,
        0.510139615713726,
        0.5323421286332906,
        0.5323421286332906,
        0.5397745121487167,
        0.5397745121487167,
        0.5474398276548527,
        0.5516370413130145,
        0.5516370413130145,
        0.5692992572832195,
        0.5818510543450813,
        0.5818510543450813,
        0.5818510543450813,
        0.582006787059536,
        0.583691397328558,
        0.583691397328558,
        0.5857378336582174,
        0.5961406879148147,
        0.5961406879148147,
        0.5981958027911131,
        0.604085443630883,
        0.604085443630883,
        0.604085443630883,
        0.6043704058741546,
        0.6043704058741546,
        0.607179353524496,
        0.607179353524496,
        0.607179353524496,
        0.6120305726465266,
        0.6120305726465266,
        0.6120305726465266,
        0.6172394375001801,
        0.6172394375001801,
        0.6203881191864693,
        0.6208190417724931,
        0.6208190417724931,
        0.6284866893452855,
        0.6284866893452855,
        0.6331189275512765,
        0.6355957796411169,
        0.6355957796411169,
        0.6355957796411169,
        0.6369716008215427,
        0.6369716008215427,
        0.6369716008215427,
        0.6369716008215427,
        0.6369716008215427,
        0.6369716008215427,
        0.6377291410833357,
        0.6385849712721616,
        0.6424991403937519,
        0.6433678298254031,
        0.6433678298254031,
        0.645135433703965,
        0.645135433703965,
        0.645135433703965,
        0.6470784023117754,
        0.6470784023117754,
        0.6495573479100475,
        0.6558310195043932,
        0.6580491323425499,
        0.660070786280981,
        0.6602890880401096,
        0.6602890880401096,
        0.6607766222565691,
        0.6607766222565691,
        0.6667912670790969,
        0.6673028279210501,
        0.6696816440621108,
        0.6763962930649275,
        0.6763962930649275,
        0.6763962930649275,
        0.6763962930649275,
        0.6771714246314444,
        0.6771714246314444,
        0.6771714246314444,
        0.6771714246314444,
        0.6771714246314444,
        0.6798077882280407,
        0.6798077882280407,
        0.6798077882280407,
        0.6798077882280407,
        0.6798077882280407,
        0.6798077882280407,
        0.6848635968663327,
        0.6910940711770147,
        0.6910940711770147,
        0.6910940711770147,
        0.6910940711770147,
        0.6980204775656329,
        0.6980204775656329,
        0.6980204775656329,
        0.6980204775656329,
        0.6980204775656329,
        0.6980204775656329,
        0.6980204775656329,
        0.7046791836865806,
        0.7046791836865806,
        0.7046791836865806,
        0.7046791836865806,
        0.7046791836865806,
        0.7046791836865806,
        0.7046791836865806,
        0.7046791836865806,
        0.7046791836865806,
        0.7046791836865806,
        0.7046791836865806,
        0.7046791836865806,
        0.7046791836865806,
        0.7046791836865806,
        0.7046791836865806,
        0.7046791836865806,
        0.7046791836865806,
        0.7046791836865806,
        0.7046791836865806,
        0.7046791836865806,
        0.7046791836865806,
        0.7046791836865806,
        0.7046791836865806,
        0.7055510567283304,
        0.7055510567283304,
        0.7055510567283304,
        0.7083536992544979,
        0.7083536992544979,
        0.7083536992544979,
        0.7083536992544979,
        0.7083536992544979,
        0.7083536992544979,
        0.7092346943665159,
        0.7092346943665159,
        0.7092346943665159,
        0.7120172615906519,
        0.7120172615906519,
        0.7120172615906519,
        0.7120172615906519,
        0.7120172615906519,
        0.7120172615906519,
        0.7120172615906519,
        0.7120172615906519,
        0.7120172615906519,
        0.7120172615906519,
        0.7120172615906519,
        0.7120172615906519,
        0.7120172615906519,
        0.714489042357415,
        0.714489042357415,
        0.714489042357415,
        0.714489042357415,
        0.7204887623160648,
        0.7204887623160648,
        0.7204887623160648,
        0.7204887623160648,
        0.7204887623160648,
        0.7204887623160648,
        0.7204887623160648,
        0.7204887623160648,
        0.7204887623160648,
        0.7204887623160648,
        0.7204887623160648,
        0.7204887623160648,
        0.7204887623160648,
        0.7204887623160648,
        0.7204887623160648,
        0.7204887623160648,
        0.7204887623160648,
        0.7204887623160648,
        0.7204887623160648,
        0.7204887623160648,
        0.7204887623160648,
        0.7204887623160648,
        0.7204887623160648,
        0.7204887623160648,
        0.7204887623160648,
        0.7204887623160648,
        0.7204887623160648,
        0.7204887623160648,
        0.7215442037257727
    ],