{
    "bestIndiv": [
        [
            22,
            17,
            2,
            44,
            9,
            32,
            33,
            43,
            19,
            29,
            49,
            48,
            31,
            30,
            16,
            41,
            1,
            6,
            20,
            21,
            0,
            18,
            40,
            7,
            8,
            42,
            14,
            23,
            4,
            5,
            3,
            37,
            38,
            35,
            34,
            39,
            36,
            45,
            47,
            25,
            46,
            13,
            51,
            10,
            12,
            26,
            27,
            50,
            11,
            24,
            15,
            28
        ],
        0.6779675098119591
    ],
    "best": [
        0.3000830371845322,
        0.30267221542982,
        0.32515452487838714,
        0.32515452487838714,
        0.32780359739418086,
        0.3333576650908124,
        0.33594973687455704,
        0.34531533317489194,
        0.3472748336861998,
        0.3472748336861998,
        0.35876619001526977,
        0.37235607640798196,
        0.3771498501875545,
        0.3771498501875545,
        0.3870727182334262,
        0.3870727182334262,
        0.39385431105162766,
        0.39385431105162766,
        0.4028472183287421,
        0.40401242180216285,
        0.41642189118298384,
        0.42226223043938116,
        0.43753499535565493,
        0.43753499535565493,
        0.44833247905394824,
        0.44833247905394824,
        0.45708138772378626,
        0.4644932239346705,
        0.4657037394413568,
        0.4702845033807349,
        0.49317660482962045,
        0.49317660482962045,
        0.49317660482962045,
        0.49317660482962045,
        0.4931766048296205,
        0.5001462946284458,
        0.5020485500238107,
        0.5045027398668743,
        0.5048390362496266,
        0.5070319376211802,
        0.5070319376211802,
        0.5128571244314312,
        0.5290198740912065,
        0.5393327942879882,
        0.5393327942879882,
        0.5393327942879882,
        0.5393327942879882,
        0.5393327942879882,
        0.5433835022032678,
        0.5433835022032678,
        0.5433835022032678,
        0.5433835022032678,
        0.5435912237258025,
        0.5435912237258025,
        0.5509912105873558,
        0.5509912105873558,
        0.5549906031483891,
        0.5549906031483891,
        0.5598286347367442,
        0.5598286347367442,
        0.5598286347367442,
        0.5598286347367442,
        0.5598286347367442,
        0.5598286347367442,
        0.5598286347367442,
        0.5598286347367442,
        0.5598286347367442,
        0.5598286347367442,
        0.5598286347367442,
        0.5598286347367442,
        0.5598286347367442,
        0.5598286347367442,
        0.5598286347367442,
        0.5598286347367442,
        0.5598286347367442,
        0.5598286347367442,
        0.5598286347367442,
        0.5598286347367442,
        0.5598286347367442,
        0.56206338824927,
        0.56206338824927,
        0.56206338824927,
        0.5724606442586574,
        0.5724606442586574,
        0.5724606442586574,
        0.5724606442586574,
        0.5724606442586574,
        0.5868239700390482,
        0.5868239700390482,
        0.5868239700390482,
        0.5868239700390482,
        0.5868239700390482,
        0.5868239700390482,
        0.5868294183930123,
        0.5868294183930123,
        0.590951907791133,
        0.590951907791133,
        0.5909574330665462,
        0.5909574330665462,
        0.5909574330665462,
        0.5909574330665462,
        0.5909574330665462,
        0.5909574330665462,
        0.5909574330665462,
        0.5909574330665462,
        0.5909574330665462,
        0.5909574330665462,
        0.5909574330665462,
        0.594035068017069,
        0.594035068017069,
        0.594035068017069,
        0.594035068017069,
        0.594035068017069,
        0.594035068017069,
        0.594035068017069,
        0.594035068017069,
        0.594035068017069,
        0.5957101208700775,
        0.5957101208700775,
        0.5957101208700775,
        0.5957101208700775,
        0.5988325879261972,
        0.6089834054835377,
        0.6089834054835377,
        0.6089834054835377,
        0.6089834054835377,
        0.6089834054835377,
        0.6089834054835377,
        0.6089834054835377,
        0.6089834054835377,
        0.6089834054835377,
        0.6089834054835377,
        0.6118775733383426,
        0.6118775733383426,
        0.6118775733383426,
        0.6118775733383426,
        0.6147447193724812,
        0.6147447193724812,
        0.6149995077756569,
        0.6153116619039,
        0.6153116619039,
        0.6197997820759084,
        0.6219936767201548,
        0.6273952191204355,
        0.6273952191204355,
        0.6278972880617867,
        0.6355703280429,
        0.635903719254371,
        0.635903719254371,
        0.635903719254371,
        0.635903719254371,
        0.635903719254371,
        0.635903719254371,
        0.635903719254371,
        0.635903719254371,
        0.6429937640405314,
        0.6441987267215435,
        0.6441987267215435,
        0.6441987267215435,
        0.6477967921829991,
        0.6477967921829991,
        0.6567715378722174,
        0.6567715378722174,
        0.6567715378722174,
        0.6567715378722174,
        0.6567715378722174,
        0.6595669204784639,
        0.6597163560940731,
        0.6600489082489749,
        0.6622096599402127,
        0.6622096599402127,
        0.6622096599402127,
        0.669028681749405,
        0.669028681749405,
        0.669028681749405,
        0.669028681749405,
        0.6759523614315273,
        0.6759523614315273,
        0.6759523614315273,
        0.6759523614315273,
        0.6759523614315274,
        0.6759523614315274,
        0.677967509811959,
        0.677967509811959,
        0.6779675098119591,
        0.6779675098119591,
        0.6779675098119591,
        0.6779675098119591,
        0.6779675098119591,
        0.6779675098119591,
        0.6779675098119591,
        0.6779675098119591,
        0.6779675098119591,
        0.6779675098119591,
        0.6779675098119591,
        0.6779675098119591,
        0.6779675098119591,
        0.6779675098119591,
        0.6779675098119591,
        0.6779675098119591,
        0.6779675098119591
    ],