{
    "bestIndiv": [
        [
            26,
            11,
            24,
            3,
            23,
            47,
            45,
            37,
            36,
            39,
            42,
            32,
            9,
            8,
            7,
            40,
            18,
            44,
            2,
            16,
            30,
            17,
            48,
            38,
            33,
            46,
            25,
            27,
            15,
            28,
            49,
            19,
            22,
            0,
            31,
            21,
            20,
            41,
            6,
            1,
            29,
            43,
            34,
            35,
            14,
            4,
            5,
            50,
            10,
            12,
            13,
            51
        ],
        0.7276355499740156
    ],
    "best": [
        0.2878499221581428,
        0.29120176742854464,
        0.3048891055351581,
        0.31871433025905127,
        0.3288951904992144,
        0.3375900457794631,
        0.3375900457794631,
        0.3863166103608207,
        0.3863166103608207,
        0.390998038368112,
        0.3944380119454039,
        0.3944380119454039,
        0.4022976871232618,
        0.40689268558661756,
        0.4187467517694463,
        0.4290771233914844,
        0.43122157093458013,
        0.4355530039376286,
        0.44010519011970023,
        0.4462715058086245,
        0.4462715058086245,
        0.46526096217249996,
        0.4712600789328766,
        0.4726655306872064,
        0.4836199060185273,
        0.4836199060185273,
        0.4836199060185273,
        0.49726450988399445,
        0.5076793697668929,
        0.5142566212252744,
        0.5142566212252744,
        0.522139118306391,
        0.5241401368131325,
        0.5241401368131325,
        0.5241401368131325,
        0.5250010330958612,
        0.5353066972122122,
        0.5353066972122122,
        0.5353066972122122,
        0.5393700190659337,
        0.5399602610721741,
        0.5505933997198658,
        0.5505933997198658,
        0.5505933997198658,
        0.5547534319798635,
        0.5619242626282854,
        0.5853499734894518,
        0.5979870246604346,
        0.5987116276898704,
        0.5989727787958135,
        0.5989727787958135,
        0.5989727787958135,
        0.6028598456321821,
        0.6039680573141003,
        0.6039680573141003,
        0.6093006880424447,
        0.6093006880424447,
        0.6137898133187243,
        0.6137898133187243,
        0.615235585653962,
        0.6158487458890456,
        0.6158487458890456,
        0.6249135761486465,
        0.6249135761486465,
        0.6303528677833974,
        0.6303528677833974,
        0.6303528677833974,
        0.6385779681345183,
        0.6385779681345183,
        0.6385779681345183,
        0.6387432618813084,
        0.6387432618813084,
        0.6387432618813084,
        0.6387432618813084,
        0.6387432618813084,
        0.6491475915242845,
        0.6491475915242845,
        0.6491475915242845,
        0.6491475915242845,
        0.6491475915242845,
        0.6624029282556119,
        0.6624029282556119,
        0.6746644990103748,
        0.6746644990103748,
        0.6746644990103748,
        0.6831089380741653,
        0.6831089380741653,
        0.6884182772179955,
        0.688993909098161,
        0.688993909098161,
        0.6895183654049766,
        0.6963626484149454,
        0.6963626484149454,
        0.6963626484149454,
        0.7072524450555591,
        0.7072524450555591,
        0.7072524450555591,
        0.7072524450555592,
        0.7072524450555592,
        0.7072524450555592,
        0.7072524450555592,
        0.7072524450555592,
        0.7072524450555592,
        0.7072524450555592,
        0.7072524450555592,
        0.7072524450555592,
        0.7072524450555592,
        0.7072524450555592,
        0.7072524450555592,
        0.7072524450555592,
        0.7072524450555592,
        0.7072524450555592,
        0.7072524450555592,
        0.7072524450555592,
        0.7072524450555592,
        0.7072524450555592,
        0.7072524450555592,
        0.7072524450555592,
        0.7072524450555592,
        0.7072524450555592,
        0.7072524450555592,
        0.7072524450555592,
        0.7072524450555592,
        0.7072524450555592,
        0.7072524450555592,
        0.7072524450555592,
        0.7072524450555592,
        0.7072524450555592,
        0.7072524450555592,
        0.7072524450555592,
        0.7072524450555592,
        0.7072524450555592,
        0.7072524450555592,
        0.7072524450555592,
        0.7072524450555592,
        0.7072524450555592,
        0.7072524450555592,
        0.7072524450555592,
        0.7072524450555592,
        0.7072524450555592,
        0.7072524450555592,
        0.7072524450555592,
        0.7072524450555592,
        0.7093568098143163,
        0.7093568098143163,
        0.7093568098143163,
        0.7140210137700262,
        0.7140210137700262,
        0.7140210137700262,
        0.7140210137700262,
        0.7140210137700262,
        0.7140210137700262,
        0.7140210137700262,
        0.7140210137700262,
        0.7140210137700262,
        0.7140210137700262,
        0.7140210137700262,
        0.7140210137700262,
        0.7140210137700262,
        0.7140210137700262,
        0.7140210137700262,
        0.7180105803210163,
        0.7180105803210163,
        0.7180105803210163,
        0.7180105803210163,
        0.7180105803210163,
        0.7180105803210163,
        0.7180105803210163,
        0.7180105803210163,
        0.7180105803210163,
        0.7221932589593502,
        0.7221932589593502,
        0.7221932589593502,
        0.7221932589593502,
        0.7244631886248254,
        0.7244631886248254,
        0.7276355499740156,
        0.7276355499740156,
        0.7276355499740156,
        0.7276355499740156,
        0.7276355499740156,
        0.7276355499740156,
        0.7276355499740156,
        0.7276355499740156,
        0.7276355499740156,
        0.7276355499740156,
        0.7276355499740156,
        0.7276355499740156,
        0.7276355499740156,
        0.7276355499740156,
        0.7276355499740156,
        0.7276355499740156,
        0.7276355499740156,
        0.7276355499740156,
        0.7276355499740156,
        0.7276355499740156,
        0.7276355499740156,
        0.7276355499740156,
        0.7276355499740156,
        0.7276355499740156,
        0.7276355499740156
    ],