{
    "bestIndiv": [
        [
            39,
            23,
            47,
            24,
            11,
            32,
            50,
            10,
            51,
            12,
            13,
            46,
            25,
            26,
            27,
            15,
            19,
            49,
            28,
            29,
            41,
            1,
            6,
            20,
            22,
            0,
            48,
            44,
            7,
            2,
            16,
            31,
            42,
            5,
            14,
            4,
            3,
            45,
            43,
            38,
            34,
            21,
            30,
            17,
            8,
            9,
            18,
            40,
            35,
            33,
            36,
            37
        ],
        0.7099871000693242
    ],
    "best": [
        0.29317376744304846,
        0.2977254034965,
        0.31154250237407943,
        0.31958854167522505,
        0.3235512115437139,
        0.3327299907619743,
        0.3427571125205245,
        0.3427571125205245,
        0.3721677733330085,
        0.3725029902914021,
        0.3725029902914021,
        0.37801394178078607,
        0.39816495468686086,
        0.40256088572533827,
        0.40256088572533827,
        0.4378681907247985,
        0.4399759833381211,
        0.4399759833381211,
        0.4730793709689965,
        0.4730793709689965,
        0.4730793709689965,
        0.479580520224019,
        0.479580520224019,
        0.479580520224019,
        0.48437716674849407,
        0.48437716674849407,
        0.48437716674849407,
        0.48437716674849407,
        0.48437716674849407,
        0.48882236745707813,
        0.4920510523104741,
        0.4935742122140426,
        0.49657030337837793,
        0.4981216148488113,
        0.5016068264229293,
        0.5016068264229293,
        0.5033685648919209,
        0.5033685648919209,
        0.5134438430067867,
        0.5134438430067867,
        0.5139680528245736,
        0.5168296972758496,
        0.5294217648679622,
        0.5377637458570464,
        0.5383388192745826,
        0.5383388192745826,
        0.5383388192745826,
        0.5397222395704617,
        0.5397222395704617,
        0.545946635096219,
        0.5505994077025286,
        0.5545105920735994,
        0.5545105920735994,
        0.5587001612774162,
        0.5619786421374803,
        0.5716405618353584,
        0.5716405618353584,
        0.5830844449606275,
        0.5830844449606275,
        0.5830844449606275,
        0.5830844449606275,
        0.5830844449606275,
        0.5834393151878278,
        0.611947416335117,
        0.611947416335117,
        0.6123383003837153,
        0.6123383003837153,
        0.6123383003837153,
        0.6123383003837153,
        0.6123383003837153,
        0.6123383003837153,
        0.6123383003837153,
        0.6175286717461829,
        0.6175286717461829,
        0.6175286717461829,
        0.6175286717461829,
        0.6175286717461829,
        0.6175286717461829,
        0.6179908265778008,
        0.6179908265778008,
        0.6179908265778008,
        0.6179908265778008,
        0.6179908265778008,
        0.6206137540249572,
        0.6206137540249572,
        0.6206137540249572,
        0.621747968253861,
        0.621747968253861,
        0.621747968253861,
        0.621747968253861,
        0.621747968253861,
        0.621747968253861,
        0.621747968253861,
        0.6218818186507646,
        0.6223495136264299,
        0.6223495136264299,
        0.6239739739635934,
        0.6239739739635934,
        0.6239739739635934,
        0.6239739739635934,
        0.6239739739635936,
        0.6239739739635936,
        0.623992918507368,
        0.6254315778196019,
        0.6254315778196019,
        0.6269504694245829,
        0.6269504694245829,
        0.6269504694245829,
        0.6269504694245829,
        0.6271325283299393,
        0.6271325283299393,
        0.6271325283299393,
        0.6271325283299393,
        0.6271325283299393,
        0.6271325283299393,
        0.6271325283299393,
        0.6294484500696071,
        0.6294484500696071,
        0.6294484500696073,
        0.6294484500696073,
        0.6294484500696073,
        0.6390726051608654,
        0.6390726051608654,
        0.6390726051608654,
        0.6454550379641425,
        0.6454550379641425,
        0.6454550379641425,
        0.6454550379641425,
        0.6454550379641426,
        0.6454550379641426,
        0.6460740550975399,
        0.6483948809270463,
        0.6495207429350706,
        0.6495207429350706,
        0.656926129078828,
        0.656926129078828,
        0.6581790961492217,
        0.6591777155732994,
        0.6591777155732994,
        0.6591777155732994,
        0.6591777155732994,
        0.6591777155732994,
        0.660190703101642,
        0.660190703101642,
        0.660190703101642,
        0.660190703101642,
        0.660190703101642,
        0.6601907031016421,
        0.6652801943522537,
        0.6671041802075981,
        0.6671041802075981,
        0.6671041802075981,
        0.6671041802075981,
        0.6671041802075981,
        0.6671041802075981,
        0.6671041802075981,
        0.6710066350680929,
        0.6710066350680929,
        0.6755713440176032,
        0.6755713440176032,
        0.6755713440176032,
        0.6755713440176032,
        0.6876653020799252,
        0.694968953024448,
        0.694968953024448,
        0.694968953024448,
        0.694968953024448,
        0.6962798314454175,
        0.6962798314454175,
        0.6962798314454175,
        0.6962798314454175,
        0.6962798314454175,
        0.6962798314454175,
        0.6962798314454175,
        0.6962798314454175,
        0.6962798314454175,
        0.6962798314454175,
        0.6962798314454175,
        0.6962798314454175,
        0.6962798314454175,
        0.6962798314454175,
        0.6962798314454175,
        0.6962798314454175,
        0.6962798314454175,
        0.6962798314454175,
        0.6962798314454175,
        0.6962798314454175,
        0.7078309710199873,
        0.7078309710199873,
        0.7078309710199873,
        0.7078309710199873,
        0.7078309710199873,
        0.7078309710199873,
        0.7078309710199873,
        0.7078309710199873,
        0.7078309710199873,
        0.7078309710199873,
        0.7078309710199873,
        0.7099871000693242,
        0.7099871000693242,
        0.7099871000693242
    ],