{
    "bestIndiv": [
        [
            49,
            22,
            15,
            28,
            46,
            25,
            26,
            12,
            13,
            51,
            10,
            27,
            3,
            5,
            47,
            36,
            39,
            38,
            33,
            43,
            45,
            23,
            4,
            42,
            8,
            9,
            7,
            40,
            18,
            44,
            2,
            30,
            20,
            16,
            19,
            37,
            14,
            17,
            41,
            6,
            1,
            29,
            24,
            11,
            50,
            32,
            31,
            34,
            35,
            21,
            0,
            48
        ],
        0.6590337660230334
    ],
    "best": [
        0.2878499221581428,
        0.29120176742854464,
        0.3048891055351581,
        0.31871433025905127,
        0.3288951904992144,
        0.3375900457794631,
        0.3375900457794631,
        0.3508380873906995,
        0.35833345621944346,
        0.35833345621944346,
        0.37178060246367234,
        0.3867360655807138,
        0.3867360655807138,
        0.40841022657715204,
        0.40841022657715204,
        0.4366249978598894,
        0.4366249978598894,
        0.4366249978598894,
        0.4377551291299609,
        0.4425539881271006,
        0.45206016437766733,
        0.45206016437766733,
        0.4584812312704772,
        0.47260078432056196,
        0.47260078432056196,
        0.4746562863185,
        0.48310070067912775,
        0.48310070067912775,
        0.48310070067912775,
        0.49496589520923173,
        0.49496589520923173,
        0.49523443448198123,
        0.5060854229052831,
        0.5060854229052831,
        0.5064180076463034,
        0.5064180076463034,
        0.5152937250897119,
        0.5152937250897119,
        0.5152937250897119,
        0.5193532398391862,
        0.5193532398391862,
        0.5227845522317548,
        0.5227845522317548,
        0.5227845522317548,
        0.5227845522317548,
        0.5227845522317548,
        0.5310328515343401,
        0.5320878156429946,
        0.5320878156429946,
        0.5320878156429946,
        0.5368302863959062,
        0.5368302863959062,
        0.5368302863959062,
        0.549661507242284,
        0.549661507242284,
        0.5543417679561689,
        0.5543417679561689,
        0.5543417679561689,
        0.5544062358520558,
        0.5567464133635924,
        0.5591679961790101,
        0.5591679961790101,
        0.561632788048362,
        0.561632788048362,
        0.5631455055521796,
        0.5733911856080408,
        0.5733911856080408,
        0.5733911856080408,
        0.5791998888256902,
        0.5886912431752672,
        0.5900809244670085,
        0.5900809244670085,
        0.5900809244670085,
        0.5977304522685494,
        0.5977304522685494,
        0.6007129143320182,
        0.6007129143320182,
        0.6026180743783952,
        0.6039878201021056,
        0.6039878201021056,
        0.6039878201021056,
        0.6039878201021056,
        0.6039878201021056,
        0.6039878201021056,
        0.6039878201021056,
        0.6039878201021056,
        0.6039878201021056,
        0.6039878201021056,
        0.6039878201021056,
        0.6039878201021056,
        0.6039878201021056,
        0.6059712090082537,
        0.6059712090082537,
        0.6059712090082537,
        0.6059712090082537,
        0.6059712090082537,
        0.6059712090082537,
        0.6059712090082537,
        0.6059712090082537,
        0.6059712090082537,
        0.6059712090082537,
        0.6059712090082537,
        0.6059712090082537,
        0.6214362583934205,
        0.6214362583934205,
        0.6214362583934205,
        0.6214362583934205,
        0.6214362583934205,
        0.6214362583934205,
        0.6214362583934205,
        0.6214362583934205,
        0.6214362583934205,
        0.6214362583934205,
        0.6214362583934205,
        0.6214362583934205,
        0.6214362583934205,
        0.6214362583934205,
        0.6214362583934205,
        0.6214362583934205,
        0.6214362583934205,
        0.6214362583934205,
        0.6214362583934205,
        0.6214362583934205,
        0.6214362583934205,
        0.6214362583934205,
        0.630257077452654,
        0.630257077452654,
        0.631093475407139,
        0.6320632357807977,
        0.6320632357807977,
        0.6320632357807977,
        0.6320632357807977,
        0.6351471812926776,
        0.6351471812926776,
        0.6351471812926776,
        0.6351471812926776,
        0.6352650003416902,
        0.6352650003416902,
        0.6352650003416902,
        0.6352650003416902,
        0.6352650003416902,
        0.6352650003416902,
        0.6352650003416902,
        0.6352650003416902,
        0.6352650003416902,
        0.6352650003416902,
        0.6352650003416902,
        0.6423515804374678,
        0.6423515804374678,
        0.6423515804374678,
        0.6438245208930531,
        0.6438245208930531,
        0.6447232946327738,
        0.6447232946327738,
        0.6447232946327738,
        0.6447232946327738,
        0.6447232946327738,
        0.6447232946327738,
        0.6447232946327738,
        0.6447232946327738,
        0.6447232946327738,
        0.6447232946327738,
        0.6447232946327738,
        0.6481641345642825,
        0.6481641345642825,
        0.6481641345642825,
        0.6481641345642825,
        0.6483244733010705,
        0.6483244733010705,
        0.6569765638600383,
        0.6569765638600383,
        0.6569765638600383,
        0.6571412927154443,
        0.6571412927154443,
        0.6571412927154443,
        0.6577980807209647,
        0.6577980807209647,
        0.6577980807209647,
        0.6577980807209647,
        0.6577980807209647,
        0.6577980807209647,
        0.6577980807209647,
        0.6577980807209647,
        0.6577980807209647,
        0.6577980807209647,
        0.6577980807209647,
        0.6577980807209647,
        0.6577980807209647,
        0.6577980807209647,
        0.6577980807209647,
        0.6577980807209647,
        0.6577980807209647,
        0.6577980807209647,
        0.6577980807209647,
        0.6577980807209647,
        0.6577980807209647,
        0.6577980807209647,
        0.6590337660230334,
        0.6590337660230334,
        0.6590337660230334,
        0.6590337660230334
    ],