{
    "bestIndiv": [
        [
            39,
            38,
            34,
            48,
            31,
            42,
            32,
            50,
            10,
            51,
            13,
            12,
            26,
            45,
            15,
            49,
            19,
            29,
            1,
            6,
            41,
            20,
            28,
            46,
            25,
            27,
            11,
            24,
            3,
            5,
            14,
            4,
            47,
            23,
            37,
            22,
            30,
            17,
            16,
            2,
            44,
            18,
            40,
            7,
            8,
            9,
            21,
            0,
            35,
            43,
            33,
            36
        ],
        0.780723269366285
    ],
    "best": [
        0.2843134709142403,
        0.2843134709142403,
        0.30505589753444695,
        0.3085098513685901,
        0.32295145344215265,
        0.3295224545463029,
        0.3323043455309229,
        0.33917208165075696,
        0.33917208165075696,
        0.3468174696429368,
        0.34811323210867123,
        0.36493734379980525,
        0.36835652718325745,
        0.3694307049766833,
        0.37147656267520573,
        0.395192123737443,
        0.39723562968092074,
        0.39851593578609074,
        0.40184139830422155,
        0.4021350226985061,
        0.4032947397688027,
        0.4032947397688028,
        0.408850552406179,
        0.41130707110667464,
        0.4186051282371371,
        0.4186051282371371,
        0.4186051282371371,
        0.4212987561273363,
        0.4212987561273363,
        0.4322223467886005,
        0.4365426668872007,
        0.45587539205512756,
        0.45587539205512756,
        0.45587539205512756,
        0.4568159944954083,
        0.4568159944954083,
        0.46443289114521724,
        0.46443289114521724,
        0.4715520261725502,
        0.4715520261725502,
        0.4715520261725502,
        0.4852925731949668,
        0.49821214673317177,
        0.5005474691237345,
        0.5032483063444753,
        0.5045269310686347,
        0.5208539108226511,
        0.5208539108226511,
        0.5240863551901448,
        0.5275464937361704,
        0.533794346972031,
        0.5582894717930047,
        0.5627535927060182,
        0.5627535927060182,
        0.5628252034348721,
        0.5637073531851462,
        0.5654557379859181,
        0.5777361055010066,
        0.5840124267335851,
        0.5840124267335851,
        0.5908972858967944,
        0.5994326489124507,
        0.6064361332460283,
        0.6064361332460283,
        0.6224166460725744,
        0.6316898485532211,
        0.6316898485532211,
        0.6510420707970639,
        0.6510420707970639,
        0.6510420707970639,
        0.651042070797064,
        0.6569156362867141,
        0.6569156362867141,
        0.6569156362867141,
        0.6575751178338234,
        0.6575751178338234,
        0.6635676968564171,
        0.6746572057827553,
        0.6746572057827553,
        0.6746572057827553,
        0.6746572057827553,
        0.6839832067281695,
        0.6839832067281695,
        0.6839832067281698,
        0.6860575258556049,
        0.6860575258556049,
        0.6944988770078895,
        0.6953824029274726,
        0.6953824029274726,
        0.6953824029274726,
        0.6953824029274726,
        0.6953824029274726,
        0.6975265473658425,
        0.6975265473658425,
        0.6975265473658425,
        0.6975265473658425,
        0.6975265473658425,
        0.6975265473658425,
        0.6975265473658425,
        0.6975265473658425,
        0.6996364729074592,
        0.6996364729074592,
        0.700021182705442,
        0.700021182705442,
        0.700021182705442,
        0.7001072230154709,
        0.7001072230154709,
        0.7003781881110551,
        0.7092019928410125,
        0.7092019928410125,
        0.7092019928410125,
        0.7092019928410125,
        0.7092019928410125,
        0.7108892246062549,
        0.7108892246062549,
        0.7108892246062549,
        0.7108892246062549,
        0.7114944802759915,
        0.7153887667501381,
        0.7153887667501381,
        0.7153887667501381,
        0.7153887667501381,
        0.715775046085041,
        0.715775046085041,
        0.715775046085041,
        0.715775046085041,
        0.715775046085041,
        0.7161848249486273,
        0.7161848249486273,
        0.7161848249486273,
        0.7161848249486273,
        0.7162719280934587,
        0.7165719646692033,
        0.7170699541000923,
        0.724821802172384,
        0.724821802172384,
        0.7406320093707788,
        0.7406320093707788,
        0.7410460380951498,
        0.7410460380951498,
        0.7455490451946468,
        0.7459685911757475,
        0.7521474451382301,
        0.7532441947615199,
        0.7532441947615199,
        0.7532441947615199,
        0.7532441947615199,
        0.7532441947615199,
        0.7532441947615199,
        0.7573087326167381,
        0.7573087326167381,
        0.7573087326167381,
        0.7573087326167381,
        0.7573087326167381,
        0.7573087326167381,
        0.7573087326167381,
        0.7573087326167381,
        0.7573087326167381,
        0.7608854313658908,
        0.7608854313658908,
        0.7608854313658909,
        0.7608854313658909,
        0.7608854313658909,
        0.7608854313658909,
        0.7646588234206969,
        0.7646588234206969,
        0.7646588234206969,
        0.7646588234206969,
        0.7767900719283665,
        0.7767900719283665,
        0.7767900719283665,
        0.7767900719283665,
        0.780723269366285,
        0.780723269366285,
        0.780723269366285,
        0.780723269366285,
        0.780723269366285,
        0.780723269366285,
        0.780723269366285,
        0.780723269366285,
        0.780723269366285,
        0.780723269366285,
        0.780723269366285,
        0.780723269366285,
        0.780723269366285,
        0.780723269366285,
        0.780723269366285,
        0.780723269366285,
        0.780723269366285,
        0.780723269366285,
        0.780723269366285,
        0.780723269366285,
        0.780723269366285,
        0.780723269366285,
        0.780723269366285,
        0.780723269366285,
        0.780723269366285,
        0.780723269366285,
        0.780723269366285,
        0.780723269366285,
        0.780723269366285
    ],