{
    "bestIndiv": [
        [
            8,
            9,
            42,
            3,
            24,
            45,
            36,
            23,
            14,
            4,
            5,
            47,
            37,
            39,
            33,
            22,
            1,
            6,
            41,
            16,
            2,
            30,
            20,
            29,
            19,
            49,
            28,
            15,
            43,
            34,
            35,
            38,
            48,
            31,
            0,
            21,
            17,
            44,
            11,
            50,
            10,
            51,
            12,
            13,
            46,
            25,
            26,
            27,
            32,
            18,
            40,
            7
        ],
        0.7679345036113684
    ],
    "best": [
        0.2970436211377127,
        0.2986417215770556,
        0.3032877828998726,
        0.3136843562189169,
        0.32501431483409227,
        0.32501431483409227,
        0.32501431483409227,
        0.3277301045202398,
        0.33430192470550524,
        0.33906297479806075,
        0.3493474773214832,
        0.3493474773214832,
        0.3581445295071318,
        0.3664040592745055,
        0.3794126504260051,
        0.3800743378236274,
        0.38717404930026406,
        0.3965446016629413,
        0.3965446016629413,
        0.39666273418133124,
        0.42065726003044773,
        0.42065726003044773,
        0.42065726003044773,
        0.4333667439116335,
        0.4356677943661339,
        0.4356677943661339,
        0.4357934329451788,
        0.44588432750755175,
        0.44588432750755175,
        0.45158811447968444,
        0.45158811447968444,
        0.455648011244364,
        0.4734806392249679,
        0.4734806392249679,
        0.4734806392249679,
        0.4784286130100699,
        0.4784286130100699,
        0.4790125107396326,
        0.48279654111129966,
        0.48279654111129966,
        0.4865545157019331,
        0.5014394678386537,
        0.5050548344992467,
        0.5091634774886833,
        0.5091634774886833,
        0.5200548396069911,
        0.5200548396069911,
        0.5200548396069911,
        0.5200548396069911,
        0.5303237827212648,
        0.5408353883200971,
        0.5436168174272227,
        0.5436168174272227,
        0.5436168174272227,
        0.5447847917144935,
        0.5549367585965421,
        0.5549367585965421,
        0.5549367585965421,
        0.5648539214186361,
        0.5648539214186361,
        0.5698479399757284,
        0.5698479399757284,
        0.5720342819234847,
        0.5720342819234847,
        0.5763733735181615,
        0.5801758949024433,
        0.5826747336533882,
        0.5904088752455191,
        0.5904088752455191,
        0.603812008849276,
        0.6100084264167058,
        0.6100084264167058,
        0.6100084264167058,
        0.6191354259480606,
        0.6249525561242368,
        0.6249525561242368,
        0.6249525561242368,
        0.6249525561242368,
        0.6249525561242368,
        0.6370945428875948,
        0.6370945428875948,
        0.6370945428875949,
        0.6370945428875949,
        0.6370945428875949,
        0.6370945428875949,
        0.6445964250921505,
        0.6445964250921505,
        0.6445964250921505,
        0.6546032992952239,
        0.6546032992952239,
        0.6546032992952239,
        0.6632186486682986,
        0.6632186486682986,
        0.66507516983927,
        0.66507516983927,
        0.668517225804918,
        0.6733686738373055,
        0.675382978638422,
        0.6775709570463038,
        0.6808785097080046,
        0.6808785097080046,
        0.6836585508289881,
        0.6836585508289881,
        0.6914647992889686,
        0.6914647992889686,
        0.695091418096363,
        0.7022467584472678,
        0.7046125597233672,
        0.7046125597233672,
        0.7087048720416185,
        0.7087048720416185,
        0.7087048720416185,
        0.7087048720416185,
        0.7087048720416185,
        0.7145393302671862,
        0.7145393302671862,
        0.7145393302671862,
        0.7157116998575676,
        0.7157116998575676,
        0.7216625810769212,
        0.7216625810769212,
        0.7216625810769212,
        0.7216625810769212,
        0.7442127817173368,
        0.7442127817173368,
        0.7442127817173368,
        0.7442127817173368,
        0.7442127817173368,
        0.7563391265850105,
        0.7563391265850105,
        0.7563391265850105,
        0.7659868020546295,
        0.7659868020546295,
        0.7659868020546295,
        0.7659868020546295,
        0.7659868020546295,
        0.7659868020546295,
        0.7659868020546295,
        0.7659868020546295,
        0.7659868020546295,
        0.7659868020546295,
        0.7659868020546295,
        0.7659868020546295,
        0.7659868020546295,
        0.7659868020546295,
        0.7659868020546295,
        0.7659868020546295,
        0.7659868020546295,
        0.7659868020546295,
        0.7659868020546295,
        0.7659868020546295,
        0.7659868020546295,
        0.7659868020546295,
        0.7659868020546295,
        0.7659868020546295,
        0.7659868020546295,
        0.7659868020546295,
        0.7659868020546295,
        0.7659868020546295,
        0.7659868020546295,
        0.7659868020546295,
        0.7659868020546295,
        0.7659868020546295,
        0.7659868020546295,
        0.7659868020546295,
        0.7659868020546295,
        0.7659868020546295,
        0.7659868020546295,
        0.7659868020546295,
        0.7679345036113684,
        0.7679345036113684,
        0.7679345036113684,
        0.7679345036113684,
        0.7679345036113684,
        0.7679345036113684,
        0.7679345036113684,
        0.7679345036113684,
        0.7679345036113684,
        0.7679345036113684,
        0.7679345036113684,
        0.7679345036113684,
        0.7679345036113684,
        0.7679345036113684,
        0.7679345036113684,
        0.7679345036113684,
        0.7679345036113684,
        0.7679345036113684,
        0.7679345036113684,
        0.7679345036113684,
        0.7679345036113684,
        0.7679345036113684,
        0.7679345036113684,
        0.7679345036113684,
        0.7679345036113684,
        0.7679345036113684,
        0.7679345036113684,
        0.7679345036113684,
        0.7679345036113684,
        0.7679345036113684,
        0.7679345036113684,
        0.7679345036113684
    ],