{
    "bestIndiv": [
        [
            51,
            13,
            46,
            45,
            39,
            37,
            23,
            4,
            5,
            14,
            47,
            36,
            34,
            21,
            30,
            31,
            20,
            16,
            2,
            48,
            35,
            33,
            15,
            28,
            24,
            11,
            10,
            3,
            18,
            44,
            42,
            38,
            43,
            0,
            41,
            6,
            1,
            29,
            22,
            49,
            19,
            17,
            40,
            7,
            8,
            9,
            32,
            50,
            27,
            25,
            26,
            12
        ],
        0.6476029963541539
    ],
    "best": [
        0.28178294217625266,
        0.28822377251056697,
        0.3046581660519627,
        0.3263557433376206,
        0.3263557433376206,
        0.3301795321633156,
        0.33593829106626055,
        0.3525532359996407,
        0.36913494255575025,
        0.36913494255575025,
        0.3735369749080265,
        0.3829280256658263,
        0.3950106859367887,
        0.413991043236742,
        0.413991043236742,
        0.4179485628255097,
        0.4260711142879237,
        0.4260711142879237,
        0.4364949986957397,
        0.45381214748495236,
        0.45381214748495236,
        0.45381214748495236,
        0.45381214748495236,
        0.45381214748495236,
        0.45381214748495236,
        0.45381214748495236,
        0.45381214748495236,
        0.45381214748495236,
        0.45932883521694734,
        0.45932883521694734,
        0.45932883521694734,
        0.4623716087337573,
        0.4623716087337573,
        0.4623716087337573,
        0.4623716087337573,
        0.4623716087337573,
        0.4623716087337573,
        0.4699544215491022,
        0.47878241644559866,
        0.47878241644559866,
        0.484441115253125,
        0.48786669432875057,
        0.4897450555012546,
        0.49316283497504027,
        0.49316283497504027,
        0.49316283497504027,
        0.49997293471591586,
        0.49997293471591586,
        0.5006137225582625,
        0.507056980966022,
        0.507056980966022,
        0.507056980966022,
        0.5099866060415196,
        0.510653335987448,
        0.513259505346139,
        0.513259505346139,
        0.5167231934058047,
        0.5167231934058047,
        0.5255681494281009,
        0.5255681494281009,
        0.5283291920172722,
        0.5283291920172722,
        0.5283291920172722,
        0.5283291920172722,
        0.5283291920172722,
        0.529364850166534,
        0.529364850166534,
        0.529364850166534,
        0.529364850166534,
        0.529364850166534,
        0.529364850166534,
        0.529364850166534,
        0.529364850166534,
        0.529364850166534,
        0.529364850166534,
        0.529364850166534,
        0.529364850166534,
        0.529364850166534,
        0.529364850166534,
        0.529364850166534,
        0.529364850166534,
        0.529364850166534,
        0.529364850166534,
        0.529364850166534,
        0.529364850166534,
        0.529364850166534,
        0.5402026944155871,
        0.5402026944155871,
        0.5402026944155871,
        0.5402026944155871,
        0.5402026944155871,
        0.5402026944155871,
        0.5569124270468703,
        0.5569124270468704,
        0.5587835953156176,
        0.5857242727528128,
        0.5857242727528128,
        0.5857242727528128,
        0.589208761060833,
        0.6001228466354785,
        0.6001228466354785,
        0.6001228466354785,
        0.6001228466354785,
        0.6001228466354785,
        0.6030148739965175,
        0.6030148739965175,
        0.6030148739965175,
        0.6030535175831981,
        0.6032333602671934,
        0.6032333602671934,
        0.6032333602671934,
        0.6046305245012086,
        0.6181103521859957,
        0.6181103521859957,
        0.6181103521859957,
        0.6181103521859957,
        0.6205685292269786,
        0.6205685292269786,
        0.6205685292269786,
        0.6205685292269786,
        0.6219469061155734,
        0.6219469061155734,
        0.6219469061155734,
        0.6219469061155734,
        0.6219469061155734,
        0.6219469061155734,
        0.6219469061155734,
        0.6219469061155734,
        0.6219469061155734,
        0.6219469061155734,
        0.6219469061155734,
        0.6219469061155734,
        0.6219469061155734,
        0.6219469061155734,
        0.6219469061155734,
        0.6219469061155734,
        0.6219469061155734,
        0.6219469061155734,
        0.6219469061155734,
        0.6219469061155734,
        0.6219469061155734,
        0.6219469061155734,
        0.6219469061155734,
        0.6219469061155734,
        0.6219469061155734,
        0.6219469061155734,
        0.6219469061155734,
        0.6219469061155734,
        0.6219469061155734,
        0.6219469061155734,
        0.6219469061155734,
        0.6219469061155734,
        0.6219469061155734,
        0.6219469061155734,
        0.6219469061155734,
        0.6219469061155734,
        0.6219469061155734,
        0.6219469061155734,
        0.6267171028776826,
        0.6267171028776826,
        0.627223337938467,
        0.627223337938467,
        0.627223337938467,
        0.627223337938467,
        0.627223337938467,
        0.627223337938467,
        0.6339363018091884,
        0.6339363018091884,
        0.6339363018091884,
        0.6339363018091884,
        0.6339363018091884,
        0.6339363018091884,
        0.6339363018091884,
        0.6339363018091884,
        0.6339363018091884,
        0.6339363018091884,
        0.6460545015789836,
        0.6460545015789836,
        0.6460545015789836,
        0.6476029963541539,
        0.6476029963541539,
        0.6476029963541539,
        0.6476029963541539,
        0.6476029963541539,
        0.6476029963541539,
        0.6476029963541539,
        0.6476029963541539,
        0.6476029963541539,
        0.6476029963541539,
        0.6476029963541539,
        0.6476029963541539,
        0.6476029963541539,
        0.6476029963541539,
        0.6476029963541539,
        0.6476029963541539,
        0.6476029963541539,
        0.6476029963541539,
        0.6476029963541539,
        0.6476029963541539,
        0.6476029963541539,
        0.6476029963541539
    ],