{
    "bestIndiv": [
        [
            11,
            14,
            38,
            43,
            15,
            28,
            49,
            19,
            29,
            41,
            22,
            35,
            42,
            32,
            7,
            44,
            9,
            8,
            40,
            18,
            2,
            16,
            6,
            1,
            20,
            30,
            17,
            31,
            33,
            23,
            24,
            3,
            5,
            4,
            39,
            37,
            47,
            36,
            34,
            21,
            0,
            48,
            45,
            46,
            13,
            12,
            25,
            27,
            26,
            51,
            10,
            50
        ],
        0.6938540096777989
    ],
    "best": [
        0.3123150139911174,
        0.3123150139911174,
        0.315623948581481,
        0.31722933634023703,
        0.33034641871080017,
        0.3385695128641651,
        0.3463088032822973,
        0.3685869032482988,
        0.3685869032482988,
        0.37999792892931866,
        0.37999792892931866,
        0.40436251071144397,
        0.40436251071144397,
        0.40436251071144397,
        0.4156644911974582,
        0.4156644911974582,
        0.41645075419468447,
        0.4322068670727275,
        0.4322068670727275,
        0.4323634584768863,
        0.43538794290378624,
        0.4389695332379577,
        0.44394178067930906,
        0.45536424372809664,
        0.46012955217523943,
        0.46896434306755513,
        0.46896434306755513,
        0.47505622642561246,
        0.4769244030120925,
        0.4811978476205184,
        0.4895823324555733,
        0.4895823324555733,
        0.4895823324555733,
        0.4927122928184889,
        0.4927122928184889,
        0.5009055200272334,
        0.5009055200272334,
        0.5069912245532904,
        0.5069912245532904,
        0.5108468543197523,
        0.5191167421003102,
        0.5456504625612376,
        0.5456504625612376,
        0.5456504625612376,
        0.5456504625612376,
        0.5456504625612376,
        0.5462502504740714,
        0.5462502504740714,
        0.558525335951606,
        0.558525335951606,
        0.558525335951606,
        0.558525335951606,
        0.558525335951606,
        0.558525335951606,
        0.558525335951606,
        0.558525335951606,
        0.558525335951606,
        0.558525335951606,
        0.558525335951606,
        0.5598290580743088,
        0.5598290580743088,
        0.5631356605832359,
        0.5631356605832359,
        0.5631356605832359,
        0.564461020115458,
        0.5653156039412675,
        0.5653156039412675,
        0.5653156039412675,
        0.5653156039412675,
        0.5653156039412675,
        0.5653156039412675,
        0.5653156039412675,
        0.5653156039412675,
        0.5653156039412675,
        0.5653156039412675,
        0.5653156039412675,
        0.5702670165771394,
        0.5702670165771394,
        0.5702670165771394,
        0.5749437401706262,
        0.5749437401706262,
        0.5749437401706262,
        0.5791874809652777,
        0.5791885468641929,
        0.5802949398792973,
        0.5802949398792973,
        0.5802949398792973,
        0.5802949398792973,
        0.5811367324385918,
        0.5811367324385918,
        0.5811367324385918,
        0.5811367324385918,
        0.5811367324385918,
        0.5811367324385918,
        0.5811367324385918,
        0.5811367324385918,
        0.5811367324385918,
        0.5811367324385918,
        0.5811367324385918,
        0.5811367324385918,
        0.5811367324385918,
        0.5811367324385918,
        0.5811367324385918,
        0.5811367324385918,
        0.5811367324385918,
        0.5811367324385918,
        0.5811367324385918,
        0.6081824656457,
        0.6081824656457,
        0.6081824656457,
        0.6081824656457,
        0.6081824656457,
        0.6081824656457,
        0.6081824656457,
        0.6081824656457,
        0.6081824656457,
        0.6081824656457,
        0.6081824656457,
        0.6081824656457,
        0.6081824656457,
        0.6081824656457,
        0.6081824656457,
        0.6081824656457,
        0.6081824656457,
        0.6081824656457,
        0.6081824656457,
        0.6081824656457,
        0.6081824656457,
        0.6276875591654344,
        0.6276875591654344,
        0.6276875591654344,
        0.6434211791793226,
        0.6434211791793226,
        0.6434211791793226,
        0.6434362468643101,
        0.646492504333285,
        0.646492504333285,
        0.646492504333285,
        0.646492504333285,
        0.6467582997121718,
        0.6467582997121718,
        0.6467582997121718,
        0.6543380139361091,
        0.6665339929885886,
        0.6668165268986807,
        0.6668165268986807,
        0.6682079910723215,
        0.6776386600398242,
        0.6776386600398242,
        0.6938540096777989,
        0.6938540096777989,
        0.6938540096777989,
        0.6938540096777989,
        0.6938540096777989,
        0.6938540096777989,
        0.6938540096777989,
        0.6938540096777989,
        0.6938540096777989,
        0.6938540096777989,
        0.6938540096777989,
        0.6938540096777989,
        0.6938540096777989,
        0.6938540096777989,
        0.6938540096777989,
        0.6938540096777989,
        0.6938540096777989,
        0.6938540096777989,
        0.6938540096777989,
        0.6938540096777989,
        0.6938540096777989,
        0.6938540096777989,
        0.6938540096777989,
        0.6938540096777989,
        0.6938540096777989,
        0.6938540096777989,
        0.6938540096777989,
        0.6938540096777989,
        0.6938540096777989,
        0.6938540096777989,
        0.6938540096777989,
        0.6938540096777989,
        0.6938540096777989,
        0.6938540096777989,
        0.6938540096777989,
        0.6938540096777989,
        0.6938540096777989,
        0.6938540096777989,
        0.6938540096777989,
        0.6938540096777989,
        0.6938540096777989,
        0.6938540096777989,
        0.6938540096777989,
        0.6938540096777989,
        0.6938540096777989,
        0.6938540096777989,
        0.6938540096777989,
        0.6938540096777989,
        0.6938540096777989,
        0.6938540096777989,
        0.6938540096777989,
        0.6938540096777989
    ],