{
    "bestIndiv": [
        [
            38,
            36,
            47,
            4,
            37,
            34,
            31,
            48,
            43,
            33,
            44,
            2,
            16,
            1,
            6,
            41,
            20,
            30,
            21,
            0,
            35,
            15,
            45,
            46,
            26,
            27,
            11,
            50,
            10,
            51,
            13,
            12,
            25,
            3,
            23,
            5,
            24,
            19,
            49,
            28,
            29,
            22,
            17,
            18,
            7,
            40,
            8,
            9,
            32,
            42,
            14,
            39
        ],
        0.7420180268111167
    ],
    "best": [
        0.2953321428489969,
        0.2967459204085784,
        0.30696796309397867,
        0.31942104585898035,
        0.3259763807984048,
        0.33896123641248516,
        0.33896123641248516,
        0.35279983021138506,
        0.3625770319309584,
        0.3697760956408834,
        0.3697760956408834,
        0.3697760956408834,
        0.4123594217698247,
        0.4123594217698247,
        0.4123594217698247,
        0.4123594217698247,
        0.4123594217698247,
        0.42462704391908435,
        0.42462704391908435,
        0.42462704391908435,
        0.4300028577934422,
        0.4361686754697811,
        0.43886841755556405,
        0.44670555273803253,
        0.4636907062657806,
        0.4636907062657806,
        0.4636907062657806,
        0.47005663327942143,
        0.47005663327942143,
        0.4777596844172114,
        0.4832384694282676,
        0.48386690637137325,
        0.5027795418644515,
        0.5027795418644515,
        0.5039156839006377,
        0.5056242803588612,
        0.5056242803588612,
        0.5089131189468715,
        0.5172896719185092,
        0.5219319680162777,
        0.527145205004072,
        0.527145205004072,
        0.5290502152251639,
        0.5323894969727121,
        0.5340168489194829,
        0.5606685963266349,
        0.5606685963266349,
        0.582050691691941,
        0.582050691691941,
        0.5836484432178172,
        0.5950878277249282,
        0.5999811637673271,
        0.600879649951691,
        0.611359984551447,
        0.6113599845514471,
        0.6168857092717774,
        0.6168857092717774,
        0.6316565877680336,
        0.6316565877680336,
        0.6316565877680336,
        0.6396999675368715,
        0.6396999675368715,
        0.6396999675368715,
        0.6396999675368715,
        0.6396999675368715,
        0.6396999675368715,
        0.6396999675368715,
        0.6396999675368715,
        0.6396999675368715,
        0.6396999675368715,
        0.6396999675368715,
        0.6396999675368715,
        0.6396999675368715,
        0.6396999675368715,
        0.6396999675368715,
        0.6396999675368715,
        0.6396999675368715,
        0.6396999675368715,
        0.6396999675368715,
        0.6396999675368715,
        0.6396999675368715,
        0.6396999675368715,
        0.6396999675368715,
        0.6490017771735924,
        0.6580619268442318,
        0.6580619268442318,
        0.6618458886125498,
        0.6618458886125498,
        0.6618458886125498,
        0.6618458886125498,
        0.6618458886125498,
        0.6618458886125498,
        0.6622076033834873,
        0.6624608414358162,
        0.6640675005064337,
        0.6697582417873732,
        0.670575991333101,
        0.6728566992557471,
        0.6728566992557471,
        0.6728566992557471,
        0.6728566992557471,
        0.6728566992557471,
        0.6728566992557471,
        0.6728566992557471,
        0.6728566992557471,
        0.6728566992557471,
        0.6728566992557471,
        0.6728566992557471,
        0.6728566992557471,
        0.6728566992557471,
        0.6728566992557471,
        0.6728566992557471,
        0.6728566992557471,
        0.6728566992557471,
        0.6728566992557471,
        0.6728566992557471,
        0.6728566992557471,
        0.6728566992557471,
        0.6728566992557471,
        0.6728566992557471,
        0.6728566992557471,
        0.6728566992557471,
        0.6728566992557471,
        0.6728566992557471,
        0.6728566992557471,
        0.6846376412772281,
        0.6846376412772281,
        0.6846376412772281,
        0.6939355223204633,
        0.6939355223204633,
        0.7034223321943069,
        0.7034223321943069,
        0.7034223321943069,
        0.7034223321943069,
        0.7034223321943069,
        0.704287934168591,
        0.704287934168591,
        0.704287934168591,
        0.704287934168591,
        0.704287934168591,
        0.704287934168591,
        0.704287934168591,
        0.704287934168591,
        0.704287934168591,
        0.704287934168591,
        0.704287934168591,
        0.704287934168591,
        0.704287934168591,
        0.704287934168591,
        0.704287934168591,
        0.704287934168591,
        0.704287934168591,
        0.704287934168591,
        0.704287934168591,
        0.704287934168591,
        0.704287934168591,
        0.704287934168591,
        0.704287934168591,
        0.706117672827752,
        0.706117672827752,
        0.706117672827752,
        0.706117672827752,
        0.706117672827752,
        0.7087096920528467,
        0.7148836875190271,
        0.7200607891347347,
        0.7353778716048996,
        0.7353778716048996,
        0.7385217625820314,
        0.7385217625820314,
        0.7385217625820314,
        0.7385217625820314,
        0.7385217625820314,
        0.7385217625820314,
        0.7385217625820314,
        0.7385217625820314,
        0.7385217625820314,
        0.7385217625820314,
        0.7385217625820314,
        0.7385217625820314,
        0.7385217625820314,
        0.7385217625820314,
        0.7385217625820314,
        0.7385217625820314,
        0.7385217625820314,
        0.7385217625820314,
        0.7420180268111167,
        0.7420180268111167,
        0.7420180268111167,
        0.7420180268111167,
        0.7420180268111167,
        0.7420180268111167,
        0.7420180268111167,
        0.7420180268111167,
        0.7420180268111167,
        0.7420180268111167,
        0.7420180268111167,
        0.7420180268111167,
        0.7420180268111167,
        0.7420180268111167,
        0.7420180268111167
    ],