{
    "bestIndiv": [
        [
            18,
            44,
            39,
            36,
            47,
            34,
            33,
            0,
            21,
            20,
            41,
            6,
            1,
            16,
            30,
            22,
            29,
            19,
            49,
            43,
            4,
            42,
            50,
            10,
            11,
            24,
            45,
            15,
            28,
            25,
            12,
            51,
            13,
            46,
            26,
            27,
            3,
            35,
            38,
            48,
            17,
            2,
            31,
            23,
            5,
            37,
            14,
            32,
            9,
            8,
            7,
            40
        ],
        0.6886950865668781
    ],
    "best": [
        0.293365696484161,
        0.2941507905765504,
        0.3033061114606886,
        0.3132677792959771,
        0.3291619245848897,
        0.33353470921382716,
        0.36103121123335785,
        0.36103121123335785,
        0.3629972477032621,
        0.37172173109979045,
        0.3731753157715665,
        0.4027157910902642,
        0.40685828500737387,
        0.406858285007374,
        0.41473781502249396,
        0.4321305256907766,
        0.4321305256907766,
        0.4475879297839406,
        0.4475879297839406,
        0.46739263320734936,
        0.46739263320734936,
        0.48716947383394477,
        0.4955029527087477,
        0.4958478068587764,
        0.4958478068587764,
        0.4958478068587764,
        0.5013388098556961,
        0.5013388098556961,
        0.5013388098556961,
        0.50789385887605,
        0.50789385887605,
        0.50789385887605,
        0.50789385887605,
        0.50789385887605,
        0.5100651430589732,
        0.5173790095591881,
        0.5173790095591881,
        0.5259648247926088,
        0.5261451752982788,
        0.5499748130070531,
        0.5499748130070531,
        0.5499748130070531,
        0.5499748130070531,
        0.5549020040083331,
        0.5549020040083331,
        0.5581930512272678,
        0.5826054557760239,
        0.5826054557760239,
        0.5826054557760239,
        0.5826059625911756,
        0.5826059625911756,
        0.5866099298180937,
        0.5866099298180937,
        0.5866099298180937,
        0.5866099298180937,
        0.5896906077085501,
        0.5896906077085501,
        0.5896906077085501,
        0.5896906077085501,
        0.5896906077085501,
        0.5896906077085501,
        0.5896906077085501,
        0.5896906077085501,
        0.5896906077085501,
        0.5896906077085501,
        0.5896906077085501,
        0.5896906077085501,
        0.5896906077085501,
        0.5896906077085501,
        0.5896906077085501,
        0.5896906077085501,
        0.5896906077085501,
        0.5896906077085501,
        0.5896906077085501,
        0.5896906077085501,
        0.5896906077085501,
        0.5896906077085501,
        0.5896906077085501,
        0.5896906077085501,
        0.5896906077085501,
        0.5896906077085501,
        0.5896906077085501,
        0.5896906077085501,
        0.5896906077085501,
        0.5896906077085501,
        0.5896906077085501,
        0.5896906077085501,
        0.5896906077085501,
        0.5896906077085501,
        0.5896906077085501,
        0.5936659498576426,
        0.5936659498576426,
        0.5936659498576426,
        0.5936659498576426,
        0.5936659498576426,
        0.5936659498576426,
        0.5936659498576426,
        0.6035939448453005,
        0.6035939448453005,
        0.6035939448453005,
        0.6035939448453005,
        0.6035939448453005,
        0.6035939448453005,
        0.6035939448453005,
        0.6035939448453005,
        0.6035939448453005,
        0.6036429727134397,
        0.6066945700038076,
        0.6331983504566439,
        0.6331983504566439,
        0.6331983504566439,
        0.6331983504566439,
        0.6331983504566439,
        0.6331983504566439,
        0.6331983504566439,
        0.6466361358294961,
        0.6466361358294961,
        0.6466361358294961,
        0.6466361358294961,
        0.6466361358294961,
        0.6501005831381125,
        0.6501005831381125,
        0.6579490225585313,
        0.6579490225585313,
        0.6579490225585313,
        0.6593776951848601,
        0.6604965249321326,
        0.6604965249321326,
        0.6642820688338362,
        0.6642820688338362,
        0.6642820688338362,
        0.6642820688338362,
        0.6669663815419359,
        0.6674143746508255,
        0.6701241134881976,
        0.6701241134881976,
        0.6701241134881976,
        0.6701241134881976,
        0.6701241134881976,
        0.6701241134881976,
        0.6701241134881976,
        0.6701241134881976,
        0.6701241134881976,
        0.6701241134881976,
        0.6701241134881976,
        0.6701241134881976,
        0.6701241134881976,
        0.6701241134881976,
        0.6701241134881976,
        0.6701241134881976,
        0.6701241134881976,
        0.6701241134881976,
        0.6701241134881976,
        0.6701241134881976,
        0.6701241134881976,
        0.6701241134881976,
        0.6701241134881976,
        0.6701241134881976,
        0.6701241134881976,
        0.6701241134881976,
        0.6886950865668781,
        0.6886950865668781,
        0.6886950865668781,
        0.6886950865668781,
        0.6886950865668781,
        0.6886950865668781,
        0.6886950865668781,
        0.6886950865668781,
        0.6886950865668781,
        0.6886950865668781,
        0.6886950865668781,
        0.6886950865668781,
        0.6886950865668781,
        0.6886950865668781,
        0.6886950865668781,
        0.6886950865668781,
        0.6886950865668781,
        0.6886950865668781,
        0.6886950865668781,
        0.6886950865668781,
        0.6886950865668781,
        0.6886950865668781,
        0.6886950865668781,
        0.6886950865668781,
        0.6886950865668781,
        0.6886950865668781,
        0.6886950865668781,
        0.6886950865668781,
        0.6886950865668781,
        0.6886950865668781,
        0.6886950865668781,
        0.6886950865668781,
        0.6886950865668781,
        0.6886950865668781,
        0.6886950865668781,
        0.6886950865668781,
        0.6886950865668781,
        0.6886950865668781,
        0.6886950865668781,
        0.6886950865668781,
        0.6886950865668781
    ],