{
    "bestIndiv": [
        [
            36,
            43,
            22,
            19,
            49,
            15,
            0,
            21,
            30,
            20,
            16,
            1,
            6,
            41,
            29,
            28,
            46,
            3,
            14,
            31,
            17,
            2,
            18,
            40,
            7,
            42,
            50,
            11,
            10,
            12,
            25,
            26,
            27,
            24,
            47,
            35,
            34,
            33,
            23,
            4,
            5,
            45,
            13,
            51,
            32,
            9,
            8,
            44,
            48,
            38,
            39,
            37
        ],
        0.6340238309241543
    ],
    "best": [
        0.28736496189655236,
        0.28843838504734576,
        0.31613789684557686,
        0.31613789684557686,
        0.32992622132796423,
        0.33539701739698624,
        0.35345576760823255,
        0.3562417567414654,
        0.3562417567414654,
        0.36683255194482234,
        0.3772897074199519,
        0.3786111241678432,
        0.3821832446576018,
        0.3924240114527108,
        0.39947219608406853,
        0.39947219608406853,
        0.41047905081240427,
        0.4161612261954787,
        0.4224642958412215,
        0.42561866465608067,
        0.4266198370540109,
        0.43769689425655156,
        0.45239017819710253,
        0.46626946803908415,
        0.46626946803908415,
        0.46626946803908415,
        0.4675818533527668,
        0.4723899552759781,
        0.4785445217274422,
        0.4785445217274422,
        0.4849937365415139,
        0.4849937365415139,
        0.4849937365415139,
        0.4909505095139862,
        0.4909505095139862,
        0.502932178300651,
        0.502932178300651,
        0.502932178300651,
        0.502932178300651,
        0.502932178300651,
        0.512147004447506,
        0.512147004447506,
        0.5157261368344254,
        0.5157261368344254,
        0.5177091698948327,
        0.5177091698948327,
        0.5201392752803655,
        0.5230991149384527,
        0.5238313896987538,
        0.5238313896987538,
        0.5309023926994938,
        0.5353613994776014,
        0.537881079280569,
        0.5465100696251638,
        0.5473230848256201,
        0.5473230848256201,
        0.5530547905616742,
        0.5538874096878705,
        0.5559131396853574,
        0.5580326148084399,
        0.5627358665383533,
        0.5627358665383533,
        0.5627358665383533,
        0.5627358665383533,
        0.5627358665383533,
        0.5627358665383533,
        0.5627358665383533,
        0.5627358665383533,
        0.5627358665383533,
        0.5627358665383533,
        0.5627358665383533,
        0.5627358665383533,
        0.5627358665383533,
        0.5627358665383533,
        0.5627358665383533,
        0.5627358665383533,
        0.5627358665383533,
        0.5627358665383533,
        0.5627358665383533,
        0.5627358665383533,
        0.5627358665383533,
        0.5627358665383533,
        0.5627358665383533,
        0.5627358665383533,
        0.5627358665383533,
        0.5627358665383533,
        0.5627358665383533,
        0.5627358665383533,
        0.5627358665383533,
        0.5627358665383533,
        0.5627358665383533,
        0.5627358665383533,
        0.5627358665383533,
        0.5627358665383533,
        0.5627358665383533,
        0.5627358665383533,
        0.5627358665383533,
        0.5627358665383533,
        0.5672072837092502,
        0.5672072837092502,
        0.5672072837092502,
        0.5672072837092502,
        0.5767313422378522,
        0.5775122043601322,
        0.5775122043601322,
        0.5775122043601322,
        0.5840948818139869,
        0.5840948818139869,
        0.5840948818139869,
        0.5858328845782727,
        0.5887275995952358,
        0.5887275995952358,
        0.5947668466730611,
        0.596569037510591,
        0.596569037510591,
        0.5993751285793095,
        0.5993751285793095,
        0.5993751285793095,
        0.60873890418539,
        0.60873890418539,
        0.60873890418539,
        0.60873890418539,
        0.6180915462580665,
        0.6180915462580665,
        0.6180915462580665,
        0.6180915462580665,
        0.6180915462580665,
        0.6180915462580665,
        0.6180915462580665,
        0.6180915462580665,
        0.6180915462580665,
        0.6180915462580665,
        0.6180915462580665,
        0.6180915462580665,
        0.6180915462580665,
        0.6180915462580665,
        0.6180915462580665,
        0.6180915462580665,
        0.6211096902712038,
        0.6211096902712038,
        0.6236822577391667,
        0.6236822577391667,
        0.6267553833535717,
        0.6284122823926178,
        0.6284122823926178,
        0.6284122823926178,
        0.6284122823926178,
        0.6293088356147398,
        0.6293088356147398,
        0.6293088356147398,
        0.6293088356147398,
        0.6300469101273127,
        0.6300469101273127,
        0.6300469101273127,
        0.6300469101273127,
        0.6300469101273127,
        0.6300469101273127,
        0.6300469101273127,
        0.6300469101273127,
        0.6300469101273127,
        0.6300469101273127,
        0.6300469101273127,
        0.6300469101273127,
        0.6300469101273127,
        0.6300469101273127,
        0.6300469101273127,
        0.6320233274961004,
        0.6320233274961004,
        0.6320233274961004,
        0.6320233274961004,
        0.6320233274961004,
        0.6320233274961004,
        0.6320233274961004,
        0.6320233274961004,
        0.6320233274961004,
        0.6320233274961004,
        0.6320233274961004,
        0.6320233274961004,
        0.6320233274961004,
        0.6320233274961004,
        0.6320233274961004,
        0.6320233274961004,
        0.6320233274961004,
        0.6320233274961004,
        0.6320233274961004,
        0.6320233274961004,
        0.6320233274961004,
        0.6320233274961004,
        0.6329342158685138,
        0.6334163138651312,
        0.6334163138651312,
        0.6334163138651312,
        0.6334163138651312,
        0.6340238309241543,
        0.6340238309241543,
        0.6340238309241543,
        0.6340238309241543,
        0.6340238309241543,
        0.6340238309241543,
        0.6340238309241543,
        0.6340238309241543
    ],