{
    "bestIndiv": [
        [
            8,
            31,
            38,
            35,
            34,
            39,
            14,
            3,
            24,
            5,
            4,
            23,
            37,
            36,
            33,
            43,
            15,
            45,
            47,
            42,
            32,
            50,
            10,
            51,
            12,
            13,
            11,
            27,
            26,
            25,
            46,
            28,
            49,
            48,
            0,
            21,
            22,
            19,
            20,
            41,
            6,
            1,
            29,
            30,
            17,
            16,
            2,
            44,
            18,
            40,
            7,
            9
        ],
        0.788964802466817
    ],
    "best": [
        0.28990787091869336,
        0.29235914709115485,
        0.3015654645248371,
        0.304024318918737,
        0.30928801672759715,
        0.31814692328949257,
        0.32631628393959755,
        0.3385595032862382,
        0.3385595032862382,
        0.34003781001743383,
        0.3501817902115233,
        0.3535173580555301,
        0.3603149540383449,
        0.37299122073946817,
        0.37299122073946817,
        0.3815011004598328,
        0.3815011004598328,
        0.3875681399204237,
        0.39704630212075664,
        0.3988721410780287,
        0.43107347536030843,
        0.43107347536030843,
        0.4418597622586311,
        0.4418597622586311,
        0.4464369717039178,
        0.4676212212619189,
        0.4714035071309638,
        0.4794094484410822,
        0.48169560860571886,
        0.4831728797542866,
        0.5114919125850694,
        0.5142926456198218,
        0.5191104482104344,
        0.5255234776925916,
        0.5302730214366983,
        0.5341091974272932,
        0.5387374798410259,
        0.5512009611113035,
        0.556009622001323,
        0.5592274254122955,
        0.5626620280823625,
        0.5780298671046262,
        0.5780298671046262,
        0.5804347246570599,
        0.5909650203448796,
        0.5925287716942212,
        0.6055224399347549,
        0.6216368041419407,
        0.6216368041419408,
        0.63163730880921,
        0.63163730880921,
        0.63163730880921,
        0.63163730880921,
        0.6401669449102295,
        0.6401669449102295,
        0.6401669449102295,
        0.6512184453217343,
        0.6533416696884864,
        0.6533416696884864,
        0.6619039351429954,
        0.6619039351429955,
        0.6802998123989018,
        0.6849374376950936,
        0.6849374376950936,
        0.6849374376950936,
        0.7011641501292661,
        0.7011641501292661,
        0.7011641501292663,
        0.7013723147102234,
        0.7054579537772351,
        0.7054579537772351,
        0.7063414490581841,
        0.7120369801163107,
        0.7254250434260905,
        0.7254250434260906,
        0.7259254074005351,
        0.7315277230922602,
        0.7322977301421265,
        0.7322977301421265,
        0.7322977301421266,
        0.7322977301421266,
        0.7373595608006085,
        0.7425138393873827,
        0.742513839387383,
        0.7437258045258587,
        0.7458725869817313,
        0.7458725869817313,
        0.7528155440021049,
        0.7528155440021049,
        0.7528155440021049,
        0.7528155440021049,
        0.7528155440021049,
        0.7528155440021049,
        0.7528155440021049,
        0.7537981086189348,
        0.7537981086189348,
        0.7537981086189348,
        0.7537981086189348,
        0.7537981086189348,
        0.7537981086189348,
        0.7537981086189348,
        0.7537981086189348,
        0.7537981086189348,
        0.7537981086189348,
        0.7537981086189348,
        0.7587976398194093,
        0.7587976398194093,
        0.7587976398194093,
        0.7587976398194093,
        0.7587976398194093,
        0.7587976398194093,
        0.7587976398194093,
        0.7587976398194093,
        0.7587976398194093,
        0.7587976398194093,
        0.7587976398194093,
        0.7587976398194093,
        0.7587976398194093,
        0.7587976398194093,
        0.7587976398194093,
        0.7587976398194093,
        0.7587976398194093,
        0.7587976398194093,
        0.7587976398194093,
        0.7587976398194093,
        0.7600814118772046,
        0.7618296779640102,
        0.7618296779640102,
        0.7631237387774814,
        0.7631237387774814,
        0.7631237387774814,
        0.7646293118777642,
        0.7646293118777642,
        0.7646293118777642,
        0.7656430345755125,
        0.7656430345755125,
        0.7656430345755125,
        0.7656430345755125,
        0.7656430345755125,
        0.7656430345755125,
        0.7656430345755125,
        0.7656430345755125,
        0.7656430345755125,
        0.7656430345755125,
        0.7656430345755125,
        0.7781044089956693,
        0.7781044089956693,
        0.7781044089956693,
        0.788964802466817,
        0.788964802466817,
        0.788964802466817,
        0.788964802466817,
        0.788964802466817,
        0.788964802466817,
        0.788964802466817,
        0.788964802466817,
        0.788964802466817,
        0.788964802466817,
        0.788964802466817,
        0.788964802466817,
        0.788964802466817,
        0.788964802466817,
        0.788964802466817,
        0.788964802466817,
        0.788964802466817,
        0.788964802466817,
        0.788964802466817,
        0.788964802466817,
        0.788964802466817,
        0.788964802466817,
        0.788964802466817,
        0.788964802466817,
        0.788964802466817,
        0.788964802466817,
        0.788964802466817,
        0.788964802466817,
        0.788964802466817,
        0.788964802466817,
        0.788964802466817,
        0.788964802466817,
        0.788964802466817,
        0.788964802466817,
        0.788964802466817,
        0.788964802466817,
        0.788964802466817,
        0.788964802466817,
        0.788964802466817,
        0.788964802466817,
        0.788964802466817,
        0.788964802466817,
        0.788964802466817,
        0.788964802466817,
        0.788964802466817,
        0.788964802466817,
        0.788964802466817,
        0.788964802466817,
        0.788964802466817,
        0.788964802466817,
        0.788964802466817,
        0.788964802466817,
        0.788964802466817
    ],