{
    "bestIndiv": [
        [
            11,
            50,
            10,
            32,
            42,
            5,
            36,
            45,
            24,
            3,
            14,
            4,
            23,
            47,
            35,
            19,
            28,
            15,
            33,
            34,
            31,
            21,
            2,
            17,
            43,
            38,
            39,
            37,
            18,
            40,
            7,
            9,
            8,
            44,
            0,
            48,
            29,
            41,
            1,
            6,
            16,
            30,
            20,
            22,
            49,
            46,
            13,
            51,
            12,
            27,
            25,
            26
        ],
        0.7028302694909697
    ],
    "best": [
        0.28990787091869336,
        0.29235914709115485,
        0.3015688555141181,
        0.3174425844155346,
        0.3220303880166387,
        0.3245106104370341,
        0.33039650028726475,
        0.3449645456998504,
        0.3449645456998504,
        0.35202824072568484,
        0.3622616487903164,
        0.36479614670549804,
        0.3868600764382665,
        0.3992223043843899,
        0.3992223043843899,
        0.3992223043843899,
        0.40551274434233503,
        0.4075308813353462,
        0.4075308813353462,
        0.4160055248979809,
        0.41941895458200845,
        0.4247540052701098,
        0.4341555394055487,
        0.4384740289219794,
        0.44348008663364735,
        0.44348008663364735,
        0.44410046623823435,
        0.45323921345483104,
        0.4604841012398541,
        0.4680805129105815,
        0.479053389146604,
        0.479292081484243,
        0.4819800835841659,
        0.49251355882063147,
        0.5059509285921455,
        0.5108967069731631,
        0.5298202973101456,
        0.5298202973101456,
        0.5382170243395767,
        0.5382170243395767,
        0.5382170243395767,
        0.5469896409978167,
        0.5525889435841311,
        0.5527206081261463,
        0.5527206081261463,
        0.5598002989838377,
        0.5713698425836623,
        0.5713698425836623,
        0.5749600742000812,
        0.5821977616986636,
        0.5821977616986636,
        0.5926868035788685,
        0.5926868035788685,
        0.5926868035788685,
        0.6016209370303964,
        0.6016209370303964,
        0.6016209370303964,
        0.6016209370303964,
        0.6016209370303964,
        0.607157221144956,
        0.607157221144956,
        0.607157221144956,
        0.607157221144956,
        0.607157221144956,
        0.607157221144956,
        0.607157221144956,
        0.607157221144956,
        0.6073381757548605,
        0.6073381757548605,
        0.6073381757548606,
        0.6073381757548606,
        0.6073381757548606,
        0.6073381757548606,
        0.6073381757548606,
        0.6073381757548606,
        0.6073381757548606,
        0.6073381757548606,
        0.6073381757548606,
        0.6073381757548606,
        0.6073381757548606,
        0.6073381757548606,
        0.6073381757548606,
        0.6073381757548606,
        0.6073381757548606,
        0.6073381757548606,
        0.6073381757548606,
        0.6073381757548606,
        0.6073381757548606,
        0.6073381757548606,
        0.6073381757548606,
        0.6073381757548606,
        0.6073381757548606,
        0.6073381757548606,
        0.6073381757548606,
        0.6073381757548606,
        0.6073381757548606,
        0.6073381757548606,
        0.6073381757548606,
        0.6073381757548606,
        0.6073381757548606,
        0.6073381757548606,
        0.6073381757548606,
        0.6073381757548606,
        0.6073381757548606,
        0.6094574068905309,
        0.6094574068905309,
        0.6094574068905309,
        0.6094574068905309,
        0.6133600370201648,
        0.6133600370201648,
        0.6133600370201648,
        0.6133600370201648,
        0.6133600370201648,
        0.6225422941929316,
        0.6225422941929316,
        0.6225422941929316,
        0.6225422941929316,
        0.6225422941929316,
        0.6225422941929316,
        0.6225422941929316,
        0.6225422941929316,
        0.6225422941929316,
        0.6225422941929316,
        0.6225422941929316,
        0.6225422941929316,
        0.6225422941929316,
        0.6225422941929316,
        0.6225422941929316,
        0.6225422941929316,
        0.6225422941929316,
        0.6225422941929316,
        0.6225422941929316,
        0.6225422941929316,
        0.6225422941929316,
        0.6225422941929316,
        0.6225422941929316,
        0.6225422941929316,
        0.6251209359697513,
        0.6315131132973689,
        0.6358894986439658,
        0.6358894986439658,
        0.6358894986439658,
        0.6358894986439658,
        0.6358894986439658,
        0.6358894986439658,
        0.6358894986439658,
        0.6358894986439658,
        0.6358894986439658,
        0.6358894986439658,
        0.6358894986439658,
        0.6358894986439658,
        0.6358894986439658,
        0.6358894986439658,
        0.6358894986439658,
        0.6358894986439658,
        0.6358894986439658,
        0.6358894986439658,
        0.6379221004914359,
        0.6379221004914359,
        0.6379221004914359,
        0.6379221004914359,
        0.6379221004914359,
        0.6379221004914359,
        0.6379221004914359,
        0.6379221004914359,
        0.6379221004914359,
        0.6379221004914359,
        0.6379221004914359,
        0.6379221004914359,
        0.650945615163566,
        0.6520917521850371,
        0.6520917521850371,
        0.6520917521850371,
        0.6520917521850371,
        0.6520917521850371,
        0.6599581309754297,
        0.6599581309754297,
        0.6599581309754297,
        0.661531417827485,
        0.6745574833896733,
        0.6745574833896733,
        0.6745574833896733,
        0.6745574833896733,
        0.6745574833896733,
        0.6762012341938016,
        0.6782160252319809,
        0.6798788866615748,
        0.6798788866615748,
        0.6925746024391026,
        0.6925746024391026,
        0.6925746024391026,
        0.6961369831910977,
        0.6961369831910977,
        0.7027418622008698,
        0.7028302694909697,
        0.7028302694909697,
        0.7028302694909697,
        0.7028302694909697,
        0.7028302694909697,
        0.7028302694909697,
        0.7028302694909697
    ],