{
    "bestIndiv": [
        [
            14,
            18,
            44,
            17,
            31,
            21,
            0,
            33,
            39,
            38,
            47,
            23,
            4,
            3,
            11,
            27,
            25,
            26,
            50,
            10,
            51,
            12,
            13,
            46,
            40,
            7,
            9,
            8,
            32,
            42,
            37,
            36,
            43,
            22,
            30,
            20,
            6,
            1,
            41,
            16,
            2,
            48,
            35,
            34,
            19,
            49,
            29,
            28,
            15,
            45,
            5,
            24
        ],
        0.7018796635200168
    ],
    "best": [
        0.3000830371845322,
        0.30267221542982,
        0.3125159136348139,
        0.3221329313545702,
        0.3235067209675396,
        0.34241639627478854,
        0.3436532441788124,
        0.3643912953930223,
        0.3643912953930223,
        0.36612649093000166,
        0.37924853627287847,
        0.38440225857341603,
        0.3961152614566439,
        0.403372915868747,
        0.403372915868747,
        0.4130737944191441,
        0.4130737944191441,
        0.4130737944191441,
        0.42187449354162393,
        0.43658215112863247,
        0.43972749546391915,
        0.43972749546391915,
        0.44131611553025013,
        0.4509065967484834,
        0.4791951189289219,
        0.4791951189289219,
        0.4806132080525828,
        0.49090699923144443,
        0.49090699923144443,
        0.49202308513186854,
        0.4934712249237652,
        0.5023596171582495,
        0.5192602095184172,
        0.5192602095184172,
        0.5205752684632917,
        0.5205752684632917,
        0.5357562272014276,
        0.5357562272014276,
        0.5375039972053859,
        0.5414632534789682,
        0.5435449073489106,
        0.5460492019486413,
        0.5547677438243305,
        0.5595828291407561,
        0.5595828291407561,
        0.5772807538805679,
        0.5772807538805679,
        0.5789039122622752,
        0.5789039122622752,
        0.5921508483540433,
        0.5921508483540433,
        0.5921508483540433,
        0.5921508483540433,
        0.5921508483540433,
        0.6036019658520481,
        0.6042893685045748,
        0.6042893685045748,
        0.6136665364677085,
        0.6136665364677085,
        0.6136665364677085,
        0.615170575284245,
        0.615170575284245,
        0.615170575284245,
        0.615170575284245,
        0.6163206554968594,
        0.6210302667867743,
        0.6210302667867743,
        0.6210302667867745,
        0.6231005072502437,
        0.6253220070274245,
        0.626055962072468,
        0.6263395514367162,
        0.6304176892266837,
        0.6304176892266837,
        0.6304176892266837,
        0.6449542480859715,
        0.6449542480859715,
        0.6449542480859715,
        0.6465256534881529,
        0.6472490471793308,
        0.6472490471793308,
        0.6472490471793308,
        0.6475197599813075,
        0.6532010932207768,
        0.6534768088788366,
        0.6597683194187158,
        0.6641214421607533,
        0.6641214421607533,
        0.6644055320005612,
        0.6644055320005612,
        0.6644055320005612,
        0.6644055320005612,
        0.6644055320005612,
        0.6644055320005612,
        0.6644055320005612,
        0.6644055320005612,
        0.6644055320005612,
        0.6644055320005612,
        0.6644055320005612,
        0.6644055320005612,
        0.6644055320005612,
        0.6644055320005612,
        0.6644055320005612,
        0.6644055320005612,
        0.6644055320005612,
        0.6644055320005612,
        0.6644055320005612,
        0.6681756491882216,
        0.6681756491882216,
        0.6681756491882216,
        0.6681756491882216,
        0.6681756491882216,
        0.6681756491882216,
        0.6681756491882216,
        0.6681756491882216,
        0.6681756491882216,
        0.6681756491882216,
        0.6681756491882216,
        0.6681756491882216,
        0.6681756491882216,
        0.6742046076355324,
        0.6742046076355324,
        0.6742046076355324,
        0.6742046076355324,
        0.6742046076355324,
        0.6753689170750825,
        0.6753689170750825,
        0.6805611305656127,
        0.6805611305656127,
        0.6805611305656127,
        0.6817475174577133,
        0.6822734462777768,
        0.6822734462777768,
        0.6823058637750264,
        0.6825346199669979,
        0.6825346199669979,
        0.6825346199669979,
        0.6825670622883683,
        0.6825670622883683,
        0.6825670622883683,
        0.6862633360138528,
        0.6862961337795755,
        0.6862961337795755,
        0.6862961337795755,
        0.6862961337795757,
        0.6957178273714385,
        0.6957178273714385,
        0.6999044493919189,
        0.6999044493919189,
        0.699904449391919,
        0.699904449391919,
        0.699904449391919,
        0.699904449391919,
        0.699904449391919,
        0.699904449391919,
        0.699904449391919,
        0.699904449391919,
        0.699904449391919,
        0.699904449391919,
        0.699904449391919,
        0.699904449391919,
        0.699904449391919,
        0.699904449391919,
        0.699904449391919,
        0.699904449391919,
        0.699904449391919,
        0.699904449391919,
        0.699904449391919,
        0.699904449391919,
        0.699904449391919,
        0.699904449391919,
        0.699904449391919,
        0.699904449391919,
        0.699904449391919,
        0.699904449391919,
        0.699904449391919,
        0.699904449391919,
        0.699904449391919,
        0.699904449391919,
        0.699904449391919,
        0.699904449391919,
        0.699904449391919,
        0.699904449391919,
        0.699904449391919,
        0.699904449391919,
        0.699904449391919,
        0.699904449391919,
        0.699904449391919,
        0.699904449391919,
        0.699904449391919,
        0.699904449391919,
        0.7018796635200168,
        0.7018796635200168,
        0.7018796635200168,
        0.7018796635200168,
        0.7018796635200168,
        0.7018796635200168,
        0.7018796635200168,
        0.7018796635200168,
        0.7018796635200168,
        0.7018796635200168
    ],