{
    "bestIndiv": [
        [
            13,
            12,
            51,
            26,
            50,
            10,
            3,
            24,
            5,
            4,
            14,
            38,
            34,
            33,
            35,
            22,
            19,
            49,
            6,
            1,
            16,
            41,
            29,
            20,
            30,
            17,
            2,
            44,
            31,
            48,
            39,
            36,
            37,
            23,
            47,
            45,
            25,
            27,
            11,
            32,
            42,
            9,
            8,
            7,
            18,
            40,
            21,
            0,
            43,
            15,
            28,
            46
        ],
        0.695106673672236
    ],
    "best": [
        0.2878499221581428,
        0.29120176742854464,
        0.3048891055351581,
        0.31871433025905127,
        0.3288951904992144,
        0.3375900457794631,
        0.3375900457794631,
        0.3508380873906995,
        0.35833345621944346,
        0.35833345621944346,
        0.37178060246367234,
        0.3867360655807138,
        0.3867360655807138,
        0.40841022657715204,
        0.40841022657715204,
        0.4366249978598894,
        0.4366249978598894,
        0.4366249978598894,
        0.4377551291299609,
        0.4425539881271006,
        0.45206016437766733,
        0.45206016437766733,
        0.4584812312704772,
        0.47260078432056196,
        0.47260078432056196,
        0.4746562863185,
        0.48310070067912775,
        0.48310070067912775,
        0.48310070067912775,
        0.49496589520923173,
        0.49496589520923173,
        0.49523443448198123,
        0.5060854229052831,
        0.5060854229052831,
        0.5064180076463034,
        0.5064180076463034,
        0.5152937250897119,
        0.5152937250897119,
        0.5152937250897119,
        0.5193532398391862,
        0.5193532398391862,
        0.5227845522317548,
        0.5311199598005242,
        0.5311199598005242,
        0.5311199598005242,
        0.5311199598005242,
        0.5412030367490026,
        0.5412030367490026,
        0.5412030367490026,
        0.5412030367490026,
        0.5455245609005889,
        0.5455245609005889,
        0.5487828074360871,
        0.5487828074360871,
        0.5537022313742763,
        0.5537022313742763,
        0.5537022313742763,
        0.5537022313742763,
        0.5598941071123915,
        0.5598941071123915,
        0.5598941071123915,
        0.5598941071123915,
        0.5629344314850729,
        0.5629344314850729,
        0.5629344314850729,
        0.5629344314850729,
        0.5661096523829503,
        0.5661096523829503,
        0.5661096523829503,
        0.5727598271113697,
        0.5727598271113697,
        0.5727598271113697,
        0.5787241581108719,
        0.5787241581108719,
        0.5787241581108719,
        0.5799479806452612,
        0.5799479806452612,
        0.5826073431595884,
        0.5833347913706215,
        0.5860253772002766,
        0.5860253772002766,
        0.5866759657535694,
        0.5894972493762302,
        0.5894972493762302,
        0.5895814823083032,
        0.5895814823083032,
        0.6013876798679809,
        0.6013876798679809,
        0.6013876798679809,
        0.6013876798679809,
        0.6013876798679809,
        0.6013876798679809,
        0.6028400270930244,
        0.6028400270930244,
        0.6028400270930245,
        0.6028400270930245,
        0.6061433616634495,
        0.6061433616634495,
        0.6171735639404237,
        0.617173563940424,
        0.617173563940424,
        0.617173563940424,
        0.620636301822428,
        0.6206363018224281,
        0.622391667950337,
        0.6280772311955719,
        0.6280772311955719,
        0.6280772311955719,
        0.628077231195572,
        0.6329767376571063,
        0.6329767376571063,
        0.6366196010393051,
        0.6366196010393051,
        0.6366196010393051,
        0.6373704279181316,
        0.6373704279181316,
        0.6373704279181316,
        0.6373704279181316,
        0.6373704279181316,
        0.6394663840771361,
        0.6402239449364623,
        0.6402239449364623,
        0.6402239449364623,
        0.6402239449364623,
        0.6402239449364623,
        0.6483322131077359,
        0.6534816133668823,
        0.6557664341287982,
        0.6573021680422364,
        0.6573021680422364,
        0.6573021680422364,
        0.6592790827029682,
        0.6654004854832262,
        0.6654004854832262,
        0.6654004854832262,
        0.6654004854832262,
        0.6654004854832262,
        0.6654004854832262,
        0.6654004854832262,
        0.6654004854832262,
        0.6654004854832262,
        0.6654004854832262,
        0.6654004854832262,
        0.6663421044457044,
        0.6663421044457044,
        0.6681275280150224,
        0.6691326758210487,
        0.6691326758210487,
        0.6691326758210487,
        0.6691326758210487,
        0.6691326758210487,
        0.6691326758210487,
        0.6691326758210487,
        0.6691326758210487,
        0.6691326758210487,
        0.6691326758210487,
        0.6691326758210487,
        0.6691326758210487,
        0.6691326758210487,
        0.6691326758210487,
        0.6691326758210487,
        0.6691326758210487,
        0.674140666101058,
        0.674140666101058,
        0.6950894513726767,
        0.6950894513726767,
        0.6950894513726767,
        0.6950894513726767,
        0.6950894513726767,
        0.6950894513726767,
        0.6950894513726767,
        0.6950894513726767,
        0.6950894513726767,
        0.6950894513726767,
        0.6950894513726767,
        0.6950894513726767,
        0.6950894513726767,
        0.6950894513726767,
        0.6950894513726767,
        0.6950894513726767,
        0.6950894513726767,
        0.6950894513726767,
        0.6950894513726767,
        0.6950894513726767,
        0.6950894513726767,
        0.6950894513726767,
        0.6950894513726767,
        0.6950894513726767,
        0.695106673672236,
        0.695106673672236,
        0.695106673672236,
        0.695106673672236,
        0.695106673672236,
        0.695106673672236,
        0.695106673672236,
        0.695106673672236,
        0.695106673672236,
        0.695106673672236,
        0.695106673672236,
        0.695106673672236,
        0.695106673672236
    ],