{
    "bestIndiv": [
        [
            21,
            34,
            38,
            36,
            23,
            5,
            50,
            27,
            26,
            25,
            46,
            47,
            37,
            4,
            14,
            3,
            11,
            10,
            51,
            13,
            12,
            45,
            24,
            32,
            42,
            39,
            0,
            30,
            17,
            2,
            44,
            18,
            40,
            7,
            8,
            9,
            31,
            48,
            35,
            33,
            43,
            15,
            49,
            19,
            28,
            29,
            41,
            1,
            6,
            16,
            20,
            22
        ],
        0.7166073171984048
    ],
    "best": [
        0.2970436211377127,
        0.2986417215770556,
        0.3243528076542743,
        0.3243528076542743,
        0.32758773172994454,
        0.3282990041175063,
        0.34813056305158285,
        0.34813056305158285,
        0.35922742371725025,
        0.37081023887523545,
        0.3738179082115455,
        0.3738179082115455,
        0.3790165931014877,
        0.3926564076849943,
        0.4077434390856242,
        0.4077434390856242,
        0.410491809455072,
        0.41387437884338113,
        0.41387437884338113,
        0.41387437884338113,
        0.4172599595236485,
        0.4172599595236485,
        0.4258157302118414,
        0.4258157302118414,
        0.43506084580955917,
        0.449207993244324,
        0.449207993244324,
        0.449207993244324,
        0.452173936074548,
        0.46249544184996283,
        0.46249544184996283,
        0.4626367322099038,
        0.4673979041687088,
        0.4778678124374365,
        0.4778678124374365,
        0.48267783788386226,
        0.48267783788386226,
        0.48267783788386226,
        0.497635288841631,
        0.497635288841631,
        0.5126085915023817,
        0.5126085915023817,
        0.5225919319975241,
        0.5225919319975241,
        0.5225919319975241,
        0.5295350773904872,
        0.5295350773904872,
        0.5407115846579984,
        0.5510153760555522,
        0.5510153760555522,
        0.55218837042849,
        0.55218837042849,
        0.5740640632434953,
        0.5802417994300783,
        0.5857011073290196,
        0.5862978262540006,
        0.6022499912100675,
        0.6022499912100675,
        0.6022499912100675,
        0.6141403061596131,
        0.6168030324082031,
        0.6193127389294271,
        0.6193127389294271,
        0.6302059867713228,
        0.6302059867713228,
        0.6302059867713228,
        0.6302059867713228,
        0.6309607851874461,
        0.6309607851874461,
        0.6400437690983173,
        0.6400437690983173,
        0.6400437690983173,
        0.6400437690983173,
        0.6400437690983173,
        0.6400437690983173,
        0.6408223314500413,
        0.6408223314500413,
        0.6408223314500414,
        0.6456321220779795,
        0.6456321220779795,
        0.6546094856685971,
        0.6546094856685971,
        0.6546094856685971,
        0.6604562470908643,
        0.6604562470908643,
        0.6604562470908643,
        0.6604562470908643,
        0.6604562470908643,
        0.6604562470908643,
        0.6676412803305104,
        0.6676412803305104,
        0.6676412803305104,
        0.6676412803305104,
        0.6700579459605746,
        0.6700579459605746,
        0.6700579459605746,
        0.6700579459605746,
        0.6700579459605746,
        0.6700579459605746,
        0.6700579459605746,
        0.6700579459605746,
        0.6700579459605746,
        0.6700579459605746,
        0.6700579459605746,
        0.6700579459605746,
        0.6700579459605746,
        0.6700579459605746,
        0.6700579459605746,
        0.6707973795080426,
        0.6707973795080426,
        0.6707973795080426,
        0.6707973795080426,
        0.6707973795080426,
        0.6707973795080426,
        0.6707973795080426,
        0.6707973795080426,
        0.6707973795080426,
        0.6707973795080426,
        0.6707973795080426,
        0.6707973795080426,
        0.6707973795080426,
        0.6707973795080426,
        0.6707973795080426,
        0.6707973795080426,
        0.6707973795080426,
        0.6707973795080426,
        0.6707973795080426,
        0.6927129167023014,
        0.6927129167023014,
        0.6927129167023014,
        0.6927129167023014,
        0.6927129167023014,
        0.6927129167023014,
        0.6927129167023014,
        0.6927129167023014,
        0.6927129167023014,
        0.6927129167023014,
        0.6927129167023014,
        0.6927129167023014,
        0.6927129167023014,
        0.6927129167023014,
        0.6938016710551423,
        0.6938016710551423,
        0.6938016710551423,
        0.6938016710551423,
        0.6938016710551423,
        0.6938016710551423,
        0.6938016710551423,
        0.6938016710551423,
        0.6938016710551423,
        0.6938016710551423,
        0.6938016710551423,
        0.6938016710551423,
        0.6938016710551423,
        0.6938016710551423,
        0.6938016710551423,
        0.6954673956701453,
        0.6954673956701453,
        0.6954673956701453,
        0.6954673956701453,
        0.6954673956701453,
        0.6954673956701453,
        0.6975020795118441,
        0.6975020795118441,
        0.6975020795118441,
        0.6975020795118441,
        0.6975020795118441,
        0.6975020795118441,
        0.6975020795118441,
        0.6975020795118441,
        0.6975020795118441,
        0.6975020795118441,
        0.6975020795118441,
        0.6975020795118441,
        0.6975020795118441,
        0.6975020795118441,
        0.6975020795118441,
        0.6975020795118441,
        0.6975020795118441,
        0.6975020795118441,
        0.6975020795118441,
        0.6975020795118441,
        0.6975020795118441,
        0.6975020795118441,
        0.6975020795118441,
        0.6975020795118441,
        0.6975020795118441,
        0.6975020795118441,
        0.7083679900814793,
        0.7083679900814793,
        0.7083679900814793,
        0.7083679900814793,
        0.7083679900814793,
        0.7083679900814793,
        0.7083679900814793,
        0.7083679900814793,
        0.7083679900814793,
        0.7166073171984048,
        0.7166073171984048,
        0.7166073171984048,
        0.7166073171984048
    ],