{
    "bestIndiv": [
        [
            4,
            14,
            31,
            44,
            18,
            2,
            17,
            30,
            22,
            29,
            20,
            41,
            6,
            1,
            16,
            0,
            21,
            48,
            35,
            34,
            33,
            38,
            39,
            37,
            47,
            36,
            49,
            19,
            7,
            40,
            8,
            9,
            42,
            3,
            45,
            43,
            15,
            28,
            46,
            26,
            27,
            25,
            13,
            12,
            51,
            10,
            50,
            32,
            11,
            24,
            5,
            23
        ],
        0.7447218317381711
    ],
    "best": [
        0.2990230781085101,
        0.3021699565672501,
        0.3179941986351193,
        0.32836625836001354,
        0.32836625836001354,
        0.3443316805748042,
        0.353554505032072,
        0.3614070718801511,
        0.36353105012373316,
        0.38497901795765804,
        0.3873877669880346,
        0.3873877669880346,
        0.4062851746226763,
        0.4062851746226763,
        0.40873776588632726,
        0.41560662890429717,
        0.41779635651146513,
        0.4268353770659754,
        0.45372566724450836,
        0.4553368313046912,
        0.4553368313046912,
        0.4653516835052636,
        0.4694227327231158,
        0.47814400887983405,
        0.47814400887983405,
        0.47814400887983405,
        0.48624923106989903,
        0.49730083541295717,
        0.49852864248794126,
        0.5017573535014905,
        0.5043748159457665,
        0.5061667121567742,
        0.5150074580150945,
        0.5150074580150945,
        0.5196979111201157,
        0.5196979111201157,
        0.5274777859055908,
        0.5274777859055908,
        0.5395380005670093,
        0.5395380005670093,
        0.5395380005670093,
        0.5571849779903068,
        0.5571849779903068,
        0.559641648135917,
        0.563024476122121,
        0.563024476122121,
        0.563024476122121,
        0.563024476122121,
        0.563024476122121,
        0.5637887604669231,
        0.5724650814014772,
        0.5724650814014772,
        0.582050569495149,
        0.582050569495149,
        0.582050569495149,
        0.5876177867571122,
        0.5876177867571122,
        0.5876177867571122,
        0.5885191519376052,
        0.5885191519376052,
        0.5893716915203755,
        0.5988419245591361,
        0.6047366146911501,
        0.6275645477438703,
        0.6295654278898567,
        0.6298687389963628,
        0.6360837783963065,
        0.6360837783963065,
        0.6360837783963065,
        0.6360837783963065,
        0.6360837783963065,
        0.6360837783963065,
        0.6549938519001408,
        0.6689221993277997,
        0.6689221993277997,
        0.6689221993277997,
        0.6693671034318205,
        0.6700407959560996,
        0.6700407959560996,
        0.6704871897711692,
        0.6704871897711692,
        0.6704871897711692,
        0.671484422580324,
        0.671484422580324,
        0.6714844225803241,
        0.6714844225803241,
        0.6714844225803241,
        0.6714844225803241,
        0.6801756740012718,
        0.6801756740012718,
        0.682877668451885,
        0.6875175519743886,
        0.6890935467856769,
        0.6989811019730916,
        0.6989811019730916,
        0.6989811019730916,
        0.7027598913380543,
        0.7027598913380543,
        0.7034772800581797,
        0.7034772800581797,
        0.7044066244151049,
        0.7044066244151049,
        0.7053310948760595,
        0.7094848636453144,
        0.7139869988586405,
        0.7139869988586405,
        0.7139869988586405,
        0.7163744666930999,
        0.7163744666930999,
        0.7172009751109162,
        0.7172009751109162,
        0.7172009751109162,
        0.7172009751109162,
        0.7172009751109162,
        0.7172942528683244,
        0.7172942528683244,
        0.7172942528683244,
        0.7172942528683244,
        0.7172942528683244,
        0.7172942528683244,
        0.7172942528683244,
        0.7172942528683244,
        0.7172942528683244,
        0.7172942528683244,
        0.7172942528683244,
        0.7172942528683244,
        0.7172942528683244,
        0.7172942528683244,
        0.7172942528683244,
        0.7172942528683244,
        0.7172942528683244,
        0.7202351981059384,
        0.7202351981059384,
        0.7202351981059384,
        0.7202351981059384,
        0.7202351981059384,
        0.7202351981059384,
        0.7216845989960132,
        0.7216845989960132,
        0.7216845989960132,
        0.7216845989960132,
        0.7216845989960132,
        0.7216845989960132,
        0.7216845989960132,
        0.7216845989960132,
        0.7216845989960132,
        0.7216845989960132,
        0.7216845989960132,
        0.7216845989960132,
        0.7216845989960132,
        0.7216845989960132,
        0.7216845989960132,
        0.7216845989960132,
        0.7216845989960132,
        0.7216845989960132,
        0.7216845989960132,
        0.7216845989960132,
        0.7216845989960132,
        0.7216845989960132,
        0.7216845989960132,
        0.7216845989960132,
        0.7216845989960132,
        0.7216845989960132,
        0.730375482341017,
        0.730375482341017,
        0.730375482341017,
        0.730375482341017,
        0.730375482341017,
        0.730375482341017,
        0.730375482341017,
        0.730375482341017,
        0.730375482341017,
        0.730375482341017,
        0.730375482341017,
        0.730375482341017,
        0.730375482341017,
        0.730375482341017,
        0.730375482341017,
        0.730375482341017,
        0.730375482341017,
        0.730375482341017,
        0.730375482341017,
        0.730375482341017,
        0.730375482341017,
        0.730375482341017,
        0.730375482341017,
        0.730375482341017,
        0.7388044377710735,
        0.7388044377710735,
        0.7388044377710735,
        0.7388044377710735,
        0.7388044377710735,
        0.7388044377710735,
        0.7431560933033743,
        0.7431560933033743,
        0.7447218317381711,
        0.7447218317381711,
        0.7447218317381711,
        0.7447218317381711,
        0.7447218317381711,
        0.7447218317381711
    ],