{
    "bestIndiv": [
        [
            50,
            10,
            27,
            25,
            13,
            51,
            11,
            45,
            43,
            15,
            49,
            19,
            29,
            22,
            21,
            28,
            46,
            12,
            26,
            24,
            42,
            38,
            31,
            48,
            0,
            17,
            44,
            18,
            40,
            8,
            7,
            9,
            32,
            14,
            23,
            37,
            39,
            2,
            16,
            6,
            41,
            1,
            20,
            30,
            34,
            33,
            35,
            36,
            47,
            4,
            5,
            3
        ],
        0.6501398046006763
    ],
    "best": [
        0.2861159382151202,
        0.2911355690136039,
        0.3146297796737959,
        0.3146297796737959,
        0.31775811702967305,
        0.3331864093798672,
        0.33958706253825716,
        0.3501477121862473,
        0.3513517807092858,
        0.3593600714936949,
        0.3830721097298364,
        0.3830721097298364,
        0.3830721097298364,
        0.40294279026741336,
        0.4203206892010633,
        0.4203206892010633,
        0.4203206892010633,
        0.46400467662245415,
        0.46400467662245415,
        0.46400467662245415,
        0.46400467662245415,
        0.46400467662245415,
        0.46400467662245415,
        0.47893598991276,
        0.48099309212636027,
        0.48099309212636027,
        0.48099309212636027,
        0.481034951710528,
        0.49858075951527425,
        0.49858075951527425,
        0.49858075951527425,
        0.4998303289562784,
        0.5070037893814371,
        0.5070037893814371,
        0.5150568968141288,
        0.5150568968141288,
        0.5150568968141288,
        0.5150568968141288,
        0.5150568968141288,
        0.5179872813818323,
        0.5179872813818323,
        0.5190180127412688,
        0.5193295013587609,
        0.5223944400403282,
        0.527822427423421,
        0.527822427423421,
        0.527822427423421,
        0.5324538159754082,
        0.5324538159754082,
        0.5384450095581862,
        0.5396404153977967,
        0.5396404153977967,
        0.5434361130691905,
        0.5589310138705336,
        0.5589310138705336,
        0.5589310138705336,
        0.5628892178489852,
        0.5686635444377586,
        0.5686635444377586,
        0.5686635444377586,
        0.5694422366354472,
        0.5795317670042481,
        0.5809182387577935,
        0.5810287800485404,
        0.5810287800485404,
        0.5853119528466834,
        0.5870544286581281,
        0.5892125194322921,
        0.5892125194322921,
        0.5892125194322921,
        0.5899863756021025,
        0.5899863756021025,
        0.5899936004299986,
        0.5899936004299986,
        0.5927657718676494,
        0.5955949540752205,
        0.5955949540752205,
        0.5984275718327404,
        0.5984275718327404,
        0.5984275718327404,
        0.5992069459363308,
        0.5992069459363308,
        0.6071539970966542,
        0.6071539970966542,
        0.6079562822332597,
        0.6079562822332597,
        0.6123087161379137,
        0.6130774709289138,
        0.6130774709289138,
        0.6130774709289138,
        0.6130774709289138,
        0.617555720150578,
        0.617555720150578,
        0.617555720150578,
        0.618337715053158,
        0.618337715053158,
        0.618337715053158,
        0.618337715053158,
        0.618337715053158,
        0.618337715053158,
        0.618337715053158,
        0.6187780359597638,
        0.6187780359597638,
        0.6187780359597638,
        0.6187780359597638,
        0.6209659657888535,
        0.6209659657888535,
        0.6246948396915584,
        0.6246948396915584,
        0.6246948396915584,
        0.6246948396915584,
        0.6246948396915584,
        0.6246948396915584,
        0.6246948396915584,
        0.6246948396915584,
        0.6246948396915584,
        0.6246948396915584,
        0.6246948396915584,
        0.6246948396915584,
        0.6246948396915584,
        0.6246948396915584,
        0.6246948396915584,
        0.6258326332908413,
        0.6269427132462646,
        0.6269427132462646,
        0.6280887174583493,
        0.6280887174583493,
        0.6280887174583493,
        0.6280887174583493,
        0.6280887174583493,
        0.6280887174583493,
        0.6280887174583493,
        0.6280887174583493,
        0.6280887174583493,
        0.6280887174583493,
        0.6350219202343437,
        0.6350219202343437,
        0.6350219202343437,
        0.6350219202343437,
        0.6350219202343437,
        0.6350219202343437,
        0.6350219202343437,
        0.6378064430566249,
        0.6378064430566249,
        0.6436575838171587,
        0.6436575838171587,
        0.6436575838171587,
        0.6436575838171587,
        0.6436575838171587,
        0.6445503312404024,
        0.6445503312404024,
        0.6445503312404024,
        0.6445503312404024,
        0.6445503312404024,
        0.6445503312404024,
        0.6445503312404024,
        0.6445503312404024,
        0.6445503312404024,
        0.6445503312404024,
        0.6445503312404024,
        0.6445503312404024,
        0.6445503312404024,
        0.6445503312404024,
        0.6445503312404024,
        0.6445503312404024,
        0.646924023169725,
        0.646924023169725,
        0.646924023169725,
        0.646924023169725,
        0.646924023169725,
        0.646924023169725,
        0.646924023169725,
        0.646924023169725,
        0.646924023169725,
        0.646924023169725,
        0.646924023169725,
        0.646924023169725,
        0.646924023169725,
        0.6471873172212294,
        0.6471873172212294,
        0.6471873172212294,
        0.6471873172212294,
        0.649503939123853,
        0.649503939123853,
        0.649503939123853,
        0.649503939123853,
        0.649503939123853,
        0.649503939123853,
        0.649503939123853,
        0.649503939123853,
        0.649503939123853,
        0.6501398046006763,
        0.6501398046006763,
        0.6501398046006763,
        0.6501398046006763,
        0.6501398046006763,
        0.6501398046006763,
        0.6501398046006763,
        0.6501398046006763,
        0.6501398046006763,
        0.6501398046006763
    ],