{
    "bestIndiv": [
        [
            41,
            2,
            17,
            30,
            22,
            43,
            38,
            35,
            0,
            21,
            42,
            50,
            11,
            10,
            27,
            24,
            3,
            4,
            23,
            36,
            33,
            34,
            48,
            44,
            18,
            7,
            40,
            16,
            20,
            49,
            19,
            31,
            39,
            37,
            47,
            26,
            25,
            46,
            12,
            13,
            51,
            32,
            8,
            9,
            14,
            5,
            45,
            15,
            28,
            29,
            1,
            6
        ],
        0.6445973051008629
    ],
    "best": [
        0.28736496189655236,
        0.28843838504734576,
        0.31613789684557686,
        0.31613789684557686,
        0.32992622132796423,
        0.33539701739698624,
        0.35345576760823255,
        0.35495795022215554,
        0.35495795022215554,
        0.37037012181476553,
        0.37037012181476553,
        0.3788432513547909,
        0.3791959388637132,
        0.3883572033314583,
        0.38926177167450743,
        0.4086727998028525,
        0.4086727998028525,
        0.4086727998028525,
        0.4086727998028525,
        0.41273629818318125,
        0.4271774866141087,
        0.43876312167636516,
        0.43876312167636516,
        0.4415478793069615,
        0.460930104109478,
        0.460930104109478,
        0.4631026883441577,
        0.4631026883441577,
        0.4732580510951661,
        0.4732580510951661,
        0.4732580510951661,
        0.482586639894569,
        0.48268919932576304,
        0.4900252966670861,
        0.4900252966670861,
        0.4961919282007896,
        0.4961919282007896,
        0.4961919282007896,
        0.4961919282007896,
        0.4961919282007896,
        0.5083297846730583,
        0.5083297846730583,
        0.5104142150850166,
        0.5136111409966051,
        0.5188283573253412,
        0.5188283573253412,
        0.5256099269082707,
        0.5425518950761282,
        0.5425518950761282,
        0.5425518950761282,
        0.5425518950761282,
        0.5425518950761282,
        0.5425518950761282,
        0.5425518950761282,
        0.5480110703491832,
        0.5492044793338388,
        0.5492044793338388,
        0.5492044793338388,
        0.5541606714739837,
        0.5570636966846431,
        0.5570636966846431,
        0.558310253699007,
        0.5621634103819065,
        0.5654908462097719,
        0.5654908462097719,
        0.5666345091725852,
        0.5666345091725852,
        0.5666345091725852,
        0.5674594126915925,
        0.5674594126915925,
        0.5674594126915925,
        0.5674594126915925,
        0.5674594126915925,
        0.5674594126915925,
        0.5674594126915925,
        0.5674594126915925,
        0.5674594126915925,
        0.568886519317144,
        0.568886519317144,
        0.5707157590212326,
        0.5721593122789201,
        0.5721593122789201,
        0.5779488015541551,
        0.5779488015541551,
        0.5792325538341232,
        0.5792325538341232,
        0.5792325538341232,
        0.58080786019881,
        0.582625825356021,
        0.5859757796335876,
        0.5940958000431329,
        0.5940958000431329,
        0.5940958000431329,
        0.6164640791441615,
        0.6164640791441615,
        0.6164640791441615,
        0.6164640791441615,
        0.6183560701689198,
        0.6183560701689198,
        0.6203341865313601,
        0.6237385227247889,
        0.6237385227247889,
        0.6237385227247889,
        0.623738522724789,
        0.623738522724789,
        0.623738522724789,
        0.630127128964984,
        0.630127128964984,
        0.630127128964984,
        0.630127128964984,
        0.630127128964984,
        0.630127128964984,
        0.630127128964984,
        0.630127128964984,
        0.630127128964984,
        0.630127128964984,
        0.630127128964984,
        0.6312892388410641,
        0.6312892388410641,
        0.6312892388410641,
        0.6312892388410641,
        0.6312892388410641,
        0.6312892388410641,
        0.6312892388410641,
        0.6312892388410641,
        0.6312892388410641,
        0.6312892388410641,
        0.6312892388410641,
        0.6312892388410641,
        0.6312892388410641,
        0.6312892388410641,
        0.6312892388410641,
        0.6312892388410641,
        0.6312892388410641,
        0.6321293863698979,
        0.6321293863698979,
        0.6321293863698979,
        0.6321296881868117,
        0.6323525215831315,
        0.6324448784122314,
        0.6330189652032198,
        0.6330189652032198,
        0.6369677270167063,
        0.6369677270167063,
        0.6369677270167063,
        0.6370356640145168,
        0.6370356640145168,
        0.6370356640145168,
        0.6370356640145168,
        0.6377191561522817,
        0.6377191561522817,
        0.6377191561522817,
        0.6377191561522817,
        0.6397527811505392,
        0.6397527811505392,
        0.6397527811505392,
        0.6397527811505392,
        0.6397527811505392,
        0.6397527811505392,
        0.6397527811505392,
        0.6397527811505392,
        0.6397527811505392,
        0.6397527811505392,
        0.6405556088033402,
        0.6405717245712848,
        0.6405717245712848,
        0.6405717245712848,
        0.6405717245712848,
        0.6405717245712848,
        0.6405717245712848,
        0.6405717245712848,
        0.6405717245712848,
        0.6405717245712848,
        0.6405717245712848,
        0.6405717245712848,
        0.6405717245712848,
        0.6405717245712848,
        0.6405717245712848,
        0.6405717245712848,
        0.6434151148951922,
        0.6434151148951922,
        0.6434151148951922,
        0.6434151148951922,
        0.6434151148951922,
        0.6434151148951922,
        0.6434151148951922,
        0.6434151148951922,
        0.6434151148951922,
        0.6434151148951922,
        0.6434151148951922,
        0.6434151148951922,
        0.6445973051008629,
        0.6445973051008629,
        0.6445973051008629,
        0.6445973051008629,
        0.6445973051008629,
        0.6445973051008629,
        0.6445973051008629,
        0.6445973051008629,
        0.6445973051008629,
        0.6445973051008629
    ],