{
    "bestIndiv": [
        [
            39,
            37,
            23,
            4,
            14,
            42,
            11,
            50,
            10,
            25,
            46,
            13,
            51,
            12,
            27,
            26,
            28,
            15,
            49,
            20,
            41,
            1,
            6,
            16,
            30,
            21,
            38,
            5,
            24,
            3,
            18,
            40,
            7,
            9,
            8,
            32,
            47,
            36,
            45,
            43,
            33,
            35,
            31,
            44,
            2,
            17,
            0,
            19,
            29,
            22,
            48,
            34
        ],
        0.6875247043369848
    ],
    "best": [
        0.28629774866658764,
        0.30023165621063524,
        0.3094323316222743,
        0.32009764451640127,
        0.3337819575619034,
        0.3337819575619034,
        0.3447109371184785,
        0.3520171615692451,
        0.36687521745592183,
        0.36687521745592183,
        0.3841040483874961,
        0.39064584054467383,
        0.39064584054467383,
        0.4025202524466766,
        0.4025202524466766,
        0.4025202524466766,
        0.40986505453036404,
        0.42535637083149397,
        0.42535637083149397,
        0.43170681941737427,
        0.4560616908642044,
        0.46547872564122034,
        0.46547872564122034,
        0.46547872564122034,
        0.46547872564122034,
        0.46547872564122034,
        0.4709486887953552,
        0.47770561145101126,
        0.4887227289738744,
        0.4887227289738744,
        0.49054331478120744,
        0.49954151816598646,
        0.5098232149666965,
        0.5098232149666965,
        0.5155260032682082,
        0.5182947824454401,
        0.5182947824454401,
        0.5182947824454401,
        0.5289961231074292,
        0.534763944769345,
        0.5434934459011909,
        0.5555357134752057,
        0.5555357134752057,
        0.5555357134752057,
        0.5555357134752057,
        0.556794822262805,
        0.556794822262805,
        0.556794822262805,
        0.556794822262805,
        0.5638537520394008,
        0.5682914544920508,
        0.5743055162997486,
        0.5769988555571602,
        0.5831349677754577,
        0.5831349677754577,
        0.5859778891088956,
        0.5859778891088956,
        0.5859778891088956,
        0.5859778891088956,
        0.5859778891088956,
        0.5859778891088956,
        0.6060131278617428,
        0.6060131278617428,
        0.6060131278617428,
        0.6060131278617428,
        0.6060131278617428,
        0.6060131278617428,
        0.6060131278617428,
        0.6060131278617428,
        0.6060131278617428,
        0.6060131278617428,
        0.6060131278617428,
        0.6060131278617428,
        0.6060131278617428,
        0.6060131278617428,
        0.6060131278617428,
        0.6060131278617428,
        0.6060131278617428,
        0.6060131278617428,
        0.6060131278617428,
        0.6060131278617428,
        0.6060131278617428,
        0.6060131278617428,
        0.6095706555504414,
        0.6095706555504414,
        0.6095706555504414,
        0.6095706555504414,
        0.6095706555504414,
        0.6095706555504414,
        0.6095706555504414,
        0.6095706555504414,
        0.6133537059320116,
        0.6133537059320116,
        0.6145571665324433,
        0.6145571665324433,
        0.6181977230109389,
        0.6188286893229356,
        0.6450351127765502,
        0.6450351127765502,
        0.6458267733470604,
        0.6458267733470604,
        0.6478883337663258,
        0.6478883337663258,
        0.6548134209457125,
        0.6548134209457125,
        0.6548134209457125,
        0.6548134209457125,
        0.6556404086891361,
        0.6577540007111348,
        0.6626652468111467,
        0.665676932161368,
        0.665676932161368,
        0.665676932161368,
        0.665676932161368,
        0.665676932161368,
        0.665676932161368,
        0.665676932161368,
        0.665676932161368,
        0.665676932161368,
        0.665676932161368,
        0.6747362094051923,
        0.6747362094051923,
        0.6747362094051923,
        0.6747362094051923,
        0.6747362094051923,
        0.6827598133720661,
        0.6827598133720661,
        0.6827598133720661,
        0.6827598133720661,
        0.6827598133720661,
        0.6827598133720661,
        0.6827598133720661,
        0.6827598133720661,
        0.6827598133720661,
        0.6827598133720661,
        0.6827598133720661,
        0.6827598133720661,
        0.6827598133720661,
        0.6827598133720661,
        0.6827598133720661,
        0.6827598133720661,
        0.6827598133720661,
        0.6874357831964851,
        0.6874357831964851,
        0.6874357831964851,
        0.6874357831964851,
        0.6874357831964851,
        0.6874357831964851,
        0.6874357831964851,
        0.6874357831964851,
        0.6874357831964851,
        0.6874357831964851,
        0.6874357831964851,
        0.6874357831964851,
        0.6874357831964851,
        0.6874357831964851,
        0.6874357831964851,
        0.6874357831964851,
        0.6874357831964851,
        0.6874357831964851,
        0.6874357831964851,
        0.6874357831964851,
        0.6874357831964851,
        0.6874357831964851,
        0.6874357831964851,
        0.6874357831964851,
        0.6874357831964851,
        0.6874357831964851,
        0.6874357831964851,
        0.6874357831964851,
        0.6874357831964851,
        0.6874357831964851,
        0.6875247043369848,
        0.6875247043369848,
        0.6875247043369848,
        0.6875247043369848,
        0.6875247043369848,
        0.6875247043369848,
        0.6875247043369848,
        0.6875247043369848,
        0.6875247043369848,
        0.6875247043369848,
        0.6875247043369848,
        0.6875247043369848,
        0.6875247043369848,
        0.6875247043369848,
        0.6875247043369848,
        0.6875247043369848,
        0.6875247043369848,
        0.6875247043369848,
        0.6875247043369848,
        0.6875247043369848,
        0.6875247043369848,
        0.6875247043369848,
        0.6875247043369848,
        0.6875247043369848,
        0.6875247043369848,
        0.6875247043369848,
        0.6875247043369848,
        0.6875247043369848,
        0.6875247043369848
    ],