{
    "bestIndiv": [
        [
            6,
            41,
            20,
            30,
            21,
            0,
            48,
            35,
            34,
            33,
            31,
            44,
            18,
            40,
            7,
            8,
            9,
            24,
            11,
            50,
            10,
            32,
            42,
            5,
            4,
            37,
            47,
            49,
            29,
            28,
            46,
            13,
            51,
            12,
            25,
            26,
            27,
            3,
            14,
            36,
            43,
            22,
            19,
            15,
            45,
            23,
            39,
            38,
            17,
            2,
            16,
            1
        ],
        0.7450305415806965
    ],
    "best": [
        0.29923997976019284,
        0.2993318141297503,
        0.3199852020172274,
        0.3199852020172274,
        0.3274892656483713,
        0.3274892656483713,
        0.32944622030968784,
        0.32944622030968784,
        0.34423941326092644,
        0.34423941326092644,
        0.3666023983742267,
        0.3666023983742267,
        0.3666023983742267,
        0.37293274781700647,
        0.37293274781700647,
        0.37919842248772617,
        0.40716779730225544,
        0.40716779730225544,
        0.40716779730225544,
        0.41535597918333717,
        0.42417870176338907,
        0.42417870176338907,
        0.4302023563954902,
        0.4302023563954902,
        0.4302023563954902,
        0.4324703662621758,
        0.4514495948986778,
        0.4514495948986778,
        0.4514495948986778,
        0.4514495948986778,
        0.4514495948986778,
        0.4595465395191227,
        0.4617606136024642,
        0.46487906304621673,
        0.48308956615117105,
        0.48308956615117105,
        0.48308956615117116,
        0.48586076287210805,
        0.5110023156797022,
        0.5110023156797022,
        0.5110023156797022,
        0.5146120570719513,
        0.5146120570719513,
        0.5146120570719513,
        0.5315817473437866,
        0.5315817473437866,
        0.5315817473437866,
        0.5315817473437866,
        0.5315817473437866,
        0.5315817473437866,
        0.5315817473437866,
        0.5315817473437866,
        0.5315817473437866,
        0.5406063998654801,
        0.5406063998654801,
        0.5406063998654801,
        0.5423676792355895,
        0.5425360621808571,
        0.5554690364880145,
        0.5554690364880145,
        0.5554690364880145,
        0.5554690364880145,
        0.5554690364880145,
        0.5554690364880145,
        0.5554690364880145,
        0.5612936445297005,
        0.5659341883300419,
        0.5659341883300419,
        0.5659341883300419,
        0.5659341883300419,
        0.5695437109011451,
        0.5695437109011451,
        0.5830519965176939,
        0.5904109342253809,
        0.5904109342253809,
        0.5904109342253809,
        0.5904109342253809,
        0.5929887436796514,
        0.5941838810678236,
        0.5982724495671468,
        0.5982724495671468,
        0.60277560271001,
        0.6151418798089335,
        0.6184051866264388,
        0.620385026189742,
        0.620385026189742,
        0.6266695407936314,
        0.6266695407936314,
        0.6367714316808969,
        0.6367714316808969,
        0.6401162289185113,
        0.6473067544662259,
        0.657098916838365,
        0.6624148495127204,
        0.663477654606921,
        0.663477654606921,
        0.671429252414208,
        0.671429252414208,
        0.6717688205231215,
        0.6717688205231215,
        0.6717688205231215,
        0.6765243421188523,
        0.680606088306921,
        0.680606088306921,
        0.680606088306921,
        0.6845722717979571,
        0.6845722717979571,
        0.6845722717979571,
        0.6849405888540341,
        0.6849405888540341,
        0.6849405888540341,
        0.6850063343835429,
        0.6920102594642625,
        0.706933508561133,
        0.706933508561133,
        0.706933508561133,
        0.7081644857502435,
        0.7081644857502435,
        0.7091178290888122,
        0.7091178290888122,
        0.7091178290888122,
        0.7091178290888122,
        0.7091178290888122,
        0.7091178290888122,
        0.7091178290888122,
        0.7091178290888122,
        0.7091178290888122,
        0.7091178290888122,
        0.7091178290888122,
        0.7091178290888122,
        0.7091178290888122,
        0.7091178290888122,
        0.7091178290888122,
        0.7091178290888122,
        0.7091178290888122,
        0.7091178290888122,
        0.7091178290888122,
        0.7091178290888122,
        0.7091178290888122,
        0.7091178290888122,
        0.7098172476428507,
        0.7098172476428507,
        0.7098172476428507,
        0.7098172476428507,
        0.7098172476428507,
        0.7098172476428507,
        0.7098172476428507,
        0.7098172476428507,
        0.7098172476428507,
        0.7098172476428507,
        0.7098172476428507,
        0.7098172476428507,
        0.7098172476428507,
        0.7098172476428507,
        0.7098172476428507,
        0.7098172476428507,
        0.7098172476428507,
        0.7098172476428507,
        0.7098172476428507,
        0.7098172476428507,
        0.7098172476428507,
        0.7098172476428507,
        0.7098172476428507,
        0.7126777193105406,
        0.7126777193105406,
        0.7126777193105406,
        0.7126777193105406,
        0.7126777193105406,
        0.7126777193105406,
        0.7126777193105406,
        0.7282556033947785,
        0.7282556033947785,
        0.7282556033947785,
        0.7282556033947785,
        0.7282556033947785,
        0.7450305415806965,
        0.7450305415806965,
        0.7450305415806965,
        0.7450305415806965,
        0.7450305415806965,
        0.7450305415806965,
        0.7450305415806965,
        0.7450305415806965,
        0.7450305415806965,
        0.7450305415806965,
        0.7450305415806965,
        0.7450305415806965,
        0.7450305415806965,
        0.7450305415806965,
        0.7450305415806965,
        0.7450305415806965,
        0.7450305415806965,
        0.7450305415806965,
        0.7450305415806965,
        0.7450305415806965,
        0.7450305415806965,
        0.7450305415806965,
        0.7450305415806965,
        0.7450305415806965,
        0.7450305415806965,
        0.7450305415806965
    ],