{
    "bestIndiv": [
        [
            14,
            5,
            24,
            34,
            31,
            18,
            40,
            8,
            9,
            32,
            3,
            4,
            43,
            49,
            19,
            29,
            28,
            15,
            45,
            23,
            47,
            36,
            35,
            0,
            48,
            38,
            33,
            22,
            6,
            1,
            41,
            20,
            30,
            17,
            2,
            16,
            21,
            46,
            25,
            27,
            50,
            10,
            51,
            13,
            12,
            26,
            11,
            42,
            7,
            44,
            39,
            37
        ],
        0.6868538501894362
    ],
    "best": [
        0.3000830371845322,
        0.30267221542982,
        0.3125159136348139,
        0.3221329313545702,
        0.3235067209675396,
        0.34241639627478854,
        0.3436532441788124,
        0.3523057335495134,
        0.38741384198266815,
        0.38741384198266815,
        0.3977706562458361,
        0.3977706562458361,
        0.4071641777794925,
        0.4071641777794925,
        0.4071641777794925,
        0.42537966200545146,
        0.42537966200545146,
        0.45221782160649215,
        0.45221782160649215,
        0.45221782160649215,
        0.45310890912168555,
        0.4626904641674362,
        0.46959765379804314,
        0.47712225164715033,
        0.47712225164715033,
        0.4833678053620591,
        0.4833678053620591,
        0.48468681665938496,
        0.48982415568219745,
        0.48982415568219745,
        0.511770014574313,
        0.511770014574313,
        0.523389723845813,
        0.5283852080216964,
        0.5283852080216964,
        0.5348285328353446,
        0.5348285328353446,
        0.5415891994259049,
        0.5415891994259049,
        0.5518427310390881,
        0.5518427310390881,
        0.5565708781659561,
        0.5636094801079891,
        0.5636094801079891,
        0.5645339281390825,
        0.5684108133785312,
        0.5767288506755383,
        0.5767288506755383,
        0.5810630017801381,
        0.5857960150115309,
        0.5857960150115309,
        0.5901782738793926,
        0.5968071414235995,
        0.5968071414235995,
        0.5984225642484189,
        0.5984225642484189,
        0.6008365117504335,
        0.6008365117504335,
        0.6049708485695459,
        0.6049708485695459,
        0.6049708485695459,
        0.6049708485695459,
        0.6049708485695459,
        0.6049708485695459,
        0.6049708485695459,
        0.6049708485695459,
        0.6049708485695459,
        0.6049708485695459,
        0.6049708485695459,
        0.6049708485695459,
        0.6049708485695459,
        0.6049708485695459,
        0.6049708485695459,
        0.6049708485695459,
        0.6049708485695459,
        0.6115274122249684,
        0.6115274122249684,
        0.6115274122249684,
        0.6115274122249684,
        0.6115274122249684,
        0.6154129709720416,
        0.6154129709720416,
        0.615507102929316,
        0.6162760695654856,
        0.6162760695654856,
        0.6191727382192885,
        0.6191727382192885,
        0.6191727382192885,
        0.6276489746917708,
        0.6276489746917708,
        0.6352946974670055,
        0.6352946974670055,
        0.6352946974670056,
        0.6352946974670056,
        0.6352946974670056,
        0.6352946974670056,
        0.6352946974670056,
        0.6352946974670056,
        0.6352946974670056,
        0.6378318170812571,
        0.6378318170812571,
        0.6378318170812571,
        0.6381180805903367,
        0.6381180805903367,
        0.6381180805903367,
        0.6381180805903367,
        0.6381180805903367,
        0.6381180805903367,
        0.6381180805903367,
        0.6381180805903367,
        0.6381180805903367,
        0.6381180805903367,
        0.6485262544414875,
        0.6485262544414875,
        0.6485262544414875,
        0.6485262544414875,
        0.6485262544414875,
        0.6485262544414875,
        0.6485262544414875,
        0.6485262544414875,
        0.6485262544414875,
        0.6485262544414875,
        0.6488222001350447,
        0.6488222001350447,
        0.6488222001350447,
        0.6488222001350447,
        0.6488222001350447,
        0.6488222001350447,
        0.6488222001350447,
        0.6488222001350447,
        0.6488222001350447,
        0.6488222001350447,
        0.6488222001350447,
        0.6488222001350447,
        0.6488222001350447,
        0.6488222001350447,
        0.6488222001350447,
        0.6488222001350447,
        0.6488222001350447,
        0.6488222001350447,
        0.6488222001350447,
        0.6488222001350447,
        0.6488222001350447,
        0.6488222001350447,
        0.6488222001350447,
        0.6488222001350447,
        0.6488222001350447,
        0.6488222001350447,
        0.6505153610844225,
        0.6549227890017068,
        0.6574216205073208,
        0.6574216205073208,
        0.6574216205073208,
        0.6574216205073208,
        0.6574216205073208,
        0.6574216205073208,
        0.6574216205073208,
        0.6574216205073208,
        0.6574216205073208,
        0.6574216205073208,
        0.6574216205073208,
        0.6574216205073208,
        0.6575176071544316,
        0.6677929086505493,
        0.6677929086505493,
        0.6677929086505493,
        0.6680686629727962,
        0.6714778666527335,
        0.6714778666527335,
        0.6714778666527335,
        0.6714778666527335,
        0.6714778666527335,
        0.6714778666527335,
        0.6714778666527335,
        0.6714778666527335,
        0.6714778666527335,
        0.6714778666527335,
        0.6714778666527335,
        0.6714778666527335,
        0.6714778666527335,
        0.6714778666527335,
        0.6714778666527335,
        0.6732850565075369,
        0.6732850565075369,
        0.6822851429400707,
        0.6822851429400707,
        0.6822851429400707,
        0.6822851429400707,
        0.6822851429400707,
        0.6822851429400707,
        0.6822851429400707,
        0.6822851429400707,
        0.6822851429400707,
        0.6822851429400707,
        0.6822851429400707,
        0.6835086671755957,
        0.6835086671755957,
        0.6835086671755957,
        0.6868538501894362,
        0.6868538501894362,
        0.6868538501894362
    ],