{
    "bestIndiv": [
        [
            43,
            49,
            33,
            34,
            35,
            38,
            31,
            48,
            0,
            21,
            17,
            16,
            41,
            6,
            1,
            29,
            20,
            45,
            50,
            10,
            27,
            26,
            12,
            51,
            13,
            25,
            46,
            28,
            15,
            19,
            22,
            30,
            2,
            44,
            18,
            40,
            7,
            8,
            9,
            42,
            37,
            47,
            24,
            11,
            32,
            3,
            5,
            14,
            4,
            23,
            39,
            36
        ],
        0.7364883735759467
    ],
    "best": [
        0.284757160386086,
        0.29760133833213226,
        0.3190363238771491,
        0.33842177490098574,
        0.36088218320905674,
        0.36088218320905674,
        0.3833577689137929,
        0.39068205625816355,
        0.39068205625816355,
        0.39068205625816355,
        0.3938765065748613,
        0.40318228076498663,
        0.4190342805971642,
        0.4272241170595883,
        0.4480441050783651,
        0.45397381826214384,
        0.46005046203042516,
        0.46260582273396555,
        0.46752736081908525,
        0.46887364746397425,
        0.47169720397645526,
        0.47534600662557497,
        0.49613543108558356,
        0.49613543108558356,
        0.5036704686277375,
        0.5036704686277375,
        0.5036704686277375,
        0.5036704686277375,
        0.5099361563212524,
        0.5101009372400471,
        0.5101009372400471,
        0.5148091542887664,
        0.5148091542887664,
        0.5376541155267753,
        0.5376541155267753,
        0.5376541155267753,
        0.5376541155267753,
        0.5399283037456859,
        0.5427587150391214,
        0.5504868643924958,
        0.5726268348546261,
        0.5726268348546261,
        0.5726268348546261,
        0.588485148396835,
        0.588485148396835,
        0.5884851483968351,
        0.5978115081346214,
        0.5978115081346214,
        0.5978115081346214,
        0.5978115081346214,
        0.5978115081346214,
        0.5978115081346214,
        0.6006931085712045,
        0.6034272410408349,
        0.6034272410408349,
        0.6034272410408349,
        0.6034272410408349,
        0.6085693903279971,
        0.6128554812987663,
        0.6220043783577941,
        0.6224345373527995,
        0.6224345373527995,
        0.6224345373527995,
        0.6248463648739161,
        0.6263808398148388,
        0.6316630383641414,
        0.6316630383641414,
        0.6316630383641414,
        0.6333732707442299,
        0.6333732707442299,
        0.634204380786145,
        0.6403783026881571,
        0.6403783026881571,
        0.6443927114676085,
        0.6443927114676085,
        0.6456537543296867,
        0.6491325376980007,
        0.6491325376980007,
        0.6514948035516651,
        0.6635777359894315,
        0.6642289118423327,
        0.6642289118423327,
        0.6642289118423327,
        0.6661349257774355,
        0.6661349257774355,
        0.6703447479810011,
        0.6767591004654178,
        0.6767591004654178,
        0.6772329708844971,
        0.6817907630427428,
        0.6817907630427428,
        0.6817907630427428,
        0.6822717085556226,
        0.6822717085556226,
        0.6822717085556226,
        0.6835487311035634,
        0.6835487311035634,
        0.6835487311035634,
        0.6869414402726313,
        0.6869414402726313,
        0.6869414402726313,
        0.6869414402726313,
        0.6869807501575503,
        0.6869807501575503,
        0.6869807501575503,
        0.6869807501575503,
        0.6876607927789224,
        0.6876607927789224,
        0.6876607927789224,
        0.6876607927789224,
        0.6896556773309107,
        0.6899408922147177,
        0.6907945160588258,
        0.6911100737703757,
        0.6963633501331313,
        0.6988846151524577,
        0.6988846151524577,
        0.7072293440255059,
        0.7072293440255059,
        0.7072293440255059,
        0.7132336839745526,
        0.7132336839745526,
        0.7219517693345452,
        0.7219517693345452,
        0.7219517693345452,
        0.7219517693345452,
        0.7219517693345452,
        0.7219517693345452,
        0.7219517693345452,
        0.7219517693345452,
        0.7219517693345452,
        0.7219517693345452,
        0.7219517693345452,
        0.7219517693345452,
        0.7219517693345452,
        0.7219517693345452,
        0.7219517693345452,
        0.7219517693345452,
        0.7219517693345452,
        0.7219517693345452,
        0.7219517693345452,
        0.7219517693345452,
        0.7219517693345452,
        0.7219517693345452,
        0.7219517693345452,
        0.7219517693345452,
        0.7219517693345452,
        0.724222880993672,
        0.7244122236047796,
        0.7244122236047796,
        0.7244122236047796,
        0.7244122236047796,
        0.7244122236047796,
        0.7244122236047796,
        0.7244122236047796,
        0.7244122236047796,
        0.7244122236047796,
        0.7244122236047796,
        0.7244122236047796,
        0.7244122236047796,
        0.7246090202798664,
        0.7246090202798664,
        0.7246090202798664,
        0.7285121652163145,
        0.7285121652163145,
        0.7285121652163145,
        0.7285121652163145,
        0.7285121652163145,
        0.7285121652163145,
        0.7285121652163145,
        0.7285121652163145,
        0.7285121652163145,
        0.7285121652163145,
        0.7285121652163145,
        0.7285121652163145,
        0.7285121652163145,
        0.7285121652163145,
        0.7285121652163145,
        0.7285121652163145,
        0.7285121652163145,
        0.7285121652163145,
        0.7285121652163145,
        0.7285121652163145,
        0.7304716544535036,
        0.7304716544535036,
        0.7304716544535036,
        0.7304716544535036,
        0.7304716544535036,
        0.7304716544535036,
        0.7304716544535036,
        0.7304790604171639,
        0.7304790604171639,
        0.7304790604171639,
        0.732064145773515,
        0.7348840924004166,
        0.7364883735759467,
        0.7364883735759467,
        0.7364883735759467,
        0.7364883735759467,
        0.7364883735759467,
        0.7364883735759467
    ],