{
    "bestIndiv": [
        [
            42,
            8,
            9,
            32,
            50,
            39,
            38,
            35,
            34,
            43,
            45,
            15,
            49,
            19,
            29,
            28,
            27,
            26,
            12,
            13,
            51,
            10,
            11,
            25,
            46,
            24,
            47,
            23,
            3,
            14,
            37,
            33,
            22,
            21,
            0,
            48,
            44,
            7,
            40,
            18,
            2,
            16,
            6,
            41,
            1,
            20,
            17,
            30,
            31,
            36,
            5,
            4
        ],
        0.7083572097698433
    ],
    "best": [
        0.29083059519524995,
        0.29083059519524995,
        0.31153712383711574,
        0.31216908926189985,
        0.32774010930309005,
        0.3320685921407705,
        0.34421994303037934,
        0.34421994303037934,
        0.3560050390816665,
        0.35929176663855517,
        0.36988499490994564,
        0.37294507127140936,
        0.38002751460571116,
        0.41547414873622707,
        0.41547414873622707,
        0.41547414873622707,
        0.41598036720944825,
        0.42270618249210834,
        0.42605793519907237,
        0.45712419514369806,
        0.45712419514369806,
        0.46577543441535285,
        0.46577543441535285,
        0.4746003243009791,
        0.47831860092994644,
        0.47831860092994644,
        0.4831467379415835,
        0.49161262680199547,
        0.49161262680199547,
        0.49161262680199547,
        0.49791435488473884,
        0.49944692336469765,
        0.49944692336469765,
        0.5049345562073551,
        0.5111067804784354,
        0.5111067804784354,
        0.5165871162603569,
        0.5199277927230224,
        0.5199277927230224,
        0.5262526097437017,
        0.5262526097437017,
        0.5262526097437017,
        0.5306775348062344,
        0.5306775348062344,
        0.5306775348062344,
        0.5306775348062344,
        0.5306775348062344,
        0.5306775348062344,
        0.5306775348062344,
        0.5306775348062344,
        0.5306775348062344,
        0.5306775348062344,
        0.5306775348062344,
        0.5306775348062344,
        0.5306775348062344,
        0.5347301332392437,
        0.5347301332392437,
        0.5353149053098661,
        0.5414266680953869,
        0.5414266680953869,
        0.5462546602373813,
        0.5462546602373813,
        0.5462546602373813,
        0.5462546602373813,
        0.5462546602373813,
        0.5462546602373813,
        0.5462546602373813,
        0.5484337726914847,
        0.5487372653223977,
        0.5487372653223977,
        0.5487372653223977,
        0.5509362698100079,
        0.5680309082405977,
        0.5680309082405977,
        0.5707158814487521,
        0.5747725538018129,
        0.5747725538018129,
        0.5747725538018129,
        0.5804898800662229,
        0.5872233427871155,
        0.5872233427871155,
        0.5872233427871155,
        0.5938826774786481,
        0.5938826774786481,
        0.5975760554536319,
        0.5975760554536319,
        0.5975760554536319,
        0.5975760554536319,
        0.5975760554536319,
        0.5975760554536319,
        0.5981413934908693,
        0.5986459497217422,
        0.5986459497217422,
        0.6065367783844566,
        0.6065367783844566,
        0.6072935498389853,
        0.6084256877107689,
        0.6127043639807679,
        0.6127043639807679,
        0.6127043639807679,
        0.6127043639807679,
        0.647412461010571,
        0.647412461010571,
        0.647412461010571,
        0.647412461010571,
        0.647412461010571,
        0.6622363805939158,
        0.6622363805939158,
        0.6622363805939158,
        0.6664826761876187,
        0.6664826761876187,
        0.6860893125625254,
        0.689911119185163,
        0.689911119185163,
        0.689911119185163,
        0.6957379923045531,
        0.6957379923045531,
        0.6957379923045531,
        0.6957379923045531,
        0.6957379923045531,
        0.6957379923045531,
        0.6957379923045531,
        0.6957379923045531,
        0.6957379923045531,
        0.6957379923045531,
        0.6957379923045531,
        0.6957379923045531,
        0.6957379923045531,
        0.6957379923045531,
        0.6957379923045531,
        0.6957379923045531,
        0.6957379923045531,
        0.6957379923045531,
        0.6957379923045531,
        0.6957379923045531,
        0.6957379923045531,
        0.6957379923045531,
        0.6957379923045531,
        0.6957379923045531,
        0.6957379923045531,
        0.6957379923045531,
        0.6957379923045531,
        0.6957379923045531,
        0.6957379923045531,
        0.6957379923045531,
        0.6957379923045531,
        0.6957379923045531,
        0.6957379923045531,
        0.6957379923045531,
        0.6957379923045531,
        0.6957379923045531,
        0.6957379923045531,
        0.6957379923045531,
        0.6957379923045531,
        0.6957379923045531,
        0.6957379923045531,
        0.6957379923045531,
        0.6957379923045531,
        0.6957379923045531,
        0.6957379923045531,
        0.6957379923045531,
        0.70022515717685,
        0.70022515717685,
        0.70022515717685,
        0.70022515717685,
        0.70022515717685,
        0.7076499814813894,
        0.7076499814813894,
        0.7076499814813894,
        0.7076499814813894,
        0.7076499814813894,
        0.7076499814813894,
        0.7076499814813894,
        0.7076499814813894,
        0.7076499814813894,
        0.7076499814813894,
        0.7076499814813894,
        0.7076499814813894,
        0.7076499814813894,
        0.7076499814813894,
        0.7076499814813894,
        0.7076499814813894,
        0.7076499814813894,
        0.7076499814813894,
        0.7076499814813894,
        0.7076499814813894,
        0.7076499814813894,
        0.7076499814813894,
        0.7076499814813894,
        0.7076499814813894,
        0.7076499814813894,
        0.7076499814813894,
        0.7076499814813894,
        0.7076499814813894,
        0.7076499814813894,
        0.7076499814813894,
        0.7076499814813894,
        0.7076499814813894,
        0.7076499814813894,
        0.7076499814813894,
        0.7083572097698433
    ],