{
    "bestIndiv": [
        [
            32,
            50,
            11,
            25,
            46,
            27,
            26,
            10,
            51,
            13,
            12,
            24,
            3,
            42,
            5,
            14,
            4,
            39,
            34,
            21,
            22,
            28,
            45,
            15,
            43,
            33,
            35,
            0,
            30,
            2,
            40,
            7,
            8,
            9,
            18,
            17,
            16,
            20,
            41,
            6,
            1,
            29,
            19,
            49,
            48,
            38,
            36,
            47,
            23,
            37,
            31,
            44
        ],
        0.7105275936089587
    ],
    "best": [
        0.28369523086062,
        0.2966273794738752,
        0.2991458845935276,
        0.31459833442542007,
        0.318938771438991,
        0.3612983209779462,
        0.3612983209779462,
        0.3612983209779462,
        0.3612983209779462,
        0.3874823959203066,
        0.3874823959203066,
        0.39695991053167407,
        0.39695991053167407,
        0.4180781522624487,
        0.4180781522624487,
        0.43909237193989326,
        0.43909237193989326,
        0.43909237193989326,
        0.4413010820364598,
        0.44375583157267423,
        0.4536068258299598,
        0.4536068258299598,
        0.46937406315698493,
        0.46937406315698493,
        0.47300757615620787,
        0.4778425577757401,
        0.48376417598733673,
        0.48376417598733673,
        0.4846715349044484,
        0.4946098289975465,
        0.5018537692986303,
        0.5018537692986303,
        0.5018537692986303,
        0.514554937028258,
        0.5188746017456016,
        0.5268726966526,
        0.5268726966526,
        0.542230073404239,
        0.542230073404239,
        0.542230073404239,
        0.5439923305301595,
        0.5537011518038222,
        0.5571640028462611,
        0.5571640028462611,
        0.5619417230444588,
        0.5619417230444588,
        0.5815317044630159,
        0.5815317044630159,
        0.5878224679604503,
        0.5878224679604503,
        0.5971184936777167,
        0.5971184936777167,
        0.5971184936777167,
        0.5971184936777167,
        0.5971184936777167,
        0.5971184936777167,
        0.5971184936777167,
        0.5971184936777167,
        0.5971184936777167,
        0.5971184936777167,
        0.5971184936777167,
        0.6123933556327159,
        0.6130194847037702,
        0.6172069583944094,
        0.6172069583944094,
        0.6244700107177837,
        0.6324576124908617,
        0.6324576124908617,
        0.6324576124908617,
        0.6324576124908617,
        0.6350339415494632,
        0.6350339415494632,
        0.6350339415494632,
        0.6350339415494632,
        0.6350339415494632,
        0.6350339415494632,
        0.6350339415494632,
        0.6350339415494632,
        0.6350339415494632,
        0.6350339415494632,
        0.6394797911418143,
        0.6401725937415119,
        0.6401725937415119,
        0.6424945294793735,
        0.6424945294793735,
        0.6460298121310235,
        0.6460298121310235,
        0.647984452204647,
        0.6481720698361069,
        0.6481720698361069,
        0.6481720698361069,
        0.6539861610570618,
        0.659141027432875,
        0.659141027432875,
        0.6651544792375463,
        0.6651544792375463,
        0.6651544792375463,
        0.6651544792375463,
        0.6651544792375463,
        0.6651544792375463,
        0.6651544792375463,
        0.6651544792375463,
        0.6651544792375463,
        0.6697916421637431,
        0.6697916421637431,
        0.6697916421637431,
        0.6709928431965042,
        0.6709928431965042,
        0.6709928431965042,
        0.6709928431965042,
        0.6709928431965042,
        0.6709928431965042,
        0.6709928431965042,
        0.6709928431965042,
        0.6709928431965042,
        0.6709928431965042,
        0.6739606058615804,
        0.6739606058615804,
        0.6746218453634127,
        0.6746218453634127,
        0.6746218453634127,
        0.6746218453634127,
        0.6758404495510925,
        0.6799552805445831,
        0.6799552805445831,
        0.683246119949277,
        0.683246119949277,
        0.683246119949277,
        0.683246119949277,
        0.683246119949277,
        0.683246119949277,
        0.683246119949277,
        0.683246119949277,
        0.683246119949277,
        0.6919459010953007,
        0.6919459010953007,
        0.6919459010953007,
        0.6919459010953007,
        0.6919459010953007,
        0.699445667642737,
        0.699445667642737,
        0.699445667642737,
        0.7037953517110451,
        0.7037953517110451,
        0.7058610753539246,
        0.7058610753539246,
        0.7058610753539246,
        0.7058610753539246,
        0.7058610753539246,
        0.7066340456667002,
        0.7066340456667002,
        0.7066340456667002,
        0.7066340456667002,
        0.7066340456667002,
        0.7066340456667002,
        0.7066340456667002,
        0.7066340456667002,
        0.7066340456667002,
        0.7066340456667002,
        0.7066340456667002,
        0.7103224655522604,
        0.7103224655522604,
        0.7103224655522604,
        0.7103224655522604,
        0.7103224655522604,
        0.7103224655522604,
        0.7103224655522604,
        0.7103224655522604,
        0.7103224655522604,
        0.7103224655522604,
        0.7103224655522604,
        0.7103224655522604,
        0.7105275936089587,
        0.7105275936089587,
        0.7105275936089587,
        0.7105275936089587,
        0.7105275936089587,
        0.7105275936089587,
        0.7105275936089587,
        0.7105275936089587,
        0.7105275936089587,
        0.7105275936089587,
        0.7105275936089587,
        0.7105275936089587,
        0.7105275936089587,
        0.7105275936089587,
        0.7105275936089587,
        0.7105275936089587,
        0.7105275936089587,
        0.7105275936089587,
        0.7105275936089587,
        0.7105275936089587,
        0.7105275936089587,
        0.7105275936089587,
        0.7105275936089587,
        0.7105275936089587,
        0.7105275936089587,
        0.7105275936089587,
        0.7105275936089587,
        0.7105275936089587,
        0.7105275936089587
    ],