{
    "bestIndiv": [
        [
            36,
            35,
            31,
            48,
            33,
            34,
            0,
            29,
            22,
            18,
            40,
            16,
            2,
            17,
            30,
            19,
            49,
            43,
            45,
            38,
            44,
            21,
            20,
            6,
            41,
            1,
            28,
            15,
            47,
            23,
            24,
            50,
            10,
            51,
            13,
            12,
            25,
            46,
            26,
            27,
            11,
            32,
            9,
            7,
            8,
            42,
            3,
            14,
            4,
            5,
            37,
            39
        ],
        0.6987640095876595
    ],
    "best": [
        0.2970436211377127,
        0.2986417215770556,
        0.3243528076542743,
        0.3243528076542743,
        0.32758773172994454,
        0.3282990041175063,
        0.34813056305158285,
        0.34813056305158285,
        0.34813056305158285,
        0.3518529463346679,
        0.3748452405015799,
        0.3748452405015799,
        0.3748452405015799,
        0.3795999310004732,
        0.3795999310004732,
        0.3795999310004732,
        0.3841016322096382,
        0.38529747291011596,
        0.38529747291011596,
        0.38529747291011596,
        0.38529747291011596,
        0.38821930936951543,
        0.4053784752462445,
        0.407176530769099,
        0.40862894324386395,
        0.40868406457974366,
        0.4287573612506444,
        0.4287573612506444,
        0.4287573612506444,
        0.4287573612506444,
        0.4287573612506444,
        0.4287573612506444,
        0.4298770178454935,
        0.43429278415816663,
        0.447168887161601,
        0.447168887161601,
        0.465278334487141,
        0.465278334487141,
        0.465278334487141,
        0.465278334487141,
        0.465278334487141,
        0.465278334487141,
        0.465278334487141,
        0.465278334487141,
        0.465278334487141,
        0.465278334487141,
        0.465278334487141,
        0.4665105079854278,
        0.4665105079854278,
        0.4665105079854278,
        0.4665105079854278,
        0.4665105079854278,
        0.4665105079854278,
        0.4665105079854278,
        0.4665105079854278,
        0.4665105079854278,
        0.4665105079854278,
        0.4665105079854278,
        0.4665105079854278,
        0.4665105079854278,
        0.47217173608320867,
        0.47217173608320867,
        0.47217173608320867,
        0.47217173608320867,
        0.47217173608320867,
        0.4724851152857101,
        0.4724851152857101,
        0.4724851152857101,
        0.4724851152857101,
        0.4732864703522371,
        0.47328647035223714,
        0.47328647035223714,
        0.47328647035223714,
        0.4737560582603523,
        0.4894369635441778,
        0.4894369635441778,
        0.49621105834877993,
        0.49621105834877993,
        0.49621105834877993,
        0.49851936235341776,
        0.49851936235341776,
        0.49851936235341776,
        0.4992634302913131,
        0.5010651934564165,
        0.5051197629007839,
        0.5090618937398086,
        0.5090618937398086,
        0.5098377895652489,
        0.5098377895652489,
        0.5165957292813486,
        0.5165957292813487,
        0.5165957292813487,
        0.5165957292813487,
        0.5171723672662817,
        0.525570764248321,
        0.5495618431604383,
        0.5542564945922139,
        0.5542564945922139,
        0.5547164395454125,
        0.5547164395454125,
        0.5576403068362425,
        0.5704417060237751,
        0.5704417060237751,
        0.5705557927848068,
        0.5705557927848068,
        0.5705557927848068,
        0.5706326495997666,
        0.5720049203535023,
        0.5720049203535023,
        0.5728561736812406,
        0.5747703139881084,
        0.5763573751984726,
        0.5763573751984726,
        0.5773739850880542,
        0.5773739850880542,
        0.5773739850880542,
        0.5800792906078083,
        0.5859447079449804,
        0.5868133596911599,
        0.5868133596911599,
        0.5868133596911599,
        0.5868133596911599,
        0.6028722049035774,
        0.6028722049035774,
        0.6028722049035774,
        0.6046184860925321,
        0.6046184860925321,
        0.6046184860925321,
        0.6046184860925321,
        0.6046184860925321,
        0.6046184860925321,
        0.6046184860925321,
        0.6046184860925321,
        0.6046184860925321,
        0.6046184860925321,
        0.6075916215654102,
        0.6075916215654102,
        0.6075916215654102,
        0.6104160027259343,
        0.6128991041738818,
        0.6166612962602047,
        0.6194833694089592,
        0.6366563581283841,
        0.6366563581283841,
        0.6366563581283841,
        0.6366563581283841,
        0.6366563581283841,
        0.6366563581283841,
        0.6433912780869616,
        0.6433912780869616,
        0.6433912780869616,
        0.6433912780869616,
        0.6449152030990916,
        0.6449152030990916,
        0.6449152030990916,
        0.6449152030990916,
        0.6507608022904113,
        0.6507608022904113,
        0.6507608022904113,
        0.6507608022904113,
        0.6678378529338476,
        0.6678378529338476,
        0.6678378529338476,
        0.6678378529338476,
        0.6687008556722968,
        0.6687008556722968,
        0.6687008556722968,
        0.6692654622458115,
        0.6692654622458115,
        0.6692654622458115,
        0.6692654622458115,
        0.6692654622458115,
        0.6692654622458115,
        0.6692654622458115,
        0.6692654622458115,
        0.6692654622458115,
        0.6692654622458115,
        0.6692654622458115,
        0.6692654622458115,
        0.6692654622458115,
        0.6692654622458115,
        0.6697445210690192,
        0.6697445210690192,
        0.6703834028589062,
        0.6718191520040778,
        0.6718191520040778,
        0.6718191520040778,
        0.6718191520040778,
        0.6732228620429661,
        0.6732228620429661,
        0.6732228620429661,
        0.6732228620429661,
        0.6734771279089588,
        0.6734771279089588,
        0.6734771279089588,
        0.6734771279089588,
        0.6734771279089588,
        0.6734771279089588,
        0.6820135838731551,
        0.6820135838731551,
        0.6987640095876595
    ],