{
    "bestIndiv": [
        [
            7,
            18,
            40,
            44,
            17,
            2,
            16,
            20,
            49,
            22,
            0,
            31,
            48,
            21,
            29,
            41,
            6,
            1,
            30,
            35,
            15,
            28,
            46,
            13,
            26,
            25,
            27,
            12,
            51,
            10,
            32,
            42,
            14,
            47,
            23,
            3,
            50,
            11,
            24,
            5,
            4,
            37,
            38,
            39,
            36,
            33,
            34,
            19,
            43,
            45,
            9,
            8
        ],
        0.686927843292562
    ],
    "best": [
        0.29677378681497585,
        0.2983592916322971,
        0.30364712061434057,
        0.3165950312668761,
        0.3312300653772642,
        0.3402137607434482,
        0.3506073682497052,
        0.3506073682497052,
        0.3549671509543071,
        0.3688414340326431,
        0.389768871931592,
        0.389768871931592,
        0.389768871931592,
        0.389768871931592,
        0.3939024881185904,
        0.40161013726177597,
        0.4186989770270245,
        0.4216759876867181,
        0.4249471369239581,
        0.42613909965654984,
        0.4287767235176892,
        0.4329881041387271,
        0.4411193705062836,
        0.4411193705062836,
        0.449919027375363,
        0.45060220865417405,
        0.4639272687695996,
        0.4639272687695996,
        0.4682404358038675,
        0.4682404358038675,
        0.4719029316781017,
        0.4727181822487027,
        0.4727181822487027,
        0.47983951300006045,
        0.4867424372574784,
        0.4867424372574784,
        0.4867424372574784,
        0.4867424372574784,
        0.4867424372574784,
        0.507273899919166,
        0.5100675263505927,
        0.5100675263505927,
        0.5150833575522302,
        0.5150833575522302,
        0.520245337455549,
        0.520245337455549,
        0.5284625255855173,
        0.5284625255855173,
        0.5309674393909726,
        0.5371870324286868,
        0.5371870324286868,
        0.5386307736419849,
        0.5386307736419849,
        0.5386307736419849,
        0.5386307736419849,
        0.5386307736419849,
        0.5386307736419849,
        0.5386307736419849,
        0.5386307736419849,
        0.5424406105323176,
        0.5424406105323176,
        0.5424406105323176,
        0.5424406105323176,
        0.5494920270727893,
        0.5494920270727893,
        0.5494920270727893,
        0.5554927318384456,
        0.5562373204637343,
        0.5657944095974049,
        0.5657944095974049,
        0.569029942299745,
        0.569029942299745,
        0.5796498928422,
        0.5796498928422,
        0.5796498928422,
        0.5796498928422,
        0.5823745280590721,
        0.5823745280590721,
        0.5823745280590721,
        0.5823745280590721,
        0.5823745280590721,
        0.5823745280590721,
        0.5823745280590721,
        0.5823745280590721,
        0.5823745280590721,
        0.5823745280590721,
        0.5823745280590721,
        0.5823745280590721,
        0.5823745280590721,
        0.5823745280590721,
        0.5823745280590721,
        0.5823745280590721,
        0.5823745280590721,
        0.5823745280590721,
        0.5823745280590721,
        0.5823745280590721,
        0.5823745280590721,
        0.5823745280590721,
        0.5823745280590721,
        0.5823745280590721,
        0.5823745280590721,
        0.5823745280590721,
        0.5850116785678825,
        0.5850116785678826,
        0.5850116785678826,
        0.5897293047270438,
        0.5897293047270438,
        0.6064151247591731,
        0.6064151247591731,
        0.6090731512538505,
        0.6204059529860284,
        0.6204059529860284,
        0.6241484334737349,
        0.6241484334737349,
        0.6241484334737349,
        0.6241484334737349,
        0.6251186350348533,
        0.6251186350348533,
        0.6256205104701976,
        0.6256205104701976,
        0.6315821027363149,
        0.6340803801148509,
        0.6340803801148509,
        0.6340803801148509,
        0.6340803801148509,
        0.6340803801148509,
        0.6340803801148509,
        0.6340803801148509,
        0.6340803801148509,
        0.6340803801148509,
        0.6340803801148509,
        0.6340803801148509,
        0.6340803801148509,
        0.6340803801148509,
        0.6340803801148509,
        0.6340803801148509,
        0.6340803801148509,
        0.6340803801148509,
        0.6340803801148509,
        0.6340803801148509,
        0.6340803801148509,
        0.6340803801148509,
        0.6340803801148509,
        0.6340803801148509,
        0.6340803801148509,
        0.6340803801148509,
        0.6340803801148509,
        0.6340803801148509,
        0.6340803801148509,
        0.6430234402223552,
        0.6530169686595424,
        0.6530169686595424,
        0.6556355862251334,
        0.6556355862251334,
        0.679983558397408,
        0.679983558397408,
        0.679983558397408,
        0.6828233854407461,
        0.6828233854407461,
        0.6828233854407461,
        0.6828233854407461,
        0.6838495039900546,
        0.6838495039900546,
        0.6838495039900546,
        0.6838495039900546,
        0.6838495039900546,
        0.6865962093312538,
        0.6865962093312538,
        0.6865962093312538,
        0.6865962093312538,
        0.6865962093312538,
        0.6865962093312538,
        0.6865962093312538,
        0.6865962093312538,
        0.6865962093312538,
        0.6865962093312538,
        0.6865962093312538,
        0.6865962093312538,
        0.6865962093312538,
        0.6865962093312538,
        0.6865962093312538,
        0.6865962093312538,
        0.6865962093312538,
        0.6865962093312538,
        0.6865962093312538,
        0.6865962093312538,
        0.6865962093312538,
        0.6865962093312538,
        0.6865962093312538,
        0.686927843292562,
        0.686927843292562,
        0.686927843292562,
        0.686927843292562,
        0.686927843292562,
        0.686927843292562,
        0.686927843292562,
        0.686927843292562,
        0.686927843292562,
        0.686927843292562,
        0.686927843292562,
        0.686927843292562
    ],