{
    "bestIndiv": [
        [
            39,
            38,
            35,
            7,
            40,
            18,
            44,
            2,
            16,
            0,
            21,
            29,
            41,
            1,
            6,
            20,
            22,
            19,
            28,
            45,
            47,
            4,
            42,
            8,
            9,
            32,
            10,
            51,
            13,
            25,
            12,
            26,
            50,
            3,
            14,
            37,
            36,
            43,
            33,
            34,
            48,
            31,
            17,
            30,
            49,
            15,
            46,
            27,
            11,
            24,
            5,
            23
        ],
        0.6904716132619805
    ],
    "best": [
        0.28999371619417674,
        0.2933744779456974,
        0.3229054135795047,
        0.3270519409547018,
        0.3415815162733237,
        0.3436864242230805,
        0.350130978290238,
        0.35225957090306276,
        0.35225957090306276,
        0.36207125811363144,
        0.370851839840478,
        0.3766674671776928,
        0.3832794128318056,
        0.38718450845494146,
        0.4008918887487221,
        0.4008918887487221,
        0.40214802012391443,
        0.4050048072841645,
        0.4050048072841645,
        0.4204427783005135,
        0.4204427783005135,
        0.4390627276350135,
        0.4461748467846169,
        0.45689735784386587,
        0.45689735784386587,
        0.46077085717309346,
        0.4644972393969719,
        0.4679408452006119,
        0.47794888485332515,
        0.48928557883824336,
        0.48928557883824336,
        0.490850600694959,
        0.5460707489056059,
        0.5460707489056059,
        0.5460707489056059,
        0.5547138173371102,
        0.5547138173371102,
        0.5547138173371102,
        0.5560443365324403,
        0.5593149983466633,
        0.5702748991663381,
        0.5787586729870038,
        0.5909440073973563,
        0.6013803335469582,
        0.6013803335469582,
        0.6013803335469582,
        0.6013803335469582,
        0.6047696580423618,
        0.6061179893421744,
        0.6084450468199197,
        0.6084450468199197,
        0.6084450468199197,
        0.620106784631558,
        0.6220859886981174,
        0.6251808801780392,
        0.6315351722306503,
        0.6359118270726286,
        0.6359118270726286,
        0.6387161169449306,
        0.6387161169449306,
        0.6387161169449306,
        0.6387161169449306,
        0.6450153813449621,
        0.6450153813449621,
        0.6450153813449623,
        0.6450153813449623,
        0.6450153813449623,
        0.6473915872417405,
        0.6473915872417405,
        0.6473915872417405,
        0.6473915872417405,
        0.6512265262193022,
        0.6512265262193022,
        0.6534265756222551,
        0.6566377495203032,
        0.6566377495203032,
        0.6566377495203032,
        0.6620270699787969,
        0.6620270699787969,
        0.6632356591293951,
        0.6632356591293951,
        0.6632356591293951,
        0.6640379529416444,
        0.6640379529416444,
        0.6640379529416444,
        0.6761027142479453,
        0.6761027142479453,
        0.6761027142479453,
        0.6769364592765441,
        0.6769364592765441,
        0.6769364592765441,
        0.6769364592765441,
        0.6769364592765441,
        0.6816121374949846,
        0.6816121374949846,
        0.6824694642551682,
        0.6824694642551683,
        0.6824694642551683,
        0.6824694642551683,
        0.6824694642551683,
        0.6824694642551683,
        0.6824694642551683,
        0.6824694642551683,
        0.6824694642551683,
        0.6824694642551683,
        0.6824694642551683,
        0.6824694642551683,
        0.6824694642551683,
        0.6824694642551683,
        0.6824694642551683,
        0.6824694642551683,
        0.6824694642551683,
        0.6824694642551683,
        0.6824694642551683,
        0.6824694642551683,
        0.6824694642551683,
        0.6824694642551683,
        0.6824694642551683,
        0.6824694642551683,
        0.6824694642551683,
        0.6824694642551683,
        0.6824694642551683,
        0.6824694642551683,
        0.6824694642551683,
        0.6824694642551683,
        0.6824694642551683,
        0.6824694642551683,
        0.683368641570683,
        0.683368641570683,
        0.683368641570683,
        0.683368641570683,
        0.683368641570683,
        0.683368641570683,
        0.683368641570683,
        0.683368641570683,
        0.683368641570683,
        0.683368641570683,
        0.683368641570683,
        0.683368641570683,
        0.683368641570683,
        0.683368641570683,
        0.683368641570683,
        0.6855953540479167,
        0.6855953540479167,
        0.6855953540479167,
        0.6855953540479167,
        0.6855953540479167,
        0.6855953540479167,
        0.6855953540479167,
        0.6855953540479167,
        0.6855953540479167,
        0.6855953540479167,
        0.6856804030144564,
        0.6856804030144564,
        0.6856804030144564,
        0.6856804030144564,
        0.6856804030144564,
        0.6856804030144564,
        0.6856804030144564,
        0.6856804030144564,
        0.6856804030144564,
        0.6856804030144564,
        0.6856804030144564,
        0.6856804030144564,
        0.6856804030144564,
        0.6856804030144564,
        0.6856804030144564,
        0.6856804030144564,
        0.6856804030144564,
        0.6856804030144564,
        0.6856804030144564,
        0.6856804030144564,
        0.6856804030144564,
        0.6856804030144564,
        0.6856804030144564,
        0.6856804030144564,
        0.6856804030144564,
        0.6856804030144564,
        0.6856804030144564,
        0.6856804030144564,
        0.6856804030144564,
        0.6856804030144564,
        0.6856804030144564,
        0.6856804030144564,
        0.6856804030144564,
        0.6856804030144564,
        0.6856804030144564,
        0.6856804030144564,
        0.6904716132619805,
        0.6904716132619805,
        0.6904716132619805,
        0.6904716132619805,
        0.6904716132619805,
        0.6904716132619805,
        0.6904716132619805,
        0.6904716132619805,
        0.6904716132619805,
        0.6904716132619805,
        0.6904716132619805,
        0.6904716132619805,
        0.6904716132619805
    ],