{
    "bestIndiv": [
        [
            22,
            29,
            19,
            30,
            17,
            8,
            9,
            7,
            40,
            42,
            32,
            50,
            51,
            12,
            13,
            46,
            25,
            27,
            26,
            10,
            11,
            44,
            18,
            2,
            16,
            41,
            6,
            1,
            20,
            31,
            48,
            14,
            3,
            24,
            45,
            15,
            28,
            49,
            35,
            33,
            38,
            39,
            37,
            23,
            5,
            4,
            47,
            36,
            43,
            34,
            0,
            21
        ],
        0.7189252115945829
    ],
    "best": [
        0.2866095923875466,
        0.29117492799914096,
        0.30669731937067607,
        0.313716766139725,
        0.3267091935655029,
        0.3316389283572099,
        0.3472707784901979,
        0.35764422385172373,
        0.3597707513034162,
        0.37383567997976946,
        0.37383567997976946,
        0.38260847990933317,
        0.38260847990933317,
        0.39147804360166816,
        0.39581786010253156,
        0.40872715654956215,
        0.4088245382286436,
        0.4162086372920333,
        0.4173927094318106,
        0.42388215561469894,
        0.4287988792698175,
        0.43628793010209743,
        0.4453569667857772,
        0.4453569667857772,
        0.4501506880424532,
        0.4597942819373836,
        0.46339545993047304,
        0.47544221031300693,
        0.47544221031300693,
        0.47544221031300693,
        0.48853207108852953,
        0.4934533629318479,
        0.5086947450325818,
        0.5118119399801324,
        0.5194470280439829,
        0.5194470280439829,
        0.5285134973892907,
        0.5478013864285134,
        0.5623155846228212,
        0.5623155846228212,
        0.5623155846228212,
        0.5623155846228212,
        0.5778563670093632,
        0.5821426177999384,
        0.5821426177999384,
        0.5845172163771896,
        0.5845172163771896,
        0.5868375474966296,
        0.5984125215551772,
        0.601389381716057,
        0.601389381716057,
        0.6154113162404953,
        0.6229440938859871,
        0.6229440938859871,
        0.6229440938859871,
        0.6328378882544935,
        0.6328378882544935,
        0.6383123467483534,
        0.6383123467483534,
        0.6414362469223294,
        0.6414362469223294,
        0.6414362469223294,
        0.6414362469223294,
        0.6459828115739863,
        0.6459828115739863,
        0.6459828115739863,
        0.6459828115739863,
        0.6459828115739863,
        0.6459828115739863,
        0.6459828115739863,
        0.6493673179254503,
        0.6493673179254503,
        0.6493673179254503,
        0.6493673179254503,
        0.6493673179254503,
        0.6506532635234176,
        0.6622819654781217,
        0.6622819654781217,
        0.6622819654781218,
        0.6676281551648947,
        0.6676281551648947,
        0.6676281551648947,
        0.6676281551648948,
        0.6676281551648948,
        0.6676281551648948,
        0.6676281551648948,
        0.6856307728272107,
        0.6856307728272107,
        0.6925861137712078,
        0.6925861137712078,
        0.6925861137712078,
        0.6925861137712078,
        0.6925861137712078,
        0.6944776977945736,
        0.6944776977945736,
        0.6944776977945736,
        0.6944776977945736,
        0.6944776977945736,
        0.6944776977945736,
        0.6944776977945736,
        0.6944776977945736,
        0.6944776977945736,
        0.6944776977945736,
        0.6944776977945736,
        0.6944776977945736,
        0.6944776977945736,
        0.6944776977945736,
        0.6944776977945736,
        0.6944776977945736,
        0.6985459599732202,
        0.6985459599732202,
        0.6985459599732202,
        0.6985459599732202,
        0.6985459599732202,
        0.6985459599732202,
        0.6985459599732202,
        0.6985459599732202,
        0.6985459599732202,
        0.6985459599732202,
        0.6985459599732202,
        0.6985459599732202,
        0.6985459599732202,
        0.6985459599732202,
        0.6985459599732202,
        0.6985459599732202,
        0.6985459599732202,
        0.6985459599732202,
        0.6985459599732202,
        0.6985459599732202,
        0.6985459599732202,
        0.6985459599732202,
        0.6985459599732202,
        0.6985459599732202,
        0.6985459599732202,
        0.6985459599732202,
        0.6985459599732202,
        0.6985459599732202,
        0.6985459599732202,
        0.6985459599732202,
        0.6985459599732202,
        0.6985459599732202,
        0.6985459599732202,
        0.6985459599732202,
        0.6985459599732202,
        0.6985459599732202,
        0.6988996705596168,
        0.6988996705596168,
        0.6988996705596168,
        0.7091199125978983,
        0.709323015159985,
        0.709323015159985,
        0.709323015159985,
        0.709323015159985,
        0.714037941987421,
        0.714037941987421,
        0.714037941987421,
        0.714037941987421,
        0.714037941987421,
        0.714037941987421,
        0.714037941987421,
        0.714037941987421,
        0.714037941987421,
        0.714037941987421,
        0.714037941987421,
        0.7151291181672762,
        0.7151291181672762,
        0.7151291181672762,
        0.7151291181672762,
        0.7164261085944579,
        0.7164261085944579,
        0.7164261085944579,
        0.7164261085944579,
        0.7164261085944579,
        0.7164261085944579,
        0.7164261085944579,
        0.7164261085944579,
        0.7164261085944579,
        0.7164261085944579,
        0.7164261085944579,
        0.7164261085944579,
        0.7189252115945829,
        0.7189252115945829,
        0.7189252115945829,
        0.7189252115945829,
        0.7189252115945829,
        0.7189252115945829,
        0.7189252115945829,
        0.7189252115945829,
        0.7189252115945829,
        0.7189252115945829,
        0.7189252115945829,
        0.7189252115945829,
        0.7189252115945829,
        0.7189252115945829,
        0.7189252115945829,
        0.7189252115945829,
        0.7189252115945829,
        0.7189252115945829,
        0.7189252115945829,
        0.7189252115945829,
        0.7189252115945829
    ],