{
    "bestIndiv": [
        [
            39,
            7,
            40,
            8,
            32,
            11,
            25,
            28,
            29,
            49,
            19,
            45,
            3,
            5,
            4,
            14,
            47,
            23,
            15,
            46,
            27,
            50,
            10,
            51,
            12,
            13,
            26,
            24,
            42,
            9,
            44,
            31,
            2,
            18,
            38,
            33,
            43,
            34,
            35,
            48,
            21,
            22,
            30,
            17,
            16,
            6,
            1,
            41,
            20,
            0,
            36,
            37
        ],
        0.6296119818309472
    ],
    "best": [
        0.3000830371845322,
        0.30267221542982,
        0.3125159136348139,
        0.3221329313545702,
        0.3235067209675396,
        0.34241639627478854,
        0.3436532441788124,
        0.3523057335495134,
        0.38741384198266815,
        0.38741384198266815,
        0.3977706562458361,
        0.3977706562458361,
        0.3977706562458361,
        0.41530964070473686,
        0.4246594526857521,
        0.4284904901757033,
        0.430264580592324,
        0.4303924331025495,
        0.4468159136604371,
        0.4468159136604371,
        0.450453392244234,
        0.4600086145662431,
        0.4600086145662431,
        0.4656863606497146,
        0.48202100354207406,
        0.48202100354207406,
        0.4836371886191471,
        0.4881661379203406,
        0.4881661379203406,
        0.4881661379203406,
        0.4881661379203406,
        0.4946376688943976,
        0.4946376688943976,
        0.4946376688943976,
        0.49656020866319545,
        0.5208699080071758,
        0.5208699080071758,
        0.5208699080071758,
        0.5208699080071758,
        0.5208699080071758,
        0.5213991140528899,
        0.5213991140528899,
        0.5357872321256927,
        0.5357872321256927,
        0.5357872321256927,
        0.5357872321256927,
        0.5376781762437206,
        0.5376781762437206,
        0.5453103703182155,
        0.5453103703182155,
        0.5453103703182155,
        0.5499314854520148,
        0.5595316617601247,
        0.5636057834738869,
        0.5636057834738869,
        0.5671265163629645,
        0.5671265163629645,
        0.5676778242673219,
        0.5781782931823366,
        0.5932007914109121,
        0.5932007914109121,
        0.5932007914109121,
        0.5938159950979497,
        0.5938159950979497,
        0.597991909824984,
        0.599041710558392,
        0.599041710558392,
        0.599041710558392,
        0.599041710558392,
        0.599041710558392,
        0.6027346404569294,
        0.6027346404569294,
        0.6087657718219791,
        0.6087657718219791,
        0.6087657718219791,
        0.609403578565983,
        0.609403578565983,
        0.609403578565983,
        0.6149752335719889,
        0.6149752335719889,
        0.6149752335719889,
        0.6149752335719889,
        0.6162887481318352,
        0.6162887481318352,
        0.6162887481318352,
        0.6162887481318352,
        0.6188529916265387,
        0.6188529916265387,
        0.6201831411936505,
        0.6201831411936505,
        0.6201831411936505,
        0.6209529094004608,
        0.6209529094004608,
        0.6209529094004608,
        0.6209529094004608,
        0.6209529094004608,
        0.6209529094004608,
        0.6209529094004608,
        0.6209529094004608,
        0.6209529094004608,
        0.6209529094004608,
        0.6209529094004608,
        0.6209529094004608,
        0.6209529094004608,
        0.6209529094004608,
        0.6209529094004608,
        0.6209529094004608,
        0.6209529094004608,
        0.6209529094004608,
        0.6209529094004608,
        0.6209529094004608,
        0.6209529094004608,
        0.6209529094004608,
        0.6209529094004608,
        0.6209529094004608,
        0.6209529094004608,
        0.6209529094004608,
        0.6209529094004608,
        0.6209529094004608,
        0.6209529094004608,
        0.6209529094004608,
        0.6209529094004608,
        0.6209529094004608,
        0.6209529094004608,
        0.6209529094004608,
        0.6209529094004608,
        0.6209529094004608,
        0.6209529094004608,
        0.6209529094004608,
        0.6209529094004608,
        0.6209529094004608,
        0.6209529094004608,
        0.6209529094004608,
        0.6209529094004608,
        0.6209529094004608,
        0.6209529094004608,
        0.6209529094004608,
        0.6209529094004608,
        0.6209529094004608,
        0.6209529094004608,
        0.6209529094004608,
        0.6209529094004608,
        0.6209529094004608,
        0.6209529094004608,
        0.6209529094004608,
        0.6209529094004608,
        0.6209529094004608,
        0.6209529094004608,
        0.6209529094004608,
        0.6209529094004608,
        0.6209529094004608,
        0.6209529094004608,
        0.6209529094004608,
        0.6209529094004608,
        0.6209529094004608,
        0.6209529094004608,
        0.6209529094004608,
        0.6209529094004608,
        0.6209529094004608,
        0.6209529094004608,
        0.6209529094004608,
        0.6209529094004608,
        0.6209529094004608,
        0.6209529094004608,
        0.6209529094004608,
        0.6209529094004608,
        0.6209529094004608,
        0.6209529094004608,
        0.6209529094004608,
        0.6209529094004608,
        0.6209529094004608,
        0.6209529094004608,
        0.6209529094004608,
        0.6209529094004608,
        0.6209529094004608,
        0.6209529094004608,
        0.6209529094004608,
        0.6209529094004608,
        0.6209529094004608,
        0.6209529094004608,
        0.629580903657715,
        0.629580903657715,
        0.629580903657715,
        0.629580903657715,
        0.629580903657715,
        0.6296119818309472,
        0.6296119818309472,
        0.6296119818309472,
        0.6296119818309472,
        0.6296119818309472,
        0.6296119818309472,
        0.6296119818309472,
        0.6296119818309472,
        0.6296119818309472,
        0.6296119818309472,
        0.6296119818309472,
        0.6296119818309472,
        0.6296119818309472,
        0.6296119818309472,
        0.6296119818309472,
        0.6296119818309472
    ],