{
    "bestIndiv": [
        [
            11,
            27,
            25,
            13,
            51,
            12,
            10,
            50,
            24,
            5,
            4,
            47,
            23,
            37,
            18,
            40,
            7,
            9,
            8,
            44,
            2,
            17,
            0,
            34,
            33,
            43,
            45,
            38,
            48,
            31,
            30,
            20,
            6,
            1,
            41,
            16,
            21,
            35,
            39,
            14,
            3,
            32,
            42,
            36,
            15,
            29,
            22,
            19,
            49,
            28,
            46,
            26
        ],
        0.714242742427531
    ],
    "best": [
        0.29677378681497585,
        0.2983592916322971,
        0.30364712061434057,
        0.3165950312668761,
        0.3312300653772642,
        0.3402137607434482,
        0.3506073682497052,
        0.3506073682497052,
        0.3549671509543071,
        0.3688414340326431,
        0.389768871931592,
        0.389768871931592,
        0.389768871931592,
        0.389768871931592,
        0.3939024881185904,
        0.40161013726177597,
        0.4186989770270245,
        0.4216759876867181,
        0.4249471369239581,
        0.42613909965654984,
        0.4287767235176892,
        0.4329881041387271,
        0.43958677083929654,
        0.43958677083929654,
        0.4504420273662922,
        0.45116165272646624,
        0.45116165272646624,
        0.4574415073974925,
        0.4678095318981941,
        0.48227668417992586,
        0.48227668417992586,
        0.4849308897958259,
        0.5107302769940946,
        0.5107302769940946,
        0.5107302769940946,
        0.5242622536741671,
        0.5242622536741671,
        0.5244306929176393,
        0.5244306929176393,
        0.5273477304100814,
        0.5453990782544693,
        0.5490938845765525,
        0.5490938845765525,
        0.5569913775481582,
        0.5569913775481582,
        0.5575407250038367,
        0.5610515868085448,
        0.5610515868085448,
        0.5691995953690725,
        0.5691995953690725,
        0.574228564852353,
        0.5786480361133628,
        0.5786480361133628,
        0.5786480361133628,
        0.5786480361133628,
        0.5818149195107963,
        0.5818149195107963,
        0.5903979575623187,
        0.5903979575623187,
        0.5903979575623187,
        0.5903979575623187,
        0.5903979575623187,
        0.5944717575199028,
        0.5998138198467738,
        0.6073700396246263,
        0.619474520458014,
        0.619474520458014,
        0.621371026845609,
        0.621371026845609,
        0.621666560137232,
        0.621666560137232,
        0.6239480030973289,
        0.6266340300423696,
        0.6308387419768984,
        0.6308387419768984,
        0.6344114581036335,
        0.636774494185065,
        0.636774494185065,
        0.636774494185065,
        0.636774494185065,
        0.6388328293905606,
        0.6405650729917142,
        0.6565270379807563,
        0.6588893447553495,
        0.6629486244267876,
        0.6629486244267876,
        0.6629486244267876,
        0.6642748887625011,
        0.6642748887625011,
        0.6642748887625011,
        0.6662350089189399,
        0.6690682053873696,
        0.6718836253974573,
        0.6718836253974573,
        0.6718836253974573,
        0.6718836253974573,
        0.6718836253974573,
        0.6718836253974573,
        0.6718836253974573,
        0.6718836253974573,
        0.6718836253974573,
        0.6718836253974573,
        0.6729490346262983,
        0.6734188089990256,
        0.675002528396579,
        0.675002528396579,
        0.679747674934853,
        0.679747674934853,
        0.679747674934853,
        0.679747674934853,
        0.6856412377911515,
        0.6856412377911515,
        0.6856412377911515,
        0.6856412377911515,
        0.6856412377911515,
        0.6856412377911515,
        0.6856412377911515,
        0.6856412377911515,
        0.6856412377911515,
        0.6856412377911515,
        0.6856412377911515,
        0.6856412377911515,
        0.6856412377911515,
        0.6856412377911515,
        0.6856412377911515,
        0.6859876149555194,
        0.6859876149555194,
        0.6859876149555194,
        0.6859876149555194,
        0.6859876149555194,
        0.6859876149555194,
        0.6859876149555194,
        0.6859876149555194,
        0.6859876149555194,
        0.6874689618290093,
        0.6874689618290093,
        0.6874689618290093,
        0.6874689618290093,
        0.6874689618290093,
        0.6874689618290093,
        0.6874689618290093,
        0.6874689618290093,
        0.6874689618290093,
        0.6887349419441403,
        0.6887349419441403,
        0.6887349419441403,
        0.6887349419441403,
        0.6887349419441403,
        0.6887349419441403,
        0.6947460223754216,
        0.6947460223754216,
        0.6947460223754216,
        0.6947460223754216,
        0.6947460223754216,
        0.6947460223754216,
        0.6947460223754216,
        0.6947460223754216,
        0.6947460223754216,
        0.6947460223754216,
        0.6947460223754216,
        0.6947460223754216,
        0.6947460223754216,
        0.695787341665341,
        0.695787341665341,
        0.695787341665341,
        0.695787341665341,
        0.695787341665341,
        0.695787341665341,
        0.695787341665341,
        0.695787341665341,
        0.695787341665341,
        0.695787341665341,
        0.695787341665341,
        0.695787341665341,
        0.695787341665341,
        0.695787341665341,
        0.695787341665341,
        0.695787341665341,
        0.695787341665341,
        0.695787341665341,
        0.695787341665341,
        0.695787341665341,
        0.695787341665341,
        0.695787341665341,
        0.695787341665341,
        0.695787341665341,
        0.695787341665341,
        0.695787341665341,
        0.695787341665341,
        0.695787341665341,
        0.695787341665341,
        0.714242742427531,
        0.714242742427531,
        0.714242742427531,
        0.714242742427531,
        0.714242742427531,
        0.714242742427531,
        0.714242742427531,
        0.714242742427531,
        0.714242742427531,
        0.714242742427531
    ],