{
    "bestIndiv": [
        [
            24,
            26,
            27,
            45,
            15,
            19,
            49,
            43,
            36,
            39,
            33,
            35,
            21,
            0,
            41,
            6,
            1,
            29,
            28,
            46,
            25,
            12,
            13,
            51,
            10,
            50,
            11,
            42,
            32,
            9,
            17,
            16,
            20,
            30,
            22,
            34,
            48,
            31,
            18,
            7,
            8,
            40,
            2,
            44,
            38,
            37,
            23,
            47,
            3,
            14,
            4,
            5
        ],
        0.6932899115556562
    ],
    "best": [
        0.28178294217625266,
        0.28822377251056697,
        0.3046581660519627,
        0.31735765480667455,
        0.32838425905169494,
        0.32936917293342033,
        0.3456553033852985,
        0.35495218195661643,
        0.35495218195661643,
        0.36640937759008213,
        0.3698705782224422,
        0.37639196681624404,
        0.3820094978370089,
        0.385082360416311,
        0.39321733835386574,
        0.39321733835386574,
        0.3974833309893409,
        0.3974833309893409,
        0.41401271030905973,
        0.41401271030905973,
        0.4328817894882887,
        0.4328817894882887,
        0.4328817894882887,
        0.44801849995840515,
        0.44801849995840515,
        0.44801849995840515,
        0.4542891767329518,
        0.4542891767329518,
        0.45488644175027493,
        0.469805104029631,
        0.472329986685899,
        0.472329986685899,
        0.472329986685899,
        0.47454647473765854,
        0.4754434175073143,
        0.4754434175073143,
        0.4782790310932322,
        0.4790092823651481,
        0.4790092823651481,
        0.48320523325361836,
        0.5081213601172342,
        0.5081213601172342,
        0.5081213601172342,
        0.5082313850792181,
        0.5082313850792181,
        0.5090996103658815,
        0.5090996103658815,
        0.5092100594283295,
        0.5169828495969183,
        0.5169828495969183,
        0.5194197344275062,
        0.5213857356455431,
        0.5292609903831907,
        0.5292609903831907,
        0.5302317203211628,
        0.5325247612731308,
        0.5325247612731308,
        0.5325247612731308,
        0.5325247612731308,
        0.5325247612731308,
        0.5443962640692999,
        0.5443962640692999,
        0.5504252204740827,
        0.5528876669578909,
        0.5591072418573634,
        0.5591072418573634,
        0.5631673353018497,
        0.5631673353018497,
        0.5646329077268722,
        0.5651920822846571,
        0.5744175908801996,
        0.5744175908801996,
        0.5773299490050617,
        0.5982408609622749,
        0.6022203628400098,
        0.6087858914256457,
        0.6087858914256457,
        0.6129074042160205,
        0.6129074042160205,
        0.6129074042160205,
        0.6129074042160205,
        0.6129074042160205,
        0.6129074042160205,
        0.6129074042160205,
        0.6129074042160205,
        0.6129074042160205,
        0.6129074042160205,
        0.6129074042160205,
        0.6129074042160205,
        0.6129074042160205,
        0.6166002446521781,
        0.6166002446521781,
        0.6166002446521781,
        0.618563589549572,
        0.61951115737319,
        0.61951115737319,
        0.6244070071119645,
        0.6264204636407639,
        0.626420463640764,
        0.626420463640764,
        0.6326171462002015,
        0.636085877183346,
        0.6390410219368177,
        0.6390410219368177,
        0.6390410219368177,
        0.6484804873970167,
        0.6484804873970167,
        0.6484804873970168,
        0.6484804873970168,
        0.6484804873970168,
        0.6573974207780131,
        0.6662788638544029,
        0.6662788638544029,
        0.6662788638544029,
        0.6662788638544029,
        0.6662788638544029,
        0.6749804661457368,
        0.6749804661457368,
        0.6749804661457368,
        0.6749804661457368,
        0.6749804661457368,
        0.6749804661457368,
        0.6749804661457368,
        0.6749804661457368,
        0.6749804661457368,
        0.6749804661457368,
        0.6749804661457368,
        0.6749804661457368,
        0.6749804661457368,
        0.6749804661457368,
        0.6749804661457368,
        0.6749804661457368,
        0.6749804661457368,
        0.6749804661457368,
        0.6749804661457368,
        0.6749804661457368,
        0.6749804661457368,
        0.6749804661457368,
        0.6749804661457368,
        0.6749804661457368,
        0.6749804661457368,
        0.6749804661457368,
        0.6750453873122659,
        0.6750453873122659,
        0.6750453873122659,
        0.6750453873122659,
        0.6750453873122659,
        0.6750453873122659,
        0.6750453873122659,
        0.6750453873122659,
        0.6750453873122659,
        0.6750453873122659,
        0.6750453873122659,
        0.6750453873122659,
        0.6750453873122659,
        0.6750453873122659,
        0.6750453873122659,
        0.6750453873122659,
        0.6932899115556562,
        0.6932899115556562,
        0.6932899115556562,
        0.6932899115556562,
        0.6932899115556562,
        0.6932899115556562,
        0.6932899115556562,
        0.6932899115556562,
        0.6932899115556562,
        0.6932899115556562,
        0.6932899115556562,
        0.6932899115556562,
        0.6932899115556562,
        0.6932899115556562,
        0.6932899115556562,
        0.6932899115556562,
        0.6932899115556562,
        0.6932899115556562,
        0.6932899115556562,
        0.6932899115556562,
        0.6932899115556562,
        0.6932899115556562,
        0.6932899115556562,
        0.6932899115556562,
        0.6932899115556562,
        0.6932899115556562,
        0.6932899115556562,
        0.6932899115556562,
        0.6932899115556562,
        0.6932899115556562,
        0.6932899115556562,
        0.6932899115556562,
        0.6932899115556562,
        0.6932899115556562,
        0.6932899115556562,
        0.6932899115556562,
        0.6932899115556562,
        0.6932899115556562,
        0.6932899115556562,
        0.6932899115556562,
        0.6932899115556562,
        0.6932899115556562,
        0.6932899115556562
    ],