{
    "bestIndiv": [
        [
            42,
            9,
            8,
            7,
            40,
            18,
            44,
            2,
            16,
            20,
            22,
            48,
            33,
            47,
            4,
            5,
            14,
            24,
            26,
            10,
            32,
            50,
            11,
            49,
            19,
            43,
            36,
            37,
            23,
            45,
            15,
            28,
            29,
            41,
            1,
            6,
            30,
            17,
            0,
            21,
            31,
            35,
            34,
            38,
            39,
            46,
            25,
            12,
            51,
            13,
            27,
            3
        ],
        0.6838556181807328
    ],
    "best": [
        0.2965246587783425,
        0.31485820389691205,
        0.34190669892920145,
        0.37787031522381886,
        0.37787031522381886,
        0.38055709674327504,
        0.38213748827057803,
        0.38225968810902433,
        0.39543181920696635,
        0.40626293720286194,
        0.40626293720286194,
        0.40626293720286194,
        0.40699705135548675,
        0.41694347777378926,
        0.41694347777378926,
        0.43277026085133335,
        0.43277026085133335,
        0.44325973221910164,
        0.44325973221910164,
        0.4529991092305808,
        0.46850477907152666,
        0.46850477907152666,
        0.46850477907152666,
        0.47536541246377634,
        0.47864044128143896,
        0.47864044128143896,
        0.4922143117417058,
        0.5021823253166543,
        0.5033307630256227,
        0.5033307630256227,
        0.5142817956574751,
        0.5142817956574751,
        0.5142817956574751,
        0.5142817956574751,
        0.5142817956574751,
        0.5142817956574751,
        0.5147354612964,
        0.5162911373676906,
        0.5162911373676906,
        0.5175515433896034,
        0.519046150117209,
        0.519046150117209,
        0.5262367980393291,
        0.5262367980393292,
        0.5262367980393292,
        0.5292663351400653,
        0.5307225998005833,
        0.5315099694622442,
        0.5347132199802247,
        0.5367436219087739,
        0.5501995379637221,
        0.5501995379637221,
        0.5501995379637221,
        0.5501995379637221,
        0.5507411181339578,
        0.5521339742209999,
        0.5530317089769287,
        0.5530317089769287,
        0.5544239851952003,
        0.5544239851952003,
        0.561861334701197,
        0.5695654335708986,
        0.5695654335708986,
        0.5735103200342677,
        0.5735103200342677,
        0.5735103200342677,
        0.5847881695498938,
        0.5847881695498938,
        0.5847881695498938,
        0.5847881695498938,
        0.5847881695498938,
        0.5932359943858873,
        0.5939317428766898,
        0.5939317428766898,
        0.5939317428766898,
        0.5979822874845645,
        0.5989338540473058,
        0.603772130324488,
        0.605688289854791,
        0.6074682799190122,
        0.6074682799190122,
        0.6106808818612853,
        0.6182335279776167,
        0.6221094247970855,
        0.6221094247970855,
        0.623368379602953,
        0.623368379602953,
        0.6409821304376453,
        0.6409821304376453,
        0.6409821304376453,
        0.6495761350351711,
        0.6495761350351711,
        0.6495761350351711,
        0.6495761350351711,
        0.6524810385850139,
        0.6524810385850139,
        0.6524810385850139,
        0.6524810385850139,
        0.6524810385850139,
        0.6524810385850139,
        0.6524810385850139,
        0.6524810385850139,
        0.6524810385850139,
        0.6524810385850139,
        0.6524810385850139,
        0.6524810385850139,
        0.653394173321304,
        0.653394173321304,
        0.653394173321304,
        0.653394173321304,
        0.653394173321304,
        0.653394173321304,
        0.653394173321304,
        0.653394173321304,
        0.653394173321304,
        0.653394173321304,
        0.653394173321304,
        0.653394173321304,
        0.6621377772551946,
        0.6621377772551946,
        0.6621377772551946,
        0.6621377772551946,
        0.6621377772551946,
        0.6621377772551946,
        0.6621377772551946,
        0.6621377772551946,
        0.6621377772551946,
        0.6621377772551946,
        0.6621377772551946,
        0.6662908287293645,
        0.6662908287293645,
        0.6662908287293645,
        0.6662908287293645,
        0.6662908287293645,
        0.6667648805831636,
        0.6667648805831636,
        0.6667648805831636,
        0.6667648805831636,
        0.6667648805831636,
        0.6667648805831636,
        0.6667648805831636,
        0.6667648805831636,
        0.6667648805831636,
        0.6755487934952414,
        0.6755487934952414,
        0.6755487934952414,
        0.6755487934952414,
        0.6755487934952414,
        0.6755487934952414,
        0.6755487934952414,
        0.6755487934952414,
        0.6755487934952414,
        0.6755487934952414,
        0.6755487934952414,
        0.6755487934952414,
        0.6755487934952414,
        0.6755487934952414,
        0.6755487934952414,
        0.6755487934952414,
        0.6755487934952414,
        0.6755487934952414,
        0.6755487934952414,
        0.6803659125911136,
        0.6803659125911136,
        0.6803659125911136,
        0.6803659125911136,
        0.6803659125911136,
        0.6803659125911136,
        0.6803659125911136,
        0.6803659125911136,
        0.6803659125911136,
        0.6803659125911136,
        0.6803659125911136,
        0.6803659125911136,
        0.6803659125911136,
        0.6836542450151047,
        0.6836542450151047,
        0.6836542450151047,
        0.6836542450151047,
        0.6836542450151047,
        0.6836542450151047,
        0.6836542450151047,
        0.6836542450151047,
        0.6836542450151047,
        0.6836542450151047,
        0.6838556181807328,
        0.6838556181807328,
        0.6838556181807328,
        0.6838556181807328,
        0.6838556181807328,
        0.6838556181807328,
        0.6838556181807328,
        0.6838556181807328,
        0.6838556181807328,
        0.6838556181807328,
        0.6838556181807328,
        0.6838556181807328,
        0.6838556181807328,
        0.6838556181807328,
        0.6838556181807328,
        0.6838556181807328
    ],