{
    "bestIndiv": [
        [
            7,
            40,
            18,
            31,
            39,
            36,
            38,
            45,
            5,
            3,
            50,
            10,
            27,
            26,
            11,
            14,
            4,
            37,
            23,
            22,
            29,
            15,
            43,
            0,
            19,
            49,
            33,
            34,
            35,
            48,
            20,
            1,
            6,
            28,
            46,
            13,
            12,
            51,
            25,
            24,
            47,
            21,
            30,
            16,
            41,
            17,
            2,
            44,
            42,
            32,
            8,
            9
        ],
        0.613403250163169
    ],
    "best": [
        0.2982676061331995,
        0.2982676061331995,
        0.34317234993422185,
        0.34317234993422185,
        0.3492979142773798,
        0.3492979142773798,
        0.35440053307410624,
        0.35440053307410624,
        0.3580180328086638,
        0.37810142105556616,
        0.38137292490074015,
        0.3877004055430015,
        0.3877004055430015,
        0.3919871424453475,
        0.39828173020090707,
        0.40144586979727337,
        0.40760302138191645,
        0.4197749525417977,
        0.4197749525417977,
        0.4327333783183328,
        0.45400485803522833,
        0.45400485803522833,
        0.45400485803522833,
        0.45431266320882524,
        0.4553940965493078,
        0.4799827939089163,
        0.4817199806572155,
        0.48283927676674215,
        0.48283927676674215,
        0.48283927676674215,
        0.4968260304048092,
        0.4968260304048092,
        0.4971846214355958,
        0.5078331608070268,
        0.5079767141999316,
        0.5087317522040761,
        0.5087317522040761,
        0.5087317522040761,
        0.5087317522040761,
        0.5087317522040761,
        0.5087317522040761,
        0.5151085010980411,
        0.5151085010980411,
        0.5166267627669497,
        0.531022608843047,
        0.531022608843047,
        0.531022608843047,
        0.5310226088430471,
        0.53287602832484,
        0.53287602832484,
        0.5372191969029941,
        0.5372191969029941,
        0.5372191969029941,
        0.5372191969029942,
        0.5430517571048786,
        0.5430517571048786,
        0.5447844324266068,
        0.545150356791147,
        0.5485807393672657,
        0.5485807393672657,
        0.5617949804539583,
        0.5617949804539583,
        0.5617949804539583,
        0.5640412444510816,
        0.5640412444510816,
        0.5640412444510816,
        0.5640412444510816,
        0.5646383394614651,
        0.5661105142475988,
        0.5661105142475988,
        0.5667120006952114,
        0.5683586072370715,
        0.5683586072370715,
        0.5776912311646302,
        0.5776912311646302,
        0.5795032670309889,
        0.5795032670309889,
        0.5815373960143569,
        0.5815373960143569,
        0.5815373960143569,
        0.5815373960143569,
        0.5815373960143569,
        0.5815373960143569,
        0.5815373960143569,
        0.5815373960143569,
        0.5821721293006363,
        0.5821721293006363,
        0.5821721293006363,
        0.5821721293006363,
        0.5821721293006363,
        0.5821721293006363,
        0.5821721293006363,
        0.5821721293006363,
        0.5821721293006363,
        0.5821721293006363,
        0.5821721293006363,
        0.5821721293006363,
        0.5836140461140569,
        0.5836140461140569,
        0.5836140461140569,
        0.5836140461140569,
        0.5839578937276396,
        0.5839578937276396,
        0.5839578937276396,
        0.5839578937276396,
        0.58473418814345,
        0.58473418814345,
        0.58473418814345,
        0.58473418814345,
        0.58473418814345,
        0.58473418814345,
        0.58473418814345,
        0.58473418814345,
        0.58473418814345,
        0.58473418814345,
        0.58473418814345,
        0.58473418814345,
        0.58473418814345,
        0.58473418814345,
        0.58473418814345,
        0.58473418814345,
        0.58473418814345,
        0.58473418814345,
        0.58473418814345,
        0.58473418814345,
        0.58473418814345,
        0.58473418814345,
        0.58473418814345,
        0.58473418814345,
        0.58473418814345,
        0.58473418814345,
        0.58473418814345,
        0.58473418814345,
        0.58473418814345,
        0.5855996598356439,
        0.5855996598356439,
        0.5855996598356439,
        0.5855996598356439,
        0.5855996598356439,
        0.5855996598356439,
        0.5869606530963498,
        0.5869606530963498,
        0.5869606530963498,
        0.5891294482480127,
        0.5891294482480127,
        0.5891294482480127,
        0.5891294482480127,
        0.5891294482480127,
        0.5979906602788222,
        0.5979906602788222,
        0.5979906602788222,
        0.5979906602788222,
        0.5979906602788222,
        0.5979906602788222,
        0.5979906602788222,
        0.5979906602788222,
        0.5979906602788222,
        0.5979906602788222,
        0.5979906602788222,
        0.5979906602788222,
        0.5979906602788222,
        0.5979906602788222,
        0.5979906602788222,
        0.5979906602788222,
        0.5979906602788222,
        0.5979906602788222,
        0.5979906602788222,
        0.5979906602788222,
        0.5979906602788222,
        0.5979906602788222,
        0.5979906602788222,
        0.5979906602788222,
        0.5979906602788222,
        0.5979906602788222,
        0.5979906602788222,
        0.5979906602788222,
        0.5979906602788222,
        0.6085737122834194,
        0.6085737122834194,
        0.6085737122834194,
        0.6085737122834194,
        0.6085737122834194,
        0.6085737122834194,
        0.6085737122834194,
        0.6085737122834194,
        0.6085737122834194,
        0.6085737122834194,
        0.6085737122834194,
        0.6085737122834194,
        0.6085737122834194,
        0.6085737122834194,
        0.6085737122834194,
        0.6085737122834194,
        0.6085737122834194,
        0.6085737122834194,
        0.6085737122834194,
        0.613403250163169,
        0.613403250163169,
        0.613403250163169,
        0.613403250163169,
        0.613403250163169
    ],