{
    "bestIndiv": [
        [
            4,
            5,
            32,
            10,
            50,
            27,
            12,
            51,
            13,
            46,
            25,
            26,
            11,
            24,
            45,
            43,
            36,
            37,
            14,
            42,
            3,
            23,
            47,
            15,
            28,
            49,
            19,
            22,
            29,
            20,
            16,
            2,
            44,
            18,
            7,
            9,
            8,
            40,
            17,
            1,
            6,
            41,
            30,
            48,
            31,
            21,
            0,
            33,
            34,
            35,
            38,
            39
        ],
        0.7534745382663519
    ],
    "best": [
        0.2938599743734584,
        0.3167773250581152,
        0.32443161545112026,
        0.3324667748255397,
        0.3324667748255397,
        0.3327401711203353,
        0.3408489089456587,
        0.3484346829259831,
        0.3508488476669173,
        0.35368147126157307,
        0.35877468288254993,
        0.35877468288254993,
        0.3653401117276729,
        0.37367789207211594,
        0.3828247513870642,
        0.3836443105364496,
        0.3861499439992649,
        0.40107630528032023,
        0.40107630528032023,
        0.41391810903367676,
        0.4307789314397245,
        0.4307789314397245,
        0.451261983526169,
        0.451261983526169,
        0.451261983526169,
        0.451261983526169,
        0.45417271709316676,
        0.45417271709316676,
        0.4544894127313638,
        0.46311939338117686,
        0.4650178164345688,
        0.4711954433167263,
        0.4711954433167263,
        0.4711954433167263,
        0.48087183881200257,
        0.48087183881200257,
        0.4820615247252144,
        0.4900760752558088,
        0.4900760752558088,
        0.4901585213696373,
        0.4913443491092624,
        0.4913443491092624,
        0.4982701934962894,
        0.4982701934962894,
        0.5032886813328115,
        0.5146651202950012,
        0.5202843175562596,
        0.5250584994460848,
        0.5315234240465746,
        0.5375274281227712,
        0.5375274281227712,
        0.5375274281227712,
        0.5375274281227712,
        0.538130638278425,
        0.538130638278425,
        0.538130638278425,
        0.545852117119368,
        0.5497338520033438,
        0.5497338520033438,
        0.5513858296594893,
        0.5513858296594893,
        0.5526365016443177,
        0.5637688911062054,
        0.5637688911062054,
        0.5679436302103578,
        0.5679436302103578,
        0.5717990588033669,
        0.5717990588033669,
        0.5717990588033669,
        0.5725340800503318,
        0.5773767929140845,
        0.5834358286864656,
        0.5995813183908816,
        0.5995813183908816,
        0.5995813183908816,
        0.5995813183908816,
        0.6004071391946366,
        0.6019596847679136,
        0.6019596847679136,
        0.6019596847679136,
        0.6065710205797901,
        0.6280166105045041,
        0.6280166105045041,
        0.6280166105045041,
        0.6516087185174585,
        0.6671571428803005,
        0.6671571428803005,
        0.6671571428803005,
        0.6671571428803005,
        0.6671571428803005,
        0.6671571428803005,
        0.6671571428803005,
        0.6671571428803005,
        0.6671571428803005,
        0.6672636156098406,
        0.6672636156098406,
        0.6672636156098406,
        0.6672636156098406,
        0.6845121347358435,
        0.6845121347358435,
        0.6845121347358435,
        0.6885104129407138,
        0.6885104129407138,
        0.6885104129407138,
        0.6885104129407138,
        0.694747257639921,
        0.694747257639921,
        0.694747257639921,
        0.694747257639921,
        0.694747257639921,
        0.694747257639921,
        0.694747257639921,
        0.694747257639921,
        0.694747257639921,
        0.694747257639921,
        0.694747257639921,
        0.694747257639921,
        0.694747257639921,
        0.694747257639921,
        0.694747257639921,
        0.694747257639921,
        0.694747257639921,
        0.703593983085817,
        0.703593983085817,
        0.71374506277428,
        0.71374506277428,
        0.71374506277428,
        0.71374506277428,
        0.7202824431426198,
        0.7202824431426198,
        0.7202824431426198,
        0.7202824431426198,
        0.7202824431426198,
        0.72628554071648,
        0.72628554071648,
        0.72628554071648,
        0.7336599170977549,
        0.7336599170977549,
        0.7336599170977549,
        0.7336599170977549,
        0.7336599170977549,
        0.7336599170977549,
        0.7336599170977549,
        0.7336599170977549,
        0.7336599170977549,
        0.7336599170977549,
        0.7336599170977549,
        0.7336599170977549,
        0.7336599170977549,
        0.7336599170977549,
        0.7336599170977549,
        0.7336599170977549,
        0.7336599170977549,
        0.7336599170977549,
        0.7336599170977549,
        0.7336599170977549,
        0.7336599170977549,
        0.7336599170977549,
        0.7336599170977549,
        0.7336599170977549,
        0.7336599170977549,
        0.7336599170977549,
        0.7376020816521527,
        0.7413109774985057,
        0.7413109774985057,
        0.7534745382663519,
        0.7534745382663519,
        0.7534745382663519,
        0.7534745382663519,
        0.7534745382663519,
        0.7534745382663519,
        0.7534745382663519,
        0.7534745382663519,
        0.7534745382663519,
        0.7534745382663519,
        0.7534745382663519,
        0.7534745382663519,
        0.7534745382663519,
        0.7534745382663519,
        0.7534745382663519,
        0.7534745382663519,
        0.7534745382663519,
        0.7534745382663519,
        0.7534745382663519,
        0.7534745382663519,
        0.7534745382663519,
        0.7534745382663519,
        0.7534745382663519,
        0.7534745382663519,
        0.7534745382663519,
        0.7534745382663519,
        0.7534745382663519,
        0.7534745382663519,
        0.7534745382663519,
        0.7534745382663519,
        0.7534745382663519,
        0.7534745382663519,
        0.7534745382663519,
        0.7534745382663519,
        0.7534745382663519,
        0.7534745382663519
    ],