{
    "bestIndiv": [
        [
            44,
            31,
            30,
            21,
            43,
            33,
            35,
            48,
            2,
            16,
            6,
            1,
            41,
            29,
            28,
            49,
            0,
            38,
            45,
            15,
            37,
            39,
            5,
            32,
            42,
            14,
            4,
            3,
            11,
            50,
            10,
            27,
            25,
            26,
            12,
            51,
            13,
            46,
            24,
            23,
            47,
            36,
            34,
            19,
            22,
            20,
            17,
            18,
            40,
            9,
            8,
            7
        ],
        0.7216840449152938
    ],
    "best": [
        0.2866095923875466,
        0.29117492799914096,
        0.2984905015026347,
        0.3326245703324234,
        0.3549496608349142,
        0.3549496608349142,
        0.35930142295665696,
        0.35930142295665696,
        0.35930142295665696,
        0.38410466499479634,
        0.38410466499479634,
        0.38410466499479634,
        0.39317918164808097,
        0.39396982721325463,
        0.39935693200158257,
        0.39998362503125234,
        0.42241530270810046,
        0.4432963518688159,
        0.4432963518688159,
        0.4432963518688159,
        0.44354895184082715,
        0.44402414858389294,
        0.45131467592882507,
        0.4580602232635017,
        0.4580602232635017,
        0.46655036890722296,
        0.47393521229400826,
        0.4818289686443225,
        0.4818289686443225,
        0.4954653233503479,
        0.5029902987232939,
        0.5113230374173449,
        0.5567143148991961,
        0.5567143148991961,
        0.566941677151834,
        0.566941677151834,
        0.5687842110451716,
        0.5706058634705061,
        0.5762742602347589,
        0.5762742602347589,
        0.5814399747890397,
        0.5856039013894301,
        0.5875699448015824,
        0.5875699448015824,
        0.592941096527655,
        0.5949567995804159,
        0.6024902483780127,
        0.6024902483780127,
        0.6024902483780127,
        0.6089520917830265,
        0.6089520917830265,
        0.6092912467978591,
        0.6092912467978591,
        0.6150266196692751,
        0.6150266196692751,
        0.6180846845948645,
        0.6198996505667091,
        0.6253095845961609,
        0.6253095845961609,
        0.6363753033767914,
        0.6363753033767914,
        0.6432546881874841,
        0.6432546881874841,
        0.6436726957659304,
        0.6436726957659304,
        0.6507116312164505,
        0.6524926723691392,
        0.6530545180798072,
        0.653273895185977,
        0.653273895185977,
        0.6538370876669494,
        0.6538370876669494,
        0.6538370876669494,
        0.6538370876669494,
        0.6538370876669494,
        0.6538370876669494,
        0.6538370876669494,
        0.6538370876669494,
        0.6538370876669494,
        0.6538370876669494,
        0.6538370876669494,
        0.6538370876669494,
        0.654319830733282,
        0.654319830733282,
        0.654319830733282,
        0.6633716960863709,
        0.6633716960863709,
        0.6638686264030559,
        0.6651422993024805,
        0.6655811079621285,
        0.6701908517606989,
        0.6701908517606989,
        0.6701908517606989,
        0.670190851760699,
        0.670190851760699,
        0.670190851760699,
        0.670190851760699,
        0.6727700322177137,
        0.6727700322177137,
        0.6727700322177137,
        0.6727700322177137,
        0.6727700322177137,
        0.6727700322177137,
        0.6727700322177137,
        0.6727700322177137,
        0.6727700322177137,
        0.6727700322177137,
        0.6727700322177137,
        0.6727700322177137,
        0.6727700322177137,
        0.6727700322177137,
        0.6727700322177137,
        0.6727700322177137,
        0.6727700322177137,
        0.6727700322177137,
        0.6727700322177137,
        0.6736147515650532,
        0.6736147515650532,
        0.678816454860049,
        0.678816454860049,
        0.678816454860049,
        0.678816454860049,
        0.6907059855568771,
        0.6907059855568771,
        0.6907059855568771,
        0.6907059855568771,
        0.6907059855568771,
        0.6932096190539527,
        0.6932096190539527,
        0.6932096190539527,
        0.6932096190539527,
        0.6932096190539528,
        0.6932096190539528,
        0.6932096190539528,
        0.6959938232696073,
        0.6959938232696073,
        0.6959938232696073,
        0.6959938232696073,
        0.6959938232696073,
        0.6959938232696073,
        0.6959938232696073,
        0.6959938232696073,
        0.6959938232696073,
        0.6959938232696073,
        0.6959938232696073,
        0.6959938232696073,
        0.6959938232696073,
        0.6959938232696073,
        0.7064188889430019,
        0.7064188889430019,
        0.7064188889430019,
        0.7064188889430019,
        0.7064188889430019,
        0.7064188889430019,
        0.7164020430902633,
        0.7164020430902633,
        0.7164020430902633,
        0.7164020430902633,
        0.7164020430902633,
        0.7164020430902633,
        0.7164020430902633,
        0.7174719534641912,
        0.7176688633826339,
        0.7176688633826339,
        0.7176688633826339,
        0.7176688633826339,
        0.7176688633826339,
        0.717668863382634,
        0.717668863382634,
        0.717668863382634,
        0.717668863382634,
        0.717668863382634,
        0.717668863382634,
        0.717668863382634,
        0.717668863382634,
        0.717668863382634,
        0.717668863382634,
        0.717668863382634,
        0.717668863382634,
        0.717668863382634,
        0.717668863382634,
        0.717668863382634,
        0.717668863382634,
        0.717668863382634,
        0.717668863382634,
        0.717668863382634,
        0.717668863382634,
        0.717668863382634,
        0.717668863382634,
        0.7181096255058347,
        0.7181096255058347,
        0.7181096255058347,
        0.7192841088930111,
        0.7192841088930111,
        0.7192841088930111,
        0.7192841088930111,
        0.7216840449152938,
        0.7216840449152938,
        0.7216840449152938,
        0.7216840449152938,
        0.7216840449152938
    ],