{
    "bestIndiv": [
        [
            39,
            37,
            36,
            38,
            34,
            33,
            15,
            28,
            19,
            49,
            43,
            45,
            24,
            3,
            5,
            48,
            0,
            20,
            1,
            41,
            6,
            29,
            22,
            44,
            18,
            7,
            9,
            8,
            32,
            51,
            13,
            10,
            50,
            11,
            26,
            12,
            46,
            25,
            27,
            4,
            23,
            47,
            14,
            42,
            40,
            2,
            16,
            30,
            17,
            21,
            31,
            35
        ],
        0.6939525115388858
    ],
    "best": [
        0.28178294217625266,
        0.28822377251056697,
        0.3046581660519627,
        0.31735765480667455,
        0.32838425905169494,
        0.32936917293342033,
        0.3456553033852985,
        0.35495218195661643,
        0.35495218195661643,
        0.36640937759008213,
        0.3698705782224422,
        0.37639196681624404,
        0.3820094978370089,
        0.385082360416311,
        0.39321733835386574,
        0.39321733835386574,
        0.3974833309893409,
        0.3974833309893409,
        0.41401271030905973,
        0.41401271030905973,
        0.4328817894882887,
        0.4328817894882887,
        0.4362451493886732,
        0.4392185689275612,
        0.44121452672861966,
        0.45850734212314054,
        0.45850734212314054,
        0.45850734212314054,
        0.46121544825454186,
        0.46121544825454186,
        0.46121544825454186,
        0.46121544825454186,
        0.47351089114608347,
        0.4787485122173709,
        0.48264623649102434,
        0.4968772521175816,
        0.4968772521175816,
        0.5068700326284169,
        0.516079576376965,
        0.5297980741518855,
        0.5297980741518855,
        0.5441888268822789,
        0.5553274269142616,
        0.5553274269142616,
        0.5568237246824653,
        0.5568237246824653,
        0.559140702283069,
        0.5715818052026703,
        0.5748428319302457,
        0.5748428319302457,
        0.5976455454469882,
        0.5976455454469882,
        0.5976455454469882,
        0.6036632266167661,
        0.6036632266167661,
        0.6089447531479533,
        0.6089447531479533,
        0.6089447531479533,
        0.6089447531479533,
        0.6089447531479533,
        0.6089447531479533,
        0.6089447531479533,
        0.6116285734965863,
        0.6116285734965863,
        0.6226665929898683,
        0.6226665929898683,
        0.6226665929898683,
        0.6246297110397377,
        0.628275259955857,
        0.628275259955857,
        0.6284136022830682,
        0.6284136022830682,
        0.6284136022830682,
        0.6284136022830682,
        0.6284136022830682,
        0.6284136022830682,
        0.6287640876398665,
        0.6287640876398665,
        0.6287640876398665,
        0.6287640876398665,
        0.6287640876398665,
        0.6287640876398665,
        0.6287640876398666,
        0.6287640876398666,
        0.6339680027284003,
        0.6339680027284003,
        0.6339680027284003,
        0.6414577097305757,
        0.6414577097305757,
        0.6414577097305758,
        0.6414577097305758,
        0.6445860119047992,
        0.6472037904470116,
        0.6533269226799753,
        0.6533269226799753,
        0.6533269226799753,
        0.656903723705416,
        0.656903723705416,
        0.656903723705416,
        0.6572791531130106,
        0.6572791531130106,
        0.6572791531130106,
        0.6572791531130106,
        0.6572791531130106,
        0.6572791531130106,
        0.6572791531130106,
        0.6572791531130106,
        0.6671844259976849,
        0.6671844259976849,
        0.6671844259976849,
        0.6671844259976849,
        0.6671844259976849,
        0.6671844259976849,
        0.6671844259976849,
        0.6671844259976849,
        0.6671844259976849,
        0.6671844259976849,
        0.6671844259976849,
        0.6671844259976849,
        0.6671844259976849,
        0.6671844259976849,
        0.6671844259976849,
        0.6671844259976849,
        0.6671844259976849,
        0.6671844259976849,
        0.6671844259976849,
        0.6681764390890855,
        0.6681764390890855,
        0.6681764390890855,
        0.6681764390890855,
        0.6681764390890855,
        0.6681764390890855,
        0.6681764390890855,
        0.6681764390890855,
        0.6681764390890855,
        0.6681764390890855,
        0.6681764390890855,
        0.6681764390890855,
        0.6773627906315762,
        0.6773627906315762,
        0.6773627906315762,
        0.6773627906315762,
        0.6773627906315762,
        0.6876297263519247,
        0.6876297263519247,
        0.6876297263519247,
        0.6876297263519247,
        0.6876297263519247,
        0.6876297263519247,
        0.6876297263519247,
        0.6876297263519247,
        0.6876297263519247,
        0.6876297263519247,
        0.6876297263519247,
        0.6876297263519247,
        0.6876297263519247,
        0.6876297263519247,
        0.6876297263519247,
        0.6876297263519247,
        0.6876297263519247,
        0.6876297263519247,
        0.6876297263519247,
        0.6876297263519247,
        0.6939525115388858,
        0.6939525115388858,
        0.6939525115388858,
        0.6939525115388858,
        0.6939525115388858,
        0.6939525115388858,
        0.6939525115388858,
        0.6939525115388858,
        0.6939525115388858,
        0.6939525115388858,
        0.6939525115388858,
        0.6939525115388858,
        0.6939525115388858,
        0.6939525115388858,
        0.6939525115388858,
        0.6939525115388858,
        0.6939525115388858,
        0.6939525115388858,
        0.6939525115388858,
        0.6939525115388858,
        0.6939525115388858,
        0.6939525115388858,
        0.6939525115388858,
        0.6939525115388858,
        0.6939525115388858,
        0.6939525115388858,
        0.6939525115388858,
        0.6939525115388858,
        0.6939525115388858,
        0.6939525115388858,
        0.6939525115388858,
        0.6939525115388858,
        0.6939525115388858,
        0.6939525115388858,
        0.6939525115388858,
        0.6939525115388858,
        0.6939525115388858,
        0.6939525115388858
    ],