{
    "bestIndiv": [
        [
            22,
            48,
            31,
            44,
            18,
            7,
            8,
            9,
            40,
            2,
            17,
            16,
            20,
            41,
            1,
            6,
            29,
            49,
            35,
            34,
            33,
            36,
            38,
            21,
            30,
            0,
            43,
            45,
            24,
            5,
            23,
            47,
            32,
            11,
            25,
            26,
            27,
            46,
            12,
            13,
            51,
            10,
            50,
            3,
            42,
            14,
            4,
            37,
            39,
            15,
            28,
            19
        ],
        0.7469445375233799
    ],
    "best": [
        0.2876155854478391,
        0.2876155854478391,
        0.3095436434376937,
        0.3275318223143035,
        0.3326764304568751,
        0.3326764304568751,
        0.3521812623464053,
        0.3521812623464053,
        0.3521812623464053,
        0.3564007748058171,
        0.36681757604309234,
        0.3700679716520431,
        0.37716636567185163,
        0.37982269775561717,
        0.3995653198750641,
        0.4021587945376724,
        0.4074845872574603,
        0.4187550746168337,
        0.4275454189118874,
        0.44021017745787544,
        0.44021017745787544,
        0.44688632930734107,
        0.4648908486476851,
        0.4648908486476851,
        0.4770719178200852,
        0.48627227645190674,
        0.48627227645190674,
        0.4909507346176507,
        0.49201207583071604,
        0.4985589052095792,
        0.4985589052095792,
        0.5034779669545528,
        0.505485989614119,
        0.505485989614119,
        0.5071937184524528,
        0.5167402115567944,
        0.5167402115567944,
        0.5167402115567944,
        0.5174069802781566,
        0.5211280119931767,
        0.52601727815953,
        0.5305258940097828,
        0.5398924297068308,
        0.5420607638490001,
        0.5428221682546046,
        0.5428221682546046,
        0.5428221682546046,
        0.5469551073089581,
        0.5482205375738608,
        0.5536726501596355,
        0.5579731218569632,
        0.5579731218569632,
        0.5579731218569632,
        0.5579731218569632,
        0.5579731218569632,
        0.5579731218569632,
        0.5601064501549936,
        0.5601064501549936,
        0.5674057676658532,
        0.5674057676658532,
        0.5686899692665411,
        0.5687304493450538,
        0.5715790969838106,
        0.5839954100704886,
        0.5895751654246543,
        0.6046542123852349,
        0.6046542123852349,
        0.6046542123852349,
        0.6046542123852349,
        0.6311759053271222,
        0.6311759053271222,
        0.6311759053271222,
        0.6331706331612613,
        0.6400618832941938,
        0.6410247833539299,
        0.6410247833539299,
        0.6450383457214673,
        0.6553281203759332,
        0.6553281203759332,
        0.6553281203759332,
        0.6553281203759332,
        0.6553281203759332,
        0.6553281203759332,
        0.6553281203759332,
        0.6553281203759332,
        0.656156838435588,
        0.656156838435588,
        0.656156838435588,
        0.656156838435588,
        0.656156838435588,
        0.656156838435588,
        0.6571878483698186,
        0.6571878483698186,
        0.6571878483698186,
        0.6571878483698186,
        0.6571878483698186,
        0.6571878483698186,
        0.6571878483698186,
        0.6571878483698186,
        0.6571878483698186,
        0.6612077217115486,
        0.6612077217115486,
        0.6612077217115486,
        0.6645221755084714,
        0.6645221755084714,
        0.6645221755084714,
        0.6645221755084714,
        0.6654902454111544,
        0.6654902454111544,
        0.6654902454111544,
        0.6654902454111544,
        0.6654902454111544,
        0.6654902454111544,
        0.6654902454111544,
        0.6654902454111544,
        0.6758800729395692,
        0.6758800729395692,
        0.6758800729395692,
        0.6772121986461324,
        0.6772121986461324,
        0.6772121986461324,
        0.6772121986461324,
        0.6772121986461324,
        0.6772121986461324,
        0.6772121986461324,
        0.6772121986461324,
        0.6772121986461324,
        0.6772121986461324,
        0.6772121986461324,
        0.6779936951200158,
        0.6779936951200158,
        0.6779936951200158,
        0.6780825261424129,
        0.6780825261424129,
        0.6780825261424129,
        0.6780825261424129,
        0.6780825261424129,
        0.6780825261424129,
        0.6780825261424129,
        0.6800391750839498,
        0.6800391750839498,
        0.6800391750839498,
        0.680128542949527,
        0.680128542949527,
        0.680128542949527,
        0.680128542949527,
        0.6840974157523976,
        0.6840974157523976,
        0.6840974157523976,
        0.6859111853402705,
        0.6859111853402705,
        0.6859111853402705,
        0.6859111853402705,
        0.6859111853402705,
        0.6859111853402705,
        0.6859111853402705,
        0.7079711651220918,
        0.7079711651220918,
        0.7401417961040225,
        0.7401417961040225,
        0.7401417961040225,
        0.7401417961040225,
        0.7401417961040225,
        0.7434999855311887,
        0.7434999855311887,
        0.7434999855311887,
        0.744591921423428,
        0.744591921423428,
        0.744591921423428,
        0.744591921423428,
        0.744591921423428,
        0.744591921423428,
        0.744591921423428,
        0.744591921423428,
        0.744591921423428,
        0.744591921423428,
        0.744591921423428,
        0.744591921423428,
        0.744591921423428,
        0.7469445375233797,
        0.7469445375233797,
        0.7469445375233797,
        0.7469445375233797,
        0.7469445375233799,
        0.7469445375233799,
        0.7469445375233799,
        0.7469445375233799,
        0.7469445375233799,
        0.7469445375233799,
        0.7469445375233799,
        0.7469445375233799,
        0.7469445375233799,
        0.7469445375233799,
        0.7469445375233799,
        0.7469445375233799,
        0.7469445375233799,
        0.7469445375233799,
        0.7469445375233799,
        0.7469445375233799,
        0.7469445375233799,
        0.7469445375233799
    ],