{
    "bestIndiv": [
        [
            4,
            36,
            43,
            28,
            29,
            1,
            6,
            22,
            20,
            41,
            16,
            2,
            42,
            32,
            11,
            27,
            25,
            26,
            12,
            50,
            10,
            51,
            13,
            46,
            45,
            48,
            18,
            8,
            9,
            7,
            40,
            14,
            47,
            33,
            34,
            38,
            23,
            5,
            3,
            24,
            35,
            30,
            17,
            15,
            49,
            19,
            21,
            0,
            31,
            44,
            39,
            37
        ],
        0.6407361923736309
    ],
    "best": [
        0.28999371619417674,
        0.2933744779456974,
        0.3229054135795047,
        0.3270519409547018,
        0.3415815162733237,
        0.3436864242230805,
        0.350130978290238,
        0.35225957090306276,
        0.35225957090306276,
        0.36207125811363144,
        0.370851839840478,
        0.3766674671776928,
        0.3766674671776928,
        0.3846616681233002,
        0.39012419783879576,
        0.39559319502029894,
        0.3971602393293768,
        0.41261893063905314,
        0.41261893063905314,
        0.41261893063905314,
        0.41452958830394837,
        0.42456924939966545,
        0.4279138890932924,
        0.43754596643206295,
        0.43754596643206295,
        0.43754596643206295,
        0.4450770684653032,
        0.4454320091475154,
        0.44658724406053785,
        0.45637452105097787,
        0.4613371204041292,
        0.4613371204041292,
        0.4652260081505742,
        0.47101493415241913,
        0.4710149341524192,
        0.4710149341524192,
        0.48495011621848355,
        0.48495011621848355,
        0.48998036291479197,
        0.49166245925804697,
        0.49166245925804697,
        0.4986397145878592,
        0.4986397145878592,
        0.5140204061740892,
        0.5140204061740892,
        0.5140204061740892,
        0.5140204061740892,
        0.5140204061740892,
        0.5140204061740892,
        0.5143715921183974,
        0.5143715921183974,
        0.5156613390752203,
        0.5160765132962519,
        0.5160765132962519,
        0.5160765132962519,
        0.5160765132962519,
        0.5160765132962519,
        0.5160765132962519,
        0.5160765132962519,
        0.5160765132962519,
        0.5160765132962519,
        0.5164908707162879,
        0.5167969567473639,
        0.5194420060607503,
        0.5194420060607503,
        0.5196607765742847,
        0.5196607765742847,
        0.5196607765742847,
        0.5196607765742847,
        0.5196607765742847,
        0.5196607765742847,
        0.5196607765742847,
        0.5196607765742847,
        0.5196607765742847,
        0.5371202863718653,
        0.5371202863718653,
        0.5371202863718653,
        0.5371202863718653,
        0.5371202863718653,
        0.537278785078518,
        0.537278785078518,
        0.5382920076443862,
        0.5470576428176985,
        0.5470576428176985,
        0.5470576428176985,
        0.5470576428176985,
        0.548419645806118,
        0.5486257728350564,
        0.5669358761966649,
        0.5669358761966649,
        0.5669358761966649,
        0.5669358761966649,
        0.5671494910634104,
        0.5701126617074805,
        0.5759983586341765,
        0.5759983586341765,
        0.5759983586341765,
        0.5759983586341765,
        0.5790895976963091,
        0.5790895976963091,
        0.584378194208125,
        0.5850538455397869,
        0.5913126548731321,
        0.5913126548731321,
        0.5913126548731321,
        0.5949347960828761,
        0.5961752737003837,
        0.596827927422884,
        0.5998574181956504,
        0.5998574181956504,
        0.6018594203878153,
        0.6018594203878153,
        0.610190003556129,
        0.610190003556129,
        0.6174764753463564,
        0.6174764753463565,
        0.6174764753463565,
        0.6174764753463565,
        0.6209982616992114,
        0.6209982616992114,
        0.6209982616992114,
        0.6209982616992114,
        0.6209982616992114,
        0.6209982616992115,
        0.6209982616992115,
        0.6209982616992115,
        0.6282902885140632,
        0.6282902885140632,
        0.6282902885140632,
        0.6282902885140632,
        0.6282902885140632,
        0.6282902885140632,
        0.6318951643662066,
        0.6318951643662066,
        0.6318951643662066,
        0.6318951643662066,
        0.6318951643662066,
        0.6318951643662066,
        0.6318951643662066,
        0.6318951643662066,
        0.6388136209694469,
        0.6388136209694469,
        0.6388136209694469,
        0.6388136209694469,
        0.6388136209694469,
        0.6388136209694469,
        0.6388136209694469,
        0.6388136209694469,
        0.6388136209694469,
        0.6388136209694469,
        0.6388136209694469,
        0.6388136209694469,
        0.6388136209694469,
        0.6388136209694469,
        0.6388136209694469,
        0.6388136209694469,
        0.6388136209694469,
        0.6388136209694469,
        0.6388136209694469,
        0.6388136209694469,
        0.6388136209694469,
        0.6388136209694469,
        0.6388136209694469,
        0.6388136209694469,
        0.6388136209694469,
        0.6388136209694469,
        0.6388136209694469,
        0.6388136209694469,
        0.6388136209694469,
        0.6388136209694469,
        0.6396611030991115,
        0.6396611030991115,
        0.6396611030991115,
        0.6396611030991115,
        0.6396611030991115,
        0.6396611030991115,
        0.6396611030991115,
        0.6396611030991115,
        0.6396611030991115,
        0.6396611030991115,
        0.6396611030991115,
        0.6396611030991115,
        0.6396611030991115,
        0.6396611030991115,
        0.6396611030991115,
        0.6396611030991115,
        0.6396611030991115,
        0.6396611030991115,
        0.6396611030991115,
        0.6396611030991115,
        0.6396611030991115,
        0.6396611030991115,
        0.6396611030991115,
        0.6407361923736309,
        0.6407361923736309,
        0.6407361923736309,
        0.6407361923736309,
        0.6407361923736309,
        0.6407361923736309,
        0.6407361923736309,
        0.6407361923736309
    ],