{
    "bestIndiv": [
        [
            33,
            34,
            17,
            0,
            20,
            16,
            6,
            1,
            41,
            29,
            22,
            19,
            28,
            49,
            15,
            25,
            32,
            14,
            23,
            47,
            5,
            4,
            37,
            36,
            21,
            30,
            2,
            18,
            40,
            31,
            48,
            43,
            45,
            3,
            24,
            11,
            27,
            26,
            46,
            13,
            12,
            51,
            10,
            50,
            42,
            7,
            8,
            9,
            44,
            39,
            38,
            35
        ],
        0.6836811768752475
    ],
    "best": [
        0.2970436211377127,
        0.2986417215770556,
        0.3243528076542743,
        0.3243528076542743,
        0.32758773172994454,
        0.3282990041175063,
        0.34813056305158285,
        0.34813056305158285,
        0.34813056305158285,
        0.3518529463346679,
        0.3748452405015799,
        0.3748452405015799,
        0.3748452405015799,
        0.3795999310004732,
        0.3795999310004732,
        0.3795999310004732,
        0.3841016322096382,
        0.38529747291011596,
        0.38529747291011596,
        0.38529747291011596,
        0.38529747291011596,
        0.38821930936951543,
        0.40862894324386395,
        0.40862894324386395,
        0.4264058204308983,
        0.4269589067792184,
        0.4269589067792184,
        0.43027849622059505,
        0.4332018450003095,
        0.43488733365709503,
        0.43762921182913433,
        0.44181504975551955,
        0.44181504975551955,
        0.4441948742235069,
        0.44800909716029147,
        0.44925502464320766,
        0.4559604783988451,
        0.4574126094007192,
        0.45907346899074747,
        0.45907346899074747,
        0.467665606292505,
        0.481069525755481,
        0.481069525755481,
        0.49047341014800433,
        0.4983361007487565,
        0.4983361007487565,
        0.5092855810686959,
        0.5092855810686959,
        0.5096625710128727,
        0.5096625710128727,
        0.5117608841515231,
        0.5155533008124964,
        0.5237621345409746,
        0.524805670213318,
        0.5267986045267844,
        0.5297087117069746,
        0.5301165557541894,
        0.5302370420233797,
        0.5322136420847036,
        0.5339611926961341,
        0.5345257522538097,
        0.5373918412372491,
        0.5377179170952167,
        0.5454976047163359,
        0.5486693209431306,
        0.5486693209431306,
        0.5486693209431306,
        0.5486693209431306,
        0.552340063893667,
        0.552340063893667,
        0.552761515885341,
        0.55371901091813,
        0.55371901091813,
        0.5575651051094063,
        0.5575651051094063,
        0.5575651051094064,
        0.5582716419864757,
        0.5582716419864758,
        0.5656637511672438,
        0.5805391360116705,
        0.5805391360116705,
        0.581100852797672,
        0.581100852797672,
        0.5843832808076345,
        0.5843832808076345,
        0.596650671906825,
        0.596650671906825,
        0.596650671906825,
        0.6039573060973719,
        0.6039573060973719,
        0.6039573060973719,
        0.6043439815361776,
        0.6043439815361776,
        0.6043439815361776,
        0.6043439815361776,
        0.6043439815361776,
        0.6043439815361776,
        0.6043439815361776,
        0.6043439815361776,
        0.6043439815361776,
        0.6043439815361776,
        0.6043439815361776,
        0.6043439815361776,
        0.6043439815361776,
        0.6043439815361776,
        0.6043439815361776,
        0.6043439815361776,
        0.6043439815361776,
        0.6043439815361776,
        0.6043439815361776,
        0.6043439815361776,
        0.6281843103656325,
        0.6281843103656325,
        0.6281843103656325,
        0.6281843103656325,
        0.6281843103656325,
        0.6281843103656325,
        0.6281843103656325,
        0.6413098538456601,
        0.6413098538456601,
        0.6413098538456601,
        0.6413098538456601,
        0.6538656087418666,
        0.6538656087418666,
        0.6538656087418666,
        0.6538656087418666,
        0.6538656087418666,
        0.6599542282019347,
        0.6599542282019347,
        0.6599542282019347,
        0.6599542282019347,
        0.6599542282019347,
        0.6655216489398915,
        0.6655216489398915,
        0.6660136557130807,
        0.6660136557130807,
        0.6660136557130807,
        0.6660136557130807,
        0.6660136557130807,
        0.6660136557130807,
        0.6660136557130807,
        0.6660136557130807,
        0.6660136557130807,
        0.6660136557130807,
        0.6660136557130807,
        0.6660136557130807,
        0.6660136557130807,
        0.6660136557130807,
        0.6660136557130807,
        0.6660136557130807,
        0.6660136557130807,
        0.6660136557130807,
        0.6660136557130807,
        0.6660136557130807,
        0.6660136557130807,
        0.6660136557130807,
        0.6660136557130807,
        0.6691747851496096,
        0.6691747851496096,
        0.6691747851496096,
        0.6691747851496096,
        0.6691747851496096,
        0.6819038812018323,
        0.6819038812018323,
        0.6819038812018323,
        0.6819038812018323,
        0.6819038812018323,
        0.6819038812018323,
        0.6819038812018323,
        0.6836811768752475,
        0.6836811768752475,
        0.6836811768752475,
        0.6836811768752475,
        0.6836811768752475,
        0.6836811768752475,
        0.6836811768752475,
        0.6836811768752475,
        0.6836811768752475,
        0.6836811768752475,
        0.6836811768752475,
        0.6836811768752475,
        0.6836811768752475,
        0.6836811768752475,
        0.6836811768752475,
        0.6836811768752475,
        0.6836811768752475,
        0.6836811768752475,
        0.6836811768752475,
        0.6836811768752475,
        0.6836811768752475,
        0.6836811768752475,
        0.6836811768752475,
        0.6836811768752475,
        0.6836811768752475,
        0.6836811768752475,
        0.6836811768752475,
        0.6836811768752475,
        0.6836811768752475,
        0.6836811768752475,
        0.6836811768752475,
        0.6836811768752475
    ],