{
    "bestIndiv": [
        [
            11,
            14,
            37,
            31,
            48,
            34,
            36,
            39,
            32,
            10,
            12,
            13,
            51,
            25,
            24,
            3,
            5,
            4,
            40,
            18,
            7,
            8,
            9,
            42,
            38,
            35,
            33,
            0,
            21,
            49,
            19,
            22,
            30,
            17,
            44,
            16,
            2,
            20,
            1,
            6,
            41,
            29,
            28,
            15,
            43,
            45,
            23,
            47,
            50,
            26,
            46,
            27
        ],
        0.6569706875780633
    ],
    "best": [
        0.28369523086062,
        0.2966273794738752,
        0.2991458845935276,
        0.31459833442542007,
        0.318938771438991,
        0.3612983209779462,
        0.3612983209779462,
        0.3612983209779462,
        0.3612983209779462,
        0.3874823959203066,
        0.3874823959203066,
        0.39695991053167407,
        0.39695991053167407,
        0.4180781522624487,
        0.4180781522624487,
        0.43909237193989326,
        0.43909237193989326,
        0.43909237193989326,
        0.4413010820364598,
        0.44375583157267423,
        0.4536068258299598,
        0.4536068258299598,
        0.455964361716247,
        0.46293981322393923,
        0.46293981322393923,
        0.47280997672587877,
        0.48019991274776497,
        0.483214547031115,
        0.4873023636728964,
        0.4873023636728964,
        0.48899531676861446,
        0.5027479759392808,
        0.5206068791134808,
        0.5206068791134808,
        0.5206068791134808,
        0.5206068791134808,
        0.5240603531226509,
        0.5240603531226509,
        0.5290214661064819,
        0.5290214661064819,
        0.5290214661064819,
        0.5345606546781161,
        0.5345606546781161,
        0.5347369074290893,
        0.5551872444989674,
        0.5551872444989674,
        0.5636953852289149,
        0.5636953852289149,
        0.576222605025045,
        0.5845870934891859,
        0.5923510945771437,
        0.5923510945771437,
        0.5961976262335991,
        0.598426567404069,
        0.598426567404069,
        0.598426567404069,
        0.598426567404069,
        0.603154747071824,
        0.603154747071824,
        0.603154747071824,
        0.603154747071824,
        0.603154747071824,
        0.603154747071824,
        0.603154747071824,
        0.603154747071824,
        0.603154747071824,
        0.6070111242769493,
        0.6070111242769493,
        0.6070111242769493,
        0.6070111242769493,
        0.6070111242769493,
        0.6070111242769493,
        0.6070111242769493,
        0.6070111242769493,
        0.6070111242769493,
        0.6070111242769493,
        0.6070111242769493,
        0.6070111242769493,
        0.6070111242769493,
        0.6070111242769493,
        0.6070111242769493,
        0.6122987298055228,
        0.6122987298055228,
        0.6122987298055228,
        0.6122987298055228,
        0.6122987298055228,
        0.6122987298055228,
        0.6138224390880068,
        0.6176172792979673,
        0.630256245419509,
        0.630256245419509,
        0.630256245419509,
        0.630256245419509,
        0.630256245419509,
        0.630256245419509,
        0.630256245419509,
        0.630256245419509,
        0.630256245419509,
        0.6318493676136439,
        0.6318493676136439,
        0.6346974020614173,
        0.6364735140674559,
        0.6364735140674559,
        0.6364735140674559,
        0.6364735140674559,
        0.6364735140674559,
        0.6364735140674559,
        0.6364735140674559,
        0.6364735140674559,
        0.6364735140674559,
        0.6364735140674559,
        0.6364735140674559,
        0.6364735140674559,
        0.6364735140674559,
        0.6364735140674559,
        0.6364735140674559,
        0.6412337463641322,
        0.6412337463641322,
        0.6412337463641322,
        0.6412337463641322,
        0.6412337463641322,
        0.6412337463641322,
        0.6412337463641322,
        0.6412337463641322,
        0.6412337463641322,
        0.6414227065265542,
        0.6414227065265542,
        0.6414227065265542,
        0.6414227065265542,
        0.6474151647706654,
        0.6474151647706654,
        0.6481773649073511,
        0.6481773649073511,
        0.6481773649073511,
        0.6481773649073511,
        0.6481773649073511,
        0.6481773649073511,
        0.6481773649073511,
        0.6481773649073511,
        0.6481773649073511,
        0.6481773649073511,
        0.6481773649073511,
        0.6481773649073511,
        0.649047171549359,
        0.649047171549359,
        0.649047171549359,
        0.649047171549359,
        0.649047171549359,
        0.649047171549359,
        0.649047171549359,
        0.649047171549359,
        0.6551375741576868,
        0.6551375741576868,
        0.6551375741576868,
        0.6551375741576868,
        0.6551375741576868,
        0.6551375741576868,
        0.6551375741576868,
        0.6551375741576868,
        0.6551375741576868,
        0.6551375741576868,
        0.6551375741576868,
        0.6551375741576868,
        0.6551375741576868,
        0.6551375741576868,
        0.6551375741576868,
        0.6551375741576868,
        0.6551375741576868,
        0.6551375741576868,
        0.6551375741576868,
        0.6551375741576868,
        0.6569706875780633,
        0.6569706875780633,
        0.6569706875780633,
        0.6569706875780633,
        0.6569706875780633,
        0.6569706875780633,
        0.6569706875780633,
        0.6569706875780633,
        0.6569706875780633,
        0.6569706875780633,
        0.6569706875780633,
        0.6569706875780633,
        0.6569706875780633,
        0.6569706875780633,
        0.6569706875780633,
        0.6569706875780633,
        0.6569706875780633,
        0.6569706875780633,
        0.6569706875780633,
        0.6569706875780633,
        0.6569706875780633,
        0.6569706875780633,
        0.6569706875780633,
        0.6569706875780633,
        0.6569706875780633,
        0.6569706875780633,
        0.6569706875780633,
        0.6569706875780633,
        0.6569706875780633,
        0.6569706875780633
    ],