{
    "bestIndiv": [
        [
            16,
            22,
            41,
            6,
            1,
            20,
            21,
            35,
            34,
            39,
            36,
            33,
            25,
            46,
            12,
            13,
            51,
            26,
            27,
            5,
            4,
            14,
            3,
            42,
            44,
            17,
            19,
            49,
            24,
            11,
            10,
            50,
            32,
            9,
            8,
            7,
            40,
            18,
            30,
            29,
            28,
            15,
            45,
            43,
            37,
            23,
            47,
            38,
            48,
            0,
            31,
            2
        ],
        0.6761953711950116
    ],
    "best": [
        0.29317376744304846,
        0.2977254034965,
        0.2977254034965,
        0.31958854167522505,
        0.32260350029570406,
        0.3247582153964201,
        0.33162370034307503,
        0.34948472223883625,
        0.34948472223883625,
        0.3618360123747702,
        0.3620190929695968,
        0.36372031107818104,
        0.36726914117867404,
        0.37103891340318973,
        0.37103891340318973,
        0.3826302175559414,
        0.38302037547113604,
        0.38302037547113604,
        0.3903848548824747,
        0.3961487684666628,
        0.4175196616582437,
        0.4175196616582437,
        0.4257136653349725,
        0.4257136653349725,
        0.4283667863455729,
        0.439191867502331,
        0.439191867502331,
        0.439191867502331,
        0.439191867502331,
        0.4468158414144264,
        0.4468158414144264,
        0.45084835935149475,
        0.4720373156713718,
        0.4720373156713718,
        0.4720373156713718,
        0.49145539994109205,
        0.49145539994109205,
        0.49145539994109205,
        0.4973337895745986,
        0.4973337895745986,
        0.5007446308791353,
        0.5007446308791353,
        0.5007446308791353,
        0.5007446308791353,
        0.5007446308791353,
        0.5017555669850017,
        0.5017555669850017,
        0.5026134178079698,
        0.5026134178079698,
        0.5026134178079698,
        0.5026134178079698,
        0.5026134178079698,
        0.5026134178079698,
        0.5026134178079698,
        0.5026134178079698,
        0.5056525070758824,
        0.5056525070758824,
        0.5118944458450588,
        0.5118944458450588,
        0.5180257103388379,
        0.5180257103388379,
        0.5180257103388379,
        0.5180257103388379,
        0.5180257103388379,
        0.5180257103388379,
        0.5180257103388379,
        0.5180257103388379,
        0.5180257103388379,
        0.5180257103388379,
        0.5180257103388379,
        0.5180257103388379,
        0.5219091051363597,
        0.5219091051363597,
        0.5219091051363597,
        0.5219091051363597,
        0.5219091051363597,
        0.5219091051363597,
        0.5219091051363597,
        0.5219091051363597,
        0.5219091051363597,
        0.5219091051363597,
        0.5219091051363597,
        0.5219091051363597,
        0.5219091051363597,
        0.5219091051363597,
        0.5219091051363597,
        0.5219091051363597,
        0.5219091051363597,
        0.5219091051363597,
        0.5219091051363597,
        0.5219091051363597,
        0.5219091051363597,
        0.5219091051363597,
        0.5219091051363597,
        0.5232978209433973,
        0.5232978209433973,
        0.5232978209433973,
        0.5232978209433973,
        0.5261574842842931,
        0.5261574842842931,
        0.5288201955430432,
        0.5340983195295621,
        0.5356229356732929,
        0.5451261636177389,
        0.5451261636177389,
        0.5463503225892864,
        0.5463503225892864,
        0.5463503225892864,
        0.546676815791008,
        0.5512759640770488,
        0.5525279310830423,
        0.5527064938903334,
        0.5587184222210407,
        0.5599257543645587,
        0.5628080993389416,
        0.5628080993389416,
        0.5873277991089811,
        0.5873277991089811,
        0.5873277991089811,
        0.5912712713479918,
        0.5912712713479918,
        0.5912712713479918,
        0.5912712713479918,
        0.59189729013027,
        0.5951410128736461,
        0.5951410128736461,
        0.5951410128736461,
        0.605517277339937,
        0.605517277339937,
        0.6228365694973134,
        0.6228365694973134,
        0.633695060477334,
        0.6394535593728461,
        0.6394535593728461,
        0.6394535593728461,
        0.6394535593728461,
        0.6454077077535592,
        0.6461442172813101,
        0.6461442172813101,
        0.6461442172813101,
        0.6461442172813101,
        0.6461442172813101,
        0.6461442172813101,
        0.6529178318147036,
        0.6529178318147036,
        0.6529178318147036,
        0.6529178318147036,
        0.656735651896242,
        0.656735651896242,
        0.656735651896242,
        0.6582141013378298,
        0.6582141013378299,
        0.6582141013378299,
        0.6582141013378299,
        0.6582141013378299,
        0.6582141013378299,
        0.6582141013378299,
        0.6582141013378299,
        0.6582141013378299,
        0.6582141013378299,
        0.6582141013378299,
        0.6582141013378299,
        0.6582141013378299,
        0.6582141013378299,
        0.6582141013378299,
        0.6582141013378299,
        0.6582141013378299,
        0.6582141013378299,
        0.6582141013378299,
        0.6582141013378299,
        0.6582141013378299,
        0.6582141013378299,
        0.6582141013378299,
        0.6582141013378299,
        0.6582141013378299,
        0.6582141013378299,
        0.6582141013378299,
        0.6582141013378299,
        0.6582141013378299,
        0.6582141013378299,
        0.6582141013378299,
        0.6582141013378299,
        0.6582141013378299,
        0.6585287763160188,
        0.6585287763160188,
        0.6585287763160188,
        0.6585287763160188,
        0.6634161594158545,
        0.6634161594158545,
        0.6634161594158545,
        0.6634161594158545,
        0.6634161594158545,
        0.6637116495166451,
        0.6637116495166451,
        0.6758886634057968,
        0.6758886634057968,
        0.6758886634057968,
        0.6758886634057968,
        0.6761953711950116,
        0.6761953711950116,
        0.6761953711950116
    ],