{
    "bestIndiv": [
        [
            50,
            10,
            11,
            27,
            26,
            51,
            13,
            12,
            46,
            25,
            4,
            23,
            47,
            45,
            19,
            49,
            28,
            15,
            43,
            33,
            9,
            8,
            40,
            7,
            18,
            44,
            2,
            17,
            21,
            48,
            35,
            34,
            39,
            37,
            5,
            3,
            24,
            36,
            31,
            16,
            6,
            1,
            41,
            20,
            30,
            29,
            22,
            0,
            38,
            14,
            42,
            32
        ],
        0.739344583507835
    ],
    "best": [
        0.29923997976019284,
        0.2993318141297503,
        0.32874362071849283,
        0.32874362071849283,
        0.34142632175233245,
        0.3585312309662926,
        0.37596728593320344,
        0.37596728593320344,
        0.380749862642345,
        0.380749862642345,
        0.3941756610918589,
        0.3941756610918589,
        0.39962899809374564,
        0.41394036860693795,
        0.4154546878975525,
        0.41592235800037675,
        0.42012255029686174,
        0.4236490579567664,
        0.4487485255501054,
        0.4493109315566424,
        0.453234173035637,
        0.453234173035637,
        0.453234173035637,
        0.4592376567802843,
        0.464347960140629,
        0.4777499956611979,
        0.4777499956611979,
        0.4777499956611979,
        0.49172405656705515,
        0.49216314852378845,
        0.4949182452657989,
        0.5146724648476164,
        0.5214375002098609,
        0.5214375002098609,
        0.5214375002098609,
        0.5229217720638638,
        0.5306560767726265,
        0.5306560767726265,
        0.5306560767726265,
        0.5345919368621915,
        0.5411686823362942,
        0.5411686823362942,
        0.5437489062958288,
        0.558321624767615,
        0.558321624767615,
        0.558321624767615,
        0.558321624767615,
        0.566446323694435,
        0.5694756565528482,
        0.5789883533059889,
        0.5809722190347784,
        0.5863795216294292,
        0.5863795216294292,
        0.5974563943248042,
        0.5974563943248042,
        0.5974563943248042,
        0.6001324598120854,
        0.6019947625305178,
        0.6019947625305178,
        0.6059483556457583,
        0.6059483556457583,
        0.6059483556457583,
        0.6240144374339633,
        0.6246982766785775,
        0.6246982766785775,
        0.6246982766785775,
        0.6246982766785775,
        0.6398265456937794,
        0.6524349671483624,
        0.6542050178701598,
        0.6542050178701598,
        0.6542050178701598,
        0.6803272946061497,
        0.6803272946061497,
        0.6803272946061498,
        0.6803272946061498,
        0.6803272946061498,
        0.6803272946061498,
        0.6803272946061498,
        0.6803272946061498,
        0.6810370925199157,
        0.6811943459589994,
        0.6849829856668838,
        0.685362524305275,
        0.685362524305275,
        0.6858170844539325,
        0.6858170844539325,
        0.6858644369104728,
        0.6858644369104728,
        0.6925050395026767,
        0.6961711305881478,
        0.7028213360431944,
        0.7028213360431944,
        0.7028213360431944,
        0.7045307160155594,
        0.7045307160155594,
        0.7045307160155594,
        0.7045307160155594,
        0.7045307160155594,
        0.7045307160155594,
        0.7045307160155594,
        0.7045307160155594,
        0.7045307160155594,
        0.7078862553912078,
        0.7078862553912078,
        0.7078862553912078,
        0.7078862553912078,
        0.7078862553912078,
        0.7088653624829677,
        0.7121234658692358,
        0.7121234658692358,
        0.7121234658692358,
        0.7121234658692358,
        0.7152376800040259,
        0.7152376800040259,
        0.7152376800040259,
        0.7174545798961508,
        0.7174545798961508,
        0.7174545798961508,
        0.7174545798961508,
        0.7174545798961508,
        0.7174545798961508,
        0.7177129160928274,
        0.7177129160928274,
        0.7177129160928274,
        0.7177129160928274,
        0.7177129160928274,
        0.7177129160928274,
        0.7177129160928274,
        0.7209009529792069,
        0.7209009529792069,
        0.7209009529792069,
        0.7213102348192397,
        0.7213102348192397,
        0.7213102348192397,
        0.7213102348192397,
        0.7213102348192397,
        0.7213102348192397,
        0.7213102348192397,
        0.7213102348192397,
        0.735767234890673,
        0.735767234890673,
        0.735767234890673,
        0.735767234890673,
        0.735767234890673,
        0.735767234890673,
        0.735767234890673,
        0.735767234890673,
        0.7363969129734647,
        0.7363969129734647,
        0.7363969129734647,
        0.7363969129734647,
        0.7375628377550029,
        0.7375628377550029,
        0.7375628377550029,
        0.7375628377550029,
        0.7375628377550029,
        0.7375628377550029,
        0.7376995384928999,
        0.7376995384928999,
        0.7376995384928999,
        0.7376995384928999,
        0.7376995384928999,
        0.7376995384928999,
        0.7376995384928999,
        0.7376995384928999,
        0.7376995384928999,
        0.7376995384928999,
        0.7376995384928999,
        0.7376995384928999,
        0.7376995384928999,
        0.7376995384928999,
        0.7376995384928999,
        0.7376995384928999,
        0.7381083278905913,
        0.7381083278905913,
        0.7381083278905913,
        0.7381083278905913,
        0.7381083278905913,
        0.7381083278905913,
        0.7381083278905913,
        0.7381083278905913,
        0.7381083278905913,
        0.739344583507835,
        0.739344583507835,
        0.739344583507835,
        0.739344583507835,
        0.739344583507835,
        0.739344583507835,
        0.739344583507835,
        0.739344583507835,
        0.739344583507835,
        0.739344583507835,
        0.739344583507835,
        0.739344583507835,
        0.739344583507835,
        0.739344583507835,
        0.739344583507835,
        0.739344583507835,
        0.739344583507835,
        0.739344583507835
    ],