{
    "bestIndiv": [
        [
            33,
            23,
            5,
            49,
            28,
            29,
            22,
            17,
            44,
            18,
            9,
            8,
            7,
            2,
            16,
            30,
            48,
            35,
            37,
            4,
            3,
            24,
            11,
            27,
            50,
            14,
            39,
            47,
            34,
            0,
            21,
            20,
            41,
            6,
            1,
            19,
            45,
            36,
            38,
            31,
            40,
            42,
            32,
            10,
            26,
            25,
            13,
            51,
            12,
            46,
            15,
            43
        ],
        0.6381309877048971
    ],
    "best": [
        0.284757160386086,
        0.29760133833213226,
        0.3190363238771491,
        0.33842177490098574,
        0.36088218320905674,
        0.36088218320905674,
        0.3833577689137929,
        0.39068205625816355,
        0.39068205625816355,
        0.39068205625816355,
        0.3938765065748613,
        0.40318228076498663,
        0.4086876911392296,
        0.41257818765928733,
        0.41257818765928744,
        0.42086880267848037,
        0.4284007225780911,
        0.43525017174915287,
        0.43945085765796554,
        0.4448349528642079,
        0.4488068441677024,
        0.4590349060984342,
        0.4798429243900093,
        0.4798429243900093,
        0.4895743724544792,
        0.4895743724544792,
        0.4895743724544792,
        0.4895743724544792,
        0.48965589091477457,
        0.49098509560499565,
        0.5073448074734519,
        0.5073448074734519,
        0.5073448074734519,
        0.5077375896835543,
        0.5077375896835543,
        0.5116137185490091,
        0.5197253765322618,
        0.5197253765322619,
        0.5197253765322619,
        0.5197253765322619,
        0.5197253765322619,
        0.5197253765322619,
        0.5197253765322619,
        0.5247768189940255,
        0.5247768189940255,
        0.5247768189940255,
        0.5254752937125696,
        0.5254752937125696,
        0.5254752937125696,
        0.5254752937125696,
        0.5254752937125696,
        0.5283149430970847,
        0.5283149430970847,
        0.5283149430970847,
        0.5283149430970847,
        0.5304777318069764,
        0.5304777318069764,
        0.5304777318069764,
        0.5304777318069764,
        0.5311325512548419,
        0.5311325512548419,
        0.5311325512548419,
        0.5311325512548419,
        0.5382828286233761,
        0.5382828286233761,
        0.5405281726999485,
        0.5405281726999485,
        0.5405281726999485,
        0.5405281726999485,
        0.5405281726999485,
        0.5407836208526275,
        0.5407836208526275,
        0.5407836208526275,
        0.5408295370002095,
        0.5492205121177134,
        0.5569969472550972,
        0.5569969472550972,
        0.5587101834285431,
        0.5587101834285431,
        0.5628033084602841,
        0.5628033084602841,
        0.5657508591535121,
        0.5698122624326541,
        0.5698122624326541,
        0.5728735006334826,
        0.5740483287939375,
        0.5740483287939375,
        0.578445499593349,
        0.5843145684413185,
        0.5843145684413185,
        0.5843145684413185,
        0.5843145684413185,
        0.5843145684413185,
        0.5843145684413185,
        0.5843145684413185,
        0.5843145684413185,
        0.5843145684413185,
        0.5843145684413185,
        0.5843145684413185,
        0.5843145684413185,
        0.5843145684413185,
        0.5843145684413185,
        0.5872255839671394,
        0.5872255839671394,
        0.5872255839671394,
        0.5872255839671394,
        0.5872255839671394,
        0.5872255839671394,
        0.5872255839671394,
        0.5872255839671394,
        0.5872255839671394,
        0.5872255839671394,
        0.5872255839671394,
        0.5872255839671394,
        0.5872255839671394,
        0.5872255839671394,
        0.5872255839671394,
        0.5872255839671394,
        0.5885891203627489,
        0.5885891203627489,
        0.5885891203627489,
        0.5900342579675938,
        0.5907863526133192,
        0.5919190167347372,
        0.5928715425516142,
        0.5928715425516142,
        0.5928715425516142,
        0.5928715425516143,
        0.5928715425516143,
        0.5928715425516143,
        0.5928715425516143,
        0.5928715425516143,
        0.5928715425516143,
        0.5928715425516143,
        0.5928715425516143,
        0.5928715425516143,
        0.5928715425516143,
        0.5935722512498265,
        0.5935722512498265,
        0.5935722512498265,
        0.6040528045095601,
        0.6040528045095601,
        0.6045822070169571,
        0.6045822070169571,
        0.6150216838408752,
        0.6150216838408752,
        0.6155704962866066,
        0.6155704962866066,
        0.6155704962866066,
        0.6155704962866066,
        0.6155704962866066,
        0.6155704962866066,
        0.6155704962866066,
        0.6155704962866066,
        0.6155704962866066,
        0.6155704962866066,
        0.6155704962866066,
        0.6155704962866066,
        0.6155704962866066,
        0.6155704962866066,
        0.6155704962866066,
        0.6155704962866066,
        0.6155704962866066,
        0.6155704962866066,
        0.6155704962866066,
        0.6155704962866066,
        0.6155704962866066,
        0.6155704962866066,
        0.6155704962866066,
        0.6160439511230825,
        0.6160439511230825,
        0.6160439511230825,
        0.6160439511230825,
        0.6160439511230825,
        0.6221221773222583,
        0.6221221773222583,
        0.6221221773222583,
        0.6221221773222583,
        0.6221221773222583,
        0.6221246722950564,
        0.6221246722950564,
        0.6221246722950564,
        0.6221246722950564,
        0.6221246722950564,
        0.6221246722950564,
        0.6221246722950564,
        0.6221246722950564,
        0.6221246722950564,
        0.6221246722950564,
        0.6221246722950564,
        0.6221246722950564,
        0.6221246722950564,
        0.6221246722950564,
        0.6221246722950564,
        0.6221246722950564,
        0.6221246722950564,
        0.6221246722950564,
        0.6381309877048971,
        0.6381309877048971,
        0.6381309877048971,
        0.6381309877048971
    ],