{
    "bestIndiv": [
        [
            46,
            25,
            26,
            32,
            7,
            18,
            31,
            2,
            16,
            17,
            20,
            30,
            0,
            21,
            48,
            35,
            33,
            43,
            19,
            49,
            15,
            45,
            47,
            4,
            34,
            39,
            14,
            5,
            37,
            23,
            3,
            42,
            9,
            8,
            40,
            44,
            38,
            36,
            24,
            11,
            12,
            13,
            51,
            10,
            50,
            27,
            22,
            1,
            6,
            41,
            29,
            28
        ],
        0.6638865431231621
    ],
    "best": [
        0.3040573944085855,
        0.3120528993965569,
        0.31486975315556126,
        0.3239247562103927,
        0.3577744911806004,
        0.3577744911806004,
        0.35813983580098446,
        0.3628551511575747,
        0.369735566399544,
        0.37091201657174516,
        0.37812517298926335,
        0.37812517298926335,
        0.3812913441340282,
        0.39849530300639513,
        0.39849530300639513,
        0.39956331868898987,
        0.41154512451532277,
        0.41635381386788073,
        0.42913823879255364,
        0.42913823879255364,
        0.42913823879255364,
        0.44033785740577064,
        0.44033785740577064,
        0.44294220503934134,
        0.44294220503934134,
        0.44294220503934134,
        0.44525198708288266,
        0.45163104230661544,
        0.45551414491880626,
        0.4596513750332011,
        0.4783920402875334,
        0.4783920402875334,
        0.4783920402875334,
        0.48333271441004244,
        0.48333271441004244,
        0.48333271441004244,
        0.4846101357235688,
        0.4846101357235688,
        0.4846101357235688,
        0.4846101357235688,
        0.4846101357235688,
        0.4846101357235688,
        0.4846101357235688,
        0.4846101357235688,
        0.4881587865072358,
        0.4881587865072359,
        0.4918846679737897,
        0.4918846679737897,
        0.49803387009085226,
        0.49848243413264137,
        0.5075689298244448,
        0.5075689298244448,
        0.5116954730896156,
        0.5116954730896156,
        0.514563213662121,
        0.5247387193268976,
        0.5248442928259538,
        0.5248442928259538,
        0.5341003679599976,
        0.5377034320961331,
        0.5377034320961331,
        0.5462436820459128,
        0.5542147829909781,
        0.5542147829909781,
        0.5542147829909781,
        0.5760347995664105,
        0.5760347995664105,
        0.5760347995664105,
        0.5760347995664105,
        0.5760347995664105,
        0.5760347995664105,
        0.5961319210419711,
        0.5961319210419711,
        0.5961319210419711,
        0.6078578728062668,
        0.6078578728062668,
        0.6078578728062669,
        0.6078578728062669,
        0.6078578728062669,
        0.6078578728062669,
        0.6078578728062669,
        0.6183626065470768,
        0.6183626065470768,
        0.6183626065470768,
        0.6183626065470768,
        0.620846313725753,
        0.6264878417799171,
        0.6264878417799171,
        0.6264878417799171,
        0.6326203336498174,
        0.6326203336498174,
        0.6326203336498174,
        0.6326203336498174,
        0.6326203336498174,
        0.6326203336498174,
        0.6326203336498174,
        0.6326203336498174,
        0.6326203336498174,
        0.6326203336498174,
        0.6326203336498174,
        0.6326203336498174,
        0.6326203336498174,
        0.6326203336498174,
        0.6365379765587938,
        0.6365379765587938,
        0.6365379765587938,
        0.6365379765587938,
        0.6365379765587938,
        0.6365379765587938,
        0.6379649473371939,
        0.6379649473371939,
        0.6379649473371939,
        0.640397895966754,
        0.6403978959667541,
        0.6422509811550335,
        0.6422509811550335,
        0.6422509811550335,
        0.6422509811550335,
        0.6422509811550335,
        0.6448070707817662,
        0.6448070707817662,
        0.6465152585758712,
        0.6465152585758712,
        0.6465152585758712,
        0.6465152585758712,
        0.6465152585758712,
        0.6465152585758712,
        0.6465152585758712,
        0.661059380867592,
        0.661059380867592,
        0.661059380867592,
        0.661059380867592,
        0.661059380867592,
        0.663886543123162,
        0.6638865431231621,
        0.6638865431231621,
        0.6638865431231621,
        0.6638865431231621,
        0.6638865431231621,
        0.6638865431231621,
        0.6638865431231621,
        0.6638865431231621,
        0.6638865431231621,
        0.6638865431231621,
        0.6638865431231621,
        0.6638865431231621,
        0.6638865431231621,
        0.6638865431231621,
        0.6638865431231621,
        0.6638865431231621,
        0.6638865431231621,
        0.6638865431231621,
        0.6638865431231621,
        0.6638865431231621,
        0.6638865431231621,
        0.6638865431231621,
        0.6638865431231621,
        0.6638865431231621,
        0.6638865431231621,
        0.6638865431231621,
        0.6638865431231621,
        0.6638865431231621,
        0.6638865431231621,
        0.6638865431231621,
        0.6638865431231621,
        0.6638865431231621,
        0.6638865431231621,
        0.6638865431231621,
        0.6638865431231621,
        0.6638865431231621,
        0.6638865431231621,
        0.6638865431231621,
        0.6638865431231621,
        0.6638865431231621,
        0.6638865431231621,
        0.6638865431231621,
        0.6638865431231621,
        0.6638865431231621,
        0.6638865431231621,
        0.6638865431231621,
        0.6638865431231621,
        0.6638865431231621,
        0.6638865431231621,
        0.6638865431231621,
        0.6638865431231621,
        0.6638865431231621,
        0.6638865431231621,
        0.6638865431231621,
        0.6638865431231621,
        0.6638865431231621,
        0.6638865431231621,
        0.6638865431231621,
        0.6638865431231621,
        0.6638865431231621,
        0.6638865431231621,
        0.6638865431231621,
        0.6638865431231621,
        0.6638865431231621,
        0.6638865431231621,
        0.6638865431231621,
        0.6638865431231621
    ],