{
    "bestIndiv": [
        [
            8,
            9,
            44,
            31,
            0,
            35,
            33,
            38,
            14,
            4,
            5,
            42,
            48,
            2,
            16,
            30,
            41,
            6,
            1,
            29,
            36,
            47,
            24,
            3,
            32,
            50,
            10,
            51,
            13,
            12,
            26,
            25,
            28,
            43,
            45,
            11,
            27,
            46,
            15,
            49,
            19,
            22,
            20,
            17,
            21,
            34,
            23,
            37,
            39,
            18,
            40,
            7
        ],
        0.677405396732881
    ],
    "best": [
        0.3123150139911174,
        0.3123150139911174,
        0.3178996084971784,
        0.3333255412460248,
        0.3485683120020758,
        0.3543803691781346,
        0.35553747736320673,
        0.3742730792383261,
        0.3742730792383261,
        0.3744521698943061,
        0.38030657105901106,
        0.38963977405222633,
        0.38963977405222633,
        0.3943341330268952,
        0.40345431395483383,
        0.40440866220303273,
        0.40545821295390494,
        0.4146415449832854,
        0.44634752181223947,
        0.45159680283624903,
        0.4674291209175745,
        0.4674291209175745,
        0.4695508978967702,
        0.4695508978967702,
        0.47014824219256973,
        0.489438090006123,
        0.489438090006123,
        0.4932938465552192,
        0.4932938465552192,
        0.4960081575932446,
        0.4960081575932446,
        0.504301682818848,
        0.504301682818848,
        0.5130717085849119,
        0.5130717085849119,
        0.5130717085849119,
        0.5170436308149124,
        0.5179615215965448,
        0.5179615215965448,
        0.5179615215965448,
        0.5179615215965448,
        0.5179615215965448,
        0.5188596914164804,
        0.5188596914164804,
        0.5188596914164804,
        0.522593917380519,
        0.522593917380519,
        0.522593917380519,
        0.522593917380519,
        0.522593917380519,
        0.522593917380519,
        0.5257976748522968,
        0.5257976748522968,
        0.5257976748522968,
        0.5257976748522968,
        0.5257976748522968,
        0.5257976748522968,
        0.5257976748522968,
        0.5257976748522968,
        0.5267195584493846,
        0.5267195584493846,
        0.5267195584493846,
        0.5267195584493846,
        0.5267195584493846,
        0.5267195584493846,
        0.5267195584493846,
        0.5267195584493846,
        0.5267195584493846,
        0.5267195584493846,
        0.5267195584493846,
        0.5267195584493846,
        0.5267195584493846,
        0.5267195584493846,
        0.5333125079926909,
        0.5333125079926909,
        0.5337685320576309,
        0.5337685320576309,
        0.5347516673848639,
        0.5347516673848639,
        0.5353083117440952,
        0.5357662388345409,
        0.5370156214832743,
        0.5403384421383266,
        0.5403384421383266,
        0.5414795915127245,
        0.5414795915127245,
        0.544224227486763,
        0.544224227486763,
        0.5466097895638365,
        0.5466097895638365,
        0.5470083671045592,
        0.5470083671045592,
        0.5485461669632349,
        0.5529151034783126,
        0.5540959041446422,
        0.5540959041446422,
        0.5558989931440621,
        0.5806642833968402,
        0.5988077197799421,
        0.5988077197799421,
        0.5988077197799421,
        0.6060640107342085,
        0.6060640107342085,
        0.6083229169942896,
        0.6145437581573452,
        0.6145437581573452,
        0.6145437581573452,
        0.6145437581573452,
        0.6179180037839112,
        0.6179180037839112,
        0.6179180037839112,
        0.6187987036317073,
        0.6218849674476077,
        0.6244423383876202,
        0.6256120472005723,
        0.6265163099960183,
        0.6273413890721362,
        0.6304453072445205,
        0.630801224136758,
        0.6316376352168652,
        0.6316376352168652,
        0.6316376352168652,
        0.6316376352168652,
        0.6331622703556327,
        0.6360965047957635,
        0.6376427677308714,
        0.6376427677308714,
        0.6376427677308714,
        0.6376427677308714,
        0.6376427677308714,
        0.6376427677308714,
        0.6376427677308714,
        0.6386406812714384,
        0.6386406812714384,
        0.6410857280944955,
        0.6410857280944955,
        0.6410857280944955,
        0.6410857280944955,
        0.6410857280944955,
        0.6410857280944955,
        0.6410857280944955,
        0.6410857280944955,
        0.6410857280944955,
        0.6410857280944955,
        0.6410857280944955,
        0.6410857280944955,
        0.6453088204729098,
        0.6453088204729098,
        0.6453088204729098,
        0.6453088204729098,
        0.6453088204729098,
        0.6453088204729098,
        0.6453088204729098,
        0.6453088204729098,
        0.6453088204729098,
        0.6453088204729098,
        0.6453088204729098,
        0.6453088204729098,
        0.6515767279345119,
        0.6515767279345119,
        0.6515767279345119,
        0.6515767279345119,
        0.6515767279345119,
        0.6515767279345119,
        0.6515767279345119,
        0.6515767279345119,
        0.6515767279345119,
        0.6515767279345119,
        0.6515767279345119,
        0.6515767279345119,
        0.6515767279345119,
        0.6515767279345119,
        0.6555718108456925,
        0.6555718108456925,
        0.6555718108456925,
        0.6555718108456925,
        0.6555718108456925,
        0.6555718108456925,
        0.6555718108456925,
        0.6555718108456925,
        0.6579757822162123,
        0.6579757822162123,
        0.6752974500904333,
        0.6752974500904333,
        0.6752974500904333,
        0.6752974500904333,
        0.6752974500904333,
        0.6752974500904333,
        0.6752974500904333,
        0.6752974500904333,
        0.6752974500904333,
        0.6752974500904333,
        0.6752974500904333,
        0.6752974500904333,
        0.6752974500904333,
        0.6752974500904333,
        0.6752974500904333,
        0.677405396732881,
        0.677405396732881,
        0.677405396732881,
        0.677405396732881
    ],