{
    "bestIndiv": [
        [
            45,
            36,
            39,
            14,
            4,
            23,
            47,
            5,
            11,
            50,
            26,
            27,
            10,
            51,
            13,
            12,
            46,
            25,
            24,
            3,
            42,
            32,
            9,
            8,
            7,
            40,
            44,
            18,
            22,
            29,
            41,
            6,
            1,
            20,
            21,
            0,
            48,
            38,
            37,
            33,
            43,
            34,
            35,
            31,
            2,
            16,
            17,
            30,
            28,
            19,
            49,
            15
        ],
        0.7724286431267406
    ],
    "best": [
        0.29317376744304846,
        0.2977254034965,
        0.2977254034965,
        0.31958854167522505,
        0.32260350029570406,
        0.3247582153964201,
        0.33162370034307503,
        0.34948472223883625,
        0.34948472223883625,
        0.3618360123747702,
        0.3620190929695968,
        0.36372031107818104,
        0.36726914117867404,
        0.37103891340318973,
        0.37103891340318973,
        0.3826302175559414,
        0.38302037547113604,
        0.38302037547113604,
        0.3903848548824747,
        0.3961487684666628,
        0.4175196616582437,
        0.4175196616582437,
        0.41784686361945084,
        0.41784686361945084,
        0.41784686361945084,
        0.42113774723996766,
        0.42886113458036934,
        0.43842160178220324,
        0.43913101383951003,
        0.4485092381464198,
        0.4485092381464198,
        0.469201095917102,
        0.469201095917102,
        0.4737683626203572,
        0.47376836262035726,
        0.48049363352138147,
        0.48602994912070924,
        0.5013817097314835,
        0.5115834087599657,
        0.5115834087599657,
        0.5150549663853805,
        0.5200783364706362,
        0.5200783364706362,
        0.5200783364706362,
        0.5319112311890352,
        0.5319112311890352,
        0.5367479074179254,
        0.539811410665605,
        0.5503650233034713,
        0.5566011637900965,
        0.5566011637900965,
        0.589920082054491,
        0.6100296272367856,
        0.6100296272367856,
        0.6100296272367856,
        0.6100296272367856,
        0.6163448207440406,
        0.6179352337337813,
        0.6179352337337813,
        0.6232499317701813,
        0.6281792984340633,
        0.6281792984340633,
        0.632020177305606,
        0.632020177305606,
        0.6385420380934149,
        0.6386422979012206,
        0.6588116048756338,
        0.6588116048756338,
        0.6661241886890011,
        0.6661241886890011,
        0.6661241886890011,
        0.6680975890220623,
        0.6680975890220623,
        0.6734288445955801,
        0.6734288445955801,
        0.6823037304005385,
        0.6823037304005385,
        0.6823037304005385,
        0.6874196226587788,
        0.6885040467289926,
        0.6885040467289926,
        0.7059988636561995,
        0.7059988636561995,
        0.7093537298803633,
        0.7093537298803633,
        0.7093537298803633,
        0.7093537298803633,
        0.7093537298803633,
        0.7252191355118859,
        0.7252191355118859,
        0.7252191355118859,
        0.7252191355118859,
        0.725219135511886,
        0.725219135511886,
        0.7306029513027836,
        0.7306029513027837,
        0.730602951302784,
        0.730738293189905,
        0.730738293189905,
        0.730738293189905,
        0.730738293189905,
        0.7356755922455841,
        0.7363878996155573,
        0.7441517747336533,
        0.7441517747336533,
        0.7441517747336533,
        0.7441517747336533,
        0.75183439349873,
        0.75183439349873,
        0.75183439349873,
        0.75183439349873,
        0.75183439349873,
        0.75183439349873,
        0.75183439349873,
        0.75183439349873,
        0.75183439349873,
        0.75183439349873,
        0.75183439349873,
        0.75183439349873,
        0.75183439349873,
        0.75183439349873,
        0.7521123236010819,
        0.7582186629858795,
        0.7582186629858795,
        0.7618044720800073,
        0.7618044720800073,
        0.7618044720800073,
        0.7618044720800073,
        0.7618044720800073,
        0.7618044720800073,
        0.7618044720800073,
        0.7618044720800073,
        0.7618044720800073,
        0.7618044720800073,
        0.7618044720800073,
        0.7618044720800073,
        0.7618044720800073,
        0.7618044720800073,
        0.7618044720800073,
        0.7618044720800073,
        0.7618044720800073,
        0.7618044720800073,
        0.7698905411572905,
        0.7698905411572905,
        0.7698905411572905,
        0.7698905411572905,
        0.7698905411572905,
        0.7698905411572905,
        0.7698905411572905,
        0.7698905411572905,
        0.7698905411572905,
        0.7698905411572905,
        0.7698905411572905,
        0.7698905411572905,
        0.7698905411572905,
        0.7698905411572905,
        0.7698905411572905,
        0.7698905411572905,
        0.7698905411572905,
        0.7698905411572905,
        0.7698905411572905,
        0.7698905411572905,
        0.7698905411572905,
        0.7698905411572905,
        0.7698905411572905,
        0.7705145555115142,
        0.7705145555115142,
        0.7705145555115142,
        0.7705145555115142,
        0.7705145555115142,
        0.7705145555115142,
        0.7705145555115142,
        0.7705145555115142,
        0.7705145555115142,
        0.7705145555115142,
        0.7705145555115142,
        0.7705145555115142,
        0.7705145555115142,
        0.7705145555115142,
        0.7705145555115142,
        0.7705145555115142,
        0.7705145555115142,
        0.7705145555115142,
        0.7705145555115142,
        0.7705145555115142,
        0.7705145555115142,
        0.7724286431267406,
        0.7724286431267406,
        0.7724286431267406,
        0.7724286431267406,
        0.7724286431267406,
        0.7724286431267406,
        0.7724286431267406,
        0.7724286431267406,
        0.7724286431267406,
        0.7724286431267406,
        0.7724286431267406,
        0.7724286431267406,
        0.7724286431267406,
        0.7724286431267406,
        0.7724286431267406
    ],