{
    "bestIndiv": [
        [
            45,
            49,
            19,
            30,
            2,
            42,
            32,
            50,
            10,
            51,
            12,
            13,
            46,
            27,
            26,
            25,
            11,
            24,
            3,
            23,
            38,
            43,
            44,
            18,
            9,
            8,
            7,
            40,
            16,
            20,
            22,
            33,
            34,
            35,
            48,
            31,
            47,
            36,
            39,
            0,
            21,
            17,
            41,
            1,
            6,
            29,
            28,
            15,
            5,
            14,
            4,
            37
        ],
        0.7171399773608872
    ],
    "best": [
        0.28999371619417674,
        0.2933744779456974,
        0.3229054135795047,
        0.3270519409547018,
        0.3415815162733237,
        0.3436864242230805,
        0.350130978290238,
        0.35225957090306276,
        0.35225957090306276,
        0.36207125811363144,
        0.370851839840478,
        0.3766674671776928,
        0.3766674671776928,
        0.3846616681233002,
        0.39012419783879576,
        0.39559319502029894,
        0.3971602393293768,
        0.41261893063905314,
        0.41261893063905314,
        0.41261893063905314,
        0.41452958830394837,
        0.42456924939966545,
        0.42456924939966545,
        0.43193085016484034,
        0.43193085016484034,
        0.44220700848986044,
        0.4441611868469376,
        0.4445060005510192,
        0.45165138371072105,
        0.45165138371072105,
        0.4574164936866488,
        0.4574164936866488,
        0.46295240381325947,
        0.46860099180738174,
        0.4795417116727663,
        0.4795417116727663,
        0.4795417116727663,
        0.4809782316316422,
        0.484871365568171,
        0.484871365568171,
        0.4919968660709182,
        0.4919968660709182,
        0.4919968660709182,
        0.5009304398223156,
        0.5009304398223156,
        0.5009304398223156,
        0.5145851674676948,
        0.5210681509512447,
        0.5210681509512447,
        0.5217000761069898,
        0.5217000761069898,
        0.5265173580581397,
        0.5265173580581397,
        0.5265173580581397,
        0.531522450185655,
        0.531522450185655,
        0.5497353665790422,
        0.5497353665790422,
        0.5530091597692113,
        0.5570410316649562,
        0.5612480696909324,
        0.5632446313806597,
        0.5668201159037152,
        0.5712420325465948,
        0.5712420325465948,
        0.5712420325465948,
        0.5712420325465948,
        0.5773117108905106,
        0.5773117108905106,
        0.5819951051143881,
        0.5819951051143881,
        0.5819951051143882,
        0.5819951051143882,
        0.5819951051143882,
        0.5819951051143882,
        0.5819951051143882,
        0.5819951051143882,
        0.5819951051143882,
        0.5819951051143882,
        0.5819951051143882,
        0.5819951051143882,
        0.5819951051143882,
        0.5880789277159651,
        0.5880789277159651,
        0.5880789277159651,
        0.5880789277159651,
        0.5880789277159651,
        0.5881162648973731,
        0.5881162648973731,
        0.5881162648973731,
        0.5881162648973731,
        0.5881162648973731,
        0.589189506621844,
        0.589189506621844,
        0.589189506621844,
        0.589189506621844,
        0.5908834034141925,
        0.5908834034141925,
        0.5908834034141925,
        0.5908834034141925,
        0.5908834034141925,
        0.5908834034141925,
        0.5914434240701703,
        0.5914434240701703,
        0.5914434240701703,
        0.5919284399567338,
        0.5919284399567338,
        0.5919284399567338,
        0.5919284399567338,
        0.5919284399567338,
        0.5919284399567338,
        0.5919284399567338,
        0.5919284399567338,
        0.5919284399567338,
        0.5962400112628605,
        0.5962400112628605,
        0.5962400112628605,
        0.6007817606352555,
        0.6007817606352555,
        0.6007817606352555,
        0.608505241601222,
        0.608505241601222,
        0.608505241601222,
        0.6188098775921923,
        0.6188098775921923,
        0.6357259889587109,
        0.6357259889587109,
        0.6357259889587109,
        0.6357259889587109,
        0.6357259889587109,
        0.6395140410706831,
        0.6395140410706831,
        0.6395140410706831,
        0.6395140410706831,
        0.6395140410706831,
        0.6395140410706831,
        0.6395140410706831,
        0.6428653164668592,
        0.6428653164668592,
        0.6428653164668592,
        0.6428653164668592,
        0.6428653164668592,
        0.6428653164668592,
        0.6597057323437411,
        0.6597057323437411,
        0.6597057323437411,
        0.6597057323437411,
        0.660999362917042,
        0.660999362917042,
        0.660999362917042,
        0.660999362917042,
        0.660999362917042,
        0.660999362917042,
        0.660999362917042,
        0.660999362917042,
        0.660999362917042,
        0.660999362917042,
        0.660999362917042,
        0.660999362917042,
        0.660999362917042,
        0.660999362917042,
        0.660999362917042,
        0.6611048937555586,
        0.6618147647938877,
        0.6618147647938877,
        0.6619205561773001,
        0.6771948782215346,
        0.6771948782215346,
        0.6771948782215346,
        0.6773056441865569,
        0.6773056441865569,
        0.6773056441865569,
        0.6773056441865569,
        0.6773056441865569,
        0.6773056441865569,
        0.6773056441865569,
        0.6773056441865569,
        0.6773056441865569,
        0.6773056441865569,
        0.6773056441865569,
        0.6773056441865569,
        0.6773056441865569,
        0.6776958909310922,
        0.6776958909310922,
        0.6826062685446591,
        0.6826062685446591,
        0.6826062685446591,
        0.6826062685446591,
        0.6826062685446591,
        0.6826062685446591,
        0.6826062685446591,
        0.6826062685446591,
        0.6826062685446591,
        0.6826062685446591,
        0.6826062685446591,
        0.6914900099133033,
        0.6914900099133033,
        0.6914900099133033,
        0.7171399773608872,
        0.7171399773608872,
        0.7171399773608872
    ],