{
    "bestIndiv": [
        [
            42,
            32,
            3,
            5,
            14,
            4,
            46,
            13,
            26,
            27,
            11,
            24,
            45,
            15,
            28,
            22,
            17,
            41,
            1,
            6,
            16,
            2,
            48,
            38,
            25,
            12,
            51,
            10,
            50,
            9,
            8,
            7,
            18,
            44,
            40,
            20,
            29,
            19,
            49,
            30,
            21,
            0,
            31,
            35,
            34,
            33,
            43,
            36,
            23,
            47,
            37,
            39
        ],
        0.6652635167344745
    ],
    "best": [
        0.2856811492242353,
        0.29389220163896906,
        0.30437819896858287,
        0.31157270441954554,
        0.3191332217071533,
        0.3319853342723591,
        0.3319853342723591,
        0.3448301629667677,
        0.3601302315559366,
        0.3601302315559366,
        0.3601302315559366,
        0.3677402508140374,
        0.3681461332715921,
        0.3921097280825817,
        0.3921097280825817,
        0.39577406339418564,
        0.39734661141922634,
        0.40552156488392904,
        0.42826654113091256,
        0.43805241649759996,
        0.43855451128344036,
        0.44156878611338657,
        0.44156878611338657,
        0.44156878611338657,
        0.44528138222762587,
        0.45603373101667294,
        0.46486602376065206,
        0.4669248503324237,
        0.4809253348988702,
        0.4809253348988702,
        0.4809253348988702,
        0.4872344461415183,
        0.4872344461415183,
        0.4885254800081421,
        0.49494801213219836,
        0.4952537195201552,
        0.508967742857488,
        0.508967742857488,
        0.5107030477193615,
        0.5153708580340997,
        0.5189444514406765,
        0.5217068467495686,
        0.5223645109191516,
        0.5314962101275404,
        0.5314962101275404,
        0.5342152452176264,
        0.5367300551718388,
        0.5367300551718388,
        0.5423908400646598,
        0.5423908400646598,
        0.5423908400646598,
        0.543110129980237,
        0.5562167279504534,
        0.5562167279504534,
        0.5562167279504534,
        0.5562167279504534,
        0.5562167279504534,
        0.5569731811281992,
        0.5569731811281992,
        0.5569731811281992,
        0.5569731811281992,
        0.5569731811281992,
        0.5569731811281992,
        0.557644649078448,
        0.557644649078448,
        0.557644649078448,
        0.557644649078448,
        0.5615220053394344,
        0.5631181222013069,
        0.5631181222013069,
        0.5631181222013069,
        0.5645194848856768,
        0.5645194848856768,
        0.5645194848856768,
        0.5648992088569886,
        0.5648992088569886,
        0.5688098841368768,
        0.5688098841368768,
        0.5710985410617069,
        0.5731701322349241,
        0.5772604469307849,
        0.5857678784448334,
        0.5867239450554707,
        0.5871058129507369,
        0.5892789065067505,
        0.5892789065067505,
        0.5892789065067505,
        0.5892789065067505,
        0.5892789065067505,
        0.5892789065067505,
        0.5894742247572,
        0.5894742247572,
        0.5894742247572,
        0.5894742247572,
        0.5894742247572,
        0.5894742247572,
        0.5894742247572,
        0.5900481188471021,
        0.5900481188471021,
        0.5919370410718072,
        0.5919370410718072,
        0.5923357991084024,
        0.5923357991084024,
        0.5923357991084024,
        0.5923357991084024,
        0.5923357991084024,
        0.5923357991084024,
        0.5923357991084024,
        0.5923357991084024,
        0.5923357991084024,
        0.5923357991084024,
        0.5923357991084024,
        0.5923357991084024,
        0.5923357991084024,
        0.5923357991084024,
        0.5923357991084024,
        0.5923357991084024,
        0.5923357991084024,
        0.5923357991084024,
        0.5923357991084024,
        0.5923357991084024,
        0.5923357991084024,
        0.5923357991084024,
        0.5923357991084024,
        0.5923357991084024,
        0.6096212248219672,
        0.6096212248219672,
        0.6096212248219672,
        0.6096212248219672,
        0.6096212248219672,
        0.6096212248219672,
        0.6096212248219672,
        0.6096212248219672,
        0.6096212248219672,
        0.6096212248219672,
        0.6096212248219672,
        0.6096212248219672,
        0.6096212248219672,
        0.6096212248219672,
        0.6096212248219672,
        0.6096212248219672,
        0.6096212248219672,
        0.6096212248219672,
        0.6096212248219672,
        0.6096212248219672,
        0.6096212248219672,
        0.6096212248219672,
        0.6096212248219672,
        0.6096212248219672,
        0.6096212248219672,
        0.6096212248219672,
        0.6096212248219672,
        0.6222085098838945,
        0.6222085098838945,
        0.6222085098838945,
        0.6222085098838945,
        0.6222085098838945,
        0.6222085098838945,
        0.6222085098838945,
        0.6304135643920618,
        0.6304135643920618,
        0.633586191095818,
        0.6378318839844938,
        0.6426864826055108,
        0.6459594430500052,
        0.6459594430500052,
        0.6459594430500052,
        0.6511466677575353,
        0.6511466677575353,
        0.6511466677575353,
        0.6587198321065192,
        0.6587198321065192,
        0.6587198321065192,
        0.6587198321065192,
        0.6587198321065192,
        0.6587198321065192,
        0.6587198321065192,
        0.6587198321065192,
        0.6587198321065192,
        0.6587198321065192,
        0.6587198321065192,
        0.6587198321065192,
        0.6587198321065192,
        0.6587198321065192,
        0.6587198321065192,
        0.6587198321065192,
        0.6652635167344744,
        0.6652635167344744,
        0.6652635167344745,
        0.6652635167344745,
        0.6652635167344745,
        0.6652635167344745,
        0.6652635167344745,
        0.6652635167344745,
        0.6652635167344745,
        0.6652635167344745,
        0.6652635167344745,
        0.6652635167344745,
        0.6652635167344745,
        0.6652635167344745,
        0.6652635167344745
    ],