{
    "bestIndiv": [
        [
            8,
            9,
            42,
            32,
            10,
            50,
            11,
            24,
            3,
            5,
            14,
            4,
            37,
            23,
            47,
            45,
            13,
            12,
            51,
            25,
            46,
            26,
            27,
            36,
            43,
            48,
            17,
            20,
            29,
            6,
            41,
            1,
            16,
            2,
            34,
            35,
            33,
            15,
            19,
            22,
            28,
            49,
            0,
            21,
            30,
            31,
            39,
            38,
            44,
            18,
            7,
            40
        ],
        0.7020719075844054
    ],
    "best": [
        0.2843134709142403,
        0.2843134709142403,
        0.30505589753444695,
        0.3085098513685901,
        0.32295145344215265,
        0.3295224545463029,
        0.3323043455309229,
        0.33917208165075696,
        0.33917208165075696,
        0.3468174696429368,
        0.34811323210867123,
        0.36493734379980525,
        0.376920391746681,
        0.376920391746681,
        0.3913047565708774,
        0.3913047565708774,
        0.3913047565708774,
        0.3913047565708774,
        0.4024988099705779,
        0.4024988099705779,
        0.4055957989103279,
        0.4133356869902967,
        0.4143333475526045,
        0.4152274317343914,
        0.4317647287998777,
        0.4317647287998777,
        0.44189380295143954,
        0.45045110845088476,
        0.45045110845088476,
        0.4519717797515769,
        0.45703220216724466,
        0.4880068952434056,
        0.4908748291521468,
        0.4908748291521468,
        0.5001508814837976,
        0.5001508814837976,
        0.5003275888377647,
        0.5044347140753959,
        0.5103015858593217,
        0.5222704712609181,
        0.5305958257177833,
        0.5470462892688054,
        0.5470462892688054,
        0.5485742477008436,
        0.5485742477008436,
        0.5568805863855196,
        0.5568805863855196,
        0.5679676390004902,
        0.5817039233039104,
        0.5817039233039104,
        0.5871619461749183,
        0.5871619461749183,
        0.5914572560652389,
        0.5914572560652389,
        0.5914572560652389,
        0.5914572560652389,
        0.5971007286844637,
        0.6143272329534172,
        0.6143272329534172,
        0.6204178247268919,
        0.620417824726892,
        0.620417824726892,
        0.6204178247268921,
        0.6204178247268921,
        0.6217997406746852,
        0.6217997406746852,
        0.6217997406746852,
        0.6250494825524603,
        0.6250494825524603,
        0.6250709903832311,
        0.6250709903832311,
        0.6250709903832311,
        0.6250709903832311,
        0.6284558837874133,
        0.6284558837874133,
        0.6294096391562795,
        0.6294096391562795,
        0.6294096391562795,
        0.6294096391562795,
        0.6294096391562795,
        0.6294096391562795,
        0.6294096391562795,
        0.6294096391562795,
        0.6294096391562795,
        0.6294096391562795,
        0.6294096391562795,
        0.6294096391562795,
        0.6294096391562795,
        0.6294096391562795,
        0.6294096391562795,
        0.6294096391562795,
        0.6294096391562795,
        0.6294096391562795,
        0.6294096391562795,
        0.6294096391562795,
        0.6294096391562795,
        0.6294096391562795,
        0.6294096391562795,
        0.6294096391562795,
        0.6294096391562795,
        0.6294096391562795,
        0.6294096391562795,
        0.6294096391562795,
        0.6308768791531957,
        0.6308768791531957,
        0.6308768791531957,
        0.631060336987639,
        0.631060336987639,
        0.6311501144996445,
        0.6377969867354634,
        0.6377969867354634,
        0.6377969867354634,
        0.6465088092249763,
        0.6465088092249763,
        0.6465088092249763,
        0.6465088092249763,
        0.646540515771878,
        0.646540515771878,
        0.6505500139113964,
        0.6505500139113964,
        0.6505500139113964,
        0.6505500139113964,
        0.6505500139113964,
        0.6505500139113964,
        0.6505500139113964,
        0.6505500139113964,
        0.6505500139113964,
        0.6505500139113964,
        0.6615563867919728,
        0.6615563867919728,
        0.6615563867919728,
        0.6615563867919728,
        0.6615563867919728,
        0.6615563867919728,
        0.6615563867919728,
        0.6665208647673764,
        0.6665208647673764,
        0.6665208647673764,
        0.6697908531763207,
        0.6697908531763207,
        0.6730870126646333,
        0.6730870126646333,
        0.6730870126646333,
        0.6730870126646333,
        0.6730870126646333,
        0.6730870126646333,
        0.6730870126646333,
        0.6730870126646333,
        0.6730870126646333,
        0.6953733939771823,
        0.6953733939771823,
        0.6953733939771823,
        0.6953733939771823,
        0.6953733939771823,
        0.6953733939771823,
        0.6953733939771823,
        0.6953733939771823,
        0.6953733939771823,
        0.6953733939771823,
        0.6953733939771823,
        0.6953733939771823,
        0.6953733939771823,
        0.6953733939771823,
        0.6953733939771823,
        0.6953733939771823,
        0.6953733939771823,
        0.6953733939771823,
        0.6953733939771823,
        0.6953733939771823,
        0.6953733939771823,
        0.6953733939771823,
        0.7020719075844054,
        0.7020719075844054,
        0.7020719075844054,
        0.7020719075844054,
        0.7020719075844054,
        0.7020719075844054,
        0.7020719075844054,
        0.7020719075844054,
        0.7020719075844054,
        0.7020719075844054,
        0.7020719075844054,
        0.7020719075844054,
        0.7020719075844054,
        0.7020719075844054,
        0.7020719075844054,
        0.7020719075844054,
        0.7020719075844054,
        0.7020719075844054,
        0.7020719075844054,
        0.7020719075844054,
        0.7020719075844054,
        0.7020719075844054,
        0.7020719075844054,
        0.7020719075844054,
        0.7020719075844054,
        0.7020719075844054,
        0.7020719075844054,
        0.7020719075844054,
        0.7020719075844054,
        0.7020719075844054
    ],