{
    "bestIndiv": [
        [
            6,
            41,
            29,
            49,
            19,
            22,
            43,
            35,
            34,
            39,
            37,
            14,
            47,
            5,
            24,
            45,
            23,
            4,
            32,
            42,
            9,
            7,
            8,
            0,
            15,
            25,
            12,
            13,
            51,
            28,
            33,
            48,
            31,
            38,
            3,
            11,
            27,
            46,
            26,
            10,
            50,
            36,
            21,
            2,
            44,
            18,
            40,
            17,
            30,
            16,
            20,
            1
        ],
        0.610368997097523
    ],
    "best": [
        0.2878499221581428,
        0.29120176742854464,
        0.3048891055351581,
        0.3112727288606627,
        0.32014920290581406,
        0.3318854973047549,
        0.34605600849902163,
        0.3463234156455626,
        0.36471918535223774,
        0.36471918535223774,
        0.36471918535223774,
        0.39391919419365595,
        0.39391919419365595,
        0.39391919419365595,
        0.3940337737464219,
        0.3940337737464219,
        0.3940836137258187,
        0.4088447705420027,
        0.4088447705420027,
        0.4125119107190164,
        0.41465538280422637,
        0.4201011973136211,
        0.4201011973136211,
        0.4376615637129726,
        0.4376615637129726,
        0.4376615637129726,
        0.4376615637129726,
        0.4376615637129726,
        0.4376615637129726,
        0.4376615637129726,
        0.4410732981245195,
        0.4410732981245195,
        0.4410732981245195,
        0.45761159979471994,
        0.45761159979471994,
        0.45761159979471994,
        0.4606708285960395,
        0.475298680222088,
        0.47909969068871566,
        0.4897641940733016,
        0.4897641940733016,
        0.4897641940733016,
        0.4944562010040846,
        0.4964930031685189,
        0.4964930031685189,
        0.4991233108735051,
        0.4991233108735051,
        0.4991233108735051,
        0.49912331087350514,
        0.49912331087350514,
        0.5018215537435208,
        0.5018215537435208,
        0.5018215537435208,
        0.5018215537435208,
        0.5018215537435208,
        0.5018215537435208,
        0.5037877646332083,
        0.5037877646332083,
        0.5037877646332083,
        0.5037877646332083,
        0.5058433422410729,
        0.5058433422410729,
        0.5058433422410729,
        0.5058433422410729,
        0.5058433422410729,
        0.5059191886652195,
        0.5223927369667248,
        0.5223927369667248,
        0.5223927369667248,
        0.5224736278214688,
        0.5281995737531333,
        0.5281995737531333,
        0.528282273085696,
        0.5287272435308344,
        0.5293795933941094,
        0.5301409161467926,
        0.5301409161467926,
        0.5317844813683595,
        0.5384889414281829,
        0.5384889414281829,
        0.5384889414281829,
        0.5384889414281829,
        0.5427136190147374,
        0.5427136190147374,
        0.5427136190147374,
        0.5427136190147374,
        0.5427136190147374,
        0.5453398486449638,
        0.5453398486449638,
        0.5453398486449638,
        0.5453398486449638,
        0.5453398486449638,
        0.5453398486449638,
        0.5453398486449638,
        0.5474538506555717,
        0.5474538506555717,
        0.5474538506555717,
        0.5474538506555717,
        0.5474538506555717,
        0.5474538506555717,
        0.5474538506555717,
        0.5474538506555717,
        0.548227833034334,
        0.548227833034334,
        0.548227833034334,
        0.5549284220663986,
        0.5549284220663986,
        0.5791169017783121,
        0.5791169017783121,
        0.5791169017783121,
        0.5878598382469009,
        0.5878598382469009,
        0.5878598382469009,
        0.5892904588318568,
        0.589758169356836,
        0.5988943845796402,
        0.5988943845796402,
        0.5988943845796402,
        0.6009971145069563,
        0.6009971145069563,
        0.6009971145069563,
        0.6009971145069563,
        0.6011056673533588,
        0.6031685306697222,
        0.6031685306697222,
        0.610368997097523,
        0.610368997097523,
        0.610368997097523,
        0.610368997097523,
        0.610368997097523,
        0.610368997097523,
        0.610368997097523,
        0.610368997097523,
        0.610368997097523,
        0.610368997097523,
        0.610368997097523,
        0.610368997097523,
        0.610368997097523,
        0.610368997097523,
        0.610368997097523,
        0.610368997097523,
        0.610368997097523,
        0.610368997097523,
        0.610368997097523,
        0.610368997097523,
        0.610368997097523,
        0.610368997097523,
        0.610368997097523,
        0.610368997097523,
        0.610368997097523,
        0.610368997097523,
        0.610368997097523,
        0.610368997097523,
        0.610368997097523,
        0.610368997097523,
        0.610368997097523,
        0.610368997097523,
        0.610368997097523,
        0.610368997097523,
        0.610368997097523,
        0.610368997097523,
        0.610368997097523,
        0.610368997097523,
        0.610368997097523,
        0.610368997097523,
        0.610368997097523,
        0.610368997097523,
        0.610368997097523,
        0.610368997097523,
        0.610368997097523,
        0.610368997097523,
        0.610368997097523,
        0.610368997097523,
        0.610368997097523,
        0.610368997097523,
        0.610368997097523,
        0.610368997097523,
        0.610368997097523,
        0.610368997097523,
        0.610368997097523,
        0.610368997097523,
        0.610368997097523,
        0.610368997097523,
        0.610368997097523,
        0.610368997097523,
        0.610368997097523,
        0.610368997097523,
        0.610368997097523,
        0.610368997097523,
        0.610368997097523,
        0.610368997097523,
        0.610368997097523,
        0.610368997097523,
        0.610368997097523,
        0.610368997097523,
        0.610368997097523,
        0.610368997097523,
        0.610368997097523,
        0.610368997097523,
        0.610368997097523,
        0.610368997097523
    ],