{
    "bestIndiv": [
        [
            23,
            45,
            5,
            14,
            3,
            24,
            46,
            25,
            26,
            27,
            12,
            13,
            51,
            10,
            50,
            11,
            32,
            42,
            9,
            8,
            40,
            7,
            18,
            44,
            48,
            39,
            37,
            4,
            47,
            35,
            34,
            31,
            17,
            2,
            16,
            20,
            30,
            0,
            21,
            22,
            29,
            41,
            6,
            1,
            19,
            49,
            28,
            15,
            43,
            33,
            38,
            36
        ],
        0.8252209470791734
    ],
    "best": [
        0.28736496189655236,
        0.28843838504734576,
        0.31613789684557686,
        0.31613789684557686,
        0.32992622132796423,
        0.33539701739698624,
        0.35345576760823255,
        0.35495795022215554,
        0.35495795022215554,
        0.37037012181476553,
        0.37037012181476553,
        0.3788432513547909,
        0.38564189340986144,
        0.39190511030743885,
        0.39190511030743885,
        0.4281362694203665,
        0.4281362694203665,
        0.4281362694203665,
        0.4281362694203665,
        0.44986642057693077,
        0.462852080164043,
        0.4645193735075754,
        0.4645193735075754,
        0.4765198633046892,
        0.4765198633046892,
        0.47988205534486317,
        0.47988205534486317,
        0.4834746076942978,
        0.48406618398316453,
        0.49166675731769605,
        0.49166675731769605,
        0.49454783674748715,
        0.5041774567562363,
        0.5041774567562363,
        0.5073510038295621,
        0.5073510038295621,
        0.5077435573811828,
        0.5077435573811828,
        0.5077435573811828,
        0.5077435573811829,
        0.5093502483410505,
        0.5093502483410505,
        0.515686781921677,
        0.5163332457376623,
        0.5300854664326445,
        0.5300854664326445,
        0.531431019842276,
        0.5451457227717503,
        0.5451457227717503,
        0.5451457227717503,
        0.5451457227717503,
        0.545154633157596,
        0.5464937234149935,
        0.5481316221413703,
        0.5491933399723283,
        0.5513342935557423,
        0.5513342935557423,
        0.5607479708029227,
        0.5607479708029227,
        0.5632693652967091,
        0.5643122286599592,
        0.5706341281946958,
        0.5706341281946958,
        0.5792783911559094,
        0.5792783911559094,
        0.5792783911559094,
        0.5792783911559094,
        0.5792783911559094,
        0.5792783911559094,
        0.5814050788299782,
        0.5888236703373526,
        0.5917029185123092,
        0.5974588128324053,
        0.6032127444551891,
        0.6032127444551892,
        0.6032127444551892,
        0.6038319403528354,
        0.614702937835091,
        0.6147029378350912,
        0.6181574112692627,
        0.6181574112692627,
        0.6181574112692627,
        0.6181574112692627,
        0.6668789231694613,
        0.6668789231694613,
        0.6668789231694613,
        0.6668789231694613,
        0.6668789231694613,
        0.6668789231694613,
        0.6868959816514584,
        0.6868959816514585,
        0.6868959816514585,
        0.6992235214966017,
        0.6992235214966017,
        0.6992235214966017,
        0.6992235214966017,
        0.7000375361119996,
        0.7011886992148906,
        0.7011886992148906,
        0.7012564689318145,
        0.7057215870694465,
        0.7057215870694465,
        0.7057215870694465,
        0.7195897612914821,
        0.7195897612914821,
        0.7195897612914821,
        0.7239258902735832,
        0.7324741499458607,
        0.7324741499458607,
        0.7452506977750943,
        0.7452506977750943,
        0.7556807294519248,
        0.7658444248806026,
        0.7664599175621811,
        0.7664599175621811,
        0.7777759819825444,
        0.7948908048561865,
        0.7948908048561865,
        0.7948908048561865,
        0.7948908048561865,
        0.7948908048561865,
        0.7948908048561865,
        0.7948908048561865,
        0.7972747750025009,
        0.7994486194318206,
        0.7994486194318206,
        0.7994486194318206,
        0.7994486194318206,
        0.7994486194318206,
        0.7994486194318206,
        0.7994486194318206,
        0.7994486194318206,
        0.8002190218687855,
        0.8002190218687855,
        0.8002190218687855,
        0.8002190218687855,
        0.8002190218687855,
        0.8002190218687855,
        0.8002190218687855,
        0.8002190218687855,
        0.8002190218687855,
        0.8002190218687855,
        0.8048383215698803,
        0.8048383215698803,
        0.8048383215698803,
        0.8048383215698803,
        0.8048383215698803,
        0.8048383215698803,
        0.8048383215698803,
        0.8048383215698803,
        0.8048383215698803,
        0.8048383215698803,
        0.8048383215698803,
        0.8048383215698803,
        0.8048383215698803,
        0.8048383215698803,
        0.8135773031050492,
        0.8135773031050492,
        0.8135773031050492,
        0.8135773031050492,
        0.8135773031050492,
        0.8135773031050492,
        0.8183525727428215,
        0.8183525727428215,
        0.8183525727428215,
        0.8183525727428215,
        0.8183525727428215,
        0.8183525727428215,
        0.8183525727428215,
        0.8183525727428215,
        0.8183525727428215,
        0.8183525727428215,
        0.8183525727428215,
        0.8183525727428215,
        0.8183525727428215,
        0.8183525727428215,
        0.8183525727428215,
        0.8183525727428215,
        0.8183525727428215,
        0.8183525727428215,
        0.8183525727428215,
        0.8183525727428215,
        0.8194611610393413,
        0.8194611610393413,
        0.8198741510777979,
        0.8198741510777979,
        0.8198741510777979,
        0.8198741510777979,
        0.8198741510777979,
        0.8198741510777979,
        0.8198741510777979,
        0.8252209470791733,
        0.8252209470791733,
        0.8252209470791733,
        0.8252209470791734,
        0.8252209470791734,
        0.8252209470791734,
        0.8252209470791734,
        0.8252209470791734,
        0.8252209470791734,
        0.8252209470791734
    ],