{
    "bestIndiv": [
        [
            29,
            19,
            49,
            45,
            47,
            24,
            5,
            3,
            11,
            50,
            10,
            4,
            14,
            37,
            39,
            38,
            35,
            36,
            23,
            25,
            27,
            26,
            51,
            13,
            12,
            46,
            15,
            28,
            30,
            22,
            43,
            48,
            31,
            17,
            16,
            2,
            40,
            18,
            42,
            32,
            8,
            9,
            7,
            44,
            34,
            33,
            0,
            21,
            20,
            6,
            1,
            41
        ],
        0.6868368674826346
    ],
    "best": [
        0.28990787091869336,
        0.29235914709115485,
        0.3015654645248371,
        0.304024318918737,
        0.30928801672759715,
        0.31814692328949257,
        0.32631628393959755,
        0.32710272154364944,
        0.3348821435038446,
        0.33541780343436106,
        0.3451324209379424,
        0.35594932531551976,
        0.35594932531551976,
        0.35850270448550303,
        0.3638138104252011,
        0.3698770583364453,
        0.3763441739627183,
        0.37919448921151255,
        0.39632040765369314,
        0.39632040765369314,
        0.406326156540673,
        0.4368881481070914,
        0.4368881481070914,
        0.4368881481070914,
        0.4410614798628353,
        0.46380899170822387,
        0.46380899170822387,
        0.4709551402023476,
        0.4709551402023476,
        0.4709551402023476,
        0.48720878983253396,
        0.48720878983253396,
        0.48720878983253396,
        0.5070377163342775,
        0.5070377163342775,
        0.5070377163342775,
        0.5112289593724054,
        0.5112289593724054,
        0.5227859737005114,
        0.5227859737005114,
        0.5347663673532428,
        0.5347663673532428,
        0.5347663673532428,
        0.543716038466673,
        0.546498096663124,
        0.546498096663124,
        0.546498096663124,
        0.546498096663124,
        0.546498096663124,
        0.546498096663124,
        0.546498096663124,
        0.546498096663124,
        0.546498096663124,
        0.546498096663124,
        0.5530625302957923,
        0.5530625302957923,
        0.5530625302957923,
        0.5530625302957923,
        0.5530625302957923,
        0.5530625302957923,
        0.5530625302957923,
        0.5530625302957923,
        0.5551572245524693,
        0.5551572245524693,
        0.5551572245524693,
        0.5556764114056628,
        0.5556764114056628,
        0.5556764114056628,
        0.5556764114056628,
        0.5556764114056628,
        0.5556764114056628,
        0.5556764114056628,
        0.5556764114056628,
        0.5610883418980935,
        0.5610883418980935,
        0.5610883418980935,
        0.5635452362999493,
        0.5635452362999493,
        0.5746075532448349,
        0.5771845417677274,
        0.5771845417677274,
        0.5771845417677274,
        0.5771845417677274,
        0.5771845417677274,
        0.5771845417677274,
        0.5771845417677274,
        0.5771845417677274,
        0.5782715861245524,
        0.5782715861245524,
        0.5796871563384378,
        0.5818054674783001,
        0.5818054674783001,
        0.5818054674783001,
        0.583087961194843,
        0.583087961194843,
        0.583087961194843,
        0.5922524964976976,
        0.5922524964976976,
        0.5948104269973089,
        0.5948104269973089,
        0.5948104269973089,
        0.596072996017714,
        0.596072996017714,
        0.5961940849244922,
        0.5961940849244922,
        0.5961940849244922,
        0.5961940849244922,
        0.5973902614182414,
        0.5973902614182414,
        0.5973902614182414,
        0.5973902614182414,
        0.6006650441260774,
        0.6006650441260774,
        0.6010163160431568,
        0.6010163160431568,
        0.6010163160431568,
        0.6010163160431568,
        0.6010163160431568,
        0.6010163160431568,
        0.6010163160431568,
        0.6010163160431568,
        0.6010163160431568,
        0.6010163160431568,
        0.6043760682504599,
        0.6043760682504599,
        0.6043760682504599,
        0.6050187305056853,
        0.6050187305056853,
        0.6050187305056853,
        0.6055665944535841,
        0.6055665944535841,
        0.6055665944535841,
        0.6055665944535841,
        0.6055665944535841,
        0.6055665944535841,
        0.6055665944535841,
        0.6055665944535841,
        0.6055665944535841,
        0.6055665944535841,
        0.6055665944535841,
        0.6055665944535841,
        0.6055665944535841,
        0.6096300475502329,
        0.6096300475502329,
        0.6096300475502329,
        0.6133026102384165,
        0.6175601433269424,
        0.6175601433269424,
        0.6175601433269424,
        0.6231054397664516,
        0.6232932182661338,
        0.6232932182661338,
        0.6232932182661338,
        0.6247929742074504,
        0.6247929742074504,
        0.6247929742074504,
        0.631041057728691,
        0.631041057728691,
        0.631041057728691,
        0.6383248422463992,
        0.6416408093959723,
        0.6481966935712622,
        0.6481966935712622,
        0.6553010287799962,
        0.6553010287799962,
        0.6553010287799962,
        0.6553010287799962,
        0.6553010287799962,
        0.6553010287799962,
        0.6553010287799962,
        0.6553010287799962,
        0.6553010287799962,
        0.6553010287799962,
        0.6553010287799962,
        0.6651319793104051,
        0.6651319793104051,
        0.6651319793104051,
        0.6695466364748978,
        0.6695466364748978,
        0.6750639943278663,
        0.6750639943278663,
        0.6784288790689882,
        0.6784288790689882,
        0.6784288790689882,
        0.6784288790689882,
        0.6784288790689882,
        0.6784288790689882,
        0.6784288790689882,
        0.6784288790689882,
        0.6784288790689882,
        0.6784288790689882,
        0.6784288790689882,
        0.6784288790689882,
        0.6784288790689882,
        0.6784288790689882,
        0.6784288790689882,
        0.6784288790689882,
        0.6834648395838588,
        0.6834648395838588,
        0.6868368674826346,
        0.6868368674826346
    ],