{
    "bestIndiv": [
        [
            44,
            34,
            35,
            43,
            33,
            38,
            39,
            47,
            23,
            36,
            4,
            14,
            5,
            24,
            3,
            32,
            42,
            50,
            11,
            25,
            27,
            12,
            10,
            51,
            13,
            26,
            46,
            28,
            15,
            45,
            37,
            18,
            2,
            17,
            0,
            48,
            31,
            21,
            22,
            19,
            49,
            29,
            1,
            6,
            41,
            20,
            30,
            16,
            8,
            9,
            7,
            40
        ],
        0.728558661348627
    ],
    "best": [
        0.29923997976019284,
        0.2993318141297503,
        0.3199852020172274,
        0.3199852020172274,
        0.3274892656483713,
        0.3274892656483713,
        0.32944622030968784,
        0.32944622030968784,
        0.34423941326092644,
        0.34423941326092644,
        0.3666023983742267,
        0.3666023983742267,
        0.37379070295957556,
        0.37379070295957556,
        0.38490568533180897,
        0.38771866519825904,
        0.38771866519825904,
        0.3918759915310692,
        0.39652324666182964,
        0.40149985355443557,
        0.4130904180250743,
        0.4154708053345762,
        0.4154708053345762,
        0.41556796006481256,
        0.4225726728371973,
        0.4225726728371973,
        0.4377687434645166,
        0.4377687434645166,
        0.4377687434645166,
        0.4477827209063695,
        0.4477827209063695,
        0.45551879461595174,
        0.46092425383123486,
        0.4624561424184322,
        0.46259028819544884,
        0.4644705505869282,
        0.47767835748089515,
        0.4827421346778753,
        0.4934444617970432,
        0.4934444617970432,
        0.4934444617970432,
        0.5093644214923481,
        0.5093644214923481,
        0.5093644214923481,
        0.5093644214923481,
        0.5183787530027575,
        0.5207915397922396,
        0.5207915397922396,
        0.527134648471705,
        0.533022024503129,
        0.5492887090954355,
        0.5492887090954355,
        0.5492887090954355,
        0.5562821495702611,
        0.5587000951698213,
        0.5708429483571013,
        0.5832875484468053,
        0.5911797347824539,
        0.5911797347824539,
        0.5998548393926313,
        0.5998548393926313,
        0.5998548393926313,
        0.5998548393926313,
        0.5998548393926313,
        0.5998548393926313,
        0.6023094852866535,
        0.6023094852866535,
        0.6070858456016129,
        0.6184075694703526,
        0.6184075694703526,
        0.6184075694703526,
        0.6205241131390125,
        0.6205241131390125,
        0.6205241131390125,
        0.620726652626695,
        0.620726652626695,
        0.6358318113128257,
        0.6358318113128257,
        0.6358318113128258,
        0.6358318113128258,
        0.6358318113128258,
        0.6397355040700266,
        0.6397355040700266,
        0.6488937112530883,
        0.6488937112530883,
        0.6488937112530883,
        0.6488937112530883,
        0.6540381817770046,
        0.6540381817770046,
        0.6540381817770046,
        0.658562211864453,
        0.658562211864453,
        0.6597625520369521,
        0.6597625520369521,
        0.6597625520369521,
        0.6638617555057001,
        0.6669313956919344,
        0.6669313956919344,
        0.6669313956919344,
        0.6700394245110092,
        0.6700394245110092,
        0.6700394245110092,
        0.6700394245110092,
        0.6700394245110092,
        0.680092778985357,
        0.680092778985357,
        0.680092778985357,
        0.680092778985357,
        0.680092778985357,
        0.680092778985357,
        0.680092778985357,
        0.681950445100198,
        0.68420046472773,
        0.68420046472773,
        0.6843765963594607,
        0.6843765963594607,
        0.6851287075953036,
        0.6882315181524274,
        0.6882315181524274,
        0.6882315181524274,
        0.6882315181524274,
        0.6892263926394305,
        0.6892263926394305,
        0.6919952575394976,
        0.6919952575394976,
        0.6931701311242803,
        0.6931701311242803,
        0.6931701311242803,
        0.6931701311242803,
        0.6931701311242803,
        0.6932180591706782,
        0.6932180591706782,
        0.6932180591706782,
        0.6964103620420781,
        0.6964103620420781,
        0.6964103620420781,
        0.6998942155077923,
        0.6998942155077923,
        0.6998942155077923,
        0.6998942155077923,
        0.6998942155077923,
        0.6998942155077923,
        0.6998942155077923,
        0.6998942155077923,
        0.6998942155077923,
        0.6998942155077923,
        0.6998942155077923,
        0.6998942155077923,
        0.6998942155077923,
        0.7047162602457059,
        0.7047162602457059,
        0.705181092386818,
        0.7051834587576785,
        0.7106974966403913,
        0.7106974966403913,
        0.7111702553821502,
        0.7111702553821502,
        0.7155475213480366,
        0.7155475213480366,
        0.7155475213480366,
        0.7155475213480366,
        0.7155475213480366,
        0.7155475213480366,
        0.7155475213480366,
        0.7155475213480366,
        0.7155475213480366,
        0.7155475213480366,
        0.7155475213480366,
        0.7184910755908938,
        0.7184910755908938,
        0.7184910755908938,
        0.7184910755908938,
        0.7184910755908938,
        0.7184910755908938,
        0.7229923933104515,
        0.7229923933104515,
        0.7229923933104515,
        0.7229923933104515,
        0.7229923933104515,
        0.7229923933104515,
        0.7229923933104515,
        0.7229923933104515,
        0.7229923933104515,
        0.7229923933104515,
        0.7229923933104515,
        0.7229923933104515,
        0.7229923933104515,
        0.7229923933104515,
        0.7229923933104515,
        0.7229923933104515,
        0.7229923933104515,
        0.7229923933104515,
        0.7229923933104515,
        0.7229923933104515,
        0.728558661348627,
        0.728558661348627,
        0.728558661348627,
        0.728558661348627,
        0.728558661348627,
        0.728558661348627,
        0.728558661348627
    ],