{
    "bestIndiv": [
        [
            19,
            29,
            1,
            6,
            41,
            20,
            30,
            2,
            16,
            17,
            31,
            0,
            21,
            22,
            49,
            28,
            15,
            43,
            33,
            38,
            34,
            27,
            12,
            51,
            26,
            25,
            23,
            37,
            48,
            35,
            39,
            42,
            32,
            40,
            7,
            8,
            9,
            18,
            44,
            36,
            47,
            4,
            14,
            5,
            3,
            24,
            46,
            13,
            10,
            50,
            11,
            45
        ],
        0.6717480845504393
    ],
    "best": [
        0.28990787091869336,
        0.29235914709115485,
        0.30245292584783706,
        0.3182744356520115,
        0.32551263686129395,
        0.32551263686129395,
        0.32551263686129395,
        0.3288387289609728,
        0.3288387289609728,
        0.35065377772423517,
        0.35516472065822074,
        0.35516472065822074,
        0.3647601133976077,
        0.374820002633838,
        0.374820002633838,
        0.374820002633838,
        0.38191141356370384,
        0.3826990246392596,
        0.4013674407636877,
        0.4028400876233731,
        0.4148761671131728,
        0.41578133852572885,
        0.43519804561687986,
        0.43519804561687986,
        0.43519804561687986,
        0.43519804561687986,
        0.43519804561687986,
        0.44249383592529934,
        0.44249383592529934,
        0.44249383592529934,
        0.44249383592529934,
        0.4461597164653262,
        0.4481632906207085,
        0.4481632906207085,
        0.44827443726662525,
        0.4603380781886303,
        0.4603380781886303,
        0.4603380781886303,
        0.46579869567049825,
        0.4809898010285975,
        0.4809898010285975,
        0.4809898010285975,
        0.49926870454150374,
        0.49995401682851914,
        0.5234197910336922,
        0.524173058042385,
        0.524173058042385,
        0.5258239385562112,
        0.5258239385562112,
        0.536606510944991,
        0.536606510944991,
        0.5381265026834714,
        0.5381265026834714,
        0.5435972669932072,
        0.5435972669932072,
        0.5462864346177632,
        0.5464291222955137,
        0.5464291222955137,
        0.5498374120574876,
        0.5532135915573247,
        0.5532135915573247,
        0.5532135915573247,
        0.5557354339561669,
        0.5594454003025433,
        0.5648450624999355,
        0.5704198748254926,
        0.5704198748254926,
        0.5719097374208532,
        0.578414810340723,
        0.5818845145110841,
        0.5821032425262718,
        0.5821032425262718,
        0.5821032425262718,
        0.5854483847593153,
        0.5935122872813404,
        0.5935122872813404,
        0.5935122872813404,
        0.5957460046541757,
        0.5969902337944097,
        0.5969902337944097,
        0.5992502566141493,
        0.5992502566141493,
        0.6085035563772259,
        0.6085035563772259,
        0.6085035563772259,
        0.6085035563772259,
        0.616596094762753,
        0.616596094762753,
        0.616596094762753,
        0.6168280641274365,
        0.6168280641274365,
        0.617774687997764,
        0.617774687997764,
        0.6199197855574595,
        0.6199197855574595,
        0.6199197855574595,
        0.6199197855574595,
        0.6199197855574595,
        0.6199197855574595,
        0.6224644874623619,
        0.6224644874623619,
        0.6224644874623619,
        0.6224644874623619,
        0.6224644874623619,
        0.6224644874623619,
        0.6224644874623619,
        0.6224644874623619,
        0.6224644874623619,
        0.6380002600307069,
        0.6380002600307069,
        0.6381931901318004,
        0.6381931901318004,
        0.6381931901318004,
        0.6381931901318004,
        0.6381931901318004,
        0.6381931901318004,
        0.6381931901318004,
        0.6381931901318004,
        0.6381931901318004,
        0.6381931901318004,
        0.6381931901318004,
        0.6381931901318004,
        0.6455293453061886,
        0.6455293453061886,
        0.6455293453061886,
        0.6455293453061886,
        0.6455293453061886,
        0.6455293453061886,
        0.6455293453061886,
        0.6455293453061886,
        0.6455293453061886,
        0.6455293453061886,
        0.6455293453061886,
        0.6455293453061886,
        0.6455293453061886,
        0.6455293453061886,
        0.659631924773652,
        0.659631924773652,
        0.659631924773652,
        0.659631924773652,
        0.659631924773652,
        0.6657661393369729,
        0.6657661393369729,
        0.6664531308140186,
        0.6670319710328483,
        0.6670319710328483,
        0.6677215787218654,
        0.6677215787218654,
        0.6677215787218654,
        0.6677215787218654,
        0.6677215787218654,
        0.6677215787218654,
        0.6677215787218654,
        0.6677215787218654,
        0.6677215787218654,
        0.6677215787218654,
        0.6677215787218654,
        0.6677215787218654,
        0.6677215787218654,
        0.6677215787218654,
        0.6677215787218654,
        0.6677215787218654,
        0.6677215787218654,
        0.6677215787218654,
        0.6677215787218654,
        0.6677215787218654,
        0.6677215787218654,
        0.6677215787218654,
        0.6677215787218654,
        0.6677215787218654,
        0.6677215787218654,
        0.6677215787218654,
        0.6677215787218654,
        0.6677215787218654,
        0.6677215787218654,
        0.6685708644241221,
        0.6685708644241221,
        0.6688536681571281,
        0.6688536681571281,
        0.6694388846058625,
        0.6694388846058625,
        0.670576809708469,
        0.6706076880673383,
        0.6706076880673383,
        0.6712763506490752,
        0.6717480845504393,
        0.6717480845504393,
        0.6717480845504393,
        0.6717480845504393,
        0.6717480845504393,
        0.6717480845504393,
        0.6717480845504393,
        0.6717480845504393,
        0.6717480845504393,
        0.6717480845504393,
        0.6717480845504393,
        0.6717480845504393,
        0.6717480845504393,
        0.6717480845504393,
        0.6717480845504393,
        0.6717480845504393
    ],