{
    "bestIndiv": [
        [
            39,
            37,
            14,
            5,
            23,
            42,
            8,
            9,
            7,
            40,
            18,
            44,
            31,
            17,
            30,
            22,
            29,
            1,
            6,
            41,
            20,
            16,
            2,
            34,
            33,
            36,
            4,
            3,
            32,
            50,
            10,
            11,
            26,
            25,
            46,
            12,
            51,
            13,
            27,
            24,
            47,
            45,
            15,
            28,
            19,
            49,
            43,
            0,
            21,
            48,
            35,
            38
        ],
        0.7906195564771262
    ],
    "best": [
        0.2938599743734584,
        0.3167773250581152,
        0.3167773250581152,
        0.3321484156451392,
        0.3488171133622938,
        0.3518250653064931,
        0.35281925048578555,
        0.35606184494581117,
        0.3743427382123602,
        0.3743427382123602,
        0.3872199327701732,
        0.3872199327701732,
        0.40567213672071545,
        0.4115706353934898,
        0.4115706353934898,
        0.4279306900035987,
        0.4391140627930051,
        0.4392811569289714,
        0.4392811569289714,
        0.46039631341507525,
        0.46039631341507525,
        0.47596851933513784,
        0.4878171420157964,
        0.5009726654524136,
        0.5310321677236837,
        0.5335720113593707,
        0.5682748864733994,
        0.5682748864733994,
        0.5682748864733994,
        0.5682748864733994,
        0.5688072699345051,
        0.5688072699345051,
        0.5696531199541088,
        0.5696531199541088,
        0.5696531199541088,
        0.5706691396363122,
        0.5739004981202905,
        0.5752686999418817,
        0.5753584015656606,
        0.5828775064942499,
        0.5828775064942499,
        0.5878486503471291,
        0.5917524903743187,
        0.5942636845613666,
        0.5984081346835198,
        0.6006999370130502,
        0.6006999370130504,
        0.6081963074843539,
        0.6118508947279578,
        0.6266306466159027,
        0.6266306466159027,
        0.6266306466159027,
        0.6266306466159027,
        0.6305554394493479,
        0.6305554394493479,
        0.6305554394493479,
        0.6341210809246688,
        0.6473527157740113,
        0.6473527157740113,
        0.6473527157740113,
        0.6511114229574645,
        0.6511114229574645,
        0.6524726758472067,
        0.6524726758472067,
        0.6524726758472067,
        0.6557665995233247,
        0.6557665995233247,
        0.6581660359229802,
        0.6581660359229802,
        0.6581660359229802,
        0.6607799254792482,
        0.6641584764117798,
        0.66415847641178,
        0.66415847641178,
        0.66415847641178,
        0.66415847641178,
        0.6653436898841821,
        0.6653436898841821,
        0.6653436898841822,
        0.6653436898841822,
        0.6692054728111511,
        0.6692054728111511,
        0.6692054728111511,
        0.6704087841175975,
        0.6704087841175975,
        0.6704087841175975,
        0.6742879494525854,
        0.686268403421074,
        0.686268403421074,
        0.6902708309941736,
        0.6902708309941736,
        0.6902708309941736,
        0.693115732388869,
        0.693115732388869,
        0.693115732388869,
        0.693115732388869,
        0.693115732388869,
        0.6931346014259705,
        0.6931346014259705,
        0.6931346014259705,
        0.6931346014259705,
        0.6931346014259705,
        0.6931346014259705,
        0.6931346014259705,
        0.6931346014259705,
        0.6931346014259705,
        0.6931346014259705,
        0.6931346014259705,
        0.6931346014259705,
        0.6931346014259705,
        0.6931346014259705,
        0.6931346014259705,
        0.6931346014259705,
        0.6931346014259705,
        0.6931346014259705,
        0.6931346014259705,
        0.6931346014259705,
        0.6942387774793551,
        0.6942387774793551,
        0.6942387774793551,
        0.6983276378931241,
        0.7156769563119809,
        0.7247589970534135,
        0.7355326359627387,
        0.7355326359627387,
        0.7355326359627387,
        0.7355326359627387,
        0.7355326359627387,
        0.7355326359627387,
        0.7355326359627387,
        0.7355326359627387,
        0.7355326359627387,
        0.7355326359627387,
        0.7355326359627387,
        0.7355326359627387,
        0.7355326359627387,
        0.7355326359627387,
        0.747766719377169,
        0.747766719377169,
        0.747766719377169,
        0.7499055774140425,
        0.7499055774140425,
        0.7499055774140425,
        0.7499055774140425,
        0.7499055774140425,
        0.7499055774140425,
        0.7499055774140425,
        0.7499055774140425,
        0.7499055774140425,
        0.7499055774140425,
        0.7499055774140425,
        0.7499055774140425,
        0.7499055774140425,
        0.7499055774140425,
        0.7499055774140425,
        0.7499055774140425,
        0.7499055774140425,
        0.7499055774140425,
        0.7499055774140425,
        0.7499055774140425,
        0.7499055774140425,
        0.7499055774140425,
        0.7499055774140425,
        0.7499055774140425,
        0.7499055774140425,
        0.7499055774140425,
        0.7499055774140425,
        0.7499055774140425,
        0.7499055774140425,
        0.7499055774140425,
        0.7499055774140425,
        0.7499055774140425,
        0.7499055774140425,
        0.7499055774140425,
        0.7499055774140425,
        0.7499055774140425,
        0.7534617426927307,
        0.7534617426927307,
        0.7534617426927307,
        0.7536624278383657,
        0.7599098774967493,
        0.7599098774967493,
        0.7599098774967493,
        0.7661148532659043,
        0.7661148532659043,
        0.7661148532659043,
        0.7661148532659043,
        0.7661148532659043,
        0.7661148532659043,
        0.7661148532659043,
        0.7661148532659043,
        0.7661148532659043,
        0.7661148532659043,
        0.7661148532659043,
        0.7661148532659043,
        0.7906195564771262,
        0.7906195564771262,
        0.7906195564771262,
        0.7906195564771262,
        0.7906195564771262,
        0.7906195564771262
    ],