{
    "bestIndiv": [
        [
            45,
            29,
            22,
            0,
            48,
            43,
            15,
            28,
            19,
            49,
            46,
            25,
            26,
            12,
            50,
            10,
            11,
            33,
            34,
            36,
            37,
            42,
            9,
            7,
            40,
            18,
            44,
            14,
            4,
            39,
            38,
            35,
            31,
            21,
            30,
            17,
            20,
            41,
            6,
            1,
            16,
            2,
            8,
            32,
            51,
            13,
            27,
            24,
            3,
            23,
            5,
            47
        ],
        0.6456530344253517
    ],
    "best": [
        0.293365696484161,
        0.2941507905765504,
        0.3033061114606886,
        0.3132677792959771,
        0.3291619245848897,
        0.33353470921382716,
        0.36103121123335785,
        0.36103121123335785,
        0.3629972477032621,
        0.37172173109979045,
        0.3731753157715665,
        0.4027157910902642,
        0.40685828500737387,
        0.40685828500737387,
        0.4174724267497453,
        0.41807782361712925,
        0.42537602023369225,
        0.42537602023369225,
        0.43624550360779624,
        0.4374402239774814,
        0.45897186755814356,
        0.45897186755814356,
        0.45897186755814356,
        0.45897186755814356,
        0.4746080729210908,
        0.47666479323038635,
        0.4835188413568618,
        0.48708786864072046,
        0.5078176977291228,
        0.5078176977291228,
        0.5078176977291228,
        0.5078176977291228,
        0.5139282554736657,
        0.5139282554736657,
        0.5179402441186705,
        0.5179402441186705,
        0.5179402441186705,
        0.5179402441186705,
        0.5200248426563119,
        0.5273537339912765,
        0.5273537339912765,
        0.5273537339912765,
        0.5273537339912765,
        0.5315426436053511,
        0.5327621643360596,
        0.5327621643360596,
        0.5327621643360596,
        0.5327621643360596,
        0.5349768469411966,
        0.5349768469411966,
        0.535562967656908,
        0.535562967656908,
        0.5367041800452197,
        0.5367041800452197,
        0.5378010461575552,
        0.5412813314484576,
        0.5412813314484576,
        0.542290400065626,
        0.542290400065626,
        0.5523683425741885,
        0.5523683425741885,
        0.5528574526351975,
        0.5528574526351975,
        0.5590160739079246,
        0.5590160739079246,
        0.5590160739079246,
        0.5590160739079246,
        0.5590160739079246,
        0.5590160739079246,
        0.5590160739079246,
        0.5590160739079246,
        0.5590160739079246,
        0.5590504674175703,
        0.5590504674175703,
        0.5590504674175703,
        0.5590504674175703,
        0.5590504674175703,
        0.5712513294582284,
        0.5712513294582284,
        0.5712513294582284,
        0.5712513294582284,
        0.5712513294582284,
        0.5712872450425179,
        0.5712872450425179,
        0.5712872450425179,
        0.5712872450425179,
        0.5712872450425179,
        0.5712872450425179,
        0.5712872450425179,
        0.5718301478416496,
        0.5718301478416496,
        0.5735344782831714,
        0.5735344782831714,
        0.5735344782831714,
        0.5735344782831714,
        0.5735344782831714,
        0.5735344782831714,
        0.5735344782831714,
        0.5735344782831714,
        0.5735344782831714,
        0.5735344782831714,
        0.5735344782831714,
        0.5735344782831714,
        0.5735344782831714,
        0.5735344782831714,
        0.5735344782831714,
        0.5735344782831714,
        0.5735344782831714,
        0.5735344782831714,
        0.5735344782831714,
        0.5735344782831714,
        0.5735344782831714,
        0.5735344782831714,
        0.5735344782831714,
        0.5735344782831714,
        0.5735344782831714,
        0.5735344782831714,
        0.5735344782831714,
        0.5735344782831714,
        0.5735344782831714,
        0.5735344782831714,
        0.5735344782831714,
        0.5735344782831714,
        0.5735344782831714,
        0.5735344782831714,
        0.5735344782831714,
        0.5856510863161274,
        0.5856510863161274,
        0.5856510863161274,
        0.5856510863161274,
        0.5856510863161274,
        0.5856510863161274,
        0.5856510863161274,
        0.5856510863161274,
        0.5856510863161274,
        0.5901223193888587,
        0.5901223193888587,
        0.5901223193888587,
        0.5901223193888587,
        0.5901223193888587,
        0.5901223193888587,
        0.5901223193888587,
        0.5938562638052551,
        0.5938562638052551,
        0.5982155430919315,
        0.5982155430919315,
        0.5982155430919315,
        0.5982155430919315,
        0.5982155430919315,
        0.5982155430919315,
        0.5982155430919315,
        0.5982155430919315,
        0.6018061477055646,
        0.6018061477055646,
        0.6018061477055646,
        0.6094182829039224,
        0.6094182829039224,
        0.6094182829039224,
        0.6094182829039224,
        0.6094182829039224,
        0.6094182829039224,
        0.6094182829039224,
        0.6100202302878892,
        0.6100202302878892,
        0.6100202302878892,
        0.6100202302878892,
        0.6105966502195986,
        0.6105966502195986,
        0.6163999658356365,
        0.6163999658356365,
        0.6163999658356365,
        0.6163999658356365,
        0.6163999658356365,
        0.6163999658356365,
        0.6175861303665979,
        0.6274292385761202,
        0.6274292385761202,
        0.6274292385761202,
        0.6299796208894153,
        0.6299796208894153,
        0.6299796208894153,
        0.6299796208894153,
        0.6354507724534403,
        0.6376608631952001,
        0.6376608631952001,
        0.6376608631952001,
        0.6376608631952002,
        0.6376608631952002,
        0.6376608631952002,
        0.6376608631952002,
        0.6376608631952002,
        0.6376608631952002,
        0.6376608631952002,
        0.6437788070897216,
        0.6437788070897216,
        0.6437788070897216,
        0.6456530344253516,
        0.6456530344253516,
        0.6456530344253517,
        0.6456530344253517,
        0.6456530344253517
    ],