{
    "bestIndiv": [
        [
            49,
            19,
            22,
            20,
            1,
            16,
            2,
            17,
            30,
            21,
            0,
            48,
            44,
            42,
            32,
            11,
            27,
            26,
            12,
            13,
            51,
            10,
            50,
            24,
            3,
            5,
            4,
            14,
            23,
            47,
            43,
            15,
            28,
            41,
            6,
            29,
            25,
            46,
            45,
            36,
            37,
            39,
            9,
            8,
            7,
            40,
            18,
            31,
            38,
            35,
            34,
            33
        ],
        0.7109273375349143
    ],
    "best": [
        0.2965246587783425,
        0.31485820389691205,
        0.34190669892920145,
        0.34190669892920145,
        0.34190669892920145,
        0.34260113437470957,
        0.3594365227822678,
        0.3813768076042079,
        0.3813768076042079,
        0.3884956752618382,
        0.39697222716121905,
        0.39697222716121905,
        0.39697222716121905,
        0.4064953993106035,
        0.40744221041349143,
        0.423122472994085,
        0.4284410779712979,
        0.4408709436393853,
        0.45462003188902533,
        0.45462003188902533,
        0.4583663343376339,
        0.4583663343376339,
        0.4928176775730818,
        0.4928176775730818,
        0.4928176775730818,
        0.5031903905787282,
        0.5031903905787282,
        0.50639789006544,
        0.5084889375521301,
        0.5112746891351703,
        0.5279638711389792,
        0.5279638711389792,
        0.5349528416200157,
        0.5349528416200157,
        0.5413014595175231,
        0.5413014595175231,
        0.5413014595175231,
        0.5528183895980554,
        0.5528183895980554,
        0.5577132204113641,
        0.5577132204113641,
        0.5577164166636511,
        0.5577164166636511,
        0.5612277298820815,
        0.5657220317446809,
        0.5657220317446809,
        0.5682893872104237,
        0.5705011164579769,
        0.5705011164579769,
        0.5705011164579769,
        0.5705011164579769,
        0.5705011164579769,
        0.5730447579164495,
        0.5730447579164495,
        0.5730447579164495,
        0.5730447579164495,
        0.5730447579164495,
        0.5746466116704647,
        0.5746466116704647,
        0.5746466116704647,
        0.5748931803444348,
        0.5748931803444348,
        0.5755252306620174,
        0.5755252306620174,
        0.5790978843763029,
        0.579739219150931,
        0.579739219150931,
        0.5813712185624932,
        0.5813712185624932,
        0.5921326069314529,
        0.5921326069314529,
        0.5921326069314529,
        0.5962518411727618,
        0.5985007796513395,
        0.6002402764861591,
        0.600532590446306,
        0.6057656976481054,
        0.6082432578152417,
        0.6124321347207504,
        0.6129794983286264,
        0.6177354787460552,
        0.6220658683283726,
        0.6220658683283726,
        0.6269644556761751,
        0.6308261006511968,
        0.6403462600048516,
        0.6403462600048516,
        0.6473202735009542,
        0.6473202735009542,
        0.6473202735009542,
        0.6488140851586656,
        0.6488140851586656,
        0.6537787254600541,
        0.6537787254600541,
        0.6537787254600541,
        0.6537787254600541,
        0.6537787254600541,
        0.6537787254600541,
        0.6537787254600541,
        0.6537787254600541,
        0.6537787254600541,
        0.6537787254600541,
        0.6537787254600541,
        0.6537787254600541,
        0.6537787254600541,
        0.6537787254600541,
        0.6537787254600541,
        0.6537787254600541,
        0.6537787254600541,
        0.6537787254600541,
        0.6537787254600541,
        0.6537787254600541,
        0.6537787254600541,
        0.6537787254600541,
        0.6537787254600541,
        0.6537787254600541,
        0.6537787254600541,
        0.6564567335864971,
        0.6564567335864971,
        0.6564567335864971,
        0.6564567335864971,
        0.6564567335864971,
        0.6564567335864971,
        0.6564567335864971,
        0.6564567335864971,
        0.6564567335864971,
        0.6564567335864971,
        0.6564567335864971,
        0.6564567335864971,
        0.6564567335864971,
        0.6564567335864971,
        0.6564567335864971,
        0.6564567335864971,
        0.6564567335864971,
        0.6584957466470842,
        0.6584957466470842,
        0.6584957466470842,
        0.6584957466470842,
        0.6584957466470842,
        0.6749200414118709,
        0.6749200414118709,
        0.6749200414118709,
        0.6749200414118709,
        0.6749200414118709,
        0.6749200414118709,
        0.6810408881544379,
        0.6954283031298383,
        0.6954283031298383,
        0.7019285713394863,
        0.7019285713394863,
        0.7019285713394863,
        0.7019285713394863,
        0.7019285713394863,
        0.7019285713394863,
        0.7019285713394863,
        0.7019285713394863,
        0.7019285713394863,
        0.7019285713394863,
        0.7091192710627983,
        0.7091192710627983,
        0.7091192710627983,
        0.7091192710627983,
        0.7109273375349143,
        0.7109273375349143,
        0.7109273375349143,
        0.7109273375349143,
        0.7109273375349143,
        0.7109273375349143,
        0.7109273375349143,
        0.7109273375349143,
        0.7109273375349143,
        0.7109273375349143,
        0.7109273375349143,
        0.7109273375349143,
        0.7109273375349143,
        0.7109273375349143,
        0.7109273375349143,
        0.7109273375349143,
        0.7109273375349143,
        0.7109273375349143,
        0.7109273375349143,
        0.7109273375349143,
        0.7109273375349143,
        0.7109273375349143,
        0.7109273375349143,
        0.7109273375349143,
        0.7109273375349143,
        0.7109273375349143,
        0.7109273375349143,
        0.7109273375349143,
        0.7109273375349143,
        0.7109273375349143,
        0.7109273375349143,
        0.7109273375349143,
        0.7109273375349143,
        0.7109273375349143,
        0.7109273375349143,
        0.7109273375349143,
        0.7109273375349143,
        0.7109273375349143,
        0.7109273375349143
    ],