{
    "bestIndiv": [
        [
            23,
            47,
            4,
            37,
            39,
            30,
            20,
            6,
            41,
            1,
            16,
            29,
            49,
            22,
            28,
            46,
            25,
            12,
            13,
            26,
            42,
            9,
            8,
            32,
            50,
            10,
            51,
            27,
            45,
            15,
            19,
            43,
            0,
            21,
            48,
            31,
            44,
            18,
            7,
            40,
            2,
            17,
            34,
            33,
            35,
            38,
            36,
            14,
            5,
            3,
            11,
            24
        ],
        0.6761649719452056
    ],
    "best": [
        0.2970436211377127,
        0.2986417215770556,
        0.3261158303251593,
        0.3261158303251593,
        0.33150819146318944,
        0.34473807431570325,
        0.34473807431570325,
        0.3594594807059973,
        0.3594594807059973,
        0.36073832576790005,
        0.3730283479509813,
        0.3858895563263108,
        0.3858895563263108,
        0.3858895563263108,
        0.391695005742124,
        0.40309483107843136,
        0.4077235400975661,
        0.41633466915458855,
        0.42650193200801295,
        0.42650193200801295,
        0.4489254788113759,
        0.4489254788113759,
        0.4673843947256047,
        0.4673843947256047,
        0.47059477088535695,
        0.47059477088535695,
        0.47059477088535695,
        0.4760567316315149,
        0.4822406655370403,
        0.4855598300943705,
        0.499543306954165,
        0.5012307212410005,
        0.5038967889360247,
        0.507348894236899,
        0.507348894236899,
        0.5100940752542307,
        0.5254029988983394,
        0.5254029988983394,
        0.5254029988983394,
        0.5254029988983394,
        0.5267537554640901,
        0.5304211328963043,
        0.5361065607831224,
        0.5379731539313011,
        0.543639147281701,
        0.543639147281701,
        0.5450833629409104,
        0.5496184146170224,
        0.5558242463987997,
        0.5558242463987997,
        0.5558242463987997,
        0.5558242463987997,
        0.5590518607098284,
        0.5681156188603359,
        0.5681156188603359,
        0.5686344704324976,
        0.5692640659892082,
        0.5821574365246244,
        0.5821574365246244,
        0.5821574365246244,
        0.5821574365246244,
        0.5821574365246244,
        0.5827805656617552,
        0.5827805656617552,
        0.5827805656617552,
        0.5827805656617552,
        0.5879081665745258,
        0.588543674158951,
        0.588543674158951,
        0.5890843556113254,
        0.5890843556113254,
        0.6005001987785605,
        0.6005001987785605,
        0.6005001987785605,
        0.6005001987785605,
        0.6005001987785605,
        0.6005001987785605,
        0.6005001987785605,
        0.605315219202438,
        0.605315219202438,
        0.6067623866965132,
        0.6085694154569218,
        0.6085694154569218,
        0.6085694154569218,
        0.6106393498849653,
        0.6106393498849653,
        0.6121292971411834,
        0.6121292971411834,
        0.6121292971411834,
        0.6121292971411834,
        0.6121292971411834,
        0.6121292971411834,
        0.6317417156707973,
        0.6317417156707973,
        0.6317417156707973,
        0.6317417156707973,
        0.6317417156707973,
        0.6317417156707973,
        0.6317417156707973,
        0.6317417156707973,
        0.6317417156707973,
        0.6317417156707973,
        0.6357104868438266,
        0.6357104868438266,
        0.6357104868438266,
        0.6357104868438266,
        0.6357104868438266,
        0.6357104868438266,
        0.6357104868438266,
        0.6357104868438266,
        0.6357104868438266,
        0.6357104868438266,
        0.6357104868438266,
        0.6357104868438266,
        0.6357104868438266,
        0.6357104868438266,
        0.643671228080576,
        0.643671228080576,
        0.643671228080576,
        0.643671228080576,
        0.643671228080576,
        0.643671228080576,
        0.6469649945772018,
        0.6469649945772018,
        0.6469649945772018,
        0.6469649945772018,
        0.6469649945772018,
        0.6469649945772018,
        0.6469649945772018,
        0.6469649945772018,
        0.6469649945772018,
        0.6469649945772018,
        0.6469649945772018,
        0.6509984864626015,
        0.6509984864626015,
        0.6509984864626015,
        0.6509984864626015,
        0.6509984864626015,
        0.6509984864626015,
        0.6509984864626015,
        0.6509984864626015,
        0.6509984864626015,
        0.6509984864626015,
        0.6509984864626015,
        0.6509984864626015,
        0.6509984864626015,
        0.6509984864626015,
        0.6509984864626015,
        0.6509984864626015,
        0.6509984864626015,
        0.6509984864626015,
        0.6509984864626015,
        0.6509984864626015,
        0.6509984864626015,
        0.6509984864626015,
        0.6509984864626015,
        0.6509984864626015,
        0.6509984864626015,
        0.6509984864626015,
        0.6509984864626015,
        0.6509984864626015,
        0.6509984864626015,
        0.6509984864626015,
        0.6509984864626015,
        0.6509984864626015,
        0.6509984864626015,
        0.6509984864626015,
        0.6509984864626015,
        0.6509984864626015,
        0.6509984864626015,
        0.6509984864626015,
        0.6509984864626015,
        0.6509984864626015,
        0.6509984864626015,
        0.6509984864626015,
        0.6509984864626015,
        0.6611999666622974,
        0.6611999666622974,
        0.6611999666622974,
        0.6611999666622974,
        0.6611999666622974,
        0.6622325837614735,
        0.6622325837614735,
        0.6622325837614735,
        0.6622325837614735,
        0.6622325837614735,
        0.6761649719452056,
        0.6761649719452056,
        0.6761649719452056,
        0.6761649719452056,
        0.6761649719452056,
        0.6761649719452056,
        0.6761649719452056,
        0.6761649719452056,
        0.6761649719452056,
        0.6761649719452056,
        0.6761649719452056,
        0.6761649719452056,
        0.6761649719452056,
        0.6761649719452056,
        0.6761649719452056
    ],