{
    "bestIndiv": [
        [
            45,
            47,
            24,
            11,
            50,
            13,
            12,
            26,
            27,
            25,
            46,
            51,
            10,
            32,
            42,
            35,
            34,
            39,
            48,
            31,
            18,
            40,
            7,
            9,
            8,
            44,
            22,
            29,
            1,
            6,
            41,
            16,
            20,
            30,
            0,
            43,
            33,
            38,
            36,
            23,
            4,
            14,
            3,
            5,
            37,
            17,
            2,
            21,
            19,
            49,
            28,
            15
        ],
        0.7262460211051605
    ],
    "best": [
        0.29923997976019284,
        0.2993318141297503,
        0.3221021387751764,
        0.3353579741531871,
        0.33745615051318584,
        0.33939867513441235,
        0.33939867513441235,
        0.34143411823713726,
        0.35357595511006157,
        0.3597833911173508,
        0.36997598200735704,
        0.3772547655610167,
        0.38768799428403117,
        0.3976605278644245,
        0.40033299932854693,
        0.40033299932854693,
        0.41335818073689995,
        0.41335818073689995,
        0.4223496939785379,
        0.4325673828348845,
        0.4325673828348845,
        0.4441100671269907,
        0.46978879293981135,
        0.46978879293981135,
        0.46978879293981135,
        0.48145661845848425,
        0.48827527214258937,
        0.5134175251961361,
        0.5134175251961361,
        0.5134175251961361,
        0.5149966304109144,
        0.5149966304109144,
        0.5191502484006665,
        0.5191502484006665,
        0.5216226525758468,
        0.5259624646064331,
        0.5342914260215832,
        0.5342914260215832,
        0.5369252190615946,
        0.5369252190615946,
        0.543987053050145,
        0.5473756324662629,
        0.5747189110348845,
        0.5838120570051806,
        0.5838120570051806,
        0.5838120570051806,
        0.5981040476664224,
        0.5981040476664224,
        0.6030089415906851,
        0.6030089415906851,
        0.6155532075796687,
        0.6207925060651345,
        0.6291877153518926,
        0.6291877153518926,
        0.6291877153518926,
        0.6460987430364992,
        0.6460987430364992,
        0.6460987430364992,
        0.6551973701899797,
        0.6551973701899797,
        0.6551973701899797,
        0.6551973701899797,
        0.6551973701899797,
        0.6551973701899797,
        0.6551973701899797,
        0.6621141128540383,
        0.6621141128540383,
        0.6621141128540383,
        0.6621141128540383,
        0.6621141128540383,
        0.6621141128540383,
        0.6621141128540383,
        0.6621141128540383,
        0.6621141128540383,
        0.6621141128540383,
        0.6621141128540383,
        0.6621141128540383,
        0.6621141128540383,
        0.6621141128540383,
        0.6621539593769991,
        0.6621539593769991,
        0.6621539593769991,
        0.6644294360811083,
        0.6644294360811083,
        0.6644294360811083,
        0.6644294360811083,
        0.6644294360811083,
        0.6644294360811083,
        0.6644294360811083,
        0.6644294360811083,
        0.6644294360811083,
        0.6644294360811083,
        0.6790469161756562,
        0.6790469161756562,
        0.6790469161756562,
        0.6790469161756562,
        0.6790469161756562,
        0.6790469161756562,
        0.6790469161756562,
        0.6790469161756562,
        0.6790469161756562,
        0.6790469161756562,
        0.6814401882463339,
        0.6814401882463339,
        0.6814401882463339,
        0.6884015304026279,
        0.6884015304026279,
        0.6896099883494878,
        0.6896099883494878,
        0.6896099883494878,
        0.6896099883494878,
        0.6896099883494878,
        0.6896099883494878,
        0.6896099883494878,
        0.6910404927454301,
        0.6910404927454301,
        0.6910404927454301,
        0.6910404927454301,
        0.6930530844247063,
        0.6930530844247063,
        0.7013477760923841,
        0.7013477760923841,
        0.7013477760923841,
        0.7013477760923841,
        0.7013477760923841,
        0.7013477760923841,
        0.7013477760923841,
        0.7013477760923841,
        0.7013477760923841,
        0.7013477760923841,
        0.7013477760923841,
        0.7013477760923841,
        0.7013477760923841,
        0.7013477760923841,
        0.7013477760923841,
        0.7013477760923841,
        0.7013477760923841,
        0.7013477760923841,
        0.721920204600702,
        0.721920204600702,
        0.721920204600702,
        0.721920204600702,
        0.721920204600702,
        0.721920204600702,
        0.721920204600702,
        0.721920204600702,
        0.721920204600702,
        0.721920204600702,
        0.721920204600702,
        0.721920204600702,
        0.721920204600702,
        0.721920204600702,
        0.721920204600702,
        0.721920204600702,
        0.721920204600702,
        0.721920204600702,
        0.721920204600702,
        0.721920204600702,
        0.721920204600702,
        0.721920204600702,
        0.721920204600702,
        0.721920204600702,
        0.721920204600702,
        0.722375440901296,
        0.722375440901296,
        0.722375440901296,
        0.722375440901296,
        0.722375440901296,
        0.722375440901296,
        0.722375440901296,
        0.722375440901296,
        0.722375440901296,
        0.722375440901296,
        0.722375440901296,
        0.722375440901296,
        0.722375440901296,
        0.722375440901296,
        0.722375440901296,
        0.722375440901296,
        0.722375440901296,
        0.7241712918333247,
        0.7241712918333247,
        0.7246293724911479,
        0.7246293724911479,
        0.7262460211051605,
        0.7262460211051605,
        0.7262460211051605,
        0.7262460211051605,
        0.7262460211051605,
        0.7262460211051605,
        0.7262460211051605,
        0.7262460211051605,
        0.7262460211051605,
        0.7262460211051605,
        0.7262460211051605,
        0.7262460211051605,
        0.7262460211051605,
        0.7262460211051605,
        0.7262460211051605,
        0.7262460211051605,
        0.7262460211051605
    ],