{
    "bestIndiv": [
        [
            30,
            17,
            0,
            21,
            31,
            48,
            34,
            35,
            33,
            36,
            39,
            37,
            23,
            47,
            45,
            43,
            49,
            28,
            41,
            6,
            1,
            29,
            22,
            19,
            15,
            50,
            32,
            3,
            5,
            26,
            25,
            46,
            27,
            13,
            51,
            12,
            10,
            11,
            24,
            14,
            4,
            38,
            40,
            7,
            9,
            8,
            42,
            44,
            18,
            2,
            16,
            20
        ],
        0.7019168996678625
    ],
    "best": [
        0.29026853471561676,
        0.29352035557174116,
        0.30787817251266925,
        0.3172813796671693,
        0.3295625071050091,
        0.35487631889629423,
        0.35487631889629423,
        0.3596077939370419,
        0.3648857645796101,
        0.3648857645796101,
        0.3648857645796101,
        0.3776744796041434,
        0.3776744796041434,
        0.38056146341811004,
        0.38124565682878686,
        0.4020945956487578,
        0.4020945956487578,
        0.40283924648084335,
        0.4050120097510152,
        0.4050120097510152,
        0.41702107670362154,
        0.41702107670362154,
        0.43118420656544276,
        0.4311993612895237,
        0.43511741753315497,
        0.43670118913201394,
        0.440335819276543,
        0.4576419384111443,
        0.4576419384111443,
        0.4670770384492803,
        0.4700059502052976,
        0.4752684107322103,
        0.4752684107322103,
        0.4825062506786906,
        0.510775886932141,
        0.510775886932141,
        0.5170920352854117,
        0.5170920352854117,
        0.5170920352854117,
        0.5317229907521732,
        0.5317229907521732,
        0.5399476498279162,
        0.5399476498279162,
        0.5453931987334429,
        0.5478839160051273,
        0.549017139178049,
        0.5566702587359793,
        0.5566702587359793,
        0.5570785529132113,
        0.566263232154873,
        0.566263232154873,
        0.5801705295102078,
        0.5801705295102078,
        0.5801705295102078,
        0.5905981350586236,
        0.5905981350586236,
        0.5917508460060038,
        0.5917508460060038,
        0.5917508460060038,
        0.5917508460060038,
        0.5917508460060038,
        0.5917508460060038,
        0.5945006024813927,
        0.5945006024813927,
        0.6008670320570608,
        0.6008670320570608,
        0.6008670320570608,
        0.6016513368292579,
        0.6016513368292579,
        0.6058888945207239,
        0.6058888945207239,
        0.6078360309306796,
        0.6108123972242918,
        0.6116228975138049,
        0.6116228975138049,
        0.6116228975138049,
        0.6116228975138049,
        0.6116228975138049,
        0.6116228975138049,
        0.6116228975138049,
        0.6116228975138049,
        0.6116228975138049,
        0.6140166759664232,
        0.6140166759664232,
        0.6158970729030461,
        0.6192375380878635,
        0.6193803027736197,
        0.6214799377872013,
        0.6214799377872013,
        0.6214799377872013,
        0.6214799377872013,
        0.6214799377872013,
        0.6214799377872013,
        0.6214799377872013,
        0.6214799377872013,
        0.6214799377872013,
        0.6214799377872013,
        0.6214799377872013,
        0.6214799377872013,
        0.6233147987011033,
        0.6281571932708989,
        0.6281571932708989,
        0.6319372071143555,
        0.6319372071143555,
        0.6378447211231921,
        0.6378447211231921,
        0.6470065962656113,
        0.6470065962656113,
        0.6470065962656113,
        0.6470065962656113,
        0.650321171022854,
        0.6527095976616765,
        0.6527095976616765,
        0.6705543623134661,
        0.6705543623134661,
        0.6705543623134661,
        0.6705543623134661,
        0.6729505828016336,
        0.6729505828016336,
        0.6729505828016336,
        0.6729505828016336,
        0.6729505828016336,
        0.6778948092805431,
        0.6778948092805431,
        0.6778948092805431,
        0.6778948092805431,
        0.6791070204727447,
        0.6791070204727447,
        0.6791070204727447,
        0.6791070204727447,
        0.6791070204727447,
        0.6791070204727447,
        0.6791070204727447,
        0.6791070204727447,
        0.6791070204727447,
        0.6791070204727447,
        0.6817241082512517,
        0.6817241082512517,
        0.6817241082512517,
        0.6817241082512517,
        0.6817241082512517,
        0.6817241082512517,
        0.6817241082512517,
        0.6817241082512517,
        0.6817241082512517,
        0.6817241082512517,
        0.6817241082512517,
        0.6817241082512517,
        0.6817241082512517,
        0.6817241082512517,
        0.6817241082512517,
        0.6817241082512517,
        0.6817241082512517,
        0.690042019030848,
        0.690042019030848,
        0.690042019030848,
        0.690042019030848,
        0.690042019030848,
        0.690042019030848,
        0.7019168996678625,
        0.7019168996678625,
        0.7019168996678625,
        0.7019168996678625,
        0.7019168996678625,
        0.7019168996678625,
        0.7019168996678625,
        0.7019168996678625,
        0.7019168996678625,
        0.7019168996678625,
        0.7019168996678625,
        0.7019168996678625,
        0.7019168996678625,
        0.7019168996678625,
        0.7019168996678625,
        0.7019168996678625,
        0.7019168996678625,
        0.7019168996678625,
        0.7019168996678625,
        0.7019168996678625,
        0.7019168996678625,
        0.7019168996678625,
        0.7019168996678625,
        0.7019168996678625,
        0.7019168996678625,
        0.7019168996678625,
        0.7019168996678625,
        0.7019168996678625,
        0.7019168996678625,
        0.7019168996678625,
        0.7019168996678625,
        0.7019168996678625,
        0.7019168996678625,
        0.7019168996678625,
        0.7019168996678625,
        0.7019168996678625,
        0.7019168996678625,
        0.7019168996678625,
        0.7019168996678625,
        0.7019168996678625,
        0.7019168996678625,
        0.7019168996678625
    ],