{
    "bestIndiv": [
        [
            36,
            37,
            32,
            50,
            10,
            51,
            11,
            3,
            5,
            4,
            14,
            23,
            47,
            15,
            19,
            29,
            1,
            6,
            41,
            16,
            0,
            21,
            17,
            2,
            40,
            31,
            38,
            35,
            33,
            34,
            45,
            49,
            28,
            46,
            25,
            13,
            12,
            27,
            26,
            24,
            43,
            22,
            30,
            20,
            48,
            39,
            42,
            7,
            9,
            8,
            18,
            44
        ],
        0.6437964143068308
    ],
    "best": [
        0.2970436211377127,
        0.2986417215770556,
        0.3261158303251593,
        0.3261158303251593,
        0.33150819146318944,
        0.34473807431570325,
        0.34473807431570325,
        0.3594594807059973,
        0.3594594807059973,
        0.36073832576790005,
        0.3730283479509813,
        0.3858895563263108,
        0.39304854666074945,
        0.400813543238081,
        0.41051495687628553,
        0.41463640903267274,
        0.41463640903267274,
        0.41463640903267274,
        0.4212097397756664,
        0.4212097397756664,
        0.43596471814506516,
        0.4555587110681561,
        0.4597219668607254,
        0.46172974746173456,
        0.46871790696087606,
        0.46871790696087606,
        0.47028986798833144,
        0.47871148439160355,
        0.47871148439160355,
        0.47871148439160355,
        0.4871941217827786,
        0.49266732445237216,
        0.4977936012102682,
        0.4977936012102682,
        0.4977936012102682,
        0.4977936012102682,
        0.5046100550072603,
        0.5046100550072603,
        0.5079854581012198,
        0.5115774628837985,
        0.5115774628837985,
        0.5136816683617431,
        0.5136816683617431,
        0.5136816683617431,
        0.5186044764692357,
        0.5186044764692357,
        0.5197209783747098,
        0.5325919120953598,
        0.5325919120953598,
        0.5410524888518133,
        0.5434684801090207,
        0.5434684801090207,
        0.5568697412345807,
        0.5568697412345807,
        0.5661259401452632,
        0.5661259401452632,
        0.5681150920686842,
        0.5729768026003197,
        0.587947700600945,
        0.587947700600945,
        0.5909990222351333,
        0.5909990222351333,
        0.5912328252343653,
        0.5912328252343653,
        0.598750639922066,
        0.598750639922066,
        0.598750639922066,
        0.6020500571858571,
        0.6054951257513268,
        0.6054951257513268,
        0.6054951257513268,
        0.6086962885140316,
        0.6125240161311681,
        0.6125240161311681,
        0.6125240161311681,
        0.6125240161311681,
        0.6125240161311681,
        0.6125240161311681,
        0.6125240161311681,
        0.6125240161311681,
        0.6125240161311681,
        0.6125240161311681,
        0.6125240161311681,
        0.6125240161311681,
        0.6138526897338846,
        0.6159341204071476,
        0.6159341204071476,
        0.6159341204071476,
        0.6159341204071476,
        0.6159341204071476,
        0.6159341204071476,
        0.6180607044687965,
        0.6180607044687965,
        0.6180607044687965,
        0.6192715753349801,
        0.6192715753349801,
        0.6192715753349801,
        0.6192715753349801,
        0.6192715753349801,
        0.6192715753349801,
        0.6192715753349801,
        0.6192715753349801,
        0.6202371471326801,
        0.6219229419709809,
        0.622524546364785,
        0.622524546364785,
        0.622524546364785,
        0.622524546364785,
        0.622524546364785,
        0.622524546364785,
        0.622524546364785,
        0.622524546364785,
        0.622524546364785,
        0.622524546364785,
        0.622524546364785,
        0.622524546364785,
        0.622524546364785,
        0.622524546364785,
        0.622524546364785,
        0.622524546364785,
        0.622524546364785,
        0.622524546364785,
        0.6249809231954255,
        0.6249809231954255,
        0.6260417642330705,
        0.6260417642330705,
        0.6260417642330705,
        0.6260417642330705,
        0.6260417642330705,
        0.6260417642330705,
        0.6260417642330705,
        0.6260417642330705,
        0.6260417642330705,
        0.6281327333653804,
        0.6281327333653804,
        0.6281327333653804,
        0.6281327333653804,
        0.6281327333653804,
        0.6281327333653804,
        0.6281327333653804,
        0.6281327333653804,
        0.6281327333653804,
        0.6282894796494659,
        0.6345080324289256,
        0.6345080324289256,
        0.6345080324289256,
        0.6345080324289256,
        0.6345080324289256,
        0.6345080324289256,
        0.6423049715208455,
        0.6423049715208455,
        0.6423049715208455,
        0.6423049715208455,
        0.6423049715208455,
        0.6423049715208455,
        0.6423049715208455,
        0.6423049715208455,
        0.6423049715208455,
        0.6423049715208455,
        0.6423049715208455,
        0.6423049715208455,
        0.6423049715208455,
        0.6423049715208455,
        0.6423049715208455,
        0.6423049715208455,
        0.6423049715208455,
        0.6423049715208455,
        0.6437964143068308,
        0.6437964143068308,
        0.6437964143068308,
        0.6437964143068308,
        0.6437964143068308,
        0.6437964143068308,
        0.6437964143068308,
        0.6437964143068308,
        0.6437964143068308,
        0.6437964143068308,
        0.6437964143068308,
        0.6437964143068308,
        0.6437964143068308,
        0.6437964143068308,
        0.6437964143068308,
        0.6437964143068308,
        0.6437964143068308,
        0.6437964143068308,
        0.6437964143068308,
        0.6437964143068308,
        0.6437964143068308,
        0.6437964143068308,
        0.6437964143068308,
        0.6437964143068308,
        0.6437964143068308,
        0.6437964143068308,
        0.6437964143068308,
        0.6437964143068308,
        0.6437964143068308,
        0.6437964143068308,
        0.6437964143068308,
        0.6437964143068308,
        0.6437964143068308,
        0.6437964143068308
    ],