{
    "bestIndiv": [
        [
            42,
            32,
            24,
            27,
            25,
            26,
            10,
            50,
            11,
            12,
            51,
            13,
            46,
            45,
            33,
            31,
            2,
            21,
            30,
            20,
            29,
            28,
            1,
            6,
            41,
            16,
            17,
            43,
            15,
            47,
            23,
            35,
            48,
            22,
            49,
            19,
            34,
            18,
            9,
            8,
            7,
            40,
            44,
            0,
            38,
            39,
            36,
            37,
            4,
            14,
            5,
            3
        ],
        0.6779435661094575
    ],
    "best": [
        0.2843134709142403,
        0.2843134709142403,
        0.31528137053604527,
        0.31528137053604527,
        0.33561115910611183,
        0.33561115910611183,
        0.33561115910611183,
        0.34937173969632973,
        0.34937173969632973,
        0.3518703277701743,
        0.3518703277701743,
        0.3646795423185804,
        0.3760596548451472,
        0.3865920466569001,
        0.3878183231843671,
        0.3964624625553665,
        0.39811635567600656,
        0.41338424361837023,
        0.41338424361837023,
        0.4147205217669904,
        0.4253709247439929,
        0.4253709247439929,
        0.43520991274586746,
        0.43689818249465423,
        0.43689818249465423,
        0.4440533871636673,
        0.45194113310630435,
        0.45194113310630435,
        0.45435167751912725,
        0.4551757117594953,
        0.46150037275703515,
        0.4769591281789579,
        0.48035946864182477,
        0.4950155524690471,
        0.5023042116157733,
        0.5149409893931307,
        0.5149409893931307,
        0.5169237262331133,
        0.5215464971626471,
        0.5257900978744693,
        0.532371738345719,
        0.532371738345719,
        0.5397202883703865,
        0.5501693124911538,
        0.5501693124911538,
        0.5501693124911538,
        0.5502413060783155,
        0.5586995060260684,
        0.5586995060260684,
        0.5586995060260684,
        0.5586995060260684,
        0.5674364751254076,
        0.5778852464022177,
        0.5778852464022177,
        0.5778852464022177,
        0.5778852464022177,
        0.582364834032237,
        0.5852170965595715,
        0.5913345732646297,
        0.5960259436595102,
        0.6009597455592032,
        0.6009597455592032,
        0.6009597455592032,
        0.6039975366112429,
        0.6039975366112429,
        0.6039975366112429,
        0.6039975366112429,
        0.6039975366112429,
        0.6039975366112429,
        0.6039975366112429,
        0.6039975366112429,
        0.6039975366112429,
        0.6039975366112429,
        0.6039975366112429,
        0.6064313533992138,
        0.6064313533992138,
        0.6064313533992138,
        0.6064313533992138,
        0.6064313533992138,
        0.6064313533992138,
        0.6064313533992138,
        0.6064313533992138,
        0.6064313533992138,
        0.6098825648066454,
        0.6098825648066454,
        0.6098825648066454,
        0.6113384095634733,
        0.6113384095634733,
        0.6113384095634733,
        0.6113384095634733,
        0.6113384095634733,
        0.6113384095634733,
        0.6113384095634733,
        0.6113384095634733,
        0.6113384095634733,
        0.6113384095634733,
        0.6113384095634733,
        0.6113384095634733,
        0.6115876874864653,
        0.6115876874864653,
        0.6115876874864653,
        0.6124302673590019,
        0.6124302673590019,
        0.6124302673590019,
        0.6124302673590019,
        0.6124302673590019,
        0.6124302673590019,
        0.6124302673590019,
        0.6124302673590019,
        0.6124302673590019,
        0.6124302673590019,
        0.6124302673590019,
        0.6124302673590019,
        0.6124302673590019,
        0.6124302673590019,
        0.6124302673590019,
        0.6124302673590019,
        0.6124302673590019,
        0.6124302673590019,
        0.6124302673590019,
        0.6124302673590019,
        0.6124302673590019,
        0.6124302673590019,
        0.6124302673590019,
        0.6124302673590019,
        0.6124302673590019,
        0.6124302673590019,
        0.6124302673590019,
        0.6124302673590019,
        0.6131095049048976,
        0.6131095049048976,
        0.6171889866917674,
        0.6171889866917674,
        0.6171889866917674,
        0.620167179399173,
        0.620167179399173,
        0.620167179399173,
        0.620167179399173,
        0.620167179399173,
        0.620167179399173,
        0.620167179399173,
        0.6229138904254244,
        0.6229138904254244,
        0.6318874773661941,
        0.6318874773661941,
        0.6318874773661941,
        0.6318874773661941,
        0.6318874773661941,
        0.6318874773661941,
        0.6318874773661941,
        0.6318874773661941,
        0.6318874773661941,
        0.6318874773661941,
        0.6318874773661941,
        0.6318874773661941,
        0.6318874773661941,
        0.6318874773661941,
        0.6318874773661941,
        0.6318874773661941,
        0.6318874773661941,
        0.6318874773661941,
        0.6318874773661941,
        0.6340562621574426,
        0.6340562621574426,
        0.6340562621574426,
        0.6343508410150607,
        0.6343508410150607,
        0.6343508410150607,
        0.6343508410150607,
        0.6343508410150607,
        0.6343508410150607,
        0.6343508410150607,
        0.6343508410150607,
        0.6352325276171605,
        0.6352325276171605,
        0.6352325276171605,
        0.6352325276171605,
        0.6353090544978609,
        0.6353090544978609,
        0.6353090544978609,
        0.649840738025542,
        0.649840738025542,
        0.6642548168859458,
        0.6642548168859458,
        0.6683538465003437,
        0.6770366394743391,
        0.6770366394743391,
        0.6770366394743391,
        0.6779435661094575,
        0.6779435661094575,
        0.6779435661094575,
        0.6779435661094575,
        0.6779435661094575,
        0.6779435661094575,
        0.6779435661094575,
        0.6779435661094575,
        0.6779435661094575,
        0.6779435661094575,
        0.6779435661094575,
        0.6779435661094575,
        0.6779435661094575
    ],