{
    "bestIndiv": [
        [
            10,
            50,
            32,
            42,
            37,
            35,
            34,
            48,
            18,
            40,
            9,
            8,
            7,
            44,
            2,
            16,
            20,
            29,
            41,
            1,
            6,
            30,
            17,
            31,
            0,
            21,
            22,
            19,
            49,
            15,
            43,
            33,
            38,
            39,
            36,
            24,
            11,
            3,
            5,
            23,
            28,
            45,
            47,
            4,
            14,
            51,
            13,
            12,
            46,
            25,
            27,
            26
        ],
        0.7272666694504574
    ],
    "best": [
        0.2866095923875466,
        0.29117492799914096,
        0.29841015434655904,
        0.31603333412933843,
        0.3248974890813903,
        0.3248974890813903,
        0.3256512654984585,
        0.3617670375095247,
        0.3617670375095247,
        0.37215422159122247,
        0.37215422159122247,
        0.38074474825267496,
        0.38074474825267496,
        0.3913382351310285,
        0.3943447122686078,
        0.40153341909054974,
        0.40593438259453557,
        0.4587924474244136,
        0.4587924474244136,
        0.4592286885979367,
        0.461735950346238,
        0.4678830771237615,
        0.4744418833156467,
        0.4995579606509786,
        0.4995579606509786,
        0.5165455197150411,
        0.5165455197150411,
        0.522327152281744,
        0.522327152281744,
        0.525001039325649,
        0.5307987847611176,
        0.5307987847611176,
        0.5307987847611176,
        0.5409273712424768,
        0.5409273712424768,
        0.5409273712424768,
        0.5409273712424768,
        0.5416987786511327,
        0.5416987786511327,
        0.5416987786511327,
        0.5416987786511327,
        0.5416987786511327,
        0.5416987786511327,
        0.5425555219674535,
        0.5477142367454164,
        0.5477142367454164,
        0.5489134729610372,
        0.5536941129104065,
        0.5564491805551076,
        0.5565271185917497,
        0.558698923061306,
        0.558698923061306,
        0.558698923061306,
        0.5613482277103704,
        0.5613482277103704,
        0.5613482277103704,
        0.5636378401200194,
        0.5636378401200194,
        0.5636378401200194,
        0.5636378401200194,
        0.5636378401200194,
        0.5636378401200194,
        0.5636378401200194,
        0.5636378401200194,
        0.5645915807311626,
        0.5645915807311626,
        0.5768764970023907,
        0.5970429943999886,
        0.5970429943999886,
        0.5970429943999886,
        0.6021152573459096,
        0.6021152573459096,
        0.6021152573459096,
        0.6021152573459096,
        0.6021152573459096,
        0.6021152573459096,
        0.6021152573459096,
        0.6021152573459096,
        0.6021152573459096,
        0.6021152573459096,
        0.6021152573459096,
        0.6021152573459096,
        0.6021152573459096,
        0.6107856957696889,
        0.6107856957696889,
        0.6107856957696889,
        0.6107856957696889,
        0.6165314561883213,
        0.6165314561883213,
        0.6165314561883213,
        0.6198525087268457,
        0.6198525087268457,
        0.6198525087268457,
        0.6198525087268457,
        0.625860815506548,
        0.625860815506548,
        0.625860815506548,
        0.625860815506548,
        0.625860815506548,
        0.625860815506548,
        0.625860815506548,
        0.6425556002175079,
        0.6425556002175079,
        0.6425556002175079,
        0.6509292426264495,
        0.6761898364862133,
        0.6761898364862133,
        0.6761898364862133,
        0.6761898364862133,
        0.6761898364862133,
        0.6761898364862133,
        0.6761898364862133,
        0.6761898364862133,
        0.6761898364862133,
        0.6761898364862133,
        0.6761898364862133,
        0.6761898364862133,
        0.6761898364862133,
        0.6761898364862133,
        0.6761898364862133,
        0.6761898364862133,
        0.6761898364862133,
        0.6765267250801899,
        0.6765267250801899,
        0.6765267250801899,
        0.6765267250801899,
        0.6765267250801899,
        0.6765267250801899,
        0.6765267250801899,
        0.6765267250801899,
        0.6765267250801899,
        0.6765267250801899,
        0.6765267250801899,
        0.6765267250801899,
        0.6765267250801899,
        0.6765267250801899,
        0.6765267250801899,
        0.6765267250801899,
        0.6765267250801899,
        0.6765267250801899,
        0.6765267250801899,
        0.6765267250801899,
        0.6765267250801899,
        0.6785934647288043,
        0.6785934647288043,
        0.6837743788160038,
        0.6837743788160038,
        0.6837743788160038,
        0.6877645602006826,
        0.6877645602006826,
        0.6877645602006826,
        0.6877645602006826,
        0.6877645602006826,
        0.6877645602006826,
        0.6877645602006826,
        0.6881889588333798,
        0.6881889588333798,
        0.6881889588333798,
        0.6881889588333798,
        0.6946166172822016,
        0.6946166172822016,
        0.6946166172822017,
        0.6988152252074864,
        0.6988152252074864,
        0.6988152252074864,
        0.6988152252074864,
        0.6988152252074864,
        0.7008519921776419,
        0.7008519921776419,
        0.700851992177642,
        0.700851992177642,
        0.700851992177642,
        0.7030325502175259,
        0.7030325502175259,
        0.7030325502175259,
        0.7153132803064222,
        0.7153132803064222,
        0.7153132803064222,
        0.7153132803064222,
        0.7153733928789068,
        0.7153733928789068,
        0.7186736961376671,
        0.7261691730533301,
        0.7261691730533301,
        0.7261691730533301,
        0.7261691730533301,
        0.7261691730533301,
        0.7261691730533301,
        0.7261691730533301,
        0.7261691730533301,
        0.7261691730533301,
        0.7261691730533301,
        0.7261691730533301,
        0.7261691730533301,
        0.7261691730533301,
        0.7261691730533301,
        0.7261691730533301,
        0.7272666694504574,
        0.7272666694504574,
        0.7272666694504574,
        0.7272666694504574
    ],