{
    "bestIndiv": [
        [
            21,
            2,
            16,
            1,
            6,
            41,
            28,
            49,
            15,
            43,
            47,
            3,
            4,
            5,
            24,
            50,
            11,
            25,
            46,
            12,
            13,
            51,
            10,
            26,
            27,
            45,
            34,
            17,
            30,
            20,
            29,
            22,
            19,
            35,
            48,
            31,
            44,
            18,
            40,
            7,
            9,
            8,
            32,
            42,
            14,
            23,
            37,
            36,
            39,
            38,
            33,
            0
        ],
        0.7642151562471643
    ],
    "best": [
        0.29317376744304846,
        0.2977254034965,
        0.3057878931823537,
        0.3193579690542588,
        0.332933584703589,
        0.3387230546597185,
        0.3406598490748997,
        0.3417120272193382,
        0.37100939729278287,
        0.38045249236812384,
        0.38045249236812384,
        0.4051012853762583,
        0.4051012853762583,
        0.4120336984689666,
        0.4120336984689666,
        0.42958524136614756,
        0.4304229011453417,
        0.43381984434792054,
        0.43381984434792054,
        0.4353427667354829,
        0.45096705638292633,
        0.45096705638292633,
        0.45472714372227313,
        0.45472714372227313,
        0.47035638971879334,
        0.47150643393603686,
        0.4777330134689135,
        0.4928863014131999,
        0.4977468747211771,
        0.4977468747211771,
        0.504770404500845,
        0.5082080706531069,
        0.5158992487825749,
        0.5158992487825749,
        0.5158992487825749,
        0.5158992487825749,
        0.5204742271054229,
        0.5206832061353311,
        0.5206832061353311,
        0.5328082687424045,
        0.5328082687424045,
        0.5328082687424045,
        0.5384027022193434,
        0.5384027022193434,
        0.5384948244134026,
        0.5429008513085072,
        0.5429008513085072,
        0.5433191600255206,
        0.5463327344912992,
        0.548138931990177,
        0.548138931990177,
        0.5481389319901772,
        0.5483177450812564,
        0.552128959443133,
        0.552128959443133,
        0.552128959443133,
        0.5596746156364029,
        0.5596746156364029,
        0.5596746156364029,
        0.563659678320548,
        0.563659678320548,
        0.5713678619231779,
        0.5713678619231779,
        0.5803576548170112,
        0.5803576548170112,
        0.5803576548170112,
        0.5803576548170112,
        0.5848000392979084,
        0.5848000392979084,
        0.5848000392979084,
        0.5848000392979084,
        0.5854004074051262,
        0.5854004074051262,
        0.5854004074051262,
        0.5854004074051262,
        0.5854004074051262,
        0.5854004074051262,
        0.5854004074051262,
        0.5854004074051262,
        0.5854004074051262,
        0.5854004074051262,
        0.5854004074051262,
        0.5854004074051262,
        0.5854004074051262,
        0.5854004074051262,
        0.5854004074051262,
        0.5894283530102215,
        0.5894283530102215,
        0.5894283530102215,
        0.5899394973781638,
        0.5899394973781638,
        0.5899394973781638,
        0.606809276233281,
        0.606809276233281,
        0.606809276233281,
        0.606809276233281,
        0.6116878215363889,
        0.6116878215363889,
        0.6116878215363889,
        0.6116878215363889,
        0.6241311049941165,
        0.6241311049941165,
        0.6277802791225323,
        0.6277802791225323,
        0.6286051817653476,
        0.6286051817653476,
        0.6286051817653476,
        0.6432719461839934,
        0.6432719461839934,
        0.6432719461839934,
        0.6585786885459528,
        0.6658386888407727,
        0.6658386888407727,
        0.6697376221939301,
        0.6697376221939301,
        0.6697910520992194,
        0.6697910520992194,
        0.6697910520992194,
        0.6845322251049868,
        0.6845322251049868,
        0.6845322251049868,
        0.6845322251049868,
        0.6890572310802202,
        0.6890572310802202,
        0.6903209224621218,
        0.6903209224621218,
        0.6903209224621218,
        0.6903209224621218,
        0.6903209224621218,
        0.6903209224621218,
        0.6903209224621218,
        0.6903209224621218,
        0.6903209224621218,
        0.7082102106252399,
        0.7082102106252399,
        0.7082102106252399,
        0.7082102106252399,
        0.71168775082468,
        0.71168775082468,
        0.7117605561448803,
        0.7117605561448803,
        0.7249378898618555,
        0.7282564388928447,
        0.7282564388928447,
        0.7362455801015535,
        0.745335260845178,
        0.745335260845178,
        0.745335260845178,
        0.745335260845178,
        0.745335260845178,
        0.745335260845178,
        0.745335260845178,
        0.745335260845178,
        0.745335260845178,
        0.745335260845178,
        0.745335260845178,
        0.745335260845178,
        0.7468485115875578,
        0.7468485115875578,
        0.7468485115875578,
        0.7468485115875578,
        0.7468485115875578,
        0.7468485115875578,
        0.751519224573525,
        0.751519224573525,
        0.7582940712391995,
        0.7582940712391995,
        0.7582940712391995,
        0.7582940712391995,
        0.7631095013899547,
        0.7631095013899547,
        0.7631095013899547,
        0.7631095013899547,
        0.7631095013899547,
        0.7631095013899547,
        0.7631095013899547,
        0.7631095013899547,
        0.7642151562471643,
        0.7642151562471643,
        0.7642151562471643,
        0.7642151562471643,
        0.7642151562471643,
        0.7642151562471643,
        0.7642151562471643,
        0.7642151562471643,
        0.7642151562471643,
        0.7642151562471643,
        0.7642151562471643,
        0.7642151562471643,
        0.7642151562471643,
        0.7642151562471643,
        0.7642151562471643,
        0.7642151562471643,
        0.7642151562471643,
        0.7642151562471643,
        0.7642151562471643,
        0.7642151562471643,
        0.7642151562471643,
        0.7642151562471643,
        0.7642151562471643,
        0.7642151562471643
    ],