{
    "bestIndiv": [
        [
            19,
            49,
            22,
            29,
            1,
            6,
            41,
            20,
            17,
            16,
            2,
            44,
            21,
            30,
            0,
            34,
            33,
            43,
            45,
            14,
            4,
            5,
            47,
            23,
            37,
            39,
            36,
            38,
            35,
            48,
            31,
            40,
            7,
            18,
            9,
            8,
            46,
            27,
            25,
            12,
            13,
            51,
            26,
            10,
            11,
            50,
            32,
            42,
            3,
            24,
            15,
            28
        ],
        0.7286747028444501
    ],
    "best": [
        0.3040573944085855,
        0.3120528993965569,
        0.3354510496181195,
        0.3356136124192017,
        0.344067759370236,
        0.35136564608716647,
        0.35136564608716647,
        0.36262315427753994,
        0.36262315427753994,
        0.36809485162470806,
        0.374714688228339,
        0.38145060099222766,
        0.39360101995368724,
        0.40339984907658744,
        0.41383393714599853,
        0.418558369002702,
        0.418558369002702,
        0.4287354315756625,
        0.4287354315756625,
        0.43120298868228957,
        0.43120298868228957,
        0.4385724925769066,
        0.4403549370387416,
        0.44462594813791306,
        0.4460545280916023,
        0.4494998708378181,
        0.4501412176511247,
        0.4614716217427986,
        0.4614716217427986,
        0.4614716217427986,
        0.4669317441245991,
        0.4669317441245991,
        0.47720261597548874,
        0.48028451484330087,
        0.48129611195745237,
        0.48129611195745237,
        0.4877467935217626,
        0.4877467935217626,
        0.48783424390624297,
        0.4883741695338191,
        0.4887242746509626,
        0.4887242746509626,
        0.49549556217772855,
        0.5034419103902241,
        0.5058294974247526,
        0.5069947469181261,
        0.5069947469181261,
        0.5184956495198506,
        0.5184956495198506,
        0.5397758020158215,
        0.5397758020158215,
        0.5397758020158215,
        0.5422647961772908,
        0.5521302183182123,
        0.5521302183182123,
        0.5521302183182123,
        0.5521302183182123,
        0.5682981530432722,
        0.5682981530432722,
        0.572434474630695,
        0.5729228214196326,
        0.5729228214196326,
        0.5827946830238055,
        0.5827946830238055,
        0.582877597488093,
        0.5828775974880931,
        0.5904798023880464,
        0.5904798023880464,
        0.6048239939950505,
        0.6048239939950505,
        0.6048239939950505,
        0.6048239939950505,
        0.6157645076006382,
        0.6157645076006382,
        0.6222547119497177,
        0.6222547119497177,
        0.6283952683360503,
        0.6283952683360503,
        0.6403130767730607,
        0.6403130767730607,
        0.6403130767730607,
        0.6403130767730607,
        0.6486375810289569,
        0.6486375810289569,
        0.6486375810289569,
        0.6486375810289569,
        0.6486375810289569,
        0.6486375810289569,
        0.6694779214236568,
        0.6740265395779994,
        0.6809202112669996,
        0.6856261887772926,
        0.6856261887772926,
        0.6910969762709136,
        0.6910969762709136,
        0.6935492413319008,
        0.6935492413319008,
        0.6936837640360969,
        0.6936837640360969,
        0.6936837640360969,
        0.6936837640360969,
        0.693683764036097,
        0.6954990247159513,
        0.6968394744592564,
        0.6968394744592564,
        0.6968394744592564,
        0.6968394744592564,
        0.6968394744592564,
        0.6968394744592564,
        0.6968394744592564,
        0.6968394744592564,
        0.6968394744592564,
        0.6968394744592564,
        0.6968394744592564,
        0.6968394744592564,
        0.6968394744592564,
        0.6982263471281814,
        0.7006330595770635,
        0.7006330595770635,
        0.7006330595770635,
        0.702035088773305,
        0.702035088773305,
        0.7106050709637227,
        0.7106050709637227,
        0.7120473350195253,
        0.7120473350195253,
        0.7120473350195253,
        0.7120473350195253,
        0.7120473350195253,
        0.7120473350195253,
        0.7120473350195253,
        0.7120473350195253,
        0.7120473350195253,
        0.7120473350195253,
        0.7120473350195253,
        0.7120473350195253,
        0.7120473350195253,
        0.7120473350195253,
        0.7120473350195253,
        0.7120473350195253,
        0.7120473350195253,
        0.7146007877763176,
        0.7146007877763176,
        0.7146007877763176,
        0.7146007877763176,
        0.7146007877763176,
        0.7146007877763176,
        0.7146007877763176,
        0.7146007877763176,
        0.7146007877763176,
        0.7146007877763176,
        0.7146007877763176,
        0.7146007877763176,
        0.7238860782208375,
        0.7238860782208375,
        0.7238860782208375,
        0.7238860782208375,
        0.7238860782208375,
        0.7238860782208375,
        0.7245835984100042,
        0.7245835984100042,
        0.7245835984100042,
        0.7245835984100042,
        0.7252364689234406,
        0.7252364689234406,
        0.7252364689234406,
        0.7252364689234406,
        0.7252364689234406,
        0.7252364689234406,
        0.7252364689234406,
        0.7252364689234406,
        0.7252364689234406,
        0.7252364689234406,
        0.7252364689234406,
        0.7252364689234406,
        0.7284800337831575,
        0.7284800337831575,
        0.7284800337831575,
        0.7284800337831575,
        0.7284800337831575,
        0.7284800337831575,
        0.7284800337831575,
        0.7284800337831575,
        0.7284800337831575,
        0.7284800337831575,
        0.7284800337831575,
        0.7284800337831575,
        0.7284800337831575,
        0.7284800337831575,
        0.7284800337831575,
        0.7284800337831575,
        0.7284800337831575,
        0.7284800337831575,
        0.7284800337831575,
        0.7284800337831575,
        0.7284800337831575,
        0.7284800337831575,
        0.7286747028444501,
        0.7286747028444501,
        0.7286747028444501,
        0.7286747028444501
    ],