{
    "bestIndiv": [
        [
            33,
            35,
            38,
            36,
            39,
            42,
            7,
            40,
            44,
            18,
            9,
            8,
            32,
            24,
            47,
            43,
            17,
            30,
            41,
            6,
            1,
            29,
            49,
            19,
            22,
            21,
            0,
            48,
            37,
            14,
            3,
            5,
            4,
            23,
            27,
            12,
            51,
            13,
            46,
            25,
            26,
            10,
            50,
            11,
            45,
            15,
            28,
            20,
            2,
            16,
            31,
            34
        ],
        0.7051345405623893
    ],
    "best": [
        0.28629774866658764,
        0.30023165621063524,
        0.30719105035757993,
        0.31020948949366006,
        0.32207112536004634,
        0.32207112536004634,
        0.32575306612083343,
        0.34048996935703235,
        0.3437450276030617,
        0.3437450276030617,
        0.35384928653847614,
        0.36432762186131984,
        0.37506392082289325,
        0.3816844541131664,
        0.38695789282331744,
        0.38695789282331744,
        0.38695789282331744,
        0.39503660253257805,
        0.4106477961287393,
        0.41557536393751965,
        0.41557536393751965,
        0.44621263094664454,
        0.44621263094664454,
        0.44621263094664454,
        0.4481335769042029,
        0.4495840882162162,
        0.4694303163275133,
        0.4694303163275133,
        0.4694303163275133,
        0.474810005612805,
        0.47701916140183276,
        0.48233720578066075,
        0.48233720578066075,
        0.48607942049704556,
        0.49409595123339795,
        0.500085925028504,
        0.5070323549620354,
        0.5070323549620354,
        0.5079795294876188,
        0.5079795294876188,
        0.5079795294876188,
        0.5082567132876824,
        0.51595306800499,
        0.5188249192746427,
        0.5300983668812224,
        0.533464914639839,
        0.533830505821009,
        0.5442595984862298,
        0.5442595984862298,
        0.5449000810036991,
        0.5473380587055949,
        0.554492584376271,
        0.554492584376271,
        0.554492584376271,
        0.5834108277517952,
        0.5834108277517952,
        0.5834108277517952,
        0.5919159055061919,
        0.5919159055061919,
        0.5948532412219772,
        0.6020383932018724,
        0.6020383932018724,
        0.6022634795766051,
        0.61676040121882,
        0.6249902579358273,
        0.6249902579358273,
        0.6249902579358273,
        0.6249902579358273,
        0.6249902579358273,
        0.6320234409301718,
        0.6320234409301718,
        0.6326123619587429,
        0.6356797637301733,
        0.6360917442484799,
        0.6383904336929448,
        0.6383904336929448,
        0.6507155667573673,
        0.6507155667573673,
        0.6507155667573673,
        0.6531035787130203,
        0.6531035787130203,
        0.6531035787130203,
        0.6643842793701916,
        0.6689270797458173,
        0.6689270797458173,
        0.6689270797458173,
        0.6689270797458173,
        0.6689270797458174,
        0.6689270797458174,
        0.6708800890155434,
        0.6709014984254132,
        0.6715089275407207,
        0.6715089275407207,
        0.6762958627521879,
        0.6762958627521879,
        0.6770511489314875,
        0.6770511489314875,
        0.6770511489314875,
        0.6784716701240504,
        0.6784716701240504,
        0.6784716701240504,
        0.6891753746147736,
        0.6891753746147736,
        0.6908496924167136,
        0.6908496924167136,
        0.6908496924167136,
        0.6908496924167136,
        0.6908496924167136,
        0.6908496924167136,
        0.6908496924167136,
        0.6917960844256892,
        0.6917960844256892,
        0.6917960844256892,
        0.6917960844256892,
        0.6917960844256892,
        0.6917960844256892,
        0.6917960844256892,
        0.6917960844256892,
        0.6917960844256892,
        0.6917960844256892,
        0.6917960844256892,
        0.6917960844256892,
        0.6984933768904864,
        0.6984933768904864,
        0.6984933768904864,
        0.6984933768904864,
        0.6984933768904864,
        0.6984933768904864,
        0.6984933768904864,
        0.6984933768904864,
        0.6984933768904864,
        0.6984933768904864,
        0.6984933768904864,
        0.6984933768904864,
        0.6984933768904864,
        0.6984933768904864,
        0.6984933768904864,
        0.6984933768904864,
        0.6984933768904864,
        0.6984933768904864,
        0.6984933768904864,
        0.6984933768904864,
        0.6984933768904864,
        0.6984933768904864,
        0.6984933768904864,
        0.6984933768904864,
        0.6984933768904864,
        0.6984933768904864,
        0.6984933768904864,
        0.6984933768904864,
        0.6984933768904864,
        0.6984933768904864,
        0.6984933768904864,
        0.6984933768904864,
        0.6984933768904864,
        0.6984933768904864,
        0.6984933768904864,
        0.6984933768904864,
        0.6984933768904864,
        0.6984933768904864,
        0.6984933768904864,
        0.6984933768904864,
        0.6984933768904864,
        0.6984933768904864,
        0.6984933768904864,
        0.6984933768904864,
        0.6984933768904864,
        0.6984933768904864,
        0.6984933768904864,
        0.6984933768904864,
        0.6984933768904864,
        0.6984933768904864,
        0.6984933768904864,
        0.6984933768904864,
        0.7051345405623893,
        0.7051345405623893,
        0.7051345405623893,
        0.7051345405623893,
        0.7051345405623893,
        0.7051345405623893,
        0.7051345405623893,
        0.7051345405623893,
        0.7051345405623893,
        0.7051345405623893,
        0.7051345405623893,
        0.7051345405623893,
        0.7051345405623893,
        0.7051345405623893,
        0.7051345405623893,
        0.7051345405623893,
        0.7051345405623893,
        0.7051345405623893,
        0.7051345405623893,
        0.7051345405623893,
        0.7051345405623893,
        0.7051345405623893,
        0.7051345405623893,
        0.7051345405623893,
        0.7051345405623893,
        0.7051345405623893,
        0.7051345405623893
    ],