{
    "bestIndiv": [
        [
            39,
            34,
            28,
            15,
            43,
            33,
            36,
            47,
            23,
            14,
            38,
            35,
            31,
            1,
            6,
            41,
            30,
            17,
            2,
            16,
            20,
            29,
            19,
            44,
            18,
            40,
            7,
            9,
            8,
            32,
            42,
            3,
            5,
            4,
            48,
            0,
            21,
            22,
            49,
            45,
            11,
            27,
            26,
            12,
            25,
            46,
            13,
            51,
            10,
            50,
            24,
            37
        ],
        0.7331533545503328
    ],
    "best": [
        0.28629774866658764,
        0.30023165621063524,
        0.3099965577125883,
        0.31813501887554185,
        0.3281157627176213,
        0.3281157627176213,
        0.32993830657643286,
        0.33386272419642005,
        0.3416783996753429,
        0.3532175036456542,
        0.3532175036456542,
        0.35679897824167534,
        0.37748384917034983,
        0.37748384917034983,
        0.3912145294091299,
        0.3912145294091299,
        0.39897039558064373,
        0.41964907409158575,
        0.41964907409158575,
        0.41964907409158575,
        0.4235870467960245,
        0.42604140228151066,
        0.43316473683977946,
        0.43816151825402466,
        0.43816151825402466,
        0.45338902281503185,
        0.45338902281503185,
        0.46206018383778624,
        0.46206018383778624,
        0.46206018383778624,
        0.46206018383778624,
        0.46853505783243066,
        0.46853505783243066,
        0.46853505783243066,
        0.46892032570202824,
        0.4775176860507389,
        0.4775176860507389,
        0.47778186317692534,
        0.4905299329168788,
        0.49669843146675563,
        0.49669843146675563,
        0.49669843146675563,
        0.4985739588043762,
        0.5009645855931727,
        0.5082782165383795,
        0.5082782165383795,
        0.5093669558356306,
        0.5143882465269806,
        0.5143882465269806,
        0.5183166354163609,
        0.5183936512494207,
        0.5185207258899625,
        0.5413749575161809,
        0.5464301388515378,
        0.5464301388515378,
        0.5478647423750079,
        0.5538351242117914,
        0.567992047406469,
        0.5716554411839565,
        0.5736925133044978,
        0.5773920961722451,
        0.5773920961722451,
        0.5961328900200416,
        0.5961328900200417,
        0.5970664817391247,
        0.5988434309141789,
        0.6004982877568082,
        0.6004982877568082,
        0.6004982877568082,
        0.6004982877568082,
        0.6004982877568082,
        0.6004982877568082,
        0.6169257692283044,
        0.6169257692283044,
        0.6184010841576075,
        0.6197030392655929,
        0.6198291533742005,
        0.6198291533742005,
        0.6213184040330313,
        0.6213184040330313,
        0.6232011977835988,
        0.6261799307693137,
        0.6469721350822967,
        0.6469721350822967,
        0.6538944116810979,
        0.6559801439984193,
        0.6559801439984193,
        0.6562355281462032,
        0.6562355281462032,
        0.6562355281462032,
        0.6562355281462032,
        0.6562355281462032,
        0.6576692859516696,
        0.6576692859516696,
        0.6576692859516696,
        0.6576692859516696,
        0.6576692859516696,
        0.6576692859516696,
        0.6576692859516696,
        0.6576692859516696,
        0.6576692859516696,
        0.6576692859516696,
        0.6580411303259547,
        0.6580411303259547,
        0.6580411303259547,
        0.6580411303259547,
        0.6580411303259547,
        0.6580411303259547,
        0.6580411303259547,
        0.6580411303259547,
        0.6589236247095884,
        0.6589236247095884,
        0.6589236247095884,
        0.6617442700101098,
        0.6675180175044598,
        0.6793936858187835,
        0.6793936858187835,
        0.6803344218597531,
        0.6803344218597531,
        0.6803344218597531,
        0.6803344218597531,
        0.6838072613437047,
        0.6838072613437047,
        0.6838072613437047,
        0.6849214641471921,
        0.6849214641471921,
        0.6849214641471921,
        0.6849214641471921,
        0.6849214641471921,
        0.6849214641471921,
        0.6849214641471921,
        0.6849214641471921,
        0.6849214641471921,
        0.6849214641471921,
        0.6849214641471921,
        0.6849214641471921,
        0.6849214641471921,
        0.6850433187079863,
        0.6850433187079863,
        0.6850433187079863,
        0.6850433187079863,
        0.6853663172422723,
        0.6854883301564348,
        0.6854883301564348,
        0.6854883301564348,
        0.6854883301564348,
        0.6854883301564348,
        0.6854883301564348,
        0.6854883301564348,
        0.6854883301564348,
        0.6854883301564348,
        0.6854883301564348,
        0.6854883301564348,
        0.6854883301564348,
        0.6854883301564348,
        0.6854883301564348,
        0.6854883301564348,
        0.6854883301564348,
        0.6854883301564348,
        0.6854883301564348,
        0.6854883301564348,
        0.6991964904702971,
        0.6991964904702971,
        0.6991964904702971,
        0.6991964904702971,
        0.6991964904702971,
        0.6991964904702971,
        0.6991964904702971,
        0.6991964904702971,
        0.6991964904702971,
        0.6991964904702971,
        0.6991964904702971,
        0.6991964904702971,
        0.6991964904702971,
        0.6991964904702971,
        0.6991964904702971,
        0.6991964904702971,
        0.6991964904702971,
        0.6991964904702971,
        0.6991964904702971,
        0.6991964904702971,
        0.6991964904702971,
        0.6991964904702971,
        0.6991964904702971,
        0.6991964904702971,
        0.6991964904702971,
        0.6991964904702971,
        0.6991964904702971,
        0.6991964904702971,
        0.6991964904702971,
        0.6991964904702971,
        0.7174416833490423,
        0.7174416833490423,
        0.7174416833490423,
        0.7331533545503328,
        0.7331533545503328,
        0.7331533545503328,
        0.7331533545503328,
        0.7331533545503328,
        0.7331533545503328,
        0.7331533545503328
    ],