{
    "bestIndiv": [
        [
            36,
            39,
            4,
            14,
            5,
            3,
            24,
            46,
            25,
            27,
            26,
            13,
            12,
            51,
            10,
            50,
            11,
            45,
            38,
            33,
            21,
            22,
            49,
            19,
            20,
            41,
            29,
            28,
            15,
            43,
            35,
            34,
            37,
            9,
            8,
            40,
            18,
            2,
            16,
            6,
            1,
            17,
            30,
            0,
            48,
            31,
            44,
            7,
            32,
            42,
            23,
            47
        ],
        0.7190085005647401
    ],
    "best": [
        0.2861159382151202,
        0.2911355690136039,
        0.3161178684716582,
        0.3161178684716582,
        0.3351510649339465,
        0.3440062594748189,
        0.3441331324028891,
        0.3441331324028891,
        0.37770897614373833,
        0.37770897614373833,
        0.3797829698079261,
        0.3843367118037017,
        0.3843367118037017,
        0.40028019495467043,
        0.4085936790491833,
        0.4085936790491833,
        0.4085936790491833,
        0.4236648488831531,
        0.4236648488831531,
        0.4255400527301844,
        0.4287417480825723,
        0.4304654827051881,
        0.43178850327937346,
        0.4393024146298927,
        0.44846193597946193,
        0.4540030048380602,
        0.4555213778381518,
        0.46098521938967896,
        0.4616858999856766,
        0.4655317565743792,
        0.47564396048021307,
        0.486846503820152,
        0.486846503820152,
        0.49106952801994075,
        0.4945745301476485,
        0.4945745301476485,
        0.5108028163342843,
        0.5108028163342843,
        0.5183362868574365,
        0.5183362868574365,
        0.5194327741418439,
        0.5203251473063749,
        0.5203251473063749,
        0.5386119493477052,
        0.5386119493477052,
        0.5386119493477052,
        0.5386119493477052,
        0.5386119493477052,
        0.5386119493477052,
        0.5386119493477052,
        0.5386119493477052,
        0.5386119493477052,
        0.5386119493477052,
        0.5386119493477052,
        0.5426436363653645,
        0.5502026575549558,
        0.5502026575549558,
        0.5502026575549558,
        0.5505405786297499,
        0.5505405786297499,
        0.5505405786297499,
        0.5545076464085228,
        0.5545076464085228,
        0.5548508778591666,
        0.5548508778591666,
        0.5552699983120561,
        0.561901282260591,
        0.561901282260591,
        0.561901282260591,
        0.561901282260591,
        0.5623311259098517,
        0.5631604921324606,
        0.5631604921324606,
        0.563592265223142,
        0.563594772048075,
        0.5643648793940756,
        0.5651365653130659,
        0.5683839097738009,
        0.5683839097738009,
        0.5683839097738009,
        0.5711641023716417,
        0.5726168760350601,
        0.5726168760350601,
        0.5765607062273073,
        0.5765607062273073,
        0.5799972102115736,
        0.5815514961972093,
        0.5949888306638511,
        0.5949888306638511,
        0.5995328808044164,
        0.6137285959817044,
        0.6282840005986413,
        0.6282840005986413,
        0.641587232490111,
        0.6431665455898523,
        0.6431665455898523,
        0.6488016538282995,
        0.6626614282764143,
        0.6626614282764143,
        0.6626614282764143,
        0.6639879509852659,
        0.6639879509852659,
        0.6639879509852659,
        0.6639879509852659,
        0.6639879509852659,
        0.6639879509852659,
        0.6639879509852659,
        0.6639879509852659,
        0.6639879509852659,
        0.6639879509852659,
        0.6641365088570087,
        0.6641365088570087,
        0.6641365088570087,
        0.6641365088570087,
        0.6641365088570087,
        0.6641365088570087,
        0.6641365088570087,
        0.6641365088570087,
        0.6641365088570087,
        0.6641365088570087,
        0.6641365088570087,
        0.6643049894610453,
        0.6722132342034677,
        0.6723858381246549,
        0.6723858381246549,
        0.6723858381246549,
        0.6723858381246549,
        0.6768327500749441,
        0.6768327500749441,
        0.6768327500749441,
        0.6772696167763049,
        0.6828824552026185,
        0.6828824552026185,
        0.6847815711456094,
        0.6847815711456094,
        0.6856255558371112,
        0.6856255558371112,
        0.6856255558371112,
        0.6951026443227319,
        0.6951026443227319,
        0.6951026443227319,
        0.6951026443227319,
        0.6951026443227319,
        0.6965798697745864,
        0.6965798697745864,
        0.6965798697745864,
        0.7020393623297224,
        0.7020393623297224,
        0.7020393623297224,
        0.7020393623297224,
        0.7020393623297224,
        0.7020393623297224,
        0.7020393623297224,
        0.7020393623297224,
        0.7020393623297224,
        0.7020393623297224,
        0.7020393623297224,
        0.7020393623297224,
        0.7020393623297224,
        0.7020393623297224,
        0.7020393623297224,
        0.7020393623297224,
        0.7020393623297224,
        0.7020393623297224,
        0.7020393623297224,
        0.7020393623297224,
        0.7020393623297224,
        0.7020393623297224,
        0.7092988075886257,
        0.7092988075886257,
        0.7092988075886257,
        0.7190085005647401,
        0.7190085005647401,
        0.7190085005647401,
        0.7190085005647401,
        0.7190085005647401,
        0.7190085005647401,
        0.7190085005647401,
        0.7190085005647401,
        0.7190085005647401,
        0.7190085005647401,
        0.7190085005647401,
        0.7190085005647401,
        0.7190085005647401,
        0.7190085005647401,
        0.7190085005647401,
        0.7190085005647401,
        0.7190085005647401,
        0.7190085005647401,
        0.7190085005647401,
        0.7190085005647401,
        0.7190085005647401,
        0.7190085005647401,
        0.7190085005647401,
        0.7190085005647401,
        0.7190085005647401,
        0.7190085005647401,
        0.7190085005647401,
        0.7190085005647401,
        0.7190085005647401,
        0.7190085005647401
    ],