{
    "bestIndiv": [
        [
            37,
            4,
            14,
            5,
            3,
            24,
            27,
            26,
            46,
            25,
            12,
            13,
            51,
            10,
            50,
            11,
            42,
            32,
            9,
            8,
            7,
            44,
            18,
            40,
            36,
            39,
            33,
            29,
            1,
            6,
            41,
            20,
            22,
            30,
            17,
            48,
            0,
            21,
            16,
            2,
            31,
            38,
            35,
            34,
            28,
            19,
            49,
            15,
            43,
            45,
            23,
            47
        ],
        0.7780247348705824
    ],
    "best": [
        0.293365696484161,
        0.2941507905765504,
        0.3010951140891911,
        0.31351952407887895,
        0.3244093399717214,
        0.3391240562815951,
        0.3391240562815951,
        0.36972170661345016,
        0.36972170661345016,
        0.36972170661345016,
        0.38499033608160294,
        0.39217394135635825,
        0.395337317711782,
        0.40563213451468766,
        0.4077215123776243,
        0.4181985256050622,
        0.43462285829397135,
        0.43567684949753943,
        0.4361865174252564,
        0.44013429351629674,
        0.45804047631217637,
        0.45804047631217637,
        0.45804047631217637,
        0.47890717462279164,
        0.47890717462279164,
        0.47890717462279164,
        0.4813477602046104,
        0.5222628013800962,
        0.5249081995114303,
        0.5249081995114303,
        0.5360587695378203,
        0.5360587695378203,
        0.5360587695378203,
        0.5423651324413716,
        0.5423963301358872,
        0.5423963301358872,
        0.5494184280996383,
        0.5494184280996383,
        0.5494184280996383,
        0.5497063648613906,
        0.5501565748180415,
        0.5501565748180415,
        0.5557403218817621,
        0.5595545740465492,
        0.5630762272186439,
        0.5674656288370146,
        0.5678975359780261,
        0.5845433512469457,
        0.5845433512469457,
        0.5845433512469457,
        0.5845433512469457,
        0.5845433512469457,
        0.5995826999015221,
        0.5995826999015221,
        0.5995826999015221,
        0.5995826999015221,
        0.5995826999015221,
        0.6254513056442778,
        0.6262285681772786,
        0.627979475673764,
        0.6324865388645806,
        0.6390651795366712,
        0.6390651795366712,
        0.6390651795366712,
        0.6518144243588566,
        0.6518144243588566,
        0.6565283835316098,
        0.6565283835316098,
        0.6673707271606549,
        0.6673707271606549,
        0.669466693951948,
        0.6837894149456287,
        0.6837894149456287,
        0.702403982762418,
        0.702403982762418,
        0.702403982762418,
        0.702403982762418,
        0.702403982762418,
        0.702403982762418,
        0.702403982762418,
        0.702403982762418,
        0.702403982762418,
        0.702403982762418,
        0.702403982762418,
        0.702403982762418,
        0.702403982762418,
        0.702403982762418,
        0.702403982762418,
        0.702403982762418,
        0.702403982762418,
        0.7095746146820318,
        0.7095746146820318,
        0.7095746146820318,
        0.7095746146820318,
        0.7095746146820318,
        0.7095746146820318,
        0.7095746146820318,
        0.7122929622006239,
        0.7122929622006239,
        0.7122929622006239,
        0.7122929622006239,
        0.7122929622006239,
        0.7122929622006239,
        0.7122929622006239,
        0.7122929622006239,
        0.7122929622006239,
        0.7122929622006239,
        0.7122929622006239,
        0.7122929622006239,
        0.7122929622006239,
        0.7122929622006239,
        0.7122929622006239,
        0.7122929622006239,
        0.7122929622006239,
        0.7122929622006239,
        0.7122929622006239,
        0.7122929622006239,
        0.7122929622006239,
        0.7192018979739219,
        0.7192018979739219,
        0.7192018979739219,
        0.7192018979739219,
        0.7192018979739219,
        0.7192018979739219,
        0.7192018979739219,
        0.7192018979739219,
        0.7199104793366844,
        0.7199104793366844,
        0.7199104793366844,
        0.7199104793366844,
        0.7199104793366844,
        0.7199104793366844,
        0.7199104793366844,
        0.7269408083158718,
        0.7269408083158718,
        0.7269408083158718,
        0.7298833019640005,
        0.7298833019640005,
        0.7298833019640005,
        0.7298833019640005,
        0.7311468348918368,
        0.7424506234612707,
        0.7435374522652735,
        0.7435374522652735,
        0.7437580816391531,
        0.7437580816391531,
        0.7468385836796764,
        0.7468385836796764,
        0.7472136040066579,
        0.7472136040066579,
        0.7472136040066579,
        0.7472136040066579,
        0.7488184973374827,
        0.7494141768945001,
        0.7494141768945001,
        0.7502481843302241,
        0.7502481843302241,
        0.7508715927360319,
        0.7508715927360319,
        0.7525814538597909,
        0.7525814538597909,
        0.7525814538597909,
        0.7626634187346154,
        0.7626634187346154,
        0.7626634187346154,
        0.7626634187346154,
        0.7626634187346154,
        0.7626634187346155,
        0.7626634187346155,
        0.7626634187346155,
        0.7626634187346155,
        0.7626634187346155,
        0.7626634187346155,
        0.7626634187346155,
        0.7626634187346155,
        0.7627758239049304,
        0.7627758239049304,
        0.7627758239049304,
        0.7627758239049304,
        0.7644378840433107,
        0.7644378840433107,
        0.7644378840433107,
        0.7647174961720892,
        0.7663880380093133,
        0.7663880380093133,
        0.7666878586940012,
        0.7683670296717544,
        0.7683670296717544,
        0.7683670296717544,
        0.7683670296717544,
        0.7683670296717544,
        0.7683670296717544,
        0.7780247348705824,
        0.7780247348705824,
        0.7780247348705824,
        0.7780247348705824,
        0.7780247348705824,
        0.7780247348705824,
        0.7780247348705824,
        0.7780247348705824,
        0.7780247348705824
    ],