{
    "bestIndiv": [
        [
            48,
            21,
            44,
            18,
            40,
            7,
            9,
            8,
            2,
            17,
            30,
            20,
            16,
            6,
            1,
            41,
            22,
            34,
            36,
            23,
            4,
            5,
            14,
            42,
            32,
            50,
            27,
            26,
            12,
            25,
            46,
            15,
            33,
            35,
            31,
            0,
            29,
            28,
            19,
            49,
            38,
            39,
            37,
            47,
            24,
            3,
            11,
            10,
            51,
            13,
            45,
            43
        ],
        0.7043558313158625
    ],
    "best": [
        0.3000830371845322,
        0.30267221542982,
        0.3125159136348139,
        0.32365849997956675,
        0.32365849997956675,
        0.3368605451956076,
        0.3368605451956076,
        0.3368605451956076,
        0.3431471352413035,
        0.34509534276309173,
        0.3472503788588612,
        0.3543814727439695,
        0.3608139755205846,
        0.36505257066225455,
        0.3738214497855695,
        0.3758671292972621,
        0.3758671292972621,
        0.38050308582685416,
        0.40211049504599067,
        0.40211049504599067,
        0.40211049504599067,
        0.40211049504599067,
        0.4055259705192281,
        0.4223168650864902,
        0.4223168650864902,
        0.42824101512093493,
        0.42824101512093493,
        0.4323628248712335,
        0.43304856853774804,
        0.45034360282655866,
        0.45034360282655866,
        0.4609759884732632,
        0.463931998009698,
        0.46545947846378344,
        0.47477888363316273,
        0.47477888363316273,
        0.47477888363316273,
        0.4880916483420903,
        0.48809164834209035,
        0.49225069872878763,
        0.5025544785977132,
        0.5025544785977132,
        0.5025544785977133,
        0.5025544785977133,
        0.5061592403969403,
        0.5082302521866444,
        0.5112988708921468,
        0.5112988708921468,
        0.5112988708921468,
        0.5164426112270228,
        0.5196115103401463,
        0.5196115103401463,
        0.5196115103401463,
        0.5196115103401463,
        0.5210315588381376,
        0.5210315588381376,
        0.5210315588381376,
        0.538336726333753,
        0.538336726333753,
        0.538336726333753,
        0.54265293729518,
        0.54265293729518,
        0.5449697595273614,
        0.5469203774829065,
        0.5480037537396577,
        0.5505511189847122,
        0.5523221224265568,
        0.5552683468512506,
        0.5571118017120719,
        0.5636131036668978,
        0.5636131036668978,
        0.5736025514213814,
        0.5759519033493095,
        0.5759519033493095,
        0.5763657654384475,
        0.5763657654384475,
        0.5814779081054723,
        0.5965478473956426,
        0.6038625020541971,
        0.6038625020541971,
        0.6090339392734554,
        0.6090339392734554,
        0.6323595066300394,
        0.6323595066300394,
        0.6353228212786646,
        0.6353228212786646,
        0.6389123541668116,
        0.6389123541668116,
        0.6389123541668116,
        0.6389123541668116,
        0.6390251802180069,
        0.6393435066002171,
        0.6394516863024298,
        0.6482021757149307,
        0.6482021757149307,
        0.6482021757149307,
        0.6487573125253151,
        0.6487573125253151,
        0.6487573125253151,
        0.6487573125253151,
        0.6487573125253151,
        0.6487573125253151,
        0.6487573125253151,
        0.6487573125253151,
        0.6487573125253151,
        0.6487573125253151,
        0.6522253152334496,
        0.6522253152334496,
        0.6522253152334496,
        0.6522253152334496,
        0.6522974692813828,
        0.6522974692813828,
        0.6529497525045275,
        0.6529497525045275,
        0.6529497525045275,
        0.6539798125621529,
        0.6539798125621529,
        0.6607578275061673,
        0.666126754223692,
        0.666126754223692,
        0.666126754223692,
        0.666126754223692,
        0.666126754223692,
        0.666126754223692,
        0.666126754223692,
        0.666126754223692,
        0.6756976676303498,
        0.6756976676303498,
        0.6852390805647423,
        0.6852390805647423,
        0.6852390805647423,
        0.6852390805647423,
        0.6852390805647423,
        0.6888016634357877,
        0.6888016634357877,
        0.6888016634357877,
        0.6888016634357877,
        0.6888016634357877,
        0.6888016634357877,
        0.6888016634357877,
        0.6888016634357877,
        0.6888016634357877,
        0.6888016634357877,
        0.6888016634357877,
        0.6888016634357877,
        0.6888016634357877,
        0.6888016634357877,
        0.6888016634357877,
        0.6888016634357877,
        0.691394219113715,
        0.691394219113715,
        0.691394219113715,
        0.691394219113715,
        0.691394219113715,
        0.691394219113715,
        0.691394219113715,
        0.691394219113715,
        0.691394219113715,
        0.691394219113715,
        0.691394219113715,
        0.7028433682003604,
        0.7028433682003604,
        0.7028433682003604,
        0.7028433682003604,
        0.7028433682003604,
        0.7028433682003604,
        0.7028433682003604,
        0.7043558313158625,
        0.7043558313158625,
        0.7043558313158625,
        0.7043558313158625,
        0.7043558313158625,
        0.7043558313158625,
        0.7043558313158625,
        0.7043558313158625,
        0.7043558313158625,
        0.7043558313158625,
        0.7043558313158625,
        0.7043558313158625,
        0.7043558313158625,
        0.7043558313158625,
        0.7043558313158625,
        0.7043558313158625,
        0.7043558313158625,
        0.7043558313158625,
        0.7043558313158625,
        0.7043558313158625,
        0.7043558313158625,
        0.7043558313158625,
        0.7043558313158625,
        0.7043558313158625,
        0.7043558313158625,
        0.7043558313158625,
        0.7043558313158625,
        0.7043558313158625,
        0.7043558313158625,
        0.7043558313158625,
        0.7043558313158625,
        0.7043558313158625,
        0.7043558313158625,
        0.7043558313158625
    ],