{
    "bestIndiv": [
        [
            8,
            32,
            36,
            34,
            33,
            13,
            12,
            51,
            46,
            25,
            26,
            27,
            10,
            50,
            11,
            43,
            49,
            28,
            15,
            24,
            3,
            42,
            14,
            4,
            5,
            23,
            47,
            37,
            39,
            35,
            45,
            38,
            48,
            31,
            21,
            0,
            22,
            19,
            29,
            41,
            6,
            1,
            20,
            17,
            2,
            16,
            30,
            44,
            18,
            40,
            7,
            9
        ],
        0.7057365055464991
    ],
    "best": [
        0.29083059519524995,
        0.29083059519524995,
        0.3076303635015813,
        0.32288920727762876,
        0.34144044276722396,
        0.3481906188467038,
        0.35967321597545937,
        0.3831621774146514,
        0.3831621774146514,
        0.3862791370662551,
        0.3891443470967334,
        0.3946887867279929,
        0.40442323743303016,
        0.40442323743303016,
        0.4049865746579878,
        0.4133118368630409,
        0.4133118368630409,
        0.4313997682998047,
        0.4313997682998047,
        0.4401127559500746,
        0.4450281264901289,
        0.4450281264901289,
        0.4555434266996467,
        0.4576576456426057,
        0.4660999850938103,
        0.4660999850938103,
        0.4660999850938103,
        0.4660999850938103,
        0.47508247582008445,
        0.4780077339954132,
        0.4879976430121087,
        0.4957558703388115,
        0.4982320794112133,
        0.4982320794112133,
        0.4982320794112133,
        0.4982320794112133,
        0.5008399602648075,
        0.5008399602648075,
        0.5008399602648075,
        0.505493388786097,
        0.505493388786097,
        0.505493388786097,
        0.518117009223729,
        0.5211920598095813,
        0.5214057887788978,
        0.5218902117710281,
        0.5218902117710281,
        0.5261496932362522,
        0.5261496932362522,
        0.5396660393474982,
        0.5396660393474983,
        0.5511459595610647,
        0.5511459595610647,
        0.5685101550471683,
        0.5685101550471683,
        0.5832011399597411,
        0.5832011399597411,
        0.5832011399597411,
        0.5842442661658244,
        0.5871060551884795,
        0.5879761501247573,
        0.588163209652421,
        0.5927643555315925,
        0.5954755903688806,
        0.5974709122087396,
        0.6106397953341791,
        0.6106397953341791,
        0.6113597177945002,
        0.6212304226740994,
        0.6212304226740994,
        0.6212304226740994,
        0.6212304226740994,
        0.6262417620275079,
        0.6262417620275079,
        0.6262417620275079,
        0.6262417620275079,
        0.6308528074534118,
        0.6407604372120927,
        0.6407604372120927,
        0.6407604372120927,
        0.6407604372120927,
        0.6407604372120927,
        0.6407604372120927,
        0.6477060107414103,
        0.6477060107414103,
        0.6477060107414103,
        0.6477060107414103,
        0.6477060107414103,
        0.6477060107414103,
        0.6477060107414103,
        0.6477060107414103,
        0.6477060107414103,
        0.6477060107414103,
        0.6477060107414103,
        0.651102396548186,
        0.651102396548186,
        0.651102396548186,
        0.651102396548186,
        0.651102396548186,
        0.651102396548186,
        0.651102396548186,
        0.651102396548186,
        0.651102396548186,
        0.651102396548186,
        0.651102396548186,
        0.651102396548186,
        0.651102396548186,
        0.651102396548186,
        0.651102396548186,
        0.651102396548186,
        0.651102396548186,
        0.651102396548186,
        0.651102396548186,
        0.651102396548186,
        0.651102396548186,
        0.651102396548186,
        0.651102396548186,
        0.651102396548186,
        0.651102396548186,
        0.651102396548186,
        0.651102396548186,
        0.651102396548186,
        0.651102396548186,
        0.651102396548186,
        0.6519370229481707,
        0.6519370229481707,
        0.6519370229481707,
        0.6519370229481707,
        0.652090514277908,
        0.652090514277908,
        0.6572642860305273,
        0.665147206254896,
        0.665147206254896,
        0.6651472062548961,
        0.6651472062548961,
        0.6651472062548961,
        0.6651472062548961,
        0.6651472062548961,
        0.6651472062548961,
        0.6651472062548961,
        0.6651472062548961,
        0.6651472062548961,
        0.6651472062548961,
        0.6651472062548961,
        0.6651472062548961,
        0.6651472062548961,
        0.6651472062548961,
        0.6733492148353887,
        0.6733492148353887,
        0.6733492148353887,
        0.6733492148353887,
        0.6733492148353887,
        0.6733492148353887,
        0.6733492148353887,
        0.6733492148353887,
        0.6733492148353887,
        0.6733492148353887,
        0.6733492148353887,
        0.6733492148353887,
        0.6733492148353887,
        0.6733492148353887,
        0.6733492148353887,
        0.6862302498986053,
        0.6874507825258226,
        0.6918498984351505,
        0.6971363753490013,
        0.6971363753490013,
        0.6977255152508045,
        0.6977255152508045,
        0.6977255152508045,
        0.6977255152508045,
        0.6977255152508045,
        0.6977255152508045,
        0.6980025465335894,
        0.6980025465335894,
        0.6980025465335894,
        0.6980025465335894,
        0.6980025465335894,
        0.6980025465335894,
        0.6980025465335894,
        0.6980025465335894,
        0.6980025465335894,
        0.6980025465335894,
        0.6980025465335894,
        0.6980025465335894,
        0.6980025465335894,
        0.6980025465335894,
        0.6980025465335894,
        0.6980025465335894,
        0.7057365055464991,
        0.7057365055464991,
        0.7057365055464991,
        0.7057365055464991,
        0.7057365055464991,
        0.7057365055464991,
        0.7057365055464991,
        0.7057365055464991,
        0.7057365055464991,
        0.7057365055464991,
        0.7057365055464991,
        0.7057365055464991
    ],