{
    "bestIndiv": [
        [
            35,
            34,
            48,
            18,
            40,
            2,
            20,
            30,
            17,
            31,
            44,
            42,
            3,
            24,
            12,
            13,
            51,
            10,
            50,
            26,
            25,
            46,
            27,
            11,
            32,
            7,
            9,
            8,
            16,
            6,
            1,
            41,
            29,
            28,
            49,
            15,
            19,
            22,
            21,
            0,
            45,
            43,
            33,
            36,
            4,
            5,
            14,
            23,
            47,
            37,
            39,
            38
        ],
        0.7240814383238703
    ],
    "best": [
        0.29026853471561676,
        0.29352035557174116,
        0.30787817251266925,
        0.3172813796671693,
        0.3295625071050091,
        0.35487631889629423,
        0.35487631889629423,
        0.35487631889629423,
        0.3615127494370712,
        0.3745656962019501,
        0.3745656962019501,
        0.37953623861404734,
        0.38644858743713095,
        0.3893930040355353,
        0.3940149066393097,
        0.40713205252772416,
        0.4113439727215565,
        0.4138714957724064,
        0.4223665268228923,
        0.4247891970581583,
        0.42503809676232507,
        0.42810800303557417,
        0.4409463160820912,
        0.4622745848336317,
        0.4622745848336317,
        0.4622745848336317,
        0.46227458483363176,
        0.4771377686142201,
        0.4771377686142201,
        0.4771377686142201,
        0.4771377686142201,
        0.4803803573044024,
        0.486813825497765,
        0.4976146659641181,
        0.5008096848571665,
        0.5117489224821266,
        0.5177312552637858,
        0.5183774476989399,
        0.5272257486631516,
        0.530568652845299,
        0.5452494514757849,
        0.5452494514757849,
        0.5549942361345204,
        0.5555317313613213,
        0.5555317313613213,
        0.561683830989526,
        0.5651168406768269,
        0.5683069393889759,
        0.5683069393889759,
        0.5683069393889759,
        0.5732776567386121,
        0.575867652672953,
        0.5807262386910176,
        0.5807262386910176,
        0.5807262386910176,
        0.581693480683836,
        0.581693480683836,
        0.5857614573823964,
        0.5863932694928274,
        0.5933455366346556,
        0.5952820486797072,
        0.605165388128807,
        0.605165388128807,
        0.6076089270165187,
        0.6113219638856391,
        0.6119502371331658,
        0.6119502371331658,
        0.6225073114575244,
        0.6343111569697262,
        0.6343111569697262,
        0.6343111569697262,
        0.6653549920514059,
        0.6653549920514059,
        0.6653549920514059,
        0.6653549920514059,
        0.6797641611933207,
        0.6797641611933207,
        0.6797641611933207,
        0.6797641611933207,
        0.6830726812917762,
        0.6833245852885904,
        0.6833245852885904,
        0.6866679396829927,
        0.6866679396829927,
        0.6866679396829927,
        0.6880565517345167,
        0.6880565517345167,
        0.6880565517345167,
        0.6880565517345167,
        0.6880565517345167,
        0.6880565517345167,
        0.6880565517345167,
        0.6880565517345167,
        0.6880565517345167,
        0.6880565517345167,
        0.6880565517345167,
        0.6880565517345167,
        0.6880565517345167,
        0.6880565517345167,
        0.6880565517345167,
        0.6880565517345167,
        0.6880565517345167,
        0.6897668328360438,
        0.6897668328360438,
        0.6897668328360438,
        0.6897668328360438,
        0.6897668328360438,
        0.6897668328360438,
        0.6897668328360438,
        0.6897668328360438,
        0.6897668328360438,
        0.6897668328360438,
        0.6897668328360438,
        0.6897668328360438,
        0.6897668328360438,
        0.6897668328360438,
        0.6897668328360438,
        0.6897668328360438,
        0.6897668328360438,
        0.6897668328360438,
        0.6897668328360438,
        0.6897668328360438,
        0.6897668328360438,
        0.6897668328360438,
        0.6897668328360438,
        0.6897668328360438,
        0.6897668328360438,
        0.6897668328360438,
        0.6897668328360438,
        0.6897668328360438,
        0.6897668328360438,
        0.6897668328360438,
        0.6897668328360438,
        0.6897668328360438,
        0.6897668328360438,
        0.6897668328360438,
        0.6897668328360438,
        0.6897668328360438,
        0.6897668328360438,
        0.6897668328360438,
        0.6897668328360438,
        0.6897668328360438,
        0.6897668328360438,
        0.6897668328360438,
        0.6897668328360438,
        0.6929895332097493,
        0.6936767193077221,
        0.6936767193077221,
        0.6936767193077221,
        0.6975495161473034,
        0.6975495161473034,
        0.6975495161473034,
        0.6995084510535472,
        0.6995084510535472,
        0.7131687809395421,
        0.7131687809395421,
        0.7152165542533281,
        0.7152165542533281,
        0.720294221574782,
        0.720294221574782,
        0.720294221574782,
        0.7240814383238703,
        0.7240814383238703,
        0.7240814383238703,
        0.7240814383238703,
        0.7240814383238703,
        0.7240814383238703,
        0.7240814383238703,
        0.7240814383238703,
        0.7240814383238703,
        0.7240814383238703,
        0.7240814383238703,
        0.7240814383238703,
        0.7240814383238703,
        0.7240814383238703,
        0.7240814383238703,
        0.7240814383238703,
        0.7240814383238703,
        0.7240814383238703,
        0.7240814383238703,
        0.7240814383238703,
        0.7240814383238703,
        0.7240814383238703,
        0.7240814383238703,
        0.7240814383238703,
        0.7240814383238703,
        0.7240814383238703,
        0.7240814383238703,
        0.7240814383238703,
        0.7240814383238703,
        0.7240814383238703,
        0.7240814383238703,
        0.7240814383238703,
        0.7240814383238703,
        0.7240814383238703,
        0.7240814383238703,
        0.7240814383238703,
        0.7240814383238703,
        0.7240814383238703,
        0.7240814383238703,
        0.7240814383238703
    ],