{
    "bestIndiv": [
        [
            48,
            0,
            21,
            20,
            29,
            28,
            45,
            43,
            19,
            30,
            17,
            16,
            2,
            40,
            18,
            34,
            35,
            33,
            36,
            47,
            37,
            14,
            42,
            32,
            10,
            25,
            27,
            11,
            50,
            39,
            38,
            44,
            7,
            8,
            9,
            4,
            5,
            23,
            15,
            49,
            41,
            6,
            1,
            22,
            26,
            51,
            13,
            12,
            46,
            24,
            3,
            31
        ],
        0.6098312373301809
    ],
    "best": [
        0.29415596602819777,
        0.3125803415081786,
        0.32610090923765744,
        0.3379274118652564,
        0.3379274118652564,
        0.3402243703137738,
        0.3402243703137738,
        0.36029142478039,
        0.37301844634465553,
        0.3794246879744212,
        0.39014391811577526,
        0.39014391811577526,
        0.3947413640048919,
        0.4012368041988495,
        0.4012368041988495,
        0.4116455586711352,
        0.4140307589876981,
        0.41800700232680077,
        0.4230563109818452,
        0.4263101642546887,
        0.42823991917123067,
        0.44698723637484933,
        0.44698723637484933,
        0.44698723637484933,
        0.4506810526804804,
        0.4506810526804804,
        0.4519461709755436,
        0.4571966222584418,
        0.4640737516034805,
        0.4699571799534131,
        0.4907713659469496,
        0.4907713659469496,
        0.4907713659469496,
        0.49100748719927056,
        0.5033101413584549,
        0.5033101413584549,
        0.504467679554213,
        0.5085082763703287,
        0.5093879789607223,
        0.5099299083378945,
        0.5099299083378945,
        0.5105341442730927,
        0.5119872570407056,
        0.5119872570407056,
        0.5119872570407056,
        0.5119872570407056,
        0.5149612429004797,
        0.5149612429004798,
        0.5149791939553174,
        0.5179922844762627,
        0.5179922844762627,
        0.5179922844762627,
        0.5179922844762627,
        0.5179922844762629,
        0.5179922844762629,
        0.5315647752838037,
        0.5315647752838037,
        0.5315647752838037,
        0.5315647752838037,
        0.5315647752838037,
        0.5339175147402564,
        0.5339175147402564,
        0.5339175147402564,
        0.5339175147402564,
        0.5339175147402564,
        0.5339175147402564,
        0.5339175147402564,
        0.5374744900046784,
        0.5374744900046784,
        0.5393817560175983,
        0.5393817560175983,
        0.5413116566639624,
        0.5421595839801315,
        0.544109449804286,
        0.544109449804286,
        0.544109449804286,
        0.5569020728314817,
        0.5569020728314817,
        0.5628688729195394,
        0.5628688729195394,
        0.5628688729195394,
        0.5641445363203574,
        0.5641445363203574,
        0.5641445363203574,
        0.5641445363203574,
        0.5641445363203574,
        0.5641445363203574,
        0.5641445363203574,
        0.5641445363203574,
        0.5641445363203574,
        0.5641445363203574,
        0.5641445363203574,
        0.5641445363203574,
        0.5641445363203574,
        0.5641445363203574,
        0.5641445363203574,
        0.5641445363203574,
        0.5641445363203574,
        0.5641445363203574,
        0.5641445363203574,
        0.5641445363203574,
        0.5649172994476274,
        0.5649172994476274,
        0.5649172994476274,
        0.5649172994476274,
        0.5649172994476274,
        0.5649172994476274,
        0.5649172994476274,
        0.5649172994476274,
        0.5661157257087441,
        0.5661157257087441,
        0.5661157257087441,
        0.5661157257087441,
        0.5661157257087441,
        0.5661157257087441,
        0.5661157257087441,
        0.5661157257087441,
        0.5661157257087441,
        0.5661157257087441,
        0.5661157257087441,
        0.5661157257087441,
        0.5661157257087441,
        0.5670850751007441,
        0.5670850751007441,
        0.5670850751007441,
        0.5670850751007441,
        0.5670850751007441,
        0.5670850751007441,
        0.5670850751007441,
        0.5670850751007441,
        0.5670850751007441,
        0.5670850751007441,
        0.5670850751007441,
        0.5670850751007441,
        0.5670850751007441,
        0.5670850751007441,
        0.5670850751007441,
        0.5670850751007441,
        0.5670850751007441,
        0.5670850751007441,
        0.5670850751007441,
        0.5670850751007441,
        0.5670850751007441,
        0.5670850751007441,
        0.5670850751007441,
        0.5670850751007441,
        0.5670850751007441,
        0.5670850751007441,
        0.5670850751007441,
        0.5672318775300573,
        0.5746525486519252,
        0.5746525486519252,
        0.5746525486519252,
        0.5746525486519252,
        0.5746525486519252,
        0.5746525486519252,
        0.5746525486519252,
        0.5746525486519252,
        0.5746525486519252,
        0.5746525486519252,
        0.5746525486519252,
        0.5746525486519252,
        0.5746525486519252,
        0.5746525486519252,
        0.5746525486519252,
        0.5746525486519252,
        0.5746525486519252,
        0.5746525486519252,
        0.5746525486519252,
        0.5818346970371613,
        0.5818346970371613,
        0.5818346970371613,
        0.5818346970371613,
        0.5818346970371613,
        0.5818346970371613,
        0.5818346970371613,
        0.5818346970371613,
        0.5862385518467796,
        0.5880708768426889,
        0.5880708768426889,
        0.5880708768426889,
        0.5901406491457792,
        0.5919974864467573,
        0.6004146533044863,
        0.6028444977122608,
        0.6084175591956157,
        0.6084175591956157,
        0.6084175591956157,
        0.6084175591956157,
        0.6084175591956157,
        0.6084175591956157,
        0.6084175591956157,
        0.6084175591956157,
        0.6084175591956157,
        0.6084175591956157,
        0.6084175591956157,
        0.6084175591956157,
        0.6084175591956157,
        0.6098312373301809,
        0.6098312373301809,
        0.6098312373301809
    ],