{
    "bestIndiv": [
        [
            1,
            6,
            41,
            30,
            17,
            0,
            19,
            49,
            31,
            48,
            33,
            34,
            43,
            35,
            38,
            39,
            37,
            14,
            4,
            5,
            3,
            42,
            24,
            11,
            45,
            22,
            20,
            16,
            2,
            18,
            40,
            7,
            8,
            9,
            32,
            50,
            10,
            26,
            12,
            13,
            51,
            27,
            25,
            46,
            28,
            21,
            44,
            36,
            23,
            47,
            15,
            29
        ],
        0.7026306488186039
    ],
    "best": [
        0.3040573944085855,
        0.3120528993965569,
        0.3354510496181195,
        0.3356136124192017,
        0.344067759370236,
        0.35136564608716647,
        0.35136564608716647,
        0.3713843904789396,
        0.3767383136506524,
        0.3959657240485427,
        0.39813571370325634,
        0.3998377981268824,
        0.41564660362837824,
        0.4228988654078196,
        0.4228988654078196,
        0.43023997697515176,
        0.43933610553513175,
        0.4414817756757693,
        0.4452089374885168,
        0.44905632243941607,
        0.4557313671018652,
        0.47805744058009736,
        0.4926788985168154,
        0.5025019680484263,
        0.5025019680484263,
        0.505009373656564,
        0.5192411604796566,
        0.5192411604796566,
        0.5192411604796566,
        0.5269965438363586,
        0.5269965438363586,
        0.5289248547659503,
        0.5393400899815222,
        0.5393400899815222,
        0.5439535113383333,
        0.5439535113383333,
        0.5498601732952373,
        0.558817383744811,
        0.5622859804824035,
        0.5654297630157024,
        0.5654297630157024,
        0.5654297630157024,
        0.572122328376817,
        0.5723647507521232,
        0.5814048169890405,
        0.5814048169890405,
        0.5814048169890405,
        0.5820106528916646,
        0.5987547680438047,
        0.5987547680438047,
        0.60499058845888,
        0.60499058845888,
        0.6089783002086445,
        0.6101089159315152,
        0.6143857466313769,
        0.6143857466313769,
        0.6143857466313769,
        0.6143857466313769,
        0.6231411713554181,
        0.6274080941389728,
        0.6274080941389728,
        0.6274080941389728,
        0.6305080076579759,
        0.6305080076579759,
        0.632438875693848,
        0.632438875693848,
        0.632438875693848,
        0.6352925092668029,
        0.6358156907057283,
        0.6372528381626235,
        0.6377792546939252,
        0.6377792546939252,
        0.6377792546939252,
        0.6384488922020959,
        0.6474820873922967,
        0.6474820873922967,
        0.6489626808784152,
        0.6489626808784152,
        0.6495086297855255,
        0.6495086297855255,
        0.6495086297855255,
        0.6532319342597662,
        0.6532319342597662,
        0.6532319342597662,
        0.6532319342597662,
        0.6532319342597662,
        0.6532319342597662,
        0.6621162903519019,
        0.6621162903519019,
        0.6621162903519019,
        0.6621162903519019,
        0.6621162903519019,
        0.6729759646769352,
        0.674693949474263,
        0.6776312870243545,
        0.6776312870243545,
        0.6776312870243545,
        0.6776312870243545,
        0.6776312870243545,
        0.6776312870243545,
        0.6776312870243545,
        0.6776312870243545,
        0.6781820653158834,
        0.6781820653158834,
        0.6781820653158834,
        0.6781820653158834,
        0.6781820653158834,
        0.6781820653158834,
        0.6781820653158834,
        0.6781820653158834,
        0.6781820653158834,
        0.6781820653158834,
        0.6781820653158834,
        0.6781820653158834,
        0.6781820653158834,
        0.6781820653158834,
        0.6781820653158834,
        0.6781820653158834,
        0.6781820653158834,
        0.6781820653158834,
        0.6781820653158834,
        0.6781820653158834,
        0.6781820653158834,
        0.6781820653158834,
        0.6781820653158834,
        0.6781820653158834,
        0.6781820653158834,
        0.6781820653158834,
        0.6781820653158834,
        0.6781820653158834,
        0.6781820653158834,
        0.6781820653158834,
        0.6781820653158834,
        0.6781820653158834,
        0.6781820653158834,
        0.6866190477866585,
        0.6866190477866585,
        0.6866190477866585,
        0.6866190477866585,
        0.6866190477866585,
        0.6866190477866585,
        0.6866190477866585,
        0.6866190477866585,
        0.6866190477866585,
        0.6876165852944713,
        0.6876165852944713,
        0.6876165852944713,
        0.6876165852944713,
        0.6876165852944713,
        0.6876165852944713,
        0.6876165852944713,
        0.6876165852944713,
        0.6876165852944713,
        0.6876165852944713,
        0.6876165852944713,
        0.6876165852944713,
        0.6876165852944713,
        0.6876165852944713,
        0.6876165852944713,
        0.6876165852944713,
        0.6876165852944713,
        0.6876165852944713,
        0.6929076224873149,
        0.6929076224873149,
        0.6929076224873149,
        0.6929076224873149,
        0.6929076224873149,
        0.6929076224873149,
        0.6929076224873149,
        0.6929076224873149,
        0.6929076224873149,
        0.6929076224873149,
        0.6929076224873149,
        0.6929076224873149,
        0.6929076224873149,
        0.6929076224873149,
        0.6929076224873149,
        0.6929076224873149,
        0.6929076224873149,
        0.6929076224873149,
        0.6929076224873149,
        0.6929076224873149,
        0.6929076224873149,
        0.6929076224873149,
        0.6929076224873149,
        0.6929076224873149,
        0.6929076224873149,
        0.6929076224873149,
        0.6929076224873149,
        0.6929076224873149,
        0.6995497322825036,
        0.6995497322825036,
        0.7026306488186039,
        0.7026306488186039,
        0.7026306488186039,
        0.7026306488186039,
        0.7026306488186039,
        0.7026306488186039,
        0.7026306488186039,
        0.7026306488186039,
        0.7026306488186039
    ],