{
    "bestIndiv": [
        [
            46,
            12,
            13,
            51,
            10,
            11,
            24,
            3,
            5,
            4,
            23,
            36,
            38,
            34,
            35,
            33,
            43,
            15,
            28,
            45,
            47,
            48,
            22,
            29,
            6,
            41,
            1,
            16,
            20,
            19,
            49,
            0,
            21,
            30,
            17,
            2,
            18,
            9,
            8,
            7,
            40,
            44,
            31,
            39,
            37,
            14,
            42,
            32,
            50,
            27,
            26,
            25
        ],
        0.805787805713579
    ],
    "best": [
        0.2965246587783425,
        0.31485820389691205,
        0.34190669892920145,
        0.34190669892920145,
        0.34190669892920145,
        0.34260113437470957,
        0.3594365227822678,
        0.3594365227822678,
        0.3630593930112661,
        0.36689545288527203,
        0.368554162891203,
        0.3714995238538597,
        0.3886607076892754,
        0.3886607076892754,
        0.4099088011574186,
        0.4099088011574186,
        0.4128382154496466,
        0.4250250859768603,
        0.4253690665493818,
        0.42752214479473327,
        0.44141203906093573,
        0.44141203906093573,
        0.46417913488341916,
        0.46417913488341916,
        0.46417913488341916,
        0.46417913488341916,
        0.46417913488341916,
        0.4648713198823409,
        0.4714292421945453,
        0.4714292421945453,
        0.4873336131052795,
        0.4885780562385755,
        0.4945949057658432,
        0.5033620619025225,
        0.5033620619025225,
        0.5165755265140922,
        0.5165755265140922,
        0.5177457852029127,
        0.5240769245525706,
        0.5240769245525706,
        0.527272299124254,
        0.5274367797773404,
        0.5386369462907405,
        0.5386369462907405,
        0.5393457089991561,
        0.5420129082951685,
        0.5420129082951685,
        0.5469582174592836,
        0.5522475602396626,
        0.5522475602396626,
        0.5522475602396626,
        0.5522475602396626,
        0.5636831528351525,
        0.5679220079689917,
        0.5679220079689917,
        0.5868516318346354,
        0.5886285141462055,
        0.5886285141462055,
        0.5886285141462055,
        0.5886285141462055,
        0.5929141194024049,
        0.5929141194024049,
        0.6063669012818107,
        0.6158449959665121,
        0.6159581133131184,
        0.6175954225183876,
        0.6175954225183876,
        0.620106483444032,
        0.620106483444032,
        0.620106483444032,
        0.6425899978298899,
        0.6425899978298899,
        0.6425899978298899,
        0.6464599255441029,
        0.6496467086504374,
        0.6506973690179383,
        0.6694058282902423,
        0.6694058282902423,
        0.6694058282902423,
        0.6694058282902423,
        0.6694058282902423,
        0.6694058282902423,
        0.6727589397275167,
        0.6788514270240146,
        0.6810713002824417,
        0.6833827457459504,
        0.6833827457459504,
        0.686935672140607,
        0.686935672140607,
        0.686935672140607,
        0.6892871631463591,
        0.6902140059182023,
        0.6902140059182023,
        0.6962375775424348,
        0.6962375775424348,
        0.6985244591378024,
        0.6985244591378024,
        0.6985244591378024,
        0.6985244591378024,
        0.6993340109266231,
        0.6993340109266231,
        0.7002610173999281,
        0.7281655244397393,
        0.7281655244397393,
        0.7281655244397393,
        0.7294504941892951,
        0.7294504941892951,
        0.7308457245410299,
        0.7383542804606459,
        0.7383542804606459,
        0.7411101519054706,
        0.7411101519054706,
        0.7503131551996713,
        0.7503131551996713,
        0.7503131551996713,
        0.7503131551996713,
        0.7503131551996713,
        0.754384299327345,
        0.754384299327345,
        0.754384299327345,
        0.7573565374763979,
        0.7573565374763979,
        0.7573565374763979,
        0.7573565374763979,
        0.7688430107718726,
        0.7688430107718726,
        0.7688430107718726,
        0.7688430107718726,
        0.7688430107718726,
        0.7688430107718726,
        0.7688430107718726,
        0.7688430107718726,
        0.7688430107718726,
        0.7688430107718726,
        0.7732325074541718,
        0.7732325074541718,
        0.7732325074541718,
        0.7732325074541718,
        0.7732325074541718,
        0.7732325074541718,
        0.7751491450039607,
        0.7751491450039607,
        0.7756329150367658,
        0.7756329150367658,
        0.7756329150367658,
        0.7756329150367658,
        0.7759933873021195,
        0.7759933873021195,
        0.7759933873021195,
        0.7759933873021195,
        0.7759933873021195,
        0.7759933873021195,
        0.7759933873021195,
        0.7759933873021195,
        0.7759933873021195,
        0.7759933873021195,
        0.77674800482665,
        0.77674800482665,
        0.77674800482665,
        0.77674800482665,
        0.77674800482665,
        0.7815769660453963,
        0.7815769660453963,
        0.787832779198373,
        0.787832779198373,
        0.787832779198373,
        0.7932167764349027,
        0.7932167764349027,
        0.7932167764349027,
        0.8001904281258968,
        0.8001904281258968,
        0.8001904281258968,
        0.8057452481959361,
        0.8057452481959361,
        0.8057452481959361,
        0.8057452481959361,
        0.8057452481959361,
        0.8057452481959361,
        0.8057452481959361,
        0.8057452481959361,
        0.8057452481959361,
        0.8057452481959361,
        0.805787805713579,
        0.805787805713579,
        0.805787805713579,
        0.805787805713579,
        0.805787805713579,
        0.805787805713579,
        0.805787805713579,
        0.805787805713579,
        0.805787805713579,
        0.805787805713579,
        0.805787805713579,
        0.805787805713579,
        0.805787805713579,
        0.805787805713579,
        0.805787805713579,
        0.805787805713579,
        0.805787805713579,
        0.805787805713579,
        0.805787805713579
    ],