{
    "bestIndiv": [
        [
            4,
            5,
            24,
            38,
            35,
            34,
            33,
            36,
            23,
            44,
            2,
            16,
            6,
            1,
            41,
            20,
            30,
            17,
            31,
            48,
            39,
            37,
            47,
            14,
            50,
            11,
            46,
            13,
            12,
            51,
            10,
            25,
            26,
            27,
            45,
            15,
            43,
            0,
            21,
            28,
            49,
            19,
            29,
            22,
            18,
            40,
            7,
            9,
            8,
            32,
            42,
            3
        ],
        0.7256315254216493
    ],
    "best": [
        0.28736496189655236,
        0.28843838504734576,
        0.3106020778575377,
        0.3106020778575377,
        0.3119676981768554,
        0.34332902788173586,
        0.34332902788173586,
        0.3435609675298616,
        0.35154565826094447,
        0.35296281704745497,
        0.35296281704745497,
        0.37401628054231384,
        0.37401628054231384,
        0.38540692528773457,
        0.38540692528773457,
        0.38941791205970117,
        0.391793773724639,
        0.42230154864491665,
        0.42230154864491665,
        0.42230154864491665,
        0.42230154864491665,
        0.42872583443460455,
        0.4340137495313124,
        0.4402222315333353,
        0.450071172267202,
        0.45083495691741216,
        0.47585194001460784,
        0.4874773912989099,
        0.4874773912989099,
        0.49038882396859246,
        0.494122640315104,
        0.494122640315104,
        0.5046343533730356,
        0.5213140716547989,
        0.5213140716547989,
        0.5284226103623363,
        0.5284226103623363,
        0.5284226103623363,
        0.5284226103623363,
        0.5284226103623363,
        0.5318815506199871,
        0.5318815506199871,
        0.5520867113418104,
        0.5520867113418104,
        0.5528260963273992,
        0.5663069497491504,
        0.5663069497491504,
        0.5663069497491504,
        0.5682512811291136,
        0.5688521739143986,
        0.5688521739143986,
        0.5688521739143986,
        0.5702480997613031,
        0.5731951096443831,
        0.5875168587770376,
        0.5875168587770376,
        0.5875168587770376,
        0.5875168587770377,
        0.5875168587770377,
        0.5875168587770377,
        0.5875168587770377,
        0.5875168587770377,
        0.5944161620393243,
        0.61277988025721,
        0.61277988025721,
        0.61277988025721,
        0.61277988025721,
        0.61277988025721,
        0.61277988025721,
        0.61277988025721,
        0.61277988025721,
        0.61277988025721,
        0.61277988025721,
        0.61277988025721,
        0.61277988025721,
        0.61277988025721,
        0.61277988025721,
        0.61277988025721,
        0.61277988025721,
        0.61277988025721,
        0.61277988025721,
        0.61277988025721,
        0.6138107530336683,
        0.6138107530336683,
        0.6138107530336683,
        0.6198916913502367,
        0.6198916913502367,
        0.6209466518188834,
        0.6209466518188834,
        0.6209466518188834,
        0.6209466518188834,
        0.6209466518188834,
        0.6209466518188834,
        0.6209466518188834,
        0.6209466518188834,
        0.6209466518188834,
        0.6209466518188834,
        0.6209466518188834,
        0.6209466518188834,
        0.6227584146634153,
        0.6301376194337704,
        0.6301376194337704,
        0.640622308455866,
        0.640622308455866,
        0.6406223084558661,
        0.6406223084558661,
        0.6432609926708475,
        0.6432609926708475,
        0.6432609926708475,
        0.6432609926708475,
        0.6432609926708475,
        0.6432609926708475,
        0.6486592069355772,
        0.6486592069355772,
        0.6486592069355772,
        0.6486592069355772,
        0.6486592069355772,
        0.6486592069355772,
        0.6486592069355772,
        0.6486592069355772,
        0.6486592069355772,
        0.6486592069355772,
        0.6486592069355772,
        0.6486592069355772,
        0.6486592069355772,
        0.6486592069355772,
        0.6486592069355772,
        0.6486592069355772,
        0.6486592069355772,
        0.6486592069355772,
        0.6486592069355772,
        0.6486592069355772,
        0.6486592069355772,
        0.6486592069355772,
        0.6486592069355772,
        0.6486592069355772,
        0.6486592069355772,
        0.6486592069355772,
        0.6486592069355772,
        0.6486592069355772,
        0.6486592069355772,
        0.6486592069355772,
        0.6522027737079816,
        0.6522546915650306,
        0.6522546915650306,
        0.6728231710921152,
        0.6728784239119913,
        0.6728784239119913,
        0.6728784239119913,
        0.6728784239119913,
        0.6728784239119913,
        0.6728784239119913,
        0.6744211155260234,
        0.6744211155260234,
        0.6744211155260234,
        0.6744211155260234,
        0.6744211155260234,
        0.6744211155260234,
        0.6744211155260234,
        0.6744211155260234,
        0.6744211155260234,
        0.6744211155260234,
        0.6797778325936271,
        0.6797778325936271,
        0.6869019164981351,
        0.6869019164981351,
        0.6869019164981351,
        0.6869019164981351,
        0.6869019164981351,
        0.6869019164981351,
        0.6869019164981351,
        0.6869019164981351,
        0.6869019164981351,
        0.6869019164981351,
        0.6869019164981351,
        0.6869019164981351,
        0.6869019164981351,
        0.6881145518900222,
        0.6881145518900222,
        0.6881145518900222,
        0.6901914965011171,
        0.6904776509474696,
        0.6904776509474696,
        0.6907313330328052,
        0.6907313330328052,
        0.6921655818535145,
        0.6921655818535145,
        0.6921655818535145,
        0.6921655818535145,
        0.6930417249785367,
        0.6930417249785367,
        0.6930417249785367,
        0.697534368967597,
        0.7049384714411705,
        0.7049384714411706,
        0.724420961174277,
        0.724420961174277,
        0.7256315254216493,
        0.7256315254216493,
        0.7256315254216493,
        0.7256315254216493
    ],