{
    "bestIndiv": [
        [
            47,
            37,
            33,
            34,
            31,
            48,
            0,
            21,
            20,
            30,
            17,
            2,
            44,
            18,
            7,
            8,
            9,
            42,
            39,
            38,
            35,
            36,
            5,
            3,
            24,
            26,
            10,
            51,
            13,
            12,
            46,
            25,
            27,
            11,
            50,
            32,
            40,
            16,
            41,
            6,
            1,
            29,
            22,
            49,
            19,
            28,
            15,
            43,
            45,
            23,
            4,
            14
        ],
        0.7948470879892333
    ],
    "best": [
        0.2953321428489969,
        0.2967459204085784,
        0.3146864373393092,
        0.33270840106345045,
        0.34238298297920516,
        0.3612513338430584,
        0.3612513338430584,
        0.3612513338430584,
        0.37418822970706594,
        0.3805826459542411,
        0.4020627596860374,
        0.4020627596860374,
        0.42071043303117306,
        0.42071043303117306,
        0.42071043303117306,
        0.4246751102139439,
        0.43342563540034,
        0.44874309835547904,
        0.4529536438139481,
        0.45515022823726614,
        0.47343978776992596,
        0.4738449621089302,
        0.49623115317441335,
        0.49623115317441335,
        0.5078362871734448,
        0.5078362871734448,
        0.5078362871734448,
        0.5078362871734448,
        0.5131570832909956,
        0.5139030527641403,
        0.5144264197162347,
        0.5171853489634195,
        0.5314971444094873,
        0.5314971444094873,
        0.5437314543866548,
        0.5437314543866548,
        0.5477966978585207,
        0.5623970182550996,
        0.5623970182550996,
        0.5649060349711866,
        0.5649060349711866,
        0.5678389948995926,
        0.5759215239707033,
        0.5759215239707033,
        0.5807779943851746,
        0.5807779943851747,
        0.5834540871881315,
        0.5860395710579281,
        0.5860395710579281,
        0.6012281318381063,
        0.6012281318381063,
        0.612905405947688,
        0.612905405947688,
        0.6160050783639709,
        0.6160050783639709,
        0.6160050783639709,
        0.6169301759852698,
        0.6241082417280291,
        0.6255162699828951,
        0.6255162699828951,
        0.6260842300949176,
        0.6283970721057666,
        0.6329227022181221,
        0.6403369979167614,
        0.6403369979167614,
        0.6414548518544299,
        0.6414548518544299,
        0.6420521385653812,
        0.6463619178204335,
        0.6477725761001933,
        0.6477725761001933,
        0.6523089710634672,
        0.6523089710634672,
        0.6536235382349102,
        0.6609530078265645,
        0.6609530078265645,
        0.66909499029927,
        0.6861711584291769,
        0.6861711584291769,
        0.6861711584291769,
        0.6861711584291769,
        0.6861711584291769,
        0.686171158429177,
        0.6939101707757365,
        0.6939101707757365,
        0.6939101707757365,
        0.6939101707757365,
        0.6939101707757365,
        0.711359819078649,
        0.711359819078649,
        0.7154016142833244,
        0.7154016142833244,
        0.7155653855761865,
        0.7155653855761865,
        0.7168675759257527,
        0.7168675759257527,
        0.7168675759257527,
        0.7168675759257527,
        0.727326817011913,
        0.7274960943434863,
        0.7274960943434863,
        0.7274960943434863,
        0.7274960943434863,
        0.7288421106898489,
        0.7288421106898489,
        0.7288421106898489,
        0.7288421106898489,
        0.7288421106898489,
        0.7288421106898489,
        0.7288421106898489,
        0.7288421106898489,
        0.7289799300921695,
        0.7303314479368284,
        0.741764967464211,
        0.741764967464211,
        0.741764967464211,
        0.741764967464211,
        0.741764967464211,
        0.741764967464211,
        0.741764967464211,
        0.741764967464211,
        0.741764967464211,
        0.741764967464211,
        0.741764967464211,
        0.741764967464211,
        0.741764967464211,
        0.741764967464211,
        0.741764967464211,
        0.741764967464211,
        0.741764967464211,
        0.741764967464211,
        0.7467964991015337,
        0.7467964991015337,
        0.7467964991015337,
        0.7467964991015337,
        0.7467964991015337,
        0.7498949047890314,
        0.7498949047890314,
        0.7517044248584545,
        0.7517044248584545,
        0.7633500685206774,
        0.7685003587701751,
        0.7685003587701751,
        0.7685003587701751,
        0.7685003587701751,
        0.7685003587701751,
        0.7685003587701751,
        0.7685003587701751,
        0.7685003587701751,
        0.7685003587701751,
        0.7685003587701751,
        0.7685003587701751,
        0.7685003587701751,
        0.7685003587701751,
        0.7685003587701751,
        0.7685003587701751,
        0.7685003587701751,
        0.7685003587701751,
        0.7685003587701751,
        0.7685003587701751,
        0.7685003587701751,
        0.7685003587701751,
        0.7685003587701751,
        0.7685003587701751,
        0.7685003587701751,
        0.7685003587701751,
        0.7685003587701751,
        0.7685003587701751,
        0.7685003587701751,
        0.7685003587701751,
        0.7685003587701751,
        0.7685003587701751,
        0.7794841220708221,
        0.7794841220708221,
        0.7794841220708221,
        0.7794841220708221,
        0.7794841220708221,
        0.7794841220708221,
        0.7794841220708221,
        0.7794841220708221,
        0.7870769367044633,
        0.7870769367044633,
        0.7870769367044633,
        0.787104355747133,
        0.787104355747133,
        0.787104355747133,
        0.7948470879892333,
        0.7948470879892333,
        0.7948470879892333,
        0.7948470879892333,
        0.7948470879892333,
        0.7948470879892333,
        0.7948470879892333,
        0.7948470879892333,
        0.7948470879892333,
        0.7948470879892333,
        0.7948470879892333,
        0.7948470879892333,
        0.7948470879892333,
        0.7948470879892333,
        0.7948470879892333
    ],