{
    "bestIndiv": [
        [
            36,
            33,
            38,
            39,
            14,
            5,
            24,
            26,
            25,
            13,
            46,
            15,
            28,
            49,
            19,
            22,
            30,
            31,
            8,
            9,
            42,
            32,
            11,
            4,
            37,
            35,
            48,
            21,
            0,
            34,
            43,
            29,
            6,
            1,
            41,
            20,
            17,
            16,
            2,
            7,
            40,
            18,
            44,
            45,
            27,
            12,
            51,
            10,
            50,
            3,
            23,
            47
        ],
        0.6767647682532755
    ],
    "best": [
        0.2856811492242353,
        0.29389220163896906,
        0.317180939158286,
        0.32156798019076965,
        0.33142093147285856,
        0.3416914289257456,
        0.34172065559450954,
        0.35321873818308086,
        0.35321873818308086,
        0.3585007446681951,
        0.3592623129284942,
        0.3698553935824399,
        0.3824686826252234,
        0.3955636150501642,
        0.3955636150501642,
        0.40140344849621235,
        0.4375794145476312,
        0.4375794145476312,
        0.4375794145476312,
        0.4375794145476312,
        0.4613383749210551,
        0.4613383749210551,
        0.4613383749210551,
        0.4613383749210551,
        0.4613383749210551,
        0.4613383749210551,
        0.46941554349308323,
        0.48395772510396806,
        0.48395772510396806,
        0.4866790115376348,
        0.5075577631568821,
        0.5111236302884761,
        0.5111236302884761,
        0.5137933573227905,
        0.5137933573227905,
        0.5165814643197918,
        0.5165814643197918,
        0.5186579075280646,
        0.5190693205032497,
        0.52338533290489,
        0.52338533290489,
        0.5278658364891851,
        0.5278658364891851,
        0.5278658364891851,
        0.5278658364891852,
        0.5290804229368327,
        0.5396171172846084,
        0.5396171172846084,
        0.5396171172846084,
        0.5396171172846084,
        0.5396171172846084,
        0.5425086377958137,
        0.542534048105568,
        0.5440401254721277,
        0.5498340623814522,
        0.5498340623814522,
        0.5551193385512243,
        0.5551193385512243,
        0.5581798528740395,
        0.5581798528740395,
        0.5671125749654313,
        0.5671125749654313,
        0.5703071418835672,
        0.5703071418835672,
        0.5734641420059775,
        0.5800049696959744,
        0.5871187686678084,
        0.5871187686678084,
        0.5969168804330484,
        0.5976508320970745,
        0.5976508320970745,
        0.5990661730836108,
        0.6003744007303753,
        0.6003744007303753,
        0.6003744007303753,
        0.6003744007303753,
        0.6003744007303753,
        0.6058231304327386,
        0.6058231304327386,
        0.6058231304327386,
        0.6058231304327386,
        0.6059384952364458,
        0.6059384952364458,
        0.6065138980006867,
        0.6065138980006867,
        0.6065138980006867,
        0.6065138980006867,
        0.607111834907189,
        0.607111834907189,
        0.607111834907189,
        0.607111834907189,
        0.607111834907189,
        0.6083152747038573,
        0.6154440248115313,
        0.6154440248115313,
        0.6172706671051216,
        0.6172706671051216,
        0.6172706671051217,
        0.6172706671051217,
        0.6172706671051217,
        0.6172706671051217,
        0.6172706671051217,
        0.6173138291806746,
        0.6205469659228986,
        0.6205469659228986,
        0.6205905874148746,
        0.6205905874148746,
        0.6205905874148746,
        0.6205905874148746,
        0.6205905874148746,
        0.6205905874148746,
        0.6205905874148746,
        0.6205905874148746,
        0.6205905874148746,
        0.6205905874148746,
        0.6205905874148746,
        0.6205905874148746,
        0.6205905874148746,
        0.6238296569455917,
        0.6238296569455917,
        0.6238296569455917,
        0.6238296569455917,
        0.6238296569455917,
        0.6238296569455917,
        0.6238296569455917,
        0.6238296569455917,
        0.6238296569455917,
        0.6238296569455917,
        0.6238296569455917,
        0.6336616108614701,
        0.6336616108614701,
        0.6336616108614701,
        0.6363727237743487,
        0.6363727237743487,
        0.6363727237743487,
        0.6363727237743487,
        0.6363727237743487,
        0.6363727237743487,
        0.6363727237743487,
        0.6363727237743487,
        0.6363727237743487,
        0.6363727237743487,
        0.6363727237743487,
        0.6363727237743487,
        0.6363727237743487,
        0.652150793691461,
        0.652150793691461,
        0.652150793691461,
        0.652150793691461,
        0.6597763347829054,
        0.6597763347829054,
        0.6597763347829054,
        0.6597763347829054,
        0.6597763347829054,
        0.6597763347829054,
        0.6597763347829054,
        0.6597763347829054,
        0.6597763347829054,
        0.6597763347829054,
        0.6597763347829054,
        0.6597763347829054,
        0.6597763347829054,
        0.6597763347829054,
        0.6597763347829054,
        0.6597763347829054,
        0.6597763347829054,
        0.6597763347829054,
        0.6597763347829054,
        0.6597763347829054,
        0.6597763347829054,
        0.6597763347829054,
        0.6597763347829054,
        0.6597763347829054,
        0.6597763347829054,
        0.6597763347829054,
        0.6597763347829054,
        0.6597763347829054,
        0.6597763347829054,
        0.6597763347829054,
        0.6625717799476638,
        0.6625717799476638,
        0.6625717799476638,
        0.6625717799476638,
        0.6625717799476638,
        0.6625717799476638,
        0.6625717799476638,
        0.6625717799476638,
        0.6625717799476638,
        0.6625717799476638,
        0.6625717799476638,
        0.6625717799476638,
        0.6638961919484773,
        0.6638961919484773,
        0.6638961919484773,
        0.6659559299745611,
        0.6659559299745611,
        0.6659559299745611,
        0.6666769879983248,
        0.6666769879983248,
        0.6767647682532755,
        0.6767647682532755
    ],