{
    "bestIndiv": [
        [
            21,
            0,
            31,
            18,
            40,
            7,
            9,
            8,
            32,
            42,
            44,
            20,
            29,
            22,
            33,
            38,
            39,
            37,
            47,
            23,
            50,
            10,
            26,
            51,
            13,
            12,
            46,
            25,
            27,
            14,
            36,
            34,
            35,
            43,
            15,
            28,
            49,
            19,
            45,
            3,
            11,
            24,
            5,
            4,
            48,
            2,
            16,
            1,
            6,
            41,
            30,
            17
        ],
        0.6981365547441724
    ],
    "best": [
        0.2876155854478391,
        0.2876155854478391,
        0.28856002465065916,
        0.3022538828460438,
        0.30354754912564424,
        0.3133299509834531,
        0.3235980041453405,
        0.3331548585994269,
        0.3331548585994269,
        0.3496784911102392,
        0.36451878502230867,
        0.3757014343640528,
        0.3757014343640528,
        0.3870253219940081,
        0.3870253219940081,
        0.39323006222052975,
        0.39323006222052975,
        0.40204300694101774,
        0.41795581494162354,
        0.41795581494162354,
        0.4188280132615402,
        0.4337181535154167,
        0.44277699219268934,
        0.44277699219268934,
        0.46136622287233753,
        0.46514271350328357,
        0.46793572451681437,
        0.4813253418427565,
        0.4931337216016378,
        0.4931337216016378,
        0.4931337216016378,
        0.5202994770249809,
        0.5202994770249809,
        0.5202994770249809,
        0.5202994770249809,
        0.5202994770249809,
        0.5231888559566864,
        0.5284514958628383,
        0.5284514958628383,
        0.5284514958628383,
        0.5284514958628383,
        0.5334174025079915,
        0.5334174025079915,
        0.5334174025079915,
        0.5334174025079915,
        0.5334174025079915,
        0.5477869487624168,
        0.5477869487624168,
        0.5477869487624168,
        0.547786948762417,
        0.547786948762417,
        0.5494781177081797,
        0.5494781177081797,
        0.5656350964787339,
        0.5656350964787339,
        0.5656350964787339,
        0.5674384464577087,
        0.5674384464577087,
        0.5746591769498852,
        0.5746591769498852,
        0.5760449832146799,
        0.5768710654551781,
        0.5937375838105339,
        0.5952170521665243,
        0.5952170521665243,
        0.5959065058244827,
        0.5959065058244827,
        0.5959065058244827,
        0.5959065058244827,
        0.6062072416090482,
        0.6062072416090482,
        0.6062072416090482,
        0.6062072416090482,
        0.6062072416090482,
        0.6062072416090482,
        0.613577455681714,
        0.613577455681714,
        0.6235715158077866,
        0.6235715158077866,
        0.628771297344981,
        0.628771297344981,
        0.628771297344981,
        0.628771297344981,
        0.6290981819190511,
        0.6290981819190511,
        0.6290981819190511,
        0.6290981819190511,
        0.6290981819190511,
        0.6290981819190511,
        0.6290981819190511,
        0.6290981819190511,
        0.6426403395139106,
        0.6426403395139106,
        0.6426403395139106,
        0.6426403395139106,
        0.6426403395139106,
        0.6426403395139106,
        0.6426403395139106,
        0.6426403395139106,
        0.6426403395139106,
        0.6426403395139106,
        0.6426403395139106,
        0.6426403395139106,
        0.6426403395139106,
        0.6426403395139106,
        0.65669799448595,
        0.65669799448595,
        0.65669799448595,
        0.65669799448595,
        0.65669799448595,
        0.6619934415714008,
        0.6619934415714008,
        0.6619934415714008,
        0.6619934415714008,
        0.6624876070152694,
        0.6624876070152694,
        0.6624876070152694,
        0.6652467107922148,
        0.6652467107922148,
        0.6652467107922148,
        0.6652467107922148,
        0.6652467107922148,
        0.6743761364489639,
        0.6743761364489639,
        0.6743761364489639,
        0.6743761364489639,
        0.6743761364489639,
        0.6743761364489639,
        0.6743761364489639,
        0.6772993528570403,
        0.6772993528570403,
        0.6772993528570403,
        0.6772993528570403,
        0.6772993528570403,
        0.6772993528570403,
        0.6772993528570403,
        0.6772993528570403,
        0.6772993528570403,
        0.6772993528570403,
        0.6772993528570403,
        0.6772993528570403,
        0.6772993528570403,
        0.6772993528570403,
        0.6772993528570403,
        0.6772993528570403,
        0.6772993528570403,
        0.6772993528570403,
        0.6772993528570403,
        0.6772993528570403,
        0.6772993528570403,
        0.6772993528570403,
        0.6772993528570403,
        0.6772993528570403,
        0.6772993528570403,
        0.6772993528570403,
        0.6772993528570403,
        0.6772993528570403,
        0.6772993528570403,
        0.6779571741816794,
        0.6779571741816794,
        0.6779571741816794,
        0.6782587175116888,
        0.6835589561783001,
        0.6920411485927749,
        0.6920411485927749,
        0.693127651457266,
        0.693127651457266,
        0.6942997329415882,
        0.6942997329415882,
        0.6942997329415882,
        0.6953078984379467,
        0.6953933449260108,
        0.6953933449260108,
        0.6953933449260108,
        0.6953933449260108,
        0.6953933449260108,
        0.6953933449260108,
        0.6953933449260108,
        0.6957114299501743,
        0.6957114299501743,
        0.6957114299501743,
        0.6957114299501743,
        0.6957114299501743,
        0.6977932646643242,
        0.6979940744107759,
        0.6979940744107759,
        0.6979940744107759,
        0.6979940744107759,
        0.6979940744107759,
        0.6981365547441724,
        0.6981365547441724,
        0.6981365547441724,
        0.6981365547441724,
        0.6981365547441724,
        0.6981365547441724,
        0.6981365547441724,
        0.6981365547441724,
        0.6981365547441724,
        0.6981365547441724,
        0.6981365547441724,
        0.6981365547441724
    ],