{
    "bestIndiv": [
        [
            47,
            45,
            24,
            3,
            50,
            11,
            26,
            12,
            46,
            25,
            13,
            51,
            10,
            27,
            37,
            39,
            43,
            19,
            49,
            28,
            20,
            16,
            17,
            2,
            7,
            40,
            8,
            42,
            32,
            9,
            18,
            44,
            31,
            30,
            21,
            48,
            35,
            34,
            36,
            23,
            15,
            29,
            1,
            6,
            41,
            22,
            0,
            33,
            38,
            4,
            14,
            5
        ],
        0.6885595858715555
    ],
    "best": [
        0.29317376744304846,
        0.2977254034965,
        0.3057878931823537,
        0.3193579690542588,
        0.332933584703589,
        0.3387230546597185,
        0.3406598490748997,
        0.3417120272193382,
        0.37100939729278287,
        0.38045249236812384,
        0.38045249236812384,
        0.4051012853762583,
        0.4053598354579208,
        0.4053598354579208,
        0.41456962270703623,
        0.4276741301516623,
        0.43444615642434614,
        0.4430819222290026,
        0.4504345046649113,
        0.4504345046649113,
        0.45882483130804746,
        0.4636697351600222,
        0.4636697351600222,
        0.4636697351600222,
        0.4676001347265798,
        0.4760721957359784,
        0.4760721957359785,
        0.4760721957359785,
        0.4780426938781975,
        0.48334194214867776,
        0.4890942939354856,
        0.4890942939354856,
        0.4890942939354856,
        0.4890942939354856,
        0.5028646546086541,
        0.5028646546086541,
        0.5028646546086541,
        0.5028646546086541,
        0.5046172685912363,
        0.5046172685912363,
        0.5046172685912363,
        0.5046172685912363,
        0.5046405493183175,
        0.5063134884803348,
        0.5063134884803348,
        0.5063134884803349,
        0.5063134884803349,
        0.5063134884803349,
        0.5063134884803349,
        0.5150805635983914,
        0.5150805635983914,
        0.5299479947074646,
        0.5299479947074646,
        0.5299479947074646,
        0.5517150152007276,
        0.5517150152007276,
        0.5517150152007276,
        0.5517150152007276,
        0.5517150152007276,
        0.5624884216861689,
        0.5624884216861689,
        0.5636307312183422,
        0.5636307312183422,
        0.5636307312183422,
        0.5732519363122108,
        0.5737971502215241,
        0.5777424946947622,
        0.5795152182465565,
        0.5795152182465565,
        0.5805536104112027,
        0.6073838064711687,
        0.6104915483879897,
        0.6104915483879897,
        0.6105692431813616,
        0.6141739166058597,
        0.61427464893828,
        0.6162586276874893,
        0.6162586276874893,
        0.6162586276874893,
        0.6162586276874893,
        0.6178016976100855,
        0.6178016976100855,
        0.6178016976100855,
        0.6182002041685638,
        0.6197530248103362,
        0.6197530248103362,
        0.6197530248103362,
        0.6203023832172065,
        0.6203023832172065,
        0.6203023832172065,
        0.6203023832172065,
        0.6203023832172065,
        0.6203023832172065,
        0.6203023832172065,
        0.6203023832172065,
        0.6502787450010701,
        0.6502787450010701,
        0.6502787450010701,
        0.6502787450010701,
        0.6502787450010701,
        0.6502787450010701,
        0.6502787450010701,
        0.6530498465306194,
        0.6530498465306194,
        0.6530498465306194,
        0.6530498465306194,
        0.6530498465306194,
        0.6533403887047173,
        0.6533403887047173,
        0.6533403887047173,
        0.6577320206754845,
        0.6577320206754845,
        0.6577320206754845,
        0.6577320206754845,
        0.6663102126751475,
        0.6663102126751475,
        0.6663102126751475,
        0.6663102126751475,
        0.6663102126751475,
        0.6708826786139027,
        0.6708826786139027,
        0.6708826786139027,
        0.6770383311385029,
        0.6788186295147344,
        0.6788186295147344,
        0.6788186295147344,
        0.6788186295147344,
        0.6788186295147344,
        0.6788186295147344,
        0.6788186295147344,
        0.6789730903900288,
        0.6789730903900288,
        0.6789730903900288,
        0.6789730903900288,
        0.6789730903900288,
        0.6794794649333531,
        0.6794794649333531,
        0.6794794649333531,
        0.6794794649333531,
        0.6794794649333531,
        0.6794794649333531,
        0.6794794649333531,
        0.679796101230719,
        0.6804588421018295,
        0.6804588421018295,
        0.6807210737684914,
        0.682795034738342,
        0.682795034738342,
        0.682795034738342,
        0.682795034738342,
        0.682795034738342,
        0.682795034738342,
        0.682795034738342,
        0.682795034738342,
        0.682795034738342,
        0.682795034738342,
        0.682795034738342,
        0.682795034738342,
        0.682795034738342,
        0.682795034738342,
        0.682795034738342,
        0.682795034738342,
        0.682795034738342,
        0.682795034738342,
        0.682795034738342,
        0.682795034738342,
        0.682795034738342,
        0.682795034738342,
        0.682795034738342,
        0.6828756837940022,
        0.6828756837940022,
        0.6828756837940022,
        0.6828756837940022,
        0.6834949117107314,
        0.6834949117107314,
        0.6834949117107314,
        0.6834949117107314,
        0.6834949117107314,
        0.6834949117107314,
        0.6834949117107314,
        0.6834949117107314,
        0.6834949117107314,
        0.6834949117107314,
        0.6834949117107314,
        0.6834949117107314,
        0.6834949117107314,
        0.6834949117107314,
        0.6834949117107314,
        0.6834949117107314,
        0.6834949117107314,
        0.6834949117107314,
        0.6834949117107314,
        0.6834949117107314,
        0.6885595858715555,
        0.6885595858715555,
        0.6885595858715555,
        0.6885595858715555,
        0.6885595858715555,
        0.6885595858715555,
        0.6885595858715555,
        0.6885595858715555
    ],