{
    "bestIndiv": [
        [
            29,
            6,
            41,
            19,
            30,
            21,
            0,
            48,
            33,
            35,
            34,
            43,
            31,
            2,
            17,
            20,
            1,
            16,
            40,
            8,
            9,
            32,
            42,
            24,
            26,
            25,
            46,
            13,
            12,
            51,
            50,
            10,
            11,
            27,
            3,
            5,
            7,
            18,
            44,
            36,
            45,
            47,
            4,
            14,
            37,
            23,
            39,
            38,
            15,
            22,
            49,
            28
        ],
        0.6553608190506468
    ],
    "best": [
        0.28629774866658764,
        0.30023165621063524,
        0.3099965577125883,
        0.31813501887554185,
        0.3281157627176213,
        0.3281157627176213,
        0.32993830657643286,
        0.33386272419642005,
        0.3416783996753429,
        0.3532175036456542,
        0.3532175036456542,
        0.35679897824167534,
        0.3617433525005089,
        0.3786554518506728,
        0.3935932278880134,
        0.4078554652739216,
        0.4078554652739216,
        0.44055072169644804,
        0.44055072169644804,
        0.44055072169644804,
        0.44792407414687574,
        0.44792407414687574,
        0.44792407414687574,
        0.44792407414687574,
        0.44988145069537133,
        0.44988145069537133,
        0.4584778909541632,
        0.4584778909541632,
        0.4584778909541632,
        0.4654549851599002,
        0.4654549851599002,
        0.46692762268126653,
        0.4777149288121807,
        0.47902670948625276,
        0.4913670917586529,
        0.49136709175865295,
        0.49186036360467394,
        0.496027987453894,
        0.497247158383377,
        0.5039359456340087,
        0.5063613271744143,
        0.511164364275598,
        0.5115843633439486,
        0.5302231492650178,
        0.5302231492650178,
        0.5335140656250054,
        0.5335140656250054,
        0.5368617310519611,
        0.5401190809732271,
        0.5401190809732271,
        0.5459592687971656,
        0.5459592687971656,
        0.548159058236091,
        0.550287836810846,
        0.5543507847325048,
        0.5543507847325048,
        0.554350784732505,
        0.554350784732505,
        0.55652802162566,
        0.55652802162566,
        0.55652802162566,
        0.5588139813471592,
        0.5588139813471592,
        0.5588139813471592,
        0.5608097875824817,
        0.5608097875824817,
        0.5618198698705655,
        0.5618198698705655,
        0.5618198698705655,
        0.5704153109736597,
        0.5704153109736597,
        0.5704153109736597,
        0.5704153109736597,
        0.5704153109736597,
        0.5704153109736597,
        0.5704153109736597,
        0.5704153109736597,
        0.5704153109736597,
        0.5704153109736597,
        0.5704153109736597,
        0.5704153109736597,
        0.5704153109736597,
        0.5771899971637531,
        0.5794185591292486,
        0.5794185591292486,
        0.5794185591292486,
        0.5794185591292486,
        0.5794185591292486,
        0.5794185591292486,
        0.5794185591292486,
        0.5794185591292486,
        0.5794185591292486,
        0.5794185591292486,
        0.5794185591292486,
        0.5794185591292486,
        0.5794185591292486,
        0.5794185591292486,
        0.5803964263099053,
        0.5803964263099053,
        0.5811377971261831,
        0.5811377971261831,
        0.5811377971261831,
        0.5811377971261831,
        0.5811377971261831,
        0.5811377971261831,
        0.5811377971261831,
        0.5811377971261831,
        0.5811377971261831,
        0.5811377971261831,
        0.5811377971261831,
        0.5811377971261831,
        0.5811377971261831,
        0.5811377971261831,
        0.5811377971261831,
        0.5818582556841982,
        0.5818582556841982,
        0.5818582556841982,
        0.5818582556841982,
        0.5818582556841982,
        0.5818582556841982,
        0.5818582556841982,
        0.5818582556841982,
        0.5882297951779254,
        0.5899495995278169,
        0.5903555793179641,
        0.5904312638823389,
        0.5904312638823389,
        0.5965005744498423,
        0.6001934056696955,
        0.6001934056696955,
        0.6001934056696955,
        0.6034775418316307,
        0.6115257680086879,
        0.6115257680086879,
        0.6138428122566417,
        0.6138428122566417,
        0.6138428122566417,
        0.6144611058254227,
        0.6185549893289387,
        0.6185549893289387,
        0.6197310609516037,
        0.6207044088929665,
        0.6257604255171789,
        0.6257604255171789,
        0.6279603022009357,
        0.6279603022009357,
        0.6285336688189578,
        0.6285336688189578,
        0.6287769361754081,
        0.6287769361754081,
        0.6287769361754081,
        0.6287769361754081,
        0.6287769361754081,
        0.6339943975671688,
        0.6446649256474316,
        0.6446649256474316,
        0.6446649256474316,
        0.6446649256474316,
        0.6446649256474316,
        0.6446649256474316,
        0.6446649256474316,
        0.6446649256474316,
        0.6446649256474316,
        0.647789084801637,
        0.647789084801637,
        0.647789084801637,
        0.647789084801637,
        0.647789084801637,
        0.6511745689293159,
        0.6511745689293159,
        0.6511745689293159,
        0.6511745689293159,
        0.6553608190506468,
        0.6553608190506468,
        0.6553608190506468,
        0.6553608190506468,
        0.6553608190506468,
        0.6553608190506468,
        0.6553608190506468,
        0.6553608190506468,
        0.6553608190506468,
        0.6553608190506468,
        0.6553608190506468,
        0.6553608190506468,
        0.6553608190506468,
        0.6553608190506468,
        0.6553608190506468,
        0.6553608190506468,
        0.6553608190506468,
        0.6553608190506468,
        0.6553608190506468,
        0.6553608190506468,
        0.6553608190506468,
        0.6553608190506468,
        0.6553608190506468,
        0.6553608190506468,
        0.6553608190506468,
        0.6553608190506468,
        0.6553608190506468,
        0.6553608190506468,
        0.6553608190506468
    ],