{
    "bestIndiv": [
        [
            16,
            2,
            30,
            19,
            49,
            21,
            0,
            33,
            43,
            15,
            28,
            29,
            22,
            48,
            35,
            39,
            37,
            4,
            47,
            23,
            24,
            11,
            45,
            38,
            44,
            9,
            42,
            32,
            50,
            10,
            26,
            13,
            51,
            12,
            46,
            25,
            27,
            5,
            14,
            3,
            36,
            34,
            31,
            18,
            40,
            7,
            8,
            17,
            20,
            6,
            1,
            41
        ],
        0.6973779057473745
    ],
    "best": [
        0.2990230781085101,
        0.3021699565672501,
        0.3382962560008429,
        0.3384447280158391,
        0.3384447280158391,
        0.34438833786061446,
        0.3468222542295326,
        0.35416658493217884,
        0.35416658493217884,
        0.36406272294179753,
        0.36893114355925855,
        0.3803850719140722,
        0.3950418256835682,
        0.3950418256835682,
        0.3950418256835682,
        0.4096049948975239,
        0.4139991692526303,
        0.4139991692526303,
        0.4236140906654453,
        0.4268594807511537,
        0.4376998870623245,
        0.4384198339034734,
        0.4384198339034734,
        0.4421764459162828,
        0.4486699813340795,
        0.44866998133407954,
        0.45062231705552597,
        0.45062231705552597,
        0.45062231705552597,
        0.4583644964998019,
        0.4648148500359079,
        0.4669611695884843,
        0.4678366331780649,
        0.48359979269669945,
        0.48359979269669945,
        0.4854419361325706,
        0.4865868200908289,
        0.492532185709651,
        0.5054581587538645,
        0.5054581587538645,
        0.510783848425496,
        0.5153139049800715,
        0.5329150947303737,
        0.5329150947303737,
        0.561856493003648,
        0.561856493003648,
        0.5791163529038786,
        0.5791163529038786,
        0.5791163529038786,
        0.5791163529038786,
        0.593036400742675,
        0.593036400742675,
        0.5932354384239458,
        0.5932354384239458,
        0.5932354384239458,
        0.6027774404526957,
        0.6050325872889538,
        0.6100311077135242,
        0.6100311077135242,
        0.6117612450267557,
        0.6148109158007576,
        0.6148109158007576,
        0.6148109158007576,
        0.6148109158007576,
        0.6212487989471048,
        0.6278914838767714,
        0.6278914838767714,
        0.6295758044055211,
        0.6295758044055211,
        0.6295758044055211,
        0.632669076718121,
        0.6329772735046508,
        0.6329772735046508,
        0.6387597075930312,
        0.6419441122537262,
        0.6419441122537262,
        0.6419441122537262,
        0.6419441122537262,
        0.6419441122537262,
        0.6419441122537262,
        0.6419441122537262,
        0.6419441122537262,
        0.6419441122537262,
        0.6419441122537262,
        0.6419441122537262,
        0.6419441122537262,
        0.6419441122537262,
        0.6419441122537262,
        0.6419441122537262,
        0.6419441122537262,
        0.6419441122537262,
        0.6419441122537262,
        0.6419441122537262,
        0.6419441122537262,
        0.6419441122537262,
        0.6419441122537262,
        0.6420196839537086,
        0.6420196839537086,
        0.6420196839537086,
        0.6420196839537086,
        0.6420196839537086,
        0.6420196839537086,
        0.6420196839537086,
        0.6420196839537086,
        0.6420196839537086,
        0.6420196839537086,
        0.6420196839537086,
        0.6421432933794358,
        0.6422604290965459,
        0.6422604290965459,
        0.6422604290965459,
        0.6422604290965459,
        0.6422604290965459,
        0.6422604290965459,
        0.6422604290965459,
        0.6422604290965459,
        0.6422604290965459,
        0.6438879711728751,
        0.6438879711728751,
        0.6438879711728751,
        0.6438879711728751,
        0.6475653734078491,
        0.652471017314426,
        0.6547301359612447,
        0.6551693602179774,
        0.6551693602179774,
        0.6551693602179774,
        0.6551693602179774,
        0.6578142446431137,
        0.6606049734627599,
        0.6606049734627599,
        0.669156246523573,
        0.669156246523573,
        0.6692107100405512,
        0.6692107100405512,
        0.6692107100405512,
        0.6692107100405512,
        0.6692107100405512,
        0.6692231249581599,
        0.6692231249581599,
        0.6692231249581599,
        0.6692231249581599,
        0.6692231249581599,
        0.6692231249581599,
        0.6692231249581599,
        0.6692231249581599,
        0.6692231249581599,
        0.6692231249581599,
        0.6692231249581599,
        0.6692231249581599,
        0.6692231249581599,
        0.6692231249581599,
        0.6692231249581599,
        0.6692231249581599,
        0.6692231249581599,
        0.6692231249581599,
        0.6692231249581599,
        0.6692231249581599,
        0.6692231249581599,
        0.6692231249581599,
        0.6756373139881067,
        0.6756373139881067,
        0.6756373139881067,
        0.6767747704591703,
        0.6767747704591703,
        0.6833117479143807,
        0.6833117479143807,
        0.6833117479143807,
        0.6833117479143807,
        0.6833117479143807,
        0.6833117479143807,
        0.6833117479143807,
        0.6833117479143807,
        0.6833117479143807,
        0.6833117479143807,
        0.6833117479143807,
        0.6833117479143807,
        0.6833117479143807,
        0.6833117479143807,
        0.6833117479143807,
        0.6833117479143807,
        0.6833117479143807,
        0.6833117479143807,
        0.6865356095761161,
        0.6865356095761161,
        0.6865356095761161,
        0.6865356095761161,
        0.6865356095761161,
        0.6865356095761161,
        0.6865356095761161,
        0.6865356095761161,
        0.6874313373887909,
        0.6874313373887909,
        0.6958351143169677,
        0.6967552889996,
        0.6967552889996,
        0.6967552889996,
        0.6973779057473745,
        0.6973779057473745,
        0.6973779057473745,
        0.6973779057473745
    ],