{
    "bestIndiv": [
        [
            15,
            19,
            49,
            22,
            0,
            48,
            21,
            30,
            2,
            17,
            31,
            18,
            9,
            8,
            7,
            40,
            16,
            20,
            29,
            28,
            24,
            25,
            26,
            27,
            11,
            50,
            10,
            51,
            13,
            12,
            46,
            41,
            1,
            6,
            35,
            33,
            34,
            44,
            42,
            32,
            3,
            45,
            36,
            47,
            23,
            4,
            37,
            5,
            14,
            39,
            38,
            43
        ],
        0.6880976281069271
    ],
    "best": [
        0.2866095923875466,
        0.29117492799914096,
        0.3049062486508086,
        0.3124497587060911,
        0.31512840274332854,
        0.3171064234952924,
        0.3171807595705605,
        0.33145568014732274,
        0.3449542707154034,
        0.356568244483638,
        0.3623269389794375,
        0.3623269389794375,
        0.377407899367078,
        0.40680663520550586,
        0.4180611708970445,
        0.4180611708970445,
        0.42233656434015804,
        0.42675907917744904,
        0.42675907917744904,
        0.4324039828362462,
        0.4324039828362462,
        0.4401519114688824,
        0.4580446135007616,
        0.464888081415924,
        0.464888081415924,
        0.4771872115647444,
        0.4771872115647444,
        0.4771872115647444,
        0.4771872115647444,
        0.4930506818308147,
        0.5050255595682958,
        0.5053969386475151,
        0.5166685081135372,
        0.518276764389533,
        0.518276764389533,
        0.5211983416194207,
        0.5215844374259111,
        0.5266685028418605,
        0.5312860110212524,
        0.5312860110212524,
        0.5336804884821815,
        0.5411903262855539,
        0.5428097192398943,
        0.5454000347426233,
        0.5478382234017406,
        0.5652095405049681,
        0.5652095405049681,
        0.571517103240608,
        0.5762441309551273,
        0.5811024613283826,
        0.5811478736732109,
        0.583493774492901,
        0.6084154044416192,
        0.6084154044416192,
        0.6154295455373007,
        0.6154295455373007,
        0.6154295455373007,
        0.6154295455373007,
        0.616628073481694,
        0.616628073481694,
        0.616628073481694,
        0.6379669043715157,
        0.6379669043715157,
        0.6379669043715157,
        0.6379669043715157,
        0.6379669043715157,
        0.6379669043715157,
        0.6379669043715157,
        0.6379669043715157,
        0.6379669043715157,
        0.6379669043715157,
        0.6379669043715157,
        0.6450665732188708,
        0.6450665732188708,
        0.6450665732188708,
        0.6450665732188708,
        0.6450665732188708,
        0.6450665732188708,
        0.6450665732188708,
        0.6493562761762207,
        0.6493562761762207,
        0.6493562761762207,
        0.6493562761762207,
        0.6493562761762207,
        0.6535599637181801,
        0.6535599637181801,
        0.6535599637181801,
        0.653846490863356,
        0.6581087061130206,
        0.6621919937477677,
        0.6668621158770112,
        0.6668621158770112,
        0.6668621158770112,
        0.6674579870195592,
        0.6722029476486915,
        0.6722029476486915,
        0.6722029476486915,
        0.6722029476486915,
        0.6722029476486915,
        0.6722029476486915,
        0.6722029476486915,
        0.6722029476486915,
        0.6722029476486915,
        0.6722029476486915,
        0.6722029476486915,
        0.6722029476486915,
        0.6722029476486915,
        0.6722029476486915,
        0.6722029476486915,
        0.6722029476486915,
        0.6722029476486915,
        0.6722029476486915,
        0.6722029476486915,
        0.6722029476486915,
        0.6722029476486915,
        0.6722029476486915,
        0.6722029476486915,
        0.6722029476486915,
        0.6722029476486915,
        0.6722029476486915,
        0.6722029476486915,
        0.6722029476486915,
        0.6722029476486915,
        0.6722029476486915,
        0.6722029476486915,
        0.6722029476486915,
        0.6722029476486915,
        0.6722029476486915,
        0.6722029476486915,
        0.6722029476486915,
        0.6722029476486915,
        0.6802929083381577,
        0.6802929083381577,
        0.6802929083381577,
        0.6802929083381577,
        0.6802929083381577,
        0.6802929083381577,
        0.6802929083381577,
        0.6842199667128305,
        0.6842199667128305,
        0.6842199667128305,
        0.6842199667128305,
        0.6842199667128305,
        0.6842199667128305,
        0.6842199667128305,
        0.6842199667128305,
        0.6842199667128305,
        0.6842199667128305,
        0.6842199667128305,
        0.6842199667128305,
        0.6842199667128305,
        0.6842199667128305,
        0.6842199667128305,
        0.6842199667128305,
        0.6842199667128305,
        0.6842199667128305,
        0.6842199667128305,
        0.6842199667128305,
        0.6842199667128305,
        0.6842199667128305,
        0.6842199667128305,
        0.6842199667128305,
        0.6842199667128305,
        0.6842199667128305,
        0.6842199667128305,
        0.6842199667128305,
        0.6842199667128305,
        0.6842199667128305,
        0.6842199667128305,
        0.6842199667128305,
        0.6856125484670487,
        0.6856125484670487,
        0.6856125484670487,
        0.6856125484670487,
        0.6856125484670487,
        0.6856125484670487,
        0.6856125484670487,
        0.6856125484670487,
        0.6856125484670487,
        0.6856125484670487,
        0.6856125484670487,
        0.6856125484670487,
        0.6856125484670487,
        0.6856125484670487,
        0.6856125484670487,
        0.6856125484670487,
        0.6856125484670487,
        0.6856125484670487,
        0.6856125484670487,
        0.6871345783550394,
        0.6871345783550394,
        0.6871345783550394,
        0.6871345783550394,
        0.6871345783550394,
        0.6871345783550394,
        0.6871345783550394,
        0.6880976281069271,
        0.6880976281069271,
        0.6880976281069271,
        0.6880976281069271,
        0.6880976281069271
    ],