{
    "bestIndiv": [
        [
            28,
            49,
            19,
            21,
            0,
            33,
            34,
            35,
            38,
            37,
            4,
            14,
            31,
            2,
            17,
            30,
            20,
            6,
            1,
            41,
            29,
            16,
            40,
            9,
            8,
            7,
            18,
            42,
            32,
            5,
            3,
            25,
            46,
            26,
            12,
            13,
            51,
            50,
            10,
            11,
            27,
            24,
            23,
            39,
            44,
            48,
            22,
            45,
            36,
            47,
            43,
            15
        ],
        0.6852456771611334
    ],
    "best": [
        0.28629774866658764,
        0.30023165621063524,
        0.3099965577125883,
        0.31813501887554185,
        0.3281157627176213,
        0.3281157627176213,
        0.32993830657643286,
        0.33386272419642005,
        0.3416783996753429,
        0.3532175036456542,
        0.3532175036456542,
        0.35679897824167534,
        0.3617433525005089,
        0.3786554518506728,
        0.3935932278880134,
        0.4078554652739216,
        0.4078554652739216,
        0.44055072169644804,
        0.44055072169644804,
        0.44055072169644804,
        0.44792407414687574,
        0.44792407414687574,
        0.44792407414687574,
        0.44792407414687574,
        0.44988145069537133,
        0.44988145069537133,
        0.4584778909541632,
        0.4584778909541632,
        0.4584778909541632,
        0.4654549851599002,
        0.4654549851599002,
        0.46692762268126653,
        0.4777149288121807,
        0.47902670948625276,
        0.4913670917586529,
        0.49136709175865295,
        0.49186036360467394,
        0.496027987453894,
        0.497247158383377,
        0.5039359456340087,
        0.5063613271744143,
        0.511164364275598,
        0.511164364275598,
        0.5127987523129343,
        0.5236416795177111,
        0.5236416795177111,
        0.5273376043955099,
        0.5405681891189243,
        0.5405681891189243,
        0.550986656179938,
        0.550986656179938,
        0.5560782274959201,
        0.5643087718529767,
        0.5651684403244368,
        0.5651684403244368,
        0.5692385671701478,
        0.5703204266299239,
        0.5709228679706904,
        0.5905594994514782,
        0.5908150473794224,
        0.5993441507356267,
        0.5993441507356267,
        0.5993441507356267,
        0.5993441507356267,
        0.5993441507356267,
        0.6029042701307974,
        0.6103952254887376,
        0.6103952254887376,
        0.6103952254887376,
        0.6140882470696193,
        0.6140882470696193,
        0.6140882470696193,
        0.63128915017816,
        0.6351237951860292,
        0.6351237951860292,
        0.6351237951860292,
        0.6386140476225031,
        0.6386140476225031,
        0.6386140476225031,
        0.6426878170231648,
        0.6426878170231648,
        0.6460876639716229,
        0.6491613913186581,
        0.6491613913186581,
        0.6517288087683791,
        0.6517288087683791,
        0.6548565752484402,
        0.6548565752484402,
        0.6548565752484402,
        0.6548565752484402,
        0.6558484816142305,
        0.6558484816142305,
        0.6558484816142305,
        0.6558484816142305,
        0.6558484816142305,
        0.6558484816142305,
        0.6558484816142305,
        0.6558484816142305,
        0.6558484816142305,
        0.6558484816142305,
        0.6558484816142305,
        0.6558484816142305,
        0.6558484816142305,
        0.6558484816142305,
        0.6558484816142305,
        0.6558484816142305,
        0.6558484816142305,
        0.6558484816142305,
        0.6558484816142305,
        0.6558484816142305,
        0.6558484816142305,
        0.6558484816142305,
        0.6558484816142305,
        0.6558484816142305,
        0.6558484816142305,
        0.6558484816142305,
        0.6558484816142305,
        0.6558484816142305,
        0.6558484816142305,
        0.6558484816142305,
        0.6558484816142305,
        0.6558484816142305,
        0.6558484816142305,
        0.6558484816142305,
        0.6558484816142305,
        0.6558484816142305,
        0.6558484816142305,
        0.6558484816142305,
        0.6558484816142305,
        0.6558484816142305,
        0.6558484816142305,
        0.6558484816142305,
        0.6558484816142305,
        0.6558484816142305,
        0.6558484816142305,
        0.6558484816142305,
        0.6558484816142305,
        0.6582008024300395,
        0.6582008024300395,
        0.6582008024300395,
        0.6582008024300395,
        0.6582008024300395,
        0.6582008024300395,
        0.6582008024300395,
        0.6582008024300395,
        0.6582008024300395,
        0.6582008024300395,
        0.6582008024300395,
        0.6582008024300395,
        0.6582008024300395,
        0.6582008024300395,
        0.6582008024300395,
        0.6582008024300395,
        0.6582008024300395,
        0.6582008024300395,
        0.6683370646065684,
        0.6683370646065684,
        0.6683370646065684,
        0.6683370646065684,
        0.6683370646065684,
        0.6683370646065684,
        0.6753692472528896,
        0.6753692472528896,
        0.6753692472528896,
        0.6753692472528896,
        0.6753692472528896,
        0.6753692472528896,
        0.6753692472528896,
        0.6753692472528896,
        0.6753692472528896,
        0.6765595192160453,
        0.6765595192160453,
        0.6765595192160453,
        0.6765595192160453,
        0.6765595192160453,
        0.6765595192160453,
        0.6765595192160453,
        0.6765595192160453,
        0.6765595192160453,
        0.6765595192160453,
        0.6765595192160453,
        0.6765595192160453,
        0.6765595192160453,
        0.6765595192160453,
        0.6765595192160453,
        0.6765595192160453,
        0.6765595192160453,
        0.6765595192160453,
        0.6765595192160453,
        0.6765595192160453,
        0.6765595192160453,
        0.6765595192160453,
        0.6765595192160453,
        0.6786837669052814,
        0.6786837669052814,
        0.6786837669052814,
        0.6786837669052814,
        0.6786837669052814,
        0.6786837669052814,
        0.6786837669052814,
        0.6852456771611334
    ],