{
    "bestIndiv": [
        [
            13,
            46,
            28,
            22,
            29,
            41,
            1,
            6,
            21,
            0,
            34,
            33,
            35,
            48,
            31,
            9,
            8,
            7,
            40,
            18,
            44,
            39,
            38,
            30,
            20,
            16,
            2,
            17,
            49,
            19,
            15,
            36,
            37,
            24,
            42,
            32,
            50,
            3,
            5,
            14,
            4,
            23,
            47,
            43,
            45,
            11,
            27,
            25,
            26,
            12,
            51,
            10
        ],
        0.7142932011394771
    ],
    "best": [
        0.2982676061331995,
        0.2982676061331995,
        0.31104932103527394,
        0.3224146484665508,
        0.3263693356567391,
        0.3366334013211849,
        0.3366334013211849,
        0.3468789368600432,
        0.3468789368600432,
        0.3603708388986524,
        0.36329367221317105,
        0.36329367221317105,
        0.36329367221317105,
        0.37111394811677983,
        0.37111394811677983,
        0.39086360197447445,
        0.39086360197447445,
        0.39127852365625854,
        0.4074949857475998,
        0.410087601936104,
        0.410087601936104,
        0.4112840448176943,
        0.4246797546421085,
        0.4294468518928922,
        0.4453998332978804,
        0.4453998332978804,
        0.45785762462120133,
        0.46002329385770135,
        0.46002329385770135,
        0.46349513739048814,
        0.468622464696791,
        0.4951425314187887,
        0.4951425314187887,
        0.49689129661772513,
        0.49689129661772513,
        0.4973830949523605,
        0.5018952024946636,
        0.5018952024946636,
        0.5018952024946636,
        0.5018952024946636,
        0.5023333123983186,
        0.5032229296508892,
        0.5061145744881143,
        0.5085293103681553,
        0.5198029282929657,
        0.5198029282929657,
        0.5198029282929657,
        0.5198029282929657,
        0.53676698438784,
        0.53676698438784,
        0.5467873696713668,
        0.5467873696713668,
        0.5474977080441523,
        0.5721340362449616,
        0.5721340362449616,
        0.5721340362449616,
        0.5742117583276752,
        0.5784796020438668,
        0.5784796020438668,
        0.5784796020438668,
        0.5784796020438668,
        0.5867523394284991,
        0.588534103812014,
        0.5889522043784559,
        0.5889522043784559,
        0.5904839035380794,
        0.5904839035380794,
        0.5946280489900584,
        0.5946280489900584,
        0.5946280489900584,
        0.5946280489900584,
        0.5946280489900584,
        0.5946280489900584,
        0.5946280489900584,
        0.5963883146060587,
        0.5963883146060587,
        0.5966185042395239,
        0.5966185042395239,
        0.5966185042395239,
        0.5966185042395239,
        0.5976402543441149,
        0.6042463016269005,
        0.6105908409530078,
        0.6105908409530078,
        0.6105908409530078,
        0.6118157762668438,
        0.6165740339604749,
        0.6165740339604749,
        0.6165740339604749,
        0.6165740339604752,
        0.6180888369079484,
        0.6180888369079484,
        0.6340916985511266,
        0.6340916985511266,
        0.6340916985511266,
        0.6340916985511266,
        0.6374501023752179,
        0.6374501023752179,
        0.6374501023752179,
        0.6374501023752179,
        0.6374501023752179,
        0.6374501023752179,
        0.6374501023752179,
        0.6374501023752179,
        0.6374501023752179,
        0.6374501023752179,
        0.6374501023752179,
        0.6374501023752179,
        0.6374501023752179,
        0.6374501023752179,
        0.6374501023752179,
        0.6374501023752179,
        0.6374501023752179,
        0.6374501023752179,
        0.6374501023752179,
        0.6401585053443309,
        0.6401585053443309,
        0.6401585053443309,
        0.6401585053443309,
        0.6401585053443309,
        0.6401585053443309,
        0.6401585053443309,
        0.6401585053443309,
        0.6411173885151563,
        0.6411173885151563,
        0.647658547365462,
        0.647658547365462,
        0.6486400477651628,
        0.6486400477651628,
        0.6521097795439273,
        0.6521097795439273,
        0.6531048279947315,
        0.6531048279947315,
        0.6531048279947315,
        0.6535453670344347,
        0.6719620686868458,
        0.6719620686868458,
        0.6724284236332817,
        0.67896350323338,
        0.682827817847109,
        0.685230681436802,
        0.685230681436802,
        0.685230681436802,
        0.6896574215944369,
        0.6896574215944369,
        0.6896574215944369,
        0.6896574215944369,
        0.6896574215944369,
        0.6896574215944369,
        0.6896574215944369,
        0.6897372656781152,
        0.7098662156446764,
        0.7098662156446764,
        0.7098662156446764,
        0.7098662156446764,
        0.7098662156446764,
        0.7098662156446764,
        0.7098662156446764,
        0.7098662156446764,
        0.7098662156446764,
        0.7098662156446764,
        0.7098662156446764,
        0.7129887908401351,
        0.7129887908401351,
        0.7129887908401351,
        0.7129887908401351,
        0.7129887908401351,
        0.7129887908401351,
        0.7129887908401351,
        0.7129887908401351,
        0.7129887908401351,
        0.7142932011394771,
        0.7142932011394771,
        0.7142932011394771,
        0.7142932011394771,
        0.7142932011394771,
        0.7142932011394771,
        0.7142932011394771,
        0.7142932011394771,
        0.7142932011394771,
        0.7142932011394771,
        0.7142932011394771,
        0.7142932011394771,
        0.7142932011394771,
        0.7142932011394771,
        0.7142932011394771,
        0.7142932011394771,
        0.7142932011394771,
        0.7142932011394771,
        0.7142932011394771,
        0.7142932011394771,
        0.7142932011394771,
        0.7142932011394771,
        0.7142932011394771,
        0.7142932011394771,
        0.7142932011394771,
        0.7142932011394771,
        0.7142932011394771,
        0.7142932011394771,
        0.7142932011394771,
        0.7142932011394771
    ],