{
    "bestIndiv": [
        [
            2,
            16,
            1,
            6,
            29,
            28,
            23,
            3,
            5,
            24,
            10,
            50,
            11,
            46,
            25,
            12,
            13,
            51,
            26,
            27,
            47,
            34,
            35,
            33,
            0,
            17,
            43,
            15,
            19,
            49,
            22,
            20,
            41,
            30,
            48,
            37,
            45,
            4,
            14,
            36,
            38,
            39,
            44,
            18,
            7,
            32,
            42,
            9,
            8,
            40,
            31,
            21
        ],
        0.6461211220990167
    ],
    "best": [
        0.29317376744304846,
        0.2977254034965,
        0.3057878931823537,
        0.3193579690542588,
        0.332933584703589,
        0.3387230546597185,
        0.3406598490748997,
        0.3417120272193382,
        0.37100939729278287,
        0.38045249236812384,
        0.38045249236812384,
        0.4051012853762583,
        0.4053598354579208,
        0.4053598354579208,
        0.41456962270703623,
        0.4276741301516623,
        0.43444615642434614,
        0.4430819222290026,
        0.4504345046649113,
        0.4504345046649113,
        0.45882483130804746,
        0.4636697351600222,
        0.4642243939862753,
        0.4642243939862753,
        0.4761798142389728,
        0.4761798142389728,
        0.4761798142389729,
        0.48286281069450165,
        0.48286281069450165,
        0.486846307996146,
        0.486846307996146,
        0.5011173471437494,
        0.5011173471437494,
        0.5011173471437494,
        0.5053440787587462,
        0.5053440787587462,
        0.5053440787587462,
        0.5198092938155187,
        0.5243586562370615,
        0.5287516425674017,
        0.5287516425674017,
        0.5334595867776085,
        0.5402967881500053,
        0.5402967881500053,
        0.5402967881500053,
        0.5402967881500053,
        0.541413077361749,
        0.5499644813928081,
        0.5515265240540922,
        0.5677582149332161,
        0.5784433519262564,
        0.5784433519262564,
        0.5801716122280578,
        0.5801716122280578,
        0.5801716122280578,
        0.5829709081334674,
        0.5829709081334674,
        0.5829709081334674,
        0.5892224665891577,
        0.5892224665891577,
        0.5907656289448165,
        0.5907656289448165,
        0.5931735384495959,
        0.5931735384495959,
        0.5957151448391814,
        0.5994602402392532,
        0.6029027697583824,
        0.6063257553823174,
        0.6063257553823174,
        0.6063257553823174,
        0.6063257553823174,
        0.6063257553823174,
        0.6063257553823174,
        0.60802474123367,
        0.60802474123367,
        0.60802474123367,
        0.60802474123367,
        0.6080247412336702,
        0.6080247412336702,
        0.6080247412336702,
        0.6128271001095339,
        0.612827100109534,
        0.612827100109534,
        0.612827100109534,
        0.612827100109534,
        0.612827100109534,
        0.6159770188932163,
        0.6159770188932163,
        0.6159770188932163,
        0.6174944295196024,
        0.6174944295196024,
        0.6174944295196024,
        0.6174944295196024,
        0.6174944295196024,
        0.6204271307515872,
        0.6204271307515872,
        0.6204271307515872,
        0.6204271307515872,
        0.6204271307515872,
        0.6204271307515872,
        0.6204271307515872,
        0.6204271307515872,
        0.6204271307515872,
        0.6204271307515872,
        0.6204271307515872,
        0.6204271307515872,
        0.6204271307515872,
        0.6216246180440349,
        0.6216246180440349,
        0.6216246180440349,
        0.6216246180440349,
        0.6216246180440349,
        0.6216246180440349,
        0.6216246180440349,
        0.6216246180440349,
        0.6265716974389588,
        0.6265716974389588,
        0.6265716974389588,
        0.6265716974389588,
        0.6265716974389588,
        0.6265716974389588,
        0.6265716974389588,
        0.6276462146176834,
        0.6276462146176834,
        0.6364145074961749,
        0.6364145074961749,
        0.6364145074961749,
        0.6364145074961749,
        0.636414507496175,
        0.636414507496175,
        0.636414507496175,
        0.636414507496175,
        0.636414507496175,
        0.636414507496175,
        0.636414507496175,
        0.636414507496175,
        0.636414507496175,
        0.636414507496175,
        0.636414507496175,
        0.636414507496175,
        0.636414507496175,
        0.636414507496175,
        0.636414507496175,
        0.636414507496175,
        0.636414507496175,
        0.636414507496175,
        0.636414507496175,
        0.636414507496175,
        0.636414507496175,
        0.636414507496175,
        0.636414507496175,
        0.636414507496175,
        0.636414507496175,
        0.636414507496175,
        0.636414507496175,
        0.636414507496175,
        0.636414507496175,
        0.639494294085597,
        0.639494294085597,
        0.639494294085597,
        0.639494294085597,
        0.639494294085597,
        0.639494294085597,
        0.6443152469051916,
        0.6443152469051916,
        0.6443152469051916,
        0.6443152469051916,
        0.6443152469051917,
        0.64474239506645,
        0.64474239506645,
        0.64474239506645,
        0.64474239506645,
        0.64474239506645,
        0.64474239506645,
        0.64474239506645,
        0.64474239506645,
        0.64474239506645,
        0.6461211220990167,
        0.6461211220990167,
        0.6461211220990167,
        0.6461211220990167,
        0.6461211220990167,
        0.6461211220990167,
        0.6461211220990167,
        0.6461211220990167,
        0.6461211220990167,
        0.6461211220990167,
        0.6461211220990167,
        0.6461211220990167,
        0.6461211220990167,
        0.6461211220990167,
        0.6461211220990167,
        0.6461211220990167,
        0.6461211220990167,
        0.6461211220990167,
        0.6461211220990167,
        0.6461211220990167,
        0.6461211220990167,
        0.6461211220990167,
        0.6461211220990167,
        0.6461211220990167
    ],