{
    "bestIndiv": [
        [
            40,
            18,
            1,
            6,
            20,
            21,
            31,
            48,
            39,
            35,
            33,
            34,
            43,
            15,
            19,
            22,
            49,
            41,
            29,
            28,
            25,
            26,
            51,
            10,
            50,
            11,
            3,
            5,
            23,
            38,
            44,
            16,
            2,
            30,
            17,
            0,
            36,
            47,
            45,
            46,
            13,
            12,
            27,
            24,
            37,
            4,
            14,
            42,
            32,
            9,
            8,
            7
        ],
        0.6596764659452925
    ],
    "best": [
        0.3123150139911174,
        0.3123150139911174,
        0.32144774301926626,
        0.3278228490050696,
        0.33846314686924117,
        0.342815150730978,
        0.34904540077253693,
        0.3680146778557097,
        0.3680146778557097,
        0.37164404453579547,
        0.39879080576134224,
        0.39879080576134224,
        0.39879080576134224,
        0.40749088313709025,
        0.40749088313709025,
        0.40749088313709025,
        0.41123105025856754,
        0.4335381728701529,
        0.4335381728701529,
        0.44248380966213774,
        0.4530097821038331,
        0.4530097821038331,
        0.47938598119179665,
        0.47938598119179665,
        0.47938598119179665,
        0.49112067555176414,
        0.49112067555176414,
        0.5005813810770866,
        0.5246662230552092,
        0.5246662230552092,
        0.5246662230552092,
        0.5246662230552092,
        0.5290481160251848,
        0.530472299328096,
        0.530472299328096,
        0.5364382354350266,
        0.5364382354350266,
        0.5491496498297709,
        0.5570057065250794,
        0.5570057065250794,
        0.5570057065250794,
        0.56502995787083,
        0.56502995787083,
        0.56502995787083,
        0.56502995787083,
        0.5650299578708301,
        0.5727949203223323,
        0.5771623517834743,
        0.5771623517834743,
        0.5771623517834743,
        0.5812840063791495,
        0.5907983465216214,
        0.594002248023188,
        0.5941323942737867,
        0.5941323942737868,
        0.5945066270369741,
        0.6069445224233144,
        0.6069445224233144,
        0.6069445224233144,
        0.6069445224233144,
        0.6173249162594824,
        0.6173249162594824,
        0.6173249162594824,
        0.6213973078964653,
        0.6233613959950804,
        0.6329446227623217,
        0.6329446227623217,
        0.6329446227623217,
        0.6329446227623217,
        0.6329446227623217,
        0.6329446227623217,
        0.6329446227623218,
        0.6329446227623218,
        0.6329446227623218,
        0.6329446227623218,
        0.6329446227623218,
        0.6329446227623218,
        0.6329446227623218,
        0.6329446227623218,
        0.6329446227623218,
        0.6329446227623218,
        0.6329446227623218,
        0.6329446227623218,
        0.6329446227623218,
        0.6329446227623218,
        0.6329446227623218,
        0.6329446227623218,
        0.6338008448814283,
        0.6338008448814283,
        0.6338008448814283,
        0.6338008448814283,
        0.6338008448814283,
        0.6338008448814283,
        0.6338008448814283,
        0.6338008448814283,
        0.6338008448814283,
        0.6338008448814283,
        0.6338008448814283,
        0.6338008448814283,
        0.6338008448814283,
        0.6338008448814283,
        0.6338008448814283,
        0.638993331245101,
        0.638993331245101,
        0.638993331245101,
        0.638993331245101,
        0.638993331245101,
        0.638993331245101,
        0.638993331245101,
        0.638993331245101,
        0.638993331245101,
        0.638993331245101,
        0.638993331245101,
        0.638993331245101,
        0.638993331245101,
        0.638993331245101,
        0.638993331245101,
        0.638993331245101,
        0.638993331245101,
        0.638993331245101,
        0.638993331245101,
        0.638993331245101,
        0.638993331245101,
        0.638993331245101,
        0.638993331245101,
        0.638993331245101,
        0.638993331245101,
        0.638993331245101,
        0.638993331245101,
        0.638993331245101,
        0.638993331245101,
        0.638993331245101,
        0.638993331245101,
        0.638993331245101,
        0.638993331245101,
        0.638993331245101,
        0.638993331245101,
        0.638993331245101,
        0.638993331245101,
        0.638993331245101,
        0.638993331245101,
        0.638993331245101,
        0.6397592818236535,
        0.6397592818236535,
        0.6397592818236535,
        0.6397592818236535,
        0.6397592818236535,
        0.6397592818236535,
        0.6397592818236535,
        0.6397592818236535,
        0.6397592818236535,
        0.6397592818236535,
        0.6397592818236535,
        0.6397592818236535,
        0.6397592818236535,
        0.6397592818236535,
        0.6397592818236535,
        0.6397592818236535,
        0.6397592818236535,
        0.6397592818236535,
        0.6397592818236535,
        0.6397592818236535,
        0.6397592818236535,
        0.6397592818236535,
        0.6397592818236535,
        0.6397592818236535,
        0.6397592818236535,
        0.6397592818236535,
        0.6397592818236535,
        0.6397592818236535,
        0.6397592818236535,
        0.6397592818236535,
        0.6397592818236535,
        0.6397592818236535,
        0.6397592818236535,
        0.6397592818236535,
        0.6397592818236535,
        0.6397592818236535,
        0.6397592818236535,
        0.6397592818236535,
        0.6548851431323042,
        0.6548851431323042,
        0.6548851431323042,
        0.6548851431323042,
        0.6548851431323042,
        0.6548851431323042,
        0.6548851431323042,
        0.6548851431323042,
        0.6548851431323042,
        0.6548851431323042,
        0.6548851431323042,
        0.6548851431323042,
        0.6548851431323042,
        0.6548851431323042,
        0.6548851431323042,
        0.6548851431323042,
        0.6570151446426132,
        0.6585301228312191,
        0.6585301228312191,
        0.6596764659452925,
        0.6596764659452925
    ],