{
    "bestIndiv": [
        [
            26,
            12,
            51,
            13,
            46,
            28,
            15,
            43,
            0,
            21,
            31,
            48,
            33,
            45,
            3,
            24,
            47,
            36,
            23,
            4,
            5,
            14,
            39,
            38,
            22,
            19,
            49,
            41,
            1,
            6,
            29,
            17,
            30,
            44,
            18,
            7,
            40,
            9,
            8,
            2,
            20,
            16,
            35,
            34,
            37,
            42,
            32,
            50,
            10,
            11,
            27,
            25
        ],
        0.7330015952728622
    ],
    "best": [
        0.2843134709142403,
        0.2843134709142403,
        0.31528137053604527,
        0.31528137053604527,
        0.33561115910611183,
        0.33561115910611183,
        0.33561115910611183,
        0.34937173969632973,
        0.34937173969632973,
        0.3518703277701743,
        0.3518703277701743,
        0.3646795423185804,
        0.3760596548451472,
        0.3865920466569001,
        0.3878183231843671,
        0.3964624625553665,
        0.39811635567600656,
        0.41338424361837023,
        0.41338424361837023,
        0.4147205217669904,
        0.4253709247439929,
        0.4253709247439929,
        0.43520991274586746,
        0.43689818249465423,
        0.43689818249465423,
        0.4440533871636673,
        0.45194113310630435,
        0.45194113310630435,
        0.45435167751912725,
        0.4551757117594953,
        0.46150037275703515,
        0.4769591281789579,
        0.48035946864182477,
        0.4950155524690471,
        0.5023042116157733,
        0.5149409893931307,
        0.5149409893931307,
        0.5169237262331133,
        0.5215464971626471,
        0.5257900978744693,
        0.532371738345719,
        0.532371738345719,
        0.532371738345719,
        0.532371738345719,
        0.5359301185032238,
        0.5359836317767193,
        0.537342867347534,
        0.5396834868931941,
        0.541602326284781,
        0.5427692276663086,
        0.5540135554237418,
        0.5540135554237418,
        0.5644787801473887,
        0.5644787801473887,
        0.5756190214689034,
        0.5861556039708364,
        0.5861556039708364,
        0.5869247381691113,
        0.5922823503409751,
        0.5922823503409751,
        0.6013932480831714,
        0.6013932480831714,
        0.602720058331291,
        0.602720058331291,
        0.602720058331291,
        0.602720058331291,
        0.602720058331291,
        0.602720058331291,
        0.602720058331291,
        0.602720058331291,
        0.602720058331291,
        0.602720058331291,
        0.602720058331291,
        0.602720058331291,
        0.602720058331291,
        0.602720058331291,
        0.602720058331291,
        0.602720058331291,
        0.602720058331291,
        0.602720058331291,
        0.602720058331291,
        0.602720058331291,
        0.602720058331291,
        0.602720058331291,
        0.602720058331291,
        0.602720058331291,
        0.6064464052277303,
        0.6064464052277303,
        0.6064464052277303,
        0.6069571403411955,
        0.6122899866301657,
        0.6122899866301657,
        0.6122899866301657,
        0.6138461307920909,
        0.6138461307920909,
        0.6138461307920909,
        0.6138461307920909,
        0.6138461307920909,
        0.6138461307920909,
        0.6138461307920909,
        0.6138461307920909,
        0.6143284197202187,
        0.6156590594248241,
        0.6156590594248241,
        0.6157279940483208,
        0.6169346648570172,
        0.6176732304176545,
        0.6207777244040832,
        0.6207777244040832,
        0.6217915293870994,
        0.6235483961201939,
        0.6248480282316488,
        0.6248480282316488,
        0.625015320936265,
        0.6281036746031541,
        0.6281036746031541,
        0.632799128530936,
        0.6331694337301238,
        0.6331694337301238,
        0.6331694337301238,
        0.6382512933283867,
        0.6412758702207442,
        0.6412758702207442,
        0.6412758702207442,
        0.6415891944574087,
        0.6415891944574087,
        0.6415891944574087,
        0.6415891944574087,
        0.6415891944574087,
        0.6415891944574087,
        0.6415891944574087,
        0.6415891944574087,
        0.6415891944574087,
        0.6415891944574087,
        0.6415891944574087,
        0.6415891944574087,
        0.6415891944574087,
        0.6419546010695887,
        0.6419546010695887,
        0.6419546010695887,
        0.6419546010695887,
        0.6419546010695887,
        0.6419546010695887,
        0.6419546010695887,
        0.6419546010695887,
        0.6419546010695887,
        0.6419546010695887,
        0.6419546010695887,
        0.6591255885471357,
        0.6591255885471358,
        0.6680508935927758,
        0.6944133041367427,
        0.6950437499326364,
        0.6950437499326364,
        0.6950437499326364,
        0.7026509697952776,
        0.7064386191810647,
        0.7142987266649181,
        0.7147936299954073,
        0.7268508940864062,
        0.7268508940864062,
        0.7268508940864062,
        0.7268508940864062,
        0.7268508940864062,
        0.7268508940864062,
        0.7268508940864062,
        0.7268508940864062,
        0.7268508940864062,
        0.7268508940864062,
        0.7268508940864062,
        0.7268508940864062,
        0.7268508940864062,
        0.7268508940864062,
        0.7268508940864062,
        0.7268508940864062,
        0.7268508940864062,
        0.7291404846460621,
        0.7291404846460621,
        0.7291404846460621,
        0.7291404846460621,
        0.7291404846460621,
        0.7291404846460621,
        0.7291404846460621,
        0.7330015952728622,
        0.7330015952728622,
        0.7330015952728622,
        0.7330015952728622,
        0.7330015952728622,
        0.7330015952728622,
        0.7330015952728622,
        0.7330015952728622,
        0.7330015952728622,
        0.7330015952728622,
        0.7330015952728622,
        0.7330015952728622,
        0.7330015952728622,
        0.7330015952728622,
        0.7330015952728622,
        0.7330015952728622,
        0.7330015952728622,
        0.7330015952728622
    ],