{
    "bestIndiv": [
        [
            7,
            40,
            36,
            43,
            15,
            45,
            4,
            14,
            3,
            24,
            42,
            32,
            8,
            9,
            31,
            48,
            35,
            37,
            39,
            38,
            23,
            47,
            46,
            13,
            12,
            51,
            26,
            10,
            50,
            11,
            25,
            27,
            5,
            34,
            33,
            21,
            30,
            2,
            16,
            17,
            22,
            19,
            49,
            28,
            29,
            41,
            1,
            6,
            20,
            0,
            44,
            18
        ],
        0.6876505049083224
    ],
    "best": [
        0.29026853471561676,
        0.29352035557174116,
        0.3151820175781359,
        0.3151820175781359,
        0.3256219181404388,
        0.32790528843284955,
        0.33830851234988457,
        0.35343370891915377,
        0.35343370891915377,
        0.36824884103834477,
        0.36824884103834477,
        0.3693364071550314,
        0.3826474077275166,
        0.3826474077275166,
        0.3890272758861181,
        0.39482965556463673,
        0.39804692095465255,
        0.4023803460159523,
        0.4188928521934016,
        0.42702467701139607,
        0.4283151518761019,
        0.4283151518761019,
        0.43516536992670274,
        0.4464269842448338,
        0.4464269842448338,
        0.4564821634208282,
        0.4564821634208282,
        0.48116975203370926,
        0.4885682842588647,
        0.4885682842588647,
        0.5011569233461454,
        0.5092786029035883,
        0.525203066802751,
        0.525203066802751,
        0.5297362357978515,
        0.5297362357978515,
        0.5297362357978515,
        0.5319104700670422,
        0.5339151063752269,
        0.5392609861412829,
        0.5505012482348078,
        0.5505012482348078,
        0.5577270937856567,
        0.5662810095017122,
        0.5707786291572067,
        0.5707786291572067,
        0.5844842695975858,
        0.5930777397749595,
        0.5930777397749595,
        0.5930777397749595,
        0.5930777397749595,
        0.6014730435615648,
        0.6092678183438937,
        0.6092678183438937,
        0.6174593705103164,
        0.6174593705103164,
        0.6235120132100467,
        0.6235120132100467,
        0.6248930410845189,
        0.6248930410845189,
        0.6248930410845189,
        0.6248930410845189,
        0.6248930410845189,
        0.6437226086540571,
        0.6437226086540571,
        0.6437226086540571,
        0.6437226086540571,
        0.6437226086540571,
        0.6437226086540571,
        0.6437226086540571,
        0.6437226086540571,
        0.6437226086540571,
        0.6544711724032828,
        0.6544711724032828,
        0.6544711724032828,
        0.6544711724032828,
        0.6544711724032828,
        0.6544711724032828,
        0.6544711724032828,
        0.6544711724032828,
        0.6544711724032828,
        0.6544711724032828,
        0.6581135865210486,
        0.6581135865210486,
        0.6581135865210486,
        0.6581135865210486,
        0.6581135865210486,
        0.6581135865210486,
        0.6581135865210486,
        0.6581135865210486,
        0.6581135865210486,
        0.6581135865210486,
        0.6581135865210486,
        0.6581135865210486,
        0.6581135865210486,
        0.6581135865210486,
        0.6581135865210486,
        0.6581135865210486,
        0.6581135865210486,
        0.6581135865210486,
        0.6581135865210486,
        0.6581135865210486,
        0.6581135865210486,
        0.6581135865210486,
        0.6581135865210486,
        0.6581135865210486,
        0.6581135865210486,
        0.6581135865210486,
        0.6581135865210486,
        0.6581135865210486,
        0.6581135865210486,
        0.6703396786157008,
        0.6703396786157008,
        0.6703396786157008,
        0.6703396786157008,
        0.6703396786157008,
        0.6703396786157008,
        0.6703396786157008,
        0.6703396786157008,
        0.6703396786157008,
        0.6703396786157008,
        0.6703396786157008,
        0.6703396786157008,
        0.6703396786157008,
        0.6703396786157008,
        0.6703396786157008,
        0.6703396786157008,
        0.6703396786157008,
        0.6703396786157008,
        0.6703396786157008,
        0.6703396786157008,
        0.6703396786157008,
        0.6703396786157008,
        0.6703396786157008,
        0.6703396786157008,
        0.6703396786157008,
        0.6703396786157008,
        0.6703396786157008,
        0.6703396786157008,
        0.6703396786157008,
        0.6703396786157008,
        0.6703396786157008,
        0.6703396786157008,
        0.6703396786157008,
        0.6703396786157008,
        0.6703396786157008,
        0.6703396786157008,
        0.6703396786157008,
        0.6703396786157008,
        0.6703396786157008,
        0.6703396786157008,
        0.6703396786157008,
        0.6703396786157008,
        0.6737940040888329,
        0.6737940040888329,
        0.6737940040888329,
        0.6737940040888329,
        0.6737940040888329,
        0.6737940040888329,
        0.6737940040888329,
        0.6737940040888329,
        0.6737940040888329,
        0.6737940040888329,
        0.6737940040888329,
        0.6737940040888329,
        0.6737940040888329,
        0.6737940040888329,
        0.6737940040888329,
        0.6737940040888329,
        0.6739450686779456,
        0.6739450686779456,
        0.6742037199468282,
        0.6742037199468282,
        0.6742037199468282,
        0.6814392622323653,
        0.6814392622323653,
        0.6814392622323653,
        0.6814392622323653,
        0.6814392622323653,
        0.6814392622323653,
        0.6814392622323653,
        0.6845395345456933,
        0.6845395345456933,
        0.6845395345456933,
        0.6845395345456933,
        0.6845395345456933,
        0.6845395345456933,
        0.6845395345456933,
        0.6845395345456933,
        0.6845395345456933,
        0.6845395345456933,
        0.6845395345456933,
        0.6845395345456933,
        0.6845395345456933,
        0.6845395345456933,
        0.6876505049083224,
        0.6876505049083224,
        0.6876505049083224,
        0.6876505049083224,
        0.6876505049083224,
        0.6876505049083224
    ],