{
    "bestIndiv": [
        [
            5,
            36,
            39,
            33,
            34,
            35,
            31,
            17,
            21,
            44,
            32,
            42,
            9,
            8,
            7,
            40,
            18,
            2,
            16,
            20,
            22,
            19,
            15,
            27,
            26,
            12,
            13,
            51,
            10,
            50,
            11,
            24,
            45,
            37,
            38,
            48,
            0,
            30,
            6,
            1,
            41,
            29,
            28,
            49,
            43,
            46,
            25,
            3,
            14,
            4,
            47,
            23
        ],
        0.738138915822347
    ],
    "best": [
        0.29083059519524995,
        0.29083059519524995,
        0.30909899222619747,
        0.3141129480980662,
        0.3200661569798177,
        0.33669188403209005,
        0.33828400983274387,
        0.35280581891664536,
        0.35290067117912055,
        0.3536481244016967,
        0.36549482428630553,
        0.3810711512877173,
        0.3810711512877173,
        0.38222226543636306,
        0.39137635427951567,
        0.39137635427951567,
        0.40366558310184547,
        0.41448534685090765,
        0.41448534685090765,
        0.43250032233598334,
        0.43250032233598334,
        0.4325525018334279,
        0.44558792174195855,
        0.4492417965230027,
        0.4492417965230027,
        0.4626049948699503,
        0.4626049948699503,
        0.4626049948699503,
        0.47665350507660725,
        0.49657981718508204,
        0.49657981718508204,
        0.5019240071540699,
        0.50584475166379,
        0.5115128781809474,
        0.520215473487059,
        0.520215473487059,
        0.5357461703619788,
        0.5396216698689161,
        0.5450339760170059,
        0.5450339760170059,
        0.5450339760170059,
        0.549045516269388,
        0.5586586220963952,
        0.5586586220963952,
        0.5632388585098804,
        0.5681495121193617,
        0.5681495121193617,
        0.5681495121193618,
        0.5681495121193618,
        0.5681495121193618,
        0.5681495121193618,
        0.5775450304135757,
        0.5775450304135757,
        0.5784944561043607,
        0.5784944561043607,
        0.5800816710084173,
        0.5800816710084173,
        0.5800816710084173,
        0.5800816710084173,
        0.5809158386967563,
        0.5853232319445045,
        0.5947221030903465,
        0.5947221030903466,
        0.5976985816478552,
        0.5976985816478552,
        0.6018482979860696,
        0.6018482979860696,
        0.6084375469261165,
        0.6084375469261165,
        0.6084375469261165,
        0.6084375469261165,
        0.6084375469261165,
        0.6137263094210842,
        0.6137263094210842,
        0.6137263094210842,
        0.6204177217660198,
        0.6204177217660198,
        0.6215890196985085,
        0.6222613379603097,
        0.6382336578081308,
        0.646741206309543,
        0.648444636313758,
        0.660085866615597,
        0.660085866615597,
        0.660085866615597,
        0.660085866615597,
        0.660085866615597,
        0.660085866615597,
        0.660085866615597,
        0.6616414257189158,
        0.6668361326105061,
        0.6668361326105061,
        0.6668361326105061,
        0.6668361326105061,
        0.6668361326105061,
        0.6673660264852441,
        0.6673660264852441,
        0.6673660264852441,
        0.6673660264852441,
        0.6673660264852441,
        0.6673660264852441,
        0.6682635133789561,
        0.6682635133789561,
        0.6682635133789561,
        0.6682635133789561,
        0.676447487439052,
        0.676447487439052,
        0.676447487439052,
        0.676447487439052,
        0.676447487439052,
        0.676447487439052,
        0.676447487439052,
        0.676447487439052,
        0.676447487439052,
        0.676447487439052,
        0.676447487439052,
        0.676447487439052,
        0.676447487439052,
        0.676447487439052,
        0.676447487439052,
        0.676447487439052,
        0.676447487439052,
        0.676447487439052,
        0.676447487439052,
        0.6825626001409151,
        0.6825626001409151,
        0.6825626001409151,
        0.6825626001409151,
        0.6981280707831323,
        0.6981280707831323,
        0.6981280707831323,
        0.6981280707831323,
        0.6981280707831323,
        0.7001004414579994,
        0.7001004414579994,
        0.7001004414579994,
        0.7001004414579994,
        0.7001004414579994,
        0.7001004414579994,
        0.7001004414579994,
        0.7001004414579994,
        0.7001004414579994,
        0.7001004414579994,
        0.7001004414579994,
        0.7001004414579994,
        0.7034029017825731,
        0.7034029017825731,
        0.7034029017825731,
        0.7034029017825731,
        0.7034029017825731,
        0.7034029017825731,
        0.7034029017825731,
        0.7034029017825731,
        0.7034029017825731,
        0.7034029017825731,
        0.7034029017825731,
        0.7034029017825731,
        0.7034029017825731,
        0.7034029017825731,
        0.7034029017825731,
        0.7034029017825731,
        0.7066045983822203,
        0.7066045983822203,
        0.7066045983822203,
        0.7066045983822203,
        0.7066045983822203,
        0.7066045983822203,
        0.7066045983822203,
        0.7066045983822203,
        0.7066045983822203,
        0.7066045983822203,
        0.7066045983822203,
        0.7066045983822203,
        0.7066045983822203,
        0.7066045983822203,
        0.7066045983822203,
        0.7066045983822203,
        0.7066045983822203,
        0.7066045983822203,
        0.7066045983822203,
        0.7177316020466653,
        0.7177316020466653,
        0.7177316020466653,
        0.7177316020466653,
        0.7177316020466653,
        0.7177316020466653,
        0.7177316020466653,
        0.7177316020466653,
        0.7329258855040942,
        0.7329258855040942,
        0.7329258855040942,
        0.7329258855040942,
        0.7329258855040942,
        0.738138915822347,
        0.738138915822347,
        0.738138915822347,
        0.738138915822347,
        0.738138915822347,
        0.738138915822347,
        0.738138915822347,
        0.738138915822347
    ],