{
    "bestIndiv": [
        [
            37,
            4,
            14,
            5,
            24,
            3,
            23,
            47,
            46,
            25,
            27,
            12,
            13,
            51,
            10,
            26,
            11,
            50,
            32,
            8,
            9,
            7,
            40,
            31,
            48,
            17,
            30,
            20,
            29,
            41,
            1,
            6,
            16,
            2,
            18,
            44,
            42,
            38,
            33,
            43,
            45,
            15,
            28,
            49,
            19,
            22,
            21,
            0,
            35,
            34,
            36,
            39
        ],
        0.7921191119454113
    ],
    "best": [
        0.2856811492242353,
        0.29389220163896906,
        0.30808894015645905,
        0.32780280312144516,
        0.3283891116575706,
        0.3378084430231339,
        0.3378084430231339,
        0.3426578508739925,
        0.3654555926314176,
        0.37242797343361417,
        0.37242797343361417,
        0.3823228644295455,
        0.39205784894202966,
        0.39921219611115827,
        0.40110706726808665,
        0.40265673072732877,
        0.41507555386818773,
        0.43001528516280474,
        0.4332401915338331,
        0.4332401915338331,
        0.45670752533881237,
        0.45670752533881237,
        0.46330956774284465,
        0.46330956774284465,
        0.4732187064717239,
        0.4732187064717239,
        0.48419057935299814,
        0.5051451478854925,
        0.5051451478854925,
        0.5051451478854925,
        0.5325555412543198,
        0.5325555412543198,
        0.5325555412543198,
        0.5325555412543198,
        0.5350890493894787,
        0.5420660061930501,
        0.561457285212492,
        0.561457285212492,
        0.5711376323258738,
        0.578007892194975,
        0.5811449154332937,
        0.5811449154332937,
        0.5811449154332937,
        0.5821222484587386,
        0.5821222484587387,
        0.5821222484587387,
        0.5832615411717921,
        0.5842460124084708,
        0.5952342403935437,
        0.5952342403935437,
        0.5952342403935437,
        0.5974549376182531,
        0.6100596287820206,
        0.6100596287820206,
        0.6100596287820206,
        0.6100596287820206,
        0.6220962044784621,
        0.632399364045882,
        0.632399364045882,
        0.632399364045882,
        0.6323993640458822,
        0.6323993640458822,
        0.6342915119794948,
        0.6354777278257329,
        0.6364910176880196,
        0.6504905477443925,
        0.6504905477443925,
        0.6537480112045662,
        0.6637873506992814,
        0.6841489322839773,
        0.6841489322839773,
        0.6841489322839773,
        0.6867085021733519,
        0.7247989421729422,
        0.7247989421729422,
        0.7247989421729422,
        0.7284139694272023,
        0.730183278334061,
        0.730183278334061,
        0.7309133414421528,
        0.7309133414421528,
        0.7379229660437093,
        0.7397388285303068,
        0.7404881344259736,
        0.7408580175915844,
        0.7408580175915844,
        0.7408580175915844,
        0.7501990636588938,
        0.7501990636588938,
        0.7501990636588938,
        0.7501990636588938,
        0.7501990636588938,
        0.7501990636588938,
        0.7509376767236987,
        0.7509376767236987,
        0.7509376767236987,
        0.7509376767236987,
        0.7520116894026379,
        0.7520116894026379,
        0.7520116894026379,
        0.7520116894026379,
        0.7520116894026379,
        0.7520116894026379,
        0.7533763596018631,
        0.7533763596018631,
        0.7533763596018631,
        0.7533763596018631,
        0.7533763596018631,
        0.7753615214134517,
        0.7753615214134517,
        0.7753615214134517,
        0.7753615214134517,
        0.7758720442156842,
        0.7758720442156842,
        0.7758720442156842,
        0.7758720442156842,
        0.7758720442156842,
        0.7758720442156842,
        0.7758720442156842,
        0.7758720442156842,
        0.7758720442156842,
        0.7758720442156842,
        0.7894440141884823,
        0.7894440141884823,
        0.7894440141884823,
        0.7894440141884823,
        0.7894440141884823,
        0.7894440141884823,
        0.7894440141884823,
        0.7894440141884823,
        0.7894440141884823,
        0.7894440141884823,
        0.7894440141884823,
        0.7894440141884823,
        0.7894440141884823,
        0.7894440141884823,
        0.7894440141884823,
        0.7894440141884823,
        0.7894440141884823,
        0.7894440141884823,
        0.7894440141884823,
        0.7894440141884823,
        0.7894440141884823,
        0.7894440141884823,
        0.7894440141884823,
        0.7894440141884823,
        0.7894440141884823,
        0.7894440141884823,
        0.7894440141884823,
        0.7894440141884823,
        0.7894440141884823,
        0.7894440141884823,
        0.7894440141884823,
        0.789864436129579,
        0.789864436129579,
        0.789864436129579,
        0.789864436129579,
        0.789864436129579,
        0.789864436129579,
        0.789864436129579,
        0.789864436129579,
        0.789864436129579,
        0.789864436129579,
        0.789864436129579,
        0.789864436129579,
        0.789864436129579,
        0.789864436129579,
        0.789864436129579,
        0.789864436129579,
        0.789864436129579,
        0.789864436129579,
        0.789864436129579,
        0.789864436129579,
        0.789864436129579,
        0.789864436129579,
        0.789864436129579,
        0.789864436129579,
        0.789864436129579,
        0.789864436129579,
        0.789864436129579,
        0.789864436129579,
        0.789864436129579,
        0.789864436129579,
        0.789864436129579,
        0.789864436129579,
        0.789864436129579,
        0.789864436129579,
        0.789864436129579,
        0.789864436129579,
        0.789864436129579,
        0.789864436129579,
        0.7921191119454113,
        0.7921191119454113,
        0.7921191119454113,
        0.7921191119454113,
        0.7921191119454113,
        0.7921191119454113,
        0.7921191119454113,
        0.7921191119454113,
        0.7921191119454113,
        0.7921191119454113
    ],