{
    "bestIndiv": [
        [
            32,
            50,
            11,
            26,
            27,
            25,
            46,
            12,
            13,
            51,
            10,
            24,
            3,
            4,
            23,
            47,
            45,
            43,
            48,
            0,
            49,
            21,
            17,
            2,
            18,
            44,
            34,
            35,
            33,
            38,
            39,
            36,
            37,
            5,
            14,
            15,
            28,
            19,
            22,
            29,
            41,
            6,
            1,
            16,
            20,
            30,
            31,
            40,
            7,
            8,
            9,
            42
        ],
        0.7960690413049928
    ],
    "best": [
        0.2878499221581428,
        0.29120176742854464,
        0.30652898133772816,
        0.32056066235394204,
        0.3292256434891949,
        0.3292256434891949,
        0.3361052410693392,
        0.3609428360225455,
        0.36153505888480486,
        0.36153505888480486,
        0.36439950964350915,
        0.3672734157010295,
        0.38102538082549303,
        0.3863599542021509,
        0.39255502719557284,
        0.4019572391465198,
        0.4019572391465198,
        0.4173077712836912,
        0.4181420141507939,
        0.4206619297264391,
        0.435535809942188,
        0.4414269233454638,
        0.4414269233454638,
        0.4482588198613626,
        0.4503400268882709,
        0.45262410610546705,
        0.45262410610546705,
        0.45262410610546705,
        0.463065012802482,
        0.463065012802482,
        0.4720358698783998,
        0.47375936105337896,
        0.47375936105337896,
        0.48049157164602796,
        0.490056458399546,
        0.49798886055867375,
        0.49798886055867375,
        0.49798886055867375,
        0.49961870163466787,
        0.5008184670300515,
        0.5077945926789011,
        0.5078662914494673,
        0.5124580908492431,
        0.5124580908492431,
        0.5322562555738204,
        0.5322562555738204,
        0.5322562555738204,
        0.5416266918545416,
        0.5416266918545416,
        0.5470602677774187,
        0.5470602677774187,
        0.5594939044232236,
        0.5594939044232236,
        0.5594939044232236,
        0.5594939044232236,
        0.5594939044232236,
        0.5596454126061579,
        0.5596454126061579,
        0.5671333018158488,
        0.5671333018158488,
        0.5671333018158488,
        0.5671333018158488,
        0.568597975809441,
        0.568597975809441,
        0.5804813947520645,
        0.5828038752024896,
        0.5828038752024896,
        0.5837142666622126,
        0.5837142666622126,
        0.5852148846582568,
        0.5852148846582568,
        0.5866820828009552,
        0.5866820828009552,
        0.5866820828009552,
        0.6021738557795469,
        0.6021738557795469,
        0.6036048725950304,
        0.6083872609084228,
        0.6083872609084228,
        0.6083872609084228,
        0.6083872609084228,
        0.6103267679586158,
        0.6103267679586158,
        0.6287388206519217,
        0.6287388206519217,
        0.6342601789282172,
        0.6344428353958766,
        0.6344428353958766,
        0.6391151458220073,
        0.6409815527709929,
        0.6424263736652527,
        0.6441675519356749,
        0.6441675519356749,
        0.6486434350609548,
        0.6511152745986654,
        0.6511152745986654,
        0.6687605980672047,
        0.6696435859373778,
        0.6696435859373778,
        0.6700486496435806,
        0.6700486496435806,
        0.6700486496435806,
        0.6700486496435806,
        0.6707925919650749,
        0.6707925919650749,
        0.673853482853965,
        0.673853482853965,
        0.673853482853965,
        0.7161797547169341,
        0.7161797547169341,
        0.7161797547169341,
        0.7161797547169341,
        0.7217200206005451,
        0.7238440307980302,
        0.7429249253775647,
        0.7429249253775647,
        0.7429249253775647,
        0.7429249253775647,
        0.7537755815102449,
        0.7537755815102449,
        0.7537755815102449,
        0.7537755815102449,
        0.7581461170848816,
        0.7581461170848818,
        0.7581461170848818,
        0.7597383560446855,
        0.7630871588615876,
        0.7635441303083246,
        0.7688182888377557,
        0.7688182888377557,
        0.7688182888377557,
        0.7688182888377557,
        0.7688182888377557,
        0.7688182888377557,
        0.7688182888377557,
        0.7688182888377557,
        0.7688182888377557,
        0.7688182888377557,
        0.7688182888377557,
        0.7688182888377557,
        0.7688182888377557,
        0.7688182888377557,
        0.7702797320271982,
        0.7702797320271982,
        0.7702797320271982,
        0.7723253233198611,
        0.7723253233198611,
        0.7736721562538074,
        0.7736721562538074,
        0.7736721562538074,
        0.7736721562538074,
        0.776873046420115,
        0.776873046420115,
        0.7781083222569108,
        0.7781083222569108,
        0.7781083222569108,
        0.7781083222569108,
        0.7781083222569108,
        0.78816040702998,
        0.78816040702998,
        0.78816040702998,
        0.78816040702998,
        0.78816040702998,
        0.7960690413049928,
        0.7960690413049928,
        0.7960690413049928,
        0.7960690413049928,
        0.7960690413049928,
        0.7960690413049928,
        0.7960690413049928,
        0.7960690413049928,
        0.7960690413049928,
        0.7960690413049928,
        0.7960690413049928,
        0.7960690413049928,
        0.7960690413049928,
        0.7960690413049928,
        0.7960690413049928,
        0.7960690413049928,
        0.7960690413049928,
        0.7960690413049928,
        0.7960690413049928,
        0.7960690413049928,
        0.7960690413049928,
        0.7960690413049928,
        0.7960690413049928,
        0.7960690413049928,
        0.7960690413049928,
        0.7960690413049928,
        0.7960690413049928,
        0.7960690413049928,
        0.7960690413049928,
        0.7960690413049928,
        0.7960690413049928,
        0.7960690413049928,
        0.7960690413049928,
        0.7960690413049928,
        0.7960690413049928,
        0.7960690413049928,
        0.7960690413049928,
        0.7960690413049928
    ],