{
    "bestIndiv": [
        [
            49,
            15,
            43,
            33,
            39,
            38,
            35,
            48,
            31,
            44,
            18,
            2,
            17,
            1,
            6,
            41,
            30,
            21,
            0,
            19,
            28,
            29,
            22,
            34,
            36,
            37,
            45,
            47,
            23,
            5,
            24,
            11,
            46,
            12,
            27,
            50,
            42,
            4,
            14,
            3,
            25,
            26,
            13,
            51,
            10,
            32,
            9,
            8,
            7,
            40,
            16,
            20
        ],
        0.675536874516621
    ],
    "best": [
        0.2843134709142403,
        0.2843134709142403,
        0.3030840637015229,
        0.3152370344154566,
        0.3198591589464996,
        0.3320930056451947,
        0.3366735254983702,
        0.3377940603037179,
        0.3394788712476519,
        0.3523471766088576,
        0.36107353998677655,
        0.36107353998677655,
        0.3666891352420886,
        0.37731330337079444,
        0.38106313937562764,
        0.38106313937562764,
        0.3991099823801332,
        0.41972427937264467,
        0.42608758350260323,
        0.42608758350260323,
        0.4327825150607045,
        0.4327825150607045,
        0.4374486411849234,
        0.4374486411849234,
        0.43796050843538015,
        0.43796050843538015,
        0.45107737471257775,
        0.45771591605475914,
        0.45771591605475914,
        0.4674868817517937,
        0.4674868817517937,
        0.4674868817517937,
        0.474010547750607,
        0.4743725735055339,
        0.4763639995015358,
        0.4843612059065105,
        0.4843612059065105,
        0.48702239462889485,
        0.48702239462889485,
        0.4915457125240296,
        0.4915457125240296,
        0.5022479586565252,
        0.5022479586565252,
        0.5026350307134372,
        0.5026350307134372,
        0.5046814867407596,
        0.5046814867407596,
        0.508222163842909,
        0.5103336035584999,
        0.5107991886360298,
        0.5115732272086246,
        0.5115732272086246,
        0.5169798099413043,
        0.5311725951941466,
        0.5332427186512658,
        0.5332427186512658,
        0.5383794925661461,
        0.5383794925661461,
        0.5383794925661461,
        0.538665876181737,
        0.538665876181737,
        0.538665876181737,
        0.5387211255658657,
        0.5387211255658657,
        0.5388729935183956,
        0.5388729935183956,
        0.5391599025366887,
        0.5391599025366887,
        0.5391599025366887,
        0.5391599025366887,
        0.5391599025366887,
        0.5403071633744346,
        0.5403071633744346,
        0.5403071633744346,
        0.5414944952837093,
        0.5414944952837093,
        0.5427917179756533,
        0.5427917179756533,
        0.5439900067814042,
        0.5439900067814042,
        0.5487984728577934,
        0.5765680876645928,
        0.5765680876645928,
        0.5765680876645928,
        0.5834976462593626,
        0.5834976462593626,
        0.5850133505458515,
        0.5850133505458515,
        0.5850133505458515,
        0.5865796438539219,
        0.5926432955982309,
        0.5926432955982309,
        0.5959890434839427,
        0.5966067817240283,
        0.5966067817240283,
        0.5967390470392616,
        0.6006825489926292,
        0.6027350938849467,
        0.6034802845372698,
        0.6036414097295277,
        0.6036414097295277,
        0.6036414097295277,
        0.610514676381969,
        0.6224247156701233,
        0.6224247156701233,
        0.6224247156701235,
        0.6244035279009504,
        0.6367328317183718,
        0.6367328317183718,
        0.6388038176804126,
        0.6388038176804126,
        0.6388038176804126,
        0.6405989475948758,
        0.6405989475948758,
        0.6405989475948758,
        0.6405989475948758,
        0.6498793007942159,
        0.6498793007942159,
        0.6498793007942159,
        0.6498793007942159,
        0.6498793007942159,
        0.6498793007942159,
        0.6498793007942159,
        0.6498793007942159,
        0.6503417538727675,
        0.6503417538727675,
        0.6503417538727675,
        0.6546560305173893,
        0.6546560305173893,
        0.6546560305173893,
        0.6546560305173893,
        0.6546560305173893,
        0.6574141300272361,
        0.6574141300272361,
        0.6574141300272361,
        0.6574141300272363,
        0.6574141300272363,
        0.6590676494641893,
        0.6590676494641893,
        0.6590676494641893,
        0.6590676494641893,
        0.6667858448165268,
        0.667112885501844,
        0.6684869044977021,
        0.6684869044977022,
        0.6684869044977022,
        0.6684869044977022,
        0.6696072363305375,
        0.6696072363305375,
        0.6696072363305375,
        0.6696072363305375,
        0.6696072363305375,
        0.6699932099631924,
        0.6699932099631924,
        0.6729754729091173,
        0.6729754729091173,
        0.6729754729091173,
        0.6729754729091173,
        0.6729754729091173,
        0.6729754729091173,
        0.6729754729091173,
        0.6729754729091173,
        0.6729754729091173,
        0.6729754729091173,
        0.6729754729091173,
        0.6729754729091173,
        0.675536874516621,
        0.675536874516621,
        0.675536874516621,
        0.675536874516621,
        0.675536874516621,
        0.675536874516621,
        0.675536874516621,
        0.675536874516621,
        0.675536874516621,
        0.675536874516621,
        0.675536874516621,
        0.675536874516621,
        0.675536874516621,
        0.675536874516621,
        0.675536874516621,
        0.675536874516621,
        0.675536874516621,
        0.675536874516621,
        0.675536874516621,
        0.675536874516621,
        0.675536874516621,
        0.675536874516621,
        0.675536874516621,
        0.675536874516621,
        0.675536874516621,
        0.675536874516621,
        0.675536874516621,
        0.675536874516621,
        0.675536874516621,
        0.675536874516621,
        0.675536874516621,
        0.675536874516621,
        0.675536874516621,
        0.675536874516621,
        0.675536874516621
    ],