{
    "bestIndiv": [
        [
            30,
            22,
            16,
            2,
            17,
            43,
            19,
            29,
            41,
            1,
            6,
            20,
            34,
            37,
            4,
            14,
            39,
            42,
            9,
            8,
            40,
            48,
            15,
            28,
            46,
            13,
            12,
            10,
            51,
            26,
            25,
            27,
            24,
            3,
            5,
            44,
            18,
            7,
            32,
            50,
            11,
            35,
            31,
            21,
            0,
            33,
            38,
            36,
            47,
            23,
            45,
            49
        ],
        0.6435880126436362
    ],
    "best": [
        0.29317376744304846,
        0.2977254034965,
        0.3057878931823537,
        0.3193579690542588,
        0.332933584703589,
        0.3387230546597185,
        0.3406598490748997,
        0.3417120272193382,
        0.37100939729278287,
        0.38045249236812384,
        0.38045249236812384,
        0.4051012853762583,
        0.4053598354579208,
        0.4053598354579208,
        0.41456962270703623,
        0.4276741301516623,
        0.43444615642434614,
        0.4430819222290026,
        0.4504345046649113,
        0.4504345046649113,
        0.45882483130804746,
        0.4636697351600222,
        0.4642243939862753,
        0.4642243939862753,
        0.4761798142389728,
        0.4761798142389728,
        0.4761798142389729,
        0.48286281069450165,
        0.48286281069450165,
        0.486846307996146,
        0.486846307996146,
        0.5011173471437494,
        0.5011173471437494,
        0.5011173471437494,
        0.5053440787587462,
        0.5053440787587462,
        0.5053440787587462,
        0.5198092938155187,
        0.5243586562370615,
        0.5287516425674017,
        0.5287516425674017,
        0.5334595867776085,
        0.5334595867776085,
        0.5334595867776085,
        0.5380082356598354,
        0.5380082356598354,
        0.5380082356598354,
        0.5393279186378316,
        0.5393279186378316,
        0.5393279186378316,
        0.5393279186378316,
        0.5393279186378316,
        0.5393279186378316,
        0.5416285323299199,
        0.5416285323299199,
        0.5416285323299199,
        0.5420148267277306,
        0.5420148267277306,
        0.5420148267277306,
        0.5441929068063611,
        0.5451496455148541,
        0.5451496455148541,
        0.5451496455148541,
        0.5451496455148542,
        0.5451496455148542,
        0.5451496455148542,
        0.5482896881784881,
        0.5482896881784881,
        0.5482896881784881,
        0.5482896881784881,
        0.5482896881784881,
        0.5482896881784881,
        0.5482896881784881,
        0.5482896881784881,
        0.5558440930602415,
        0.5558440930602415,
        0.5558440930602415,
        0.5558440930602415,
        0.5607431361482623,
        0.5607431361482623,
        0.5617295679633337,
        0.5627429693049674,
        0.5627429693049674,
        0.5627429693049675,
        0.562756281231059,
        0.5677773925734103,
        0.5677773925734103,
        0.5677773925734103,
        0.5677773925734103,
        0.5677773925734103,
        0.5701857139633061,
        0.5701857139633061,
        0.5701857139633061,
        0.5701857139633061,
        0.5728591432084712,
        0.5807532051634083,
        0.5807532051634083,
        0.581940230171846,
        0.581940230171846,
        0.581940230171846,
        0.5820598465652905,
        0.5820598465652905,
        0.5820598465652905,
        0.5820598465652905,
        0.5820598465652905,
        0.5820598465652905,
        0.5820598465652905,
        0.5820598465652905,
        0.5830850331312858,
        0.5844567904499819,
        0.5876730230538407,
        0.5876730230538407,
        0.5927822057095127,
        0.5929964157024321,
        0.5929964157024321,
        0.5933690300716518,
        0.5937339221835382,
        0.593946346184229,
        0.6161021425484903,
        0.6161021425484903,
        0.6205434132550993,
        0.6205434132550993,
        0.6205434132550993,
        0.6205434132550993,
        0.6212956609860445,
        0.6263241199010733,
        0.6263241199010733,
        0.6263241199010733,
        0.6263241199010733,
        0.6263241199010733,
        0.6263241199010733,
        0.6263241199010733,
        0.6263241199010733,
        0.6263241199010733,
        0.6263241199010733,
        0.6263241199010733,
        0.6263241199010733,
        0.6263241199010733,
        0.6263241199010733,
        0.6263241199010733,
        0.6263241199010733,
        0.626698155636539,
        0.626698155636539,
        0.6270393947645743,
        0.6270393947645743,
        0.6296123104072877,
        0.6296123104072877,
        0.6296123104072877,
        0.6299892082962527,
        0.6299892082962527,
        0.6299892082962527,
        0.6299892082962527,
        0.6331709752653416,
        0.6335521470534553,
        0.6335521470534553,
        0.6335521470534553,
        0.6335521470534553,
        0.6335521470534553,
        0.6335521470534553,
        0.6335521470534553,
        0.6335521470534553,
        0.6335521470534553,
        0.6335521470534553,
        0.6335521470534553,
        0.6335521470534553,
        0.6335521470534553,
        0.6335521470534553,
        0.6335521470534553,
        0.6335521470534553,
        0.6335521470534553,
        0.6335521470534553,
        0.6335521470534553,
        0.6335521470534553,
        0.6335521470534553,
        0.6335521470534553,
        0.6335521470534553,
        0.6335521470534553,
        0.6335521470534553,
        0.6335521470534553,
        0.6335521470534553,
        0.6335521470534553,
        0.6335521470534553,
        0.6335521470534553,
        0.6335521470534553,
        0.6335521470534553,
        0.6335521470534553,
        0.6401248410055539,
        0.6412348573511092,
        0.6412348573511092,
        0.6428401764281163,
        0.6428401764281163,
        0.6428401764281163,
        0.6428401764281163,
        0.6432790546120797,
        0.6432790546120797,
        0.6432790546120797,
        0.6432790546120797,
        0.6432790546120797,
        0.6435880126436362,
        0.6435880126436362,
        0.6435880126436362
    ],