{
    "bestIndiv": [
        [
            36,
            37,
            14,
            42,
            32,
            8,
            40,
            44,
            18,
            31,
            17,
            2,
            16,
            6,
            29,
            34,
            43,
            47,
            23,
            26,
            25,
            46,
            27,
            11,
            24,
            4,
            39,
            33,
            48,
            21,
            19,
            49,
            15,
            28,
            22,
            30,
            9,
            7,
            41,
            1,
            20,
            0,
            38,
            5,
            3,
            50,
            10,
            51,
            12,
            13,
            45,
            35
        ],
        0.5891541111531787
    ],
    "best": [
        0.3000830371845322,
        0.30267221542982,
        0.3125159136348139,
        0.32365849997956675,
        0.32365849997956675,
        0.3368605451956076,
        0.3368605451956076,
        0.3508086501732142,
        0.35150969415803346,
        0.36632568296508217,
        0.36948604188236606,
        0.3765279665733417,
        0.3765279665733417,
        0.3765279665733417,
        0.37858599149117683,
        0.3822142803100614,
        0.39857405218138103,
        0.39857405218138103,
        0.4048081709353483,
        0.41594930234563804,
        0.41594930234563804,
        0.41594930234563804,
        0.4230606066247129,
        0.4300479913912325,
        0.4333582766886267,
        0.4467795113593065,
        0.4467795113593065,
        0.44775005977445936,
        0.44775005977445936,
        0.4479525005966426,
        0.4479525005966426,
        0.44911327990119404,
        0.4506873401479562,
        0.45804869153724703,
        0.45804869153724703,
        0.46126801771960213,
        0.4706987055227877,
        0.4719769447361808,
        0.4747904828497909,
        0.478341419653197,
        0.478341419653197,
        0.47834141965319704,
        0.4796615634971249,
        0.4796615634971249,
        0.47966156349712497,
        0.4867074553541884,
        0.4867074553541884,
        0.49097444300820087,
        0.49097444300820087,
        0.4936109973526152,
        0.4961262983746332,
        0.4987296990469995,
        0.5031541347683552,
        0.5031541347683552,
        0.5031541347683552,
        0.5031541347683552,
        0.5031541347683552,
        0.5031541347683552,
        0.5031541347683552,
        0.5031541347683552,
        0.5031541347683552,
        0.5031541347683552,
        0.5031541347683552,
        0.5125046418148989,
        0.5125046418148989,
        0.5125046418148989,
        0.5190688111390512,
        0.5190688111390512,
        0.5190688111390512,
        0.5190688111390513,
        0.5190688111390513,
        0.5190688111390513,
        0.5190688111390513,
        0.5190688111390513,
        0.5190688111390513,
        0.5190688111390513,
        0.5190688111390513,
        0.5190688111390513,
        0.5190688111390513,
        0.5195698459255841,
        0.5195698459255841,
        0.5195698459255841,
        0.5262591084759859,
        0.5262591084759859,
        0.5262591084759859,
        0.5262591084759859,
        0.5277898180379236,
        0.5277898180379236,
        0.5277898180379236,
        0.5277898180379236,
        0.5277898180379236,
        0.5277898180379236,
        0.5277898180379236,
        0.5277898180379236,
        0.5277898180379236,
        0.5277898180379236,
        0.5277898180379236,
        0.5277898180379236,
        0.5277898180379236,
        0.5277898180379236,
        0.5277898180379236,
        0.5277898180379236,
        0.5277898180379236,
        0.5277898180379236,
        0.5278812040535306,
        0.5361944279912644,
        0.5361944279912644,
        0.5361944279912644,
        0.5411869568870462,
        0.5411869568870462,
        0.5411869568870462,
        0.5411869568870462,
        0.5411869568870462,
        0.5411869568870462,
        0.5423871071422421,
        0.5423871071422421,
        0.5423871071422421,
        0.5425085189547092,
        0.5425085189547092,
        0.5425085189547092,
        0.547884891319133,
        0.547884891319133,
        0.5480087772137614,
        0.5622098468713164,
        0.5622098468713164,
        0.5681190209339576,
        0.5681190209339576,
        0.5681505206514805,
        0.5681505206514805,
        0.5681505206514805,
        0.5681505206514805,
        0.5681505206514805,
        0.5681505206514805,
        0.5681505206514805,
        0.5681505206514805,
        0.5681505206514805,
        0.5681505206514805,
        0.5681505206514805,
        0.5681505206514805,
        0.5681505206514805,
        0.5681505206514805,
        0.570103854465315,
        0.570103854465315,
        0.570103854465315,
        0.5702250049260387,
        0.5702250049260387,
        0.5702250049260387,
        0.5702250049260387,
        0.5702250049260387,
        0.5702250049260387,
        0.5702250049260387,
        0.5702250049260387,
        0.5702250049260387,
        0.5702250049260387,
        0.5702250049260387,
        0.5702250049260387,
        0.5702250049260387,
        0.5702250049260387,
        0.5702250049260387,
        0.5702250049260387,
        0.5702250049260387,
        0.5702250049260387,
        0.5770192721484274,
        0.5770192721484274,
        0.5770192721484274,
        0.5770192721484274,
        0.5770192721484274,
        0.5770192721484274,
        0.5770192721484274,
        0.5770192721484274,
        0.5770192721484274,
        0.5770192721484274,
        0.5770192721484274,
        0.5770192721484274,
        0.5770192721484274,
        0.5770192721484274,
        0.5770192721484274,
        0.5770192721484274,
        0.5770192721484274,
        0.5770192721484274,
        0.5849644241077991,
        0.5849644241077991,
        0.5849644241077991,
        0.5849644241077991,
        0.5849644241077991,
        0.5849644241077991,
        0.5849644241077991,
        0.5849644241077991,
        0.5849644241077991,
        0.5849644241077991,
        0.5849644241077991,
        0.5849644241077991,
        0.5849644241077991,
        0.5852120016517068,
        0.5852120016517068,
        0.5852120016517068,
        0.5891541111531787,
        0.5891541111531787,
        0.5891541111531787,
        0.5891541111531787,
        0.5891541111531787
    ],