{
    "bestIndiv": [
        [
            21,
            33,
            36,
            37,
            23,
            4,
            5,
            3,
            14,
            39,
            34,
            35,
            38,
            43,
            19,
            49,
            28,
            15,
            45,
            31,
            48,
            30,
            20,
            2,
            18,
            44,
            42,
            9,
            8,
            7,
            40,
            22,
            41,
            6,
            1,
            29,
            0,
            47,
            24,
            11,
            50,
            25,
            46,
            27,
            26,
            12,
            13,
            51,
            10,
            32,
            16,
            17
        ],
        0.6777945028481626
    ],
    "best": [
        0.284757160386086,
        0.29760133833213226,
        0.3134995923789529,
        0.3134995923789529,
        0.3372364127796058,
        0.3372364127796058,
        0.34113418311868043,
        0.3609776026366253,
        0.36179754570458716,
        0.3773820406952166,
        0.3773820406952166,
        0.3858703353472877,
        0.3891084042279825,
        0.3891084042279825,
        0.41274913939479263,
        0.41845562557474497,
        0.43137541429265824,
        0.43276112094290914,
        0.4338556168096599,
        0.4391658240536908,
        0.47364202488809903,
        0.47364202488809903,
        0.47364202488809903,
        0.4745290753649707,
        0.4745290753649707,
        0.47793884473379233,
        0.47793884473379233,
        0.4782948249979296,
        0.48746797543473747,
        0.49654564405714813,
        0.49654564405714813,
        0.49654564405714813,
        0.5004855056228614,
        0.5155075693670909,
        0.5155075693670909,
        0.5157806664105898,
        0.5216503273170741,
        0.5291473715251127,
        0.5291473715251127,
        0.5460631106446223,
        0.5466120475072764,
        0.5466120475072764,
        0.5561179717622282,
        0.556687320835043,
        0.5583576996186301,
        0.5603019626187792,
        0.5615932335809962,
        0.5624637469974759,
        0.5707790937615593,
        0.5707790937615593,
        0.5767633981171439,
        0.5767633981171439,
        0.5822659166438379,
        0.584390940110142,
        0.5867671226303859,
        0.5905255061848595,
        0.5905255061848595,
        0.5905255061848595,
        0.5956554923180821,
        0.5956554923180821,
        0.5967904079396916,
        0.6005386185434176,
        0.6052561479752452,
        0.6052561479752452,
        0.6080437778674926,
        0.6245576878221963,
        0.6245576878221963,
        0.6245576878221963,
        0.6245576878221963,
        0.6245576878221963,
        0.6284272511017523,
        0.6284272511017523,
        0.6326083191441123,
        0.6326083191441123,
        0.6326083191441123,
        0.6326083191441123,
        0.6326083191441123,
        0.6326083191441123,
        0.6326083191441123,
        0.6326083191441123,
        0.6383057647264903,
        0.6383057647264903,
        0.6383057647264903,
        0.6438239662758606,
        0.6438239662758606,
        0.6443317186176039,
        0.6443317186176039,
        0.6443317186176039,
        0.6443317186176039,
        0.6443317186176039,
        0.6461038909915388,
        0.6461038909915388,
        0.6461038909915388,
        0.6479859953195432,
        0.6479859953195432,
        0.6479859953195432,
        0.6479859953195432,
        0.6479859953195432,
        0.6479859953195432,
        0.6479859953195432,
        0.6521204133158783,
        0.6521204133158783,
        0.6521204133158783,
        0.6521204133158783,
        0.656333192956666,
        0.656333192956666,
        0.6588871946463742,
        0.6588871946463742,
        0.6588871946463742,
        0.6588871946463742,
        0.6588871946463742,
        0.6588871946463742,
        0.6588871946463742,
        0.6588871946463742,
        0.6588871946463742,
        0.6588871946463742,
        0.6588871946463742,
        0.6588871946463742,
        0.6588871946463742,
        0.6588871946463742,
        0.6588871946463742,
        0.6614331646510699,
        0.6651317975919316,
        0.6651317975919316,
        0.6651317975919316,
        0.6651317975919316,
        0.6651317975919316,
        0.6651317975919316,
        0.6651317975919316,
        0.6651317975919316,
        0.6651317975919316,
        0.6655315494775832,
        0.6655315494775832,
        0.6663916905029549,
        0.6663916905029549,
        0.6663916905029549,
        0.6663916905029549,
        0.6663916905029549,
        0.6663916905029549,
        0.6663916905029549,
        0.6663916905029549,
        0.6663916905029549,
        0.6663916905029549,
        0.6663916905029549,
        0.6663916905029549,
        0.6663916905029549,
        0.6663916905029549,
        0.6663916905029549,
        0.669395831089468,
        0.6697766294901555,
        0.6735117891081516,
        0.6735117891081516,
        0.6735117891081516,
        0.6735117891081516,
        0.6735117891081516,
        0.6735117891081516,
        0.6735117891081516,
        0.6735117891081516,
        0.6735117891081516,
        0.6735117891081516,
        0.6735117891081516,
        0.6735117891081516,
        0.6748036596047609,
        0.6748036596047609,
        0.6748036596047609,
        0.6764546135037266,
        0.6764546135037266,
        0.6764546135037266,
        0.6764546135037266,
        0.6764546135037266,
        0.6764546135037266,
        0.6764546135037266,
        0.6764546135037266,
        0.6764546135037266,
        0.6764546135037266,
        0.6764546135037266,
        0.6764546135037266,
        0.6764546135037266,
        0.6764546135037266,
        0.6764546135037266,
        0.6764546135037266,
        0.6764546135037266,
        0.6777945028481626,
        0.6777945028481626,
        0.6777945028481626,
        0.6777945028481626,
        0.6777945028481626,
        0.6777945028481626,
        0.6777945028481626,
        0.6777945028481626,
        0.6777945028481626,
        0.6777945028481626,
        0.6777945028481626,
        0.6777945028481626,
        0.6777945028481626,
        0.6777945028481626,
        0.6777945028481626,
        0.6777945028481626,
        0.6777945028481626,
        0.6777945028481626,
        0.6777945028481626
    ],