{
    "bestIndiv": [
        [
            0,
            44,
            18,
            8,
            42,
            3,
            4,
            37,
            38,
            35,
            33,
            34,
            15,
            46,
            25,
            12,
            50,
            14,
            48,
            31,
            7,
            40,
            9,
            32,
            27,
            26,
            13,
            51,
            10,
            11,
            43,
            49,
            19,
            22,
            28,
            29,
            41,
            6,
            1,
            20,
            30,
            21,
            36,
            47,
            23,
            45,
            24,
            5,
            39,
            2,
            16,
            17
        ],
        0.6254011503199409
    ],
    "best": [
        0.29677378681497585,
        0.2983592916322971,
        0.30894967588682265,
        0.3174447103496075,
        0.34926332098463636,
        0.34926332098463636,
        0.3513221673447947,
        0.3546803642489935,
        0.3884410975743191,
        0.3900287197172045,
        0.3900287197172045,
        0.3900287197172045,
        0.39002871971720454,
        0.3986525471336499,
        0.4193203291165225,
        0.4193203291165225,
        0.42651116371063613,
        0.42651116371063613,
        0.42854939465714964,
        0.44113303151083066,
        0.4434883324271958,
        0.4451367846424256,
        0.4637114165471663,
        0.4637114165471663,
        0.47180568111688326,
        0.47180568111688326,
        0.48599896541449944,
        0.48773340253674274,
        0.48944702595569806,
        0.48944702595569806,
        0.4958113883084445,
        0.4958113883084445,
        0.4958113883084445,
        0.49733139519864866,
        0.49733139519864866,
        0.49733139519864866,
        0.5001830557033762,
        0.5005628596183939,
        0.5005628596183939,
        0.5021204381711369,
        0.5028466796449829,
        0.5136906136729193,
        0.5161642832590341,
        0.5192066095350375,
        0.5207357910868265,
        0.523024993328087,
        0.523024993328087,
        0.5258443388040381,
        0.5275670182737929,
        0.5275670182737929,
        0.5275670182737929,
        0.5362852122916446,
        0.5401459391323186,
        0.5401459391323186,
        0.5438141206504378,
        0.5464803964150861,
        0.546754979037719,
        0.546754979037719,
        0.546754979037719,
        0.546754979037719,
        0.5469787367266717,
        0.5469787367266717,
        0.5469787367266717,
        0.5488742444544549,
        0.5488742444544549,
        0.5488742444544549,
        0.5488742444544549,
        0.5488742444544549,
        0.5488742444544549,
        0.5488742444544549,
        0.5554315446700558,
        0.5560029596608145,
        0.5573861947074413,
        0.5573861947074413,
        0.5573861947074413,
        0.5582840985667115,
        0.5582840985667115,
        0.5582840985667115,
        0.5597059877816088,
        0.5634065535963162,
        0.5634065535963162,
        0.5634065535963162,
        0.5770343931414731,
        0.5770343931414731,
        0.5770343931414731,
        0.5770343931414731,
        0.5801275293001588,
        0.5808772127881177,
        0.5809690412110664,
        0.5813913080200053,
        0.5813913080200053,
        0.5813913080200053,
        0.5822047921011463,
        0.5822047921011463,
        0.5917826530342648,
        0.5917826530342648,
        0.5917826530342648,
        0.5918334778356893,
        0.5918334778356893,
        0.5922300018388994,
        0.5922300018388994,
        0.5922300018388994,
        0.5972842942538307,
        0.5976881583967699,
        0.5976881583967699,
        0.5976881583967699,
        0.5998917524235732,
        0.5998917524235732,
        0.5998917524235732,
        0.5998917524235732,
        0.6006399729997403,
        0.6006399729997403,
        0.6049987758662397,
        0.6049987758662397,
        0.6049987758662397,
        0.6092234195764507,
        0.6092234195764507,
        0.6092234195764507,
        0.6092234195764507,
        0.6092234195764507,
        0.6092234195764507,
        0.6092234195764507,
        0.6092234195764507,
        0.6096066386033354,
        0.6096066386033354,
        0.6096066386033354,
        0.6096066386033354,
        0.6096066386033354,
        0.6096066386033354,
        0.6096066386033354,
        0.6096066386033354,
        0.6096066386033354,
        0.6096066386033354,
        0.6096066386033354,
        0.6096066386033354,
        0.6096066386033354,
        0.6096066386033354,
        0.6096066386033354,
        0.6096066386033354,
        0.6096066386033354,
        0.6096066386033354,
        0.6096066386033354,
        0.6096066386033354,
        0.6096066386033354,
        0.6096066386033354,
        0.6096066386033354,
        0.6096066386033354,
        0.6096066386033354,
        0.6096066386033354,
        0.6096066386033354,
        0.6096066386033354,
        0.6133972535935743,
        0.6133972535935743,
        0.6133972535935743,
        0.6133972535935743,
        0.6133972535935743,
        0.6133972535935743,
        0.6133972535935743,
        0.6133972535935743,
        0.6133972535935743,
        0.6133972535935743,
        0.6133972535935743,
        0.6133972535935743,
        0.6133972535935743,
        0.6133972535935743,
        0.6133972535935743,
        0.6133972535935743,
        0.6133972535935743,
        0.6133972535935743,
        0.6133972535935743,
        0.6133972535935743,
        0.6133972535935743,
        0.6133972535935743,
        0.6133972535935743,
        0.6133972535935743,
        0.6133972535935743,
        0.6133972535935743,
        0.6133972535935743,
        0.6198526257209701,
        0.6198526257209701,
        0.6198526257209701,
        0.6198526257209701,
        0.6198526257209701,
        0.6244089734948735,
        0.6244089734948735,
        0.6244089734948735,
        0.6244089734948735,
        0.6244089734948735,
        0.6244089734948735,
        0.6244089734948735,
        0.6244089734948735,
        0.6244089734948735,
        0.6249976406777278,
        0.6254011503199408,
        0.6254011503199408,
        0.6254011503199408,
        0.6254011503199408,
        0.6254011503199409,
        0.6254011503199409,
        0.6254011503199409,
        0.6254011503199409
    ],