{
    "bestIndiv": [
        [
            51,
            10,
            26,
            25,
            27,
            11,
            32,
            50,
            3,
            14,
            47,
            5,
            8,
            9,
            7,
            2,
            42,
            34,
            33,
            38,
            39,
            37,
            44,
            40,
            18,
            30,
            0,
            31,
            48,
            35,
            36,
            23,
            4,
            24,
            45,
            28,
            29,
            22,
            21,
            17,
            16,
            20,
            41,
            6,
            1,
            49,
            43,
            19,
            15,
            46,
            13,
            12
        ],
        0.654105612792253
    ],
    "best": [
        0.2965246587783425,
        0.31485820389691205,
        0.34190669892920145,
        0.34190669892920145,
        0.34190669892920145,
        0.34260113437470957,
        0.3594365227822678,
        0.3594365227822678,
        0.3630593930112661,
        0.36689545288527203,
        0.368554162891203,
        0.3714995238538597,
        0.3886607076892754,
        0.39525547406223493,
        0.41799197062801946,
        0.41869683692392184,
        0.4207142745724428,
        0.42933041749976136,
        0.43090531073576915,
        0.43090531073576915,
        0.4378719645729444,
        0.44305118227802437,
        0.4490657551156226,
        0.45185399041674934,
        0.45185399041674934,
        0.4675410542468737,
        0.4675410542468737,
        0.46759503220231396,
        0.46759503220231396,
        0.47474733649337464,
        0.47474733649337464,
        0.48228903973659415,
        0.48306553311091066,
        0.48306553311091066,
        0.49052339937099476,
        0.49076980818659455,
        0.49076980818659455,
        0.4945279432776848,
        0.4945279432776848,
        0.4945279432776848,
        0.4945279432776849,
        0.4945279432776849,
        0.5000367235771751,
        0.5090117361612464,
        0.5090117361612464,
        0.5136198580120533,
        0.5136198580120533,
        0.5274298517230682,
        0.5293037272664624,
        0.5469444001234286,
        0.5469444001234286,
        0.5469444001234286,
        0.5469444001234288,
        0.5495170674297082,
        0.5495170674297082,
        0.5514290852576518,
        0.5514290852576518,
        0.5527643662823549,
        0.5556771958889882,
        0.5556771958889882,
        0.5557644243474016,
        0.5604041732150384,
        0.5604041732150384,
        0.5716260265632699,
        0.5716260265632699,
        0.5716260265632699,
        0.5716260265632699,
        0.5829491905267585,
        0.5831756079699048,
        0.5831756079699048,
        0.5831756079699049,
        0.5831756079699049,
        0.5926460712213828,
        0.5926460712213828,
        0.610640491969244,
        0.610640491969244,
        0.610640491969244,
        0.610640491969244,
        0.610640491969244,
        0.610640491969244,
        0.610640491969244,
        0.610640491969244,
        0.6208565160978446,
        0.6208565160978446,
        0.6208565160978446,
        0.6208565160978446,
        0.6208565160978446,
        0.6208565160978446,
        0.6208565160978446,
        0.6208565160978446,
        0.6208565160978446,
        0.6208565160978446,
        0.6208565160978446,
        0.6209279900201919,
        0.6209279900201919,
        0.6221689008586682,
        0.6221689008586682,
        0.6248317801621737,
        0.6248317801621737,
        0.6248317801621737,
        0.6248317801621737,
        0.6248317801621737,
        0.6248317801621737,
        0.6248317801621737,
        0.6248317801621737,
        0.6248317801621737,
        0.6248317801621737,
        0.6248317801621737,
        0.6248317801621737,
        0.6248317801621737,
        0.6248317801621737,
        0.633879367374764,
        0.633879367374764,
        0.633879367374764,
        0.6341303885023487,
        0.6341303885023487,
        0.6341303885023487,
        0.6341303885023487,
        0.6341303885023487,
        0.6341303885023487,
        0.6341303885023487,
        0.6341303885023487,
        0.6341303885023487,
        0.6341303885023487,
        0.6341303885023487,
        0.6341303885023487,
        0.6341303885023487,
        0.6341303885023487,
        0.6341303885023487,
        0.6341303885023487,
        0.6341303885023487,
        0.6341303885023487,
        0.6341303885023487,
        0.6341303885023487,
        0.6341303885023487,
        0.6341303885023487,
        0.6341303885023487,
        0.6341303885023487,
        0.6341303885023487,
        0.6341303885023487,
        0.6341303885023487,
        0.6341303885023487,
        0.6341303885023487,
        0.6341303885023487,
        0.6341303885023487,
        0.6341303885023487,
        0.6341303885023487,
        0.6341303885023487,
        0.6341303885023487,
        0.6341303885023487,
        0.6341303885023487,
        0.6341303885023487,
        0.6341303885023487,
        0.6341303885023487,
        0.6341303885023487,
        0.6341303885023487,
        0.6341303885023487,
        0.6345344271138392,
        0.6345344271138392,
        0.6345344271138392,
        0.6345344271138392,
        0.6345344271138392,
        0.6345344271138392,
        0.6345344271138392,
        0.6345344271138392,
        0.6345544832259324,
        0.6345544832259324,
        0.6345544832259324,
        0.6345544832259324,
        0.6354414470019591,
        0.6354414470019591,
        0.6354414470019591,
        0.6354414470019591,
        0.6354414470019591,
        0.6354414470019591,
        0.6354414470019591,
        0.6354414470019591,
        0.6354414470019591,
        0.6354414470019591,
        0.6354414470019591,
        0.6354414470019591,
        0.6354414470019591,
        0.6354414470019591,
        0.6354414470019591,
        0.6354414470019591,
        0.6354414470019591,
        0.6354414470019591,
        0.6354414470019591,
        0.6359053382268123,
        0.6359053382268123,
        0.6399497916900272,
        0.6439783149978263,
        0.6453131660580614,
        0.6453131660580614,
        0.6516782997053006,
        0.6537218400319238,
        0.6537218400319238,
        0.6537218400319238,
        0.6537218400319238,
        0.654105612792253,
        0.654105612792253
    ],