{
    "bestIndiv": [
        [
            12,
            51,
            13,
            46,
            28,
            36,
            34,
            30,
            16,
            2,
            17,
            31,
            35,
            39,
            4,
            37,
            23,
            14,
            42,
            40,
            7,
            9,
            8,
            32,
            3,
            43,
            19,
            49,
            48,
            18,
            44,
            38,
            5,
            24,
            27,
            11,
            50,
            10,
            26,
            15,
            21,
            22,
            29,
            1,
            6,
            41,
            20,
            0,
            33,
            47,
            45,
            25
        ],
        0.6228303091540988
    ],
    "best": [
        0.28178294217625266,
        0.28822377251056697,
        0.3046581660519627,
        0.3114313331033572,
        0.31579852885888554,
        0.33720672435519433,
        0.3455943509330095,
        0.3459674870406146,
        0.36606387412387087,
        0.36606387412387087,
        0.37560140249403673,
        0.37560140249403673,
        0.3824706634158033,
        0.3824706634158033,
        0.3864542878342937,
        0.39411129043430676,
        0.39411129043430676,
        0.40112023650250556,
        0.40112023650250556,
        0.40694750941904073,
        0.40694750941904073,
        0.40694750941904073,
        0.4207588030900793,
        0.4207588030900793,
        0.4207588030900793,
        0.42295227899496235,
        0.4286202559007719,
        0.4286202559007719,
        0.43079336099626947,
        0.43440758267427254,
        0.4372382354861898,
        0.4372382354861898,
        0.4391574019138508,
        0.4415595032531207,
        0.44218448284324413,
        0.4486323233831302,
        0.44973776251493874,
        0.4515056542196226,
        0.4515056542196226,
        0.4698519671533771,
        0.4698519671533771,
        0.46985196715337724,
        0.5057617961896987,
        0.5057617961896987,
        0.5057617961896987,
        0.5057617961896987,
        0.5127355858246505,
        0.5127355858246505,
        0.5159245557162445,
        0.5160844509489683,
        0.5160844509489683,
        0.5180220252913007,
        0.5182834989881302,
        0.5227136824475663,
        0.524857816587757,
        0.524857816587757,
        0.5330784230460232,
        0.5337016602941044,
        0.5338331131253135,
        0.5363594520897546,
        0.5363594520897546,
        0.5415833813504434,
        0.5415833813504434,
        0.543196340610198,
        0.5483544113352237,
        0.5512384153421437,
        0.5512384153421437,
        0.5512384153421438,
        0.5606868666390834,
        0.5606868666390834,
        0.5606868666390834,
        0.5606868666390834,
        0.5606868666390834,
        0.5685451772446466,
        0.5685451772446466,
        0.5685451772446466,
        0.5685451772446466,
        0.5685451772446466,
        0.5685451772446466,
        0.5685451772446466,
        0.5685451772446466,
        0.5685451772446466,
        0.5685451772446466,
        0.5685451772446466,
        0.5685451772446466,
        0.5685451772446466,
        0.5685451772446466,
        0.5709021587803473,
        0.5709021587803473,
        0.5709021587803473,
        0.5709021587803473,
        0.5709021587803473,
        0.5709021587803473,
        0.5709021587803473,
        0.5709021587803473,
        0.5709021587803473,
        0.5709021587803473,
        0.5709021587803473,
        0.573476037556629,
        0.573476037556629,
        0.5737079051956215,
        0.5737079051956215,
        0.5760243377271425,
        0.5793896408740564,
        0.5819908866280303,
        0.5842488933336767,
        0.5842488933336767,
        0.5885577791287038,
        0.5885577791287038,
        0.589928465745146,
        0.589928465745146,
        0.5955123709275345,
        0.5955123709275345,
        0.5955123709275345,
        0.5970696770461753,
        0.6009596821982344,
        0.6009596821982345,
        0.6009596821982345,
        0.6016741343018889,
        0.6016741343018889,
        0.6016741343018889,
        0.6016741343018889,
        0.6016741343018889,
        0.6016741343018889,
        0.6016741343018889,
        0.6016741343018889,
        0.6016741343018889,
        0.6016741343018889,
        0.6016741343018889,
        0.6016741343018889,
        0.6021819869216262,
        0.6021819869216262,
        0.6021819869216262,
        0.6021819869216262,
        0.6021819869216262,
        0.6021819869216262,
        0.6021819869216262,
        0.6021819869216262,
        0.6021819869216262,
        0.6074285039789692,
        0.6155403146967112,
        0.6155403146967112,
        0.6155403146967112,
        0.6155403146967112,
        0.6155403146967112,
        0.6155403146967112,
        0.6155403146967112,
        0.6203603909051361,
        0.6203603909051361,
        0.6203603909051361,
        0.6203603909051361,
        0.6228303091540988,
        0.6228303091540988,
        0.6228303091540988,
        0.6228303091540988,
        0.6228303091540988,
        0.6228303091540988,
        0.6228303091540988,
        0.6228303091540988,
        0.6228303091540988,
        0.6228303091540988,
        0.6228303091540988,
        0.6228303091540988,
        0.6228303091540988,
        0.6228303091540988,
        0.6228303091540988,
        0.6228303091540988,
        0.6228303091540988,
        0.6228303091540988,
        0.6228303091540988,
        0.6228303091540988,
        0.6228303091540988,
        0.6228303091540988,
        0.6228303091540988,
        0.6228303091540988,
        0.6228303091540988,
        0.6228303091540988,
        0.6228303091540988,
        0.6228303091540988,
        0.6228303091540988,
        0.6228303091540988,
        0.6228303091540988,
        0.6228303091540988,
        0.6228303091540988,
        0.6228303091540988,
        0.6228303091540988,
        0.6228303091540988,
        0.6228303091540988,
        0.6228303091540988,
        0.6228303091540988,
        0.6228303091540988,
        0.6228303091540988,
        0.6228303091540988,
        0.6228303091540988,
        0.6228303091540988,
        0.6228303091540988,
        0.6228303091540988,
        0.6228303091540988,
        0.6228303091540988,
        0.6228303091540988,
        0.6228303091540988
    ],