{
    "bestIndiv": [
        [
            23,
            33,
            48,
            31,
            18,
            40,
            8,
            9,
            7,
            44,
            2,
            16,
            20,
            29,
            22,
            36,
            37,
            47,
            45,
            25,
            26,
            10,
            51,
            13,
            12,
            46,
            15,
            43,
            21,
            34,
            35,
            0,
            30,
            6,
            1,
            41,
            17,
            42,
            39,
            38,
            19,
            49,
            28,
            3,
            32,
            50,
            27,
            11,
            24,
            5,
            4,
            14
        ],
        0.6452685438403568
    ],
    "best": [
        0.2876155854478391,
        0.2876155854478391,
        0.28856002465065916,
        0.3022538828460438,
        0.30354754912564424,
        0.3133299509834531,
        0.3235980041453405,
        0.3331548585994269,
        0.3331548585994269,
        0.3496784911102392,
        0.36451878502230867,
        0.3757014343640528,
        0.3757014343640528,
        0.3870253219940081,
        0.3870253219940081,
        0.39323006222052975,
        0.39323006222052975,
        0.40204300694101774,
        0.41795581494162354,
        0.41795581494162354,
        0.4188280132615402,
        0.4337181535154167,
        0.44355144126119905,
        0.4498881506953017,
        0.4498881506953017,
        0.4498881506953017,
        0.4515548550628292,
        0.4541310625924698,
        0.45683098941906125,
        0.4583249914101052,
        0.4600523808475678,
        0.46793086601397843,
        0.46793086601397843,
        0.47822784716974887,
        0.47822784716974887,
        0.47822784716974887,
        0.4956273218824513,
        0.5273191231133347,
        0.5273191231133347,
        0.5273191231133347,
        0.5328592069564263,
        0.5341328598809767,
        0.5373819917223276,
        0.5373819917223276,
        0.5485187309198006,
        0.5599377859075555,
        0.5605571193627404,
        0.5605571193627404,
        0.5616114088767096,
        0.5616114088767096,
        0.5648302992450541,
        0.5648302992450541,
        0.5690681550157476,
        0.5690681550157476,
        0.5711516493663431,
        0.5711516493663431,
        0.5711516493663431,
        0.5711516493663431,
        0.5746569654274954,
        0.5746569654274954,
        0.5762287239116123,
        0.5762287239116123,
        0.5762287239116123,
        0.5774710771754308,
        0.5774710771754308,
        0.5791026523784287,
        0.5791026523784287,
        0.5791026523784287,
        0.5791026523784287,
        0.5791026523784287,
        0.5827304813431378,
        0.5827304813431378,
        0.5860476704936641,
        0.5860476704936641,
        0.5860476704936641,
        0.5861390288155334,
        0.5961644118663644,
        0.5961644118663644,
        0.5961644118663644,
        0.6032522416914228,
        0.606577508513795,
        0.606577508513795,
        0.606577508513795,
        0.6065951107369034,
        0.6093528145922523,
        0.6145048188996373,
        0.6145048188996373,
        0.6145048188996373,
        0.6145048188996373,
        0.6173533097989801,
        0.6173533097989801,
        0.6173533097989801,
        0.6173533097989801,
        0.6173533097989801,
        0.6173533097989801,
        0.6173533097989801,
        0.6173533097989801,
        0.6173533097989801,
        0.6173533097989801,
        0.6173533097989801,
        0.6173533097989801,
        0.6173533097989801,
        0.6173533097989801,
        0.6173533097989801,
        0.6173533097989801,
        0.6173533097989801,
        0.6173533097989801,
        0.6173533097989801,
        0.6173533097989801,
        0.6173533097989801,
        0.620514709104451,
        0.620514709104451,
        0.620514709104451,
        0.620514709104451,
        0.620514709104451,
        0.620514709104451,
        0.620514709104451,
        0.620514709104451,
        0.620514709104451,
        0.620514709104451,
        0.620514709104451,
        0.620514709104451,
        0.620514709104451,
        0.620514709104451,
        0.620514709104451,
        0.620514709104451,
        0.6207500655906966,
        0.6207500655906966,
        0.6207555654019751,
        0.6207555654019751,
        0.6207555654019751,
        0.6207555654019751,
        0.6207555654019751,
        0.6229048899982691,
        0.6235149983750058,
        0.6235149983750058,
        0.6235149983750058,
        0.6235149983750058,
        0.6256751906453102,
        0.6256751906453102,
        0.6256751906453102,
        0.6284786339348571,
        0.6284786339348571,
        0.6284786339348571,
        0.6284786339348571,
        0.6289151408526407,
        0.6289151408526407,
        0.6289151408526407,
        0.6289151408526407,
        0.6289151408526407,
        0.6289151408526407,
        0.6289151408526407,
        0.6289151408526407,
        0.6289151408526407,
        0.6289151408526407,
        0.6289151408526407,
        0.6289151408526407,
        0.6289151408526407,
        0.6289151408526407,
        0.6292672176765179,
        0.6292672176765179,
        0.6292672176765179,
        0.6292672176765179,
        0.6301484758832864,
        0.6301484758832864,
        0.6301484758832864,
        0.6301484758832864,
        0.6301484758832864,
        0.6301484758832864,
        0.6301484758832864,
        0.6301484758832864,
        0.6301484758832864,
        0.6301484758832864,
        0.6301484758832864,
        0.6304545040155922,
        0.6304545040155922,
        0.6304545040155922,
        0.6304545040155922,
        0.6304545040155922,
        0.6304545040155922,
        0.6304545040155922,
        0.6337729162293797,
        0.6337729162293797,
        0.6337729162293797,
        0.6337729162293797,
        0.6337729162293797,
        0.6374398984449935,
        0.6374398984449935,
        0.6374398984449935,
        0.6374398984449935,
        0.6374398984449935,
        0.6374398984449935,
        0.6443454169882615,
        0.6443454169882615,
        0.6443454169882615,
        0.6443454169882615,
        0.6452685438403568,
        0.6452685438403568,
        0.6452685438403568,
        0.6452685438403568,
        0.6452685438403568
    ],