{
    "bestIndiv": [
        [
            13,
            46,
            45,
            15,
            28,
            49,
            19,
            29,
            22,
            31,
            48,
            44,
            18,
            7,
            40,
            9,
            8,
            32,
            3,
            4,
            38,
            34,
            36,
            39,
            35,
            33,
            47,
            5,
            23,
            42,
            21,
            20,
            41,
            6,
            1,
            16,
            2,
            30,
            17,
            0,
            43,
            37,
            14,
            24,
            25,
            27,
            10,
            50,
            11,
            26,
            12,
            51
        ],
        0.7162812807197461
    ],
    "best": [
        0.28736496189655236,
        0.28843838504734576,
        0.3106020778575377,
        0.3106020778575377,
        0.3119676981768554,
        0.34332902788173586,
        0.34332902788173586,
        0.3435609675298616,
        0.35154565826094447,
        0.35296281704745497,
        0.35296281704745497,
        0.37401628054231384,
        0.3913693864007777,
        0.3913693864007777,
        0.3987720032003811,
        0.3987720032003811,
        0.4171105810643587,
        0.41807982919929765,
        0.427223395741137,
        0.4292975327075832,
        0.4292975327075832,
        0.43533141980246565,
        0.43533141980246576,
        0.43841823791770984,
        0.44391590392160996,
        0.44932094090573765,
        0.44932094090573765,
        0.4516557580831225,
        0.45428231313620415,
        0.4553169897607284,
        0.4553169897607284,
        0.4567263311823012,
        0.45983439406086557,
        0.45983439406086557,
        0.4616209767985367,
        0.47213652189447686,
        0.47269273558547786,
        0.47269273558547786,
        0.47269273558547786,
        0.47391868390721253,
        0.4773709728674619,
        0.49409364688433005,
        0.49442890822338587,
        0.49442890822338587,
        0.49442890822338587,
        0.5092139541386645,
        0.5092139541386645,
        0.5163951930204015,
        0.5255382808903256,
        0.5346422111005086,
        0.5415153549977685,
        0.5444298647438709,
        0.5509117336781602,
        0.5543083928893048,
        0.5543083928893048,
        0.5566856122236861,
        0.5566856122236861,
        0.5590332845732253,
        0.5626029545300095,
        0.5626029545300095,
        0.5767081252020675,
        0.5767081252020675,
        0.5767081252020675,
        0.5767081252020675,
        0.5775202503164603,
        0.5888450469371321,
        0.5888450469371321,
        0.5910171002832288,
        0.6012029682611311,
        0.6012029682611311,
        0.6039420576919448,
        0.6039420576919448,
        0.6088519331302413,
        0.6088519331302413,
        0.6088519331302413,
        0.6116613263703599,
        0.6157681574425002,
        0.6157681574425002,
        0.6163840912848637,
        0.6163840912848637,
        0.6205548028137009,
        0.6205548028137009,
        0.6205548028137009,
        0.6205548028137009,
        0.6205548028137009,
        0.6205548028137009,
        0.6205548028137009,
        0.6205548028137009,
        0.6205548028137009,
        0.6205548028137009,
        0.6205548028137009,
        0.6205548028137009,
        0.6205548028137009,
        0.6205548028137009,
        0.6205548028137009,
        0.6205548028137009,
        0.6205548028137009,
        0.6205548028137009,
        0.62827898244205,
        0.62827898244205,
        0.62827898244205,
        0.62827898244205,
        0.6286940316191787,
        0.6341063274907773,
        0.6341063274907773,
        0.6341063274907773,
        0.6348453700545601,
        0.6400848484609547,
        0.6400848484609547,
        0.6400848484609547,
        0.6400848484609547,
        0.6400848484609547,
        0.6400848484609547,
        0.6400848484609547,
        0.6400848484609547,
        0.6400848484609547,
        0.6400848484609547,
        0.6400848484609547,
        0.6598589475912308,
        0.6639857660321486,
        0.6655588262591894,
        0.6655588262591894,
        0.6655588262591894,
        0.6689599769117641,
        0.6689599769117641,
        0.6689599769117641,
        0.6724404221737303,
        0.6732631164503589,
        0.67873195597374,
        0.6809096403415992,
        0.6809096403415992,
        0.6819572304194755,
        0.6836196187290252,
        0.6881140569852976,
        0.6934607881199455,
        0.6934607881199455,
        0.6934607881199455,
        0.6934607881199455,
        0.6934607881199455,
        0.6934607881199455,
        0.6934607881199455,
        0.6934607881199455,
        0.6934607881199455,
        0.6959744007021543,
        0.6959744007021543,
        0.6959744007021543,
        0.6959744007021543,
        0.7014645919019902,
        0.7014645919019902,
        0.7014645919019902,
        0.7040366702959352,
        0.7040366702959352,
        0.7040366702959352,
        0.7162812807197461,
        0.7162812807197461,
        0.7162812807197461,
        0.7162812807197461,
        0.7162812807197461,
        0.7162812807197461,
        0.7162812807197461,
        0.7162812807197461,
        0.7162812807197461,
        0.7162812807197461,
        0.7162812807197461,
        0.7162812807197461,
        0.7162812807197461,
        0.7162812807197461,
        0.7162812807197461,
        0.7162812807197461,
        0.7162812807197461,
        0.7162812807197461,
        0.7162812807197461,
        0.7162812807197461,
        0.7162812807197461,
        0.7162812807197461,
        0.7162812807197461,
        0.7162812807197461,
        0.7162812807197461,
        0.7162812807197461,
        0.7162812807197461,
        0.7162812807197461,
        0.7162812807197461,
        0.7162812807197461,
        0.7162812807197461,
        0.7162812807197461,
        0.7162812807197461,
        0.7162812807197461,
        0.7162812807197461,
        0.7162812807197461,
        0.7162812807197461,
        0.7162812807197461,
        0.7162812807197461,
        0.7162812807197461,
        0.7162812807197461,
        0.7162812807197461,
        0.7162812807197461,
        0.7162812807197461,
        0.7162812807197461,
        0.7162812807197461,
        0.7162812807197461,
        0.7162812807197461
    ],