{
    "bestIndiv": [
        [
            49,
            19,
            28,
            29,
            41,
            1,
            6,
            16,
            17,
            8,
            9,
            42,
            32,
            50,
            24,
            47,
            23,
            14,
            37,
            38,
            35,
            34,
            33,
            43,
            45,
            36,
            39,
            4,
            5,
            3,
            11,
            12,
            13,
            51,
            10,
            26,
            46,
            25,
            27,
            15,
            0,
            48,
            21,
            31,
            44,
            40,
            7,
            18,
            2,
            30,
            20,
            22
        ],
        0.7509333261424616
    ],
    "best": [
        0.3040573944085855,
        0.3120528993965569,
        0.3125926111847976,
        0.3198544104931326,
        0.3257011390767195,
        0.34826403344386886,
        0.3540040451299869,
        0.36465539377703565,
        0.36465539377703565,
        0.37727048085712,
        0.3797650940134165,
        0.3830176938269684,
        0.39308431623811774,
        0.39308431623811774,
        0.4068268522013881,
        0.4101774568658418,
        0.4101774568658418,
        0.4272485105035341,
        0.4272485105035341,
        0.42887301945219686,
        0.42887301945219686,
        0.4417029879531625,
        0.4456364816022204,
        0.44842122748152713,
        0.44842122748152713,
        0.4575702960594583,
        0.46210526572153854,
        0.46210526572153854,
        0.4790984794121795,
        0.4790984794121795,
        0.48091247923688885,
        0.48091247923688885,
        0.49002090013289484,
        0.49002090013289484,
        0.49002090013289484,
        0.49620295259579583,
        0.5119726929217815,
        0.5243672567997184,
        0.5346474831627996,
        0.5381319824145618,
        0.5381319824145618,
        0.5623223897565064,
        0.5623223897565064,
        0.5641864385577622,
        0.5641864385577622,
        0.5641864385577622,
        0.5692804957532839,
        0.5692804957532839,
        0.5763429519288029,
        0.5812880029890224,
        0.5960544240718615,
        0.5984628744509322,
        0.5984628744509322,
        0.6003940374864531,
        0.6015631018613807,
        0.60830723964821,
        0.6103573847828718,
        0.6103573847828718,
        0.6155059308935521,
        0.6224160095756394,
        0.6224160095756394,
        0.6230192217728703,
        0.6252141081831201,
        0.6253916682288552,
        0.6253916682288552,
        0.6253916682288552,
        0.6253916682288552,
        0.6253916682288552,
        0.6253916682288552,
        0.6396764045395157,
        0.6396764045395157,
        0.6412052653796529,
        0.6412052653796529,
        0.6427635659453718,
        0.6427635659453718,
        0.6427635659453718,
        0.6427635659453718,
        0.6427635659453718,
        0.6443356856165845,
        0.6443356856165845,
        0.6535247296327217,
        0.6555842643631425,
        0.6555842643631427,
        0.6577879879538054,
        0.6577879879538054,
        0.6598745239100635,
        0.6613629373932072,
        0.6613629373932072,
        0.663021322650667,
        0.663021322650667,
        0.6638041690391103,
        0.6677521511189961,
        0.6720776193927683,
        0.6720776193927683,
        0.6754694653872783,
        0.6754694653872783,
        0.6798614996619892,
        0.6798614996619892,
        0.6798614996619892,
        0.6850099407218045,
        0.6850099407218045,
        0.6850099407218045,
        0.6851662968094201,
        0.6851662968094201,
        0.6851662968094201,
        0.6851662968094201,
        0.6851662968094201,
        0.6851662968094201,
        0.6851662968094201,
        0.6851662968094201,
        0.6851662968094201,
        0.6851662968094201,
        0.6851662968094201,
        0.6851662968094201,
        0.6851662968094201,
        0.6851662968094201,
        0.6855967879766587,
        0.6855967879766587,
        0.6855967879766587,
        0.6855967879766587,
        0.6855967879766587,
        0.6855967879766587,
        0.6855967879766587,
        0.6855967879766587,
        0.6872823029385142,
        0.6872823029385142,
        0.6872823029385142,
        0.6872823029385142,
        0.6917493395717734,
        0.6917493395717734,
        0.6917493395717734,
        0.6917493395717734,
        0.6918769490302736,
        0.6926811328690999,
        0.6926811328690999,
        0.6926811328690999,
        0.6926811328690999,
        0.6926811328690999,
        0.6926811328690999,
        0.69458072485316,
        0.7010785024408756,
        0.7010785024408756,
        0.7049574084484351,
        0.7049574084484351,
        0.7049574084484351,
        0.7054108265660296,
        0.7054108265660296,
        0.706379813388342,
        0.706379813388342,
        0.706379813388342,
        0.706379813388342,
        0.706379813388342,
        0.706379813388342,
        0.706379813388342,
        0.706379813388342,
        0.706379813388342,
        0.706379813388342,
        0.706379813388342,
        0.706379813388342,
        0.706379813388342,
        0.706379813388342,
        0.706379813388342,
        0.706379813388342,
        0.706379813388342,
        0.706379813388342,
        0.706379813388342,
        0.706379813388342,
        0.706379813388342,
        0.706379813388342,
        0.706379813388342,
        0.706379813388342,
        0.706379813388342,
        0.7117856154266425,
        0.7117856154266425,
        0.7117856154266425,
        0.7117856154266425,
        0.7117856154266425,
        0.7259875636750689,
        0.7259875636750689,
        0.7259875636750689,
        0.7259875636750689,
        0.7259875636750689,
        0.7259875636750689,
        0.7259875636750689,
        0.7259875636750689,
        0.7259875636750689,
        0.7313621170558938,
        0.7313621170558938,
        0.7445270658079782,
        0.7445270658079782,
        0.746181500150903,
        0.746181500150903,
        0.746181500150903,
        0.746181500150903,
        0.7509333261424616,
        0.7509333261424616,
        0.7509333261424616,
        0.7509333261424616,
        0.7509333261424616,
        0.7509333261424616,
        0.7509333261424616
    ],