{
    "bestIndiv": [
        [
            51,
            10,
            11,
            50,
            32,
            5,
            45,
            15,
            19,
            29,
            28,
            49,
            43,
            33,
            34,
            31,
            18,
            44,
            21,
            22,
            20,
            1,
            6,
            41,
            16,
            2,
            17,
            30,
            0,
            48,
            35,
            38,
            37,
            4,
            23,
            47,
            24,
            42,
            3,
            14,
            36,
            39,
            9,
            8,
            7,
            40,
            27,
            26,
            25,
            46,
            13,
            12
        ],
        0.7282336758957886
    ],
    "best": [
        0.3000830371845322,
        0.30267221542982,
        0.3125159136348139,
        0.31544623646814074,
        0.3350681248091506,
        0.3350681248091506,
        0.3350681248091506,
        0.34470734716921286,
        0.354959961532525,
        0.36622522952990505,
        0.3698948413949481,
        0.3740110113231692,
        0.3890357650931569,
        0.39535500040845617,
        0.427206364539962,
        0.427206364539962,
        0.42852285019581193,
        0.4311650934307706,
        0.45352484003343874,
        0.4634427077666357,
        0.4751936894882703,
        0.484124567619258,
        0.5052060774893798,
        0.5120647671262026,
        0.5120647671262026,
        0.5130942881557284,
        0.5179635825909227,
        0.5245888066919909,
        0.524588806691991,
        0.5296389398151136,
        0.5296389398151136,
        0.5296389398151136,
        0.5368764449281237,
        0.5442586785637654,
        0.5442586785637654,
        0.5442586785637654,
        0.5442586785637654,
        0.5537902761381285,
        0.5561310413041413,
        0.5561310413041413,
        0.557736799928096,
        0.557736799928096,
        0.557736799928096,
        0.5577367999280962,
        0.5821727307265929,
        0.5821727307265929,
        0.5821727307265929,
        0.6079109182039534,
        0.6129786113009958,
        0.6129786113009958,
        0.6129786113009958,
        0.6129786113009958,
        0.6129786113009958,
        0.6129786113009958,
        0.6129786113009958,
        0.6129786113009958,
        0.6129786113009958,
        0.6129786113009958,
        0.6254246513540312,
        0.6254246513540312,
        0.6254246513540312,
        0.6254246513540312,
        0.6254246513540312,
        0.6254246513540312,
        0.6254246513540312,
        0.6254246513540312,
        0.6254246513540312,
        0.6259707532240586,
        0.6259707532240586,
        0.6259707532240586,
        0.6259707532240586,
        0.6259707532240586,
        0.6259707532240586,
        0.6259707532240586,
        0.6259707532240586,
        0.6259707532240586,
        0.626016693114186,
        0.626016693114186,
        0.626016693114186,
        0.626016693114186,
        0.6266444104100237,
        0.6266444104100237,
        0.6266444104100237,
        0.6332697766573928,
        0.6332697766573928,
        0.6332697766573928,
        0.6332697766573928,
        0.6348707377347443,
        0.6348707377347443,
        0.6348707377347443,
        0.6348707377347443,
        0.6348707377347443,
        0.6348707377347443,
        0.6505569312716428,
        0.6505569312716428,
        0.6505569312716428,
        0.6505569312716428,
        0.6505569312716428,
        0.6505569312716428,
        0.6539312497805544,
        0.6539312497805544,
        0.6539312497805544,
        0.6539312497805544,
        0.6539312497805544,
        0.6539312497805544,
        0.6539312497805544,
        0.6539312497805544,
        0.6539312497805544,
        0.6618798172367509,
        0.6618798172367509,
        0.6618798172367509,
        0.6618798172367509,
        0.6618798172367509,
        0.6624916795613128,
        0.6624916795613128,
        0.6624916795613128,
        0.6624916795613128,
        0.6651880265720747,
        0.6651880265720747,
        0.6651880265720747,
        0.6651880265720747,
        0.6651880265720747,
        0.6651880265720747,
        0.6651880265720747,
        0.6651880265720747,
        0.6651880265720747,
        0.6651880265720747,
        0.6653986029015544,
        0.6669443200850029,
        0.6669443200850029,
        0.6669443200850029,
        0.6729486379360478,
        0.6754220650634808,
        0.6754220650634808,
        0.6779993255354013,
        0.6798098758786755,
        0.6805100889223284,
        0.6805100889223284,
        0.6805100889223284,
        0.6805100889223284,
        0.6828083764081717,
        0.7056889949049296,
        0.7056889949049296,
        0.7075337462383461,
        0.7075337462383461,
        0.7075337462383461,
        0.7075337462383461,
        0.7075337462383461,
        0.7075337462383461,
        0.7075337462383461,
        0.7075337462383461,
        0.7075337462383461,
        0.7075337462383461,
        0.7122542092840857,
        0.7122542092840857,
        0.7122542092840857,
        0.7122542092840857,
        0.7200366568175034,
        0.7200366568175034,
        0.7200366568175034,
        0.7200366568175034,
        0.7200366568175034,
        0.7200366568175034,
        0.7200366568175034,
        0.7200366568175034,
        0.7200366568175034,
        0.7201809382819045,
        0.7201809382819045,
        0.7234239641261372,
        0.7234239641261372,
        0.7234239641261372,
        0.7234239641261372,
        0.7234239641261372,
        0.7234239641261372,
        0.7234239641261372,
        0.7234239641261372,
        0.7234239641261372,
        0.7234239641261372,
        0.7234239641261372,
        0.7234239641261372,
        0.7234239641261372,
        0.7234239641261372,
        0.7234239641261372,
        0.7234239641261372,
        0.7234239641261372,
        0.7234239641261372,
        0.7234239641261372,
        0.7234239641261372,
        0.7234239641261372,
        0.7234239641261372,
        0.7234239641261372,
        0.7234239641261372,
        0.7234239641261372,
        0.7234239641261372,
        0.7234239641261372,
        0.7234239641261372,
        0.7234239641261372,
        0.7282336758957886,
        0.7282336758957886,
        0.7282336758957886,
        0.7282336758957886
    ],