{
    "bestIndiv": [
        [
            26,
            25,
            27,
            47,
            36,
            21,
            48,
            33,
            37,
            5,
            23,
            4,
            14,
            42,
            3,
            24,
            10,
            51,
            13,
            46,
            28,
            45,
            15,
            49,
            19,
            20,
            30,
            0,
            31,
            35,
            34,
            38,
            39,
            43,
            22,
            29,
            41,
            1,
            6,
            16,
            44,
            18,
            17,
            2,
            40,
            7,
            8,
            9,
            32,
            50,
            11,
            12
        ],
        0.7013758212328913
    ],
    "best": [
        0.28999371619417674,
        0.2933744779456974,
        0.3089435053075938,
        0.3153229064682722,
        0.32620926356493896,
        0.33240887906889227,
        0.3436109995535833,
        0.34387574034273194,
        0.3625113579143313,
        0.38362157445326334,
        0.39821829919254986,
        0.4036228198293056,
        0.4036228198293056,
        0.4047199667115452,
        0.44104251963141244,
        0.4590924880069035,
        0.4590924880069035,
        0.4590924880069035,
        0.4590924880069035,
        0.46856052795604647,
        0.4795831082469492,
        0.4795831082469492,
        0.4795831082469492,
        0.4959860736675838,
        0.4959860736675838,
        0.4959860736675838,
        0.5056991122509764,
        0.5056991122509764,
        0.5056991122509764,
        0.5056991122509764,
        0.5072887036713187,
        0.5128487852496356,
        0.5128487852496356,
        0.5128487852496356,
        0.515416010751638,
        0.5264471281753945,
        0.5264471281753945,
        0.5352652288906949,
        0.5352652288906949,
        0.5352652288906949,
        0.5368271801507949,
        0.5385797865283252,
        0.5385797865283252,
        0.5385797865283252,
        0.5473607652060606,
        0.5484282598041331,
        0.5571621180533264,
        0.5618672306216045,
        0.5656699384253219,
        0.5708898340385536,
        0.5831483807479712,
        0.5855637904709055,
        0.5855637904709055,
        0.5949002657252579,
        0.5949002657252579,
        0.5949002657252579,
        0.5949002657252579,
        0.5949002657252579,
        0.5975307041585927,
        0.5975307041585927,
        0.5976954470947378,
        0.6008713783718743,
        0.6037230872267364,
        0.6037230872267364,
        0.6037230872267364,
        0.6037230872267364,
        0.6037230872267364,
        0.6037230872267364,
        0.6037230872267364,
        0.6037230872267364,
        0.6037230872267364,
        0.6037230872267364,
        0.6037230872267364,
        0.6037230872267364,
        0.6037230872267364,
        0.6037230872267364,
        0.6037230872267364,
        0.6037230872267364,
        0.6037230872267364,
        0.6037230872267364,
        0.6037230872267364,
        0.6037230872267364,
        0.6037230872267364,
        0.6037230872267364,
        0.6037230872267364,
        0.6037230872267364,
        0.6105771049437589,
        0.6105771049437589,
        0.6105771049437589,
        0.6105771049437589,
        0.6226806039889777,
        0.6226806039889777,
        0.6261609632577985,
        0.6296550769521437,
        0.6296550769521437,
        0.6310869236836683,
        0.6310869236836683,
        0.6345632564548034,
        0.6345632564548034,
        0.6345632564548034,
        0.6350284776621378,
        0.6383710180288704,
        0.638841841273458,
        0.638841841273458,
        0.6634000049449126,
        0.664705334084275,
        0.664705334084275,
        0.6652158192349839,
        0.6678593842663405,
        0.6697301319113796,
        0.6713931837149578,
        0.6722787679117125,
        0.6746111749808015,
        0.6809406369732338,
        0.681390106369639,
        0.681390106369639,
        0.681390106369639,
        0.6838227347884313,
        0.6838227347884313,
        0.6838227347884313,
        0.6838227347884313,
        0.6838227347884313,
        0.685512007070656,
        0.685512007070656,
        0.685512007070656,
        0.685512007070656,
        0.685512007070656,
        0.685512007070656,
        0.685512007070656,
        0.685512007070656,
        0.685512007070656,
        0.685512007070656,
        0.685512007070656,
        0.685512007070656,
        0.685512007070656,
        0.685512007070656,
        0.685512007070656,
        0.685512007070656,
        0.685512007070656,
        0.686140125174912,
        0.686140125174912,
        0.686140125174912,
        0.686140125174912,
        0.686140125174912,
        0.686140125174912,
        0.686140125174912,
        0.686140125174912,
        0.686140125174912,
        0.6913532577210592,
        0.6935138954604432,
        0.6935138954604432,
        0.6988401133478739,
        0.6988401133478739,
        0.6988401133478739,
        0.6988401133478739,
        0.6988401133478739,
        0.6988401133478739,
        0.6988401133478739,
        0.6988401133478739,
        0.6988401133478739,
        0.6988401133478739,
        0.6988401133478739,
        0.6988401133478739,
        0.6988401133478739,
        0.6988401133478739,
        0.6988401133478739,
        0.6988401133478739,
        0.6988401133478739,
        0.6988401133478739,
        0.6988401133478739,
        0.6988401133478739,
        0.6988401133478739,
        0.6988401133478739,
        0.6988401133478739,
        0.6988401133478739,
        0.6988401133478739,
        0.6988401133478739,
        0.6988401133478739,
        0.6988401133478739,
        0.6988401133478739,
        0.6988401133478739,
        0.6988401133478739,
        0.6988401133478739,
        0.6988401133478739,
        0.6988401133478739,
        0.6988401133478739,
        0.7007733036017573,
        0.7007733036017573,
        0.7013758212328913,
        0.7013758212328913,
        0.7013758212328913,
        0.7013758212328913,
        0.7013758212328913,
        0.7013758212328913,
        0.7013758212328913,
        0.7013758212328913,
        0.7013758212328913,
        0.7013758212328913,
        0.7013758212328913,
        0.7013758212328913,
        0.7013758212328913
    ],