{
    "bestIndiv": [
        [
            18,
            17,
            2,
            20,
            16,
            1,
            41,
            6,
            29,
            22,
            49,
            30,
            0,
            37,
            4,
            5,
            24,
            25,
            46,
            12,
            13,
            26,
            51,
            10,
            11,
            27,
            50,
            3,
            14,
            38,
            21,
            31,
            48,
            42,
            32,
            8,
            9,
            7,
            40,
            34,
            33,
            45,
            15,
            19,
            28,
            43,
            35,
            47,
            23,
            36,
            39,
            44
        ],
        0.6727959263852883
    ],
    "best": [
        0.3000830371845322,
        0.30267221542982,
        0.3125159136348139,
        0.32365849997956675,
        0.32365849997956675,
        0.3368605451956076,
        0.3368605451956076,
        0.3508086501732142,
        0.35150969415803346,
        0.36632568296508217,
        0.36948604188236606,
        0.3765279665733417,
        0.3765279665733417,
        0.3765279665733417,
        0.37858599149117683,
        0.3822142803100614,
        0.39857405218138103,
        0.39857405218138103,
        0.4048081709353483,
        0.41594930234563804,
        0.41594930234563804,
        0.41594930234563804,
        0.4230606066247129,
        0.4300479913912325,
        0.4333582766886267,
        0.4467795113593065,
        0.4467795113593065,
        0.44775005977445936,
        0.44775005977445936,
        0.4479525005966426,
        0.4479525005966426,
        0.44911327990119404,
        0.4506873401479562,
        0.45804869153724703,
        0.45804869153724703,
        0.46126801771960213,
        0.4706987055227877,
        0.4719769447361808,
        0.4747904828497909,
        0.478341419653197,
        0.478341419653197,
        0.47834141965319704,
        0.4796615634971249,
        0.4796615634971249,
        0.48557701559850464,
        0.49232632225694434,
        0.49232632225694434,
        0.49232632225694434,
        0.49889459513263784,
        0.49889459513263784,
        0.49889459513263784,
        0.5120744870375098,
        0.5120744870375098,
        0.5167420298969297,
        0.5167420298969297,
        0.5280702459309519,
        0.5280702459309519,
        0.5280702459309519,
        0.5280702459309521,
        0.5330353585715975,
        0.5330353585715975,
        0.5330353585715975,
        0.548056071187551,
        0.558417142703979,
        0.558417142703979,
        0.558417142703979,
        0.5584171427039791,
        0.5584171427039791,
        0.5584171427039791,
        0.5584171427039791,
        0.5584171427039791,
        0.5584171427039791,
        0.5625729443399701,
        0.5625729443399701,
        0.5625729443399701,
        0.5625729443399701,
        0.5625729443399701,
        0.5625729443399701,
        0.5650562879466023,
        0.5650562879466023,
        0.5720577124495464,
        0.5881950678238869,
        0.6080366213358877,
        0.6080366213358877,
        0.6092435534884957,
        0.6225003535896355,
        0.6225003535896355,
        0.6225003535896355,
        0.624628147462936,
        0.6250090986173111,
        0.6271541070859256,
        0.6296572099769336,
        0.6296572099769336,
        0.6296572099769336,
        0.6296572099769336,
        0.6296572099769336,
        0.6296572099769336,
        0.6296572099769336,
        0.6296572099769336,
        0.6296572099769336,
        0.6296572099769336,
        0.6296572099769336,
        0.6296572099769336,
        0.6296572099769336,
        0.6453149192585493,
        0.6453149192585493,
        0.6453149192585493,
        0.6453149192585493,
        0.6453149192585493,
        0.6453149192585493,
        0.6453149192585493,
        0.6453149192585493,
        0.6453149192585493,
        0.6453149192585493,
        0.6453149192585493,
        0.6527935011112967,
        0.6527935011112967,
        0.6527935011112967,
        0.6527935011112967,
        0.6527935011112967,
        0.6527935011112967,
        0.6527935011112967,
        0.6527935011112967,
        0.6527935011112967,
        0.6527935011112967,
        0.6527935011112967,
        0.6527935011112967,
        0.6527935011112967,
        0.6527935011112967,
        0.6527935011112967,
        0.6527935011112967,
        0.6527935011112967,
        0.6527935011112967,
        0.6527935011112967,
        0.6569462799866449,
        0.6569462799866449,
        0.6569462799866449,
        0.65740629625975,
        0.65740629625975,
        0.65740629625975,
        0.65740629625975,
        0.65740629625975,
        0.65740629625975,
        0.65740629625975,
        0.65740629625975,
        0.65740629625975,
        0.65740629625975,
        0.6575387340262803,
        0.6575387340262803,
        0.6575387340262803,
        0.661059425627758,
        0.661059425627758,
        0.6615254780490765,
        0.6615254780490765,
        0.6615254780490765,
        0.6615254780490765,
        0.6615254780490765,
        0.6615254780490765,
        0.6615254780490765,
        0.6615254780490765,
        0.6615254780490765,
        0.6615254780490765,
        0.6615254780490765,
        0.6615254780490765,
        0.6615254780490765,
        0.6615254780490765,
        0.6647882380667262,
        0.6647882380667262,
        0.6647882380667262,
        0.6647882380667262,
        0.6647882380667262,
        0.6651181350892915,
        0.6651181350892915,
        0.6651181350892915,
        0.6651181350892915,
        0.6653143487485373,
        0.6653143487485373,
        0.6653143487485373,
        0.6653143487485373,
        0.6653143487485373,
        0.6699480248072355,
        0.6699480248072355,
        0.6701470989300063,
        0.6701470989300063,
        0.6701470989300063,
        0.6701470989300063,
        0.6701470989300063,
        0.6701470989300063,
        0.6701470989300063,
        0.6701470989300063,
        0.6701470989300063,
        0.6703317355884552,
        0.6703317355884552,
        0.6703317355884552,
        0.6703317355884552,
        0.6703317355884552,
        0.6703317355884552,
        0.6703317355884552,
        0.6703317355884552,
        0.6727959263852883,
        0.6727959263852883
    ],