{
    "bestIndiv": [
        [
            48,
            31,
            0,
            21,
            30,
            17,
            16,
            2,
            18,
            44,
            32,
            9,
            8,
            7,
            40,
            42,
            3,
            50,
            11,
            25,
            46,
            45,
            43,
            38,
            39,
            37,
            36,
            35,
            34,
            20,
            22,
            29,
            6,
            1,
            41,
            19,
            49,
            28,
            15,
            27,
            12,
            13,
            51,
            10,
            26,
            24,
            14,
            5,
            4,
            23,
            47,
            33
        ],
        0.7002481978010275
    ],
    "best": [
        0.2856811492242353,
        0.29389220163896906,
        0.30808894015645905,
        0.32780280312144516,
        0.3283891116575706,
        0.3378084430231339,
        0.3378084430231339,
        0.3429471717034269,
        0.3521789049451285,
        0.36747746654671487,
        0.36747746654671487,
        0.37798061806103617,
        0.39905770664238766,
        0.39905770664238766,
        0.41300380872750725,
        0.4294834231991646,
        0.4294834231991646,
        0.4294834231991646,
        0.434557175188921,
        0.44089934911657874,
        0.4460026396421483,
        0.46112792347734766,
        0.47062152810175295,
        0.4740208258539252,
        0.4832884322676004,
        0.48611480017840275,
        0.49135619996688423,
        0.49135619996688423,
        0.49526335574951624,
        0.5070311170959617,
        0.5070311170959617,
        0.5267856399851195,
        0.5267856399851195,
        0.5267856399851196,
        0.5297089248905216,
        0.5297089248905216,
        0.5302666509584272,
        0.5330123630267065,
        0.5400034604121066,
        0.540180687412821,
        0.5434970095579926,
        0.5509895015118471,
        0.5540881300266789,
        0.5613337550355639,
        0.5613337550355639,
        0.5657598212699505,
        0.5668741112499374,
        0.5668741112499374,
        0.5668741112499374,
        0.5668741112499374,
        0.5668741112499374,
        0.5668741112499374,
        0.573390958979728,
        0.575329253301676,
        0.5921055283854186,
        0.5921055283854186,
        0.5960574575654369,
        0.5960574575654369,
        0.5960574575654369,
        0.6001502701969808,
        0.6081392352542946,
        0.6085877671350441,
        0.6164069522732326,
        0.6184867639093038,
        0.6226850044258101,
        0.6226850044258101,
        0.6226850044258101,
        0.6254957917845488,
        0.6271623924276695,
        0.6271623924276695,
        0.6271623924276695,
        0.6308383751978315,
        0.6308383751978315,
        0.6308383751978315,
        0.6308383751978315,
        0.6315380917019323,
        0.637219475244241,
        0.637219475244241,
        0.637219475244241,
        0.637219475244241,
        0.637219475244241,
        0.6384143873253051,
        0.6399203210627892,
        0.6433720508948421,
        0.6484421243380747,
        0.6484421243380747,
        0.6484421243380747,
        0.6484421243380747,
        0.6484421243380747,
        0.6484421243380747,
        0.6484421243380747,
        0.6484421243380747,
        0.6538664339901022,
        0.6538664339901022,
        0.6538664339901022,
        0.6550585819812915,
        0.6574555648864142,
        0.6574555648864142,
        0.6574555648864142,
        0.6574555648864142,
        0.6574555648864142,
        0.6617632769064605,
        0.6617632769064605,
        0.6617632769064605,
        0.6617632769064605,
        0.6617632769064605,
        0.6617632769064605,
        0.6656288243000491,
        0.6656288243000491,
        0.6656288243000491,
        0.6656288243000491,
        0.6656288243000491,
        0.6656288243000491,
        0.6664707480291979,
        0.6703916493037465,
        0.6703916493037465,
        0.6765207900945803,
        0.6765207900945803,
        0.6765207900945803,
        0.6765207900945803,
        0.6765207900945803,
        0.6765207900945803,
        0.6765207900945803,
        0.6765207900945803,
        0.6765207900945803,
        0.6765207900945803,
        0.6765207900945803,
        0.6765207900945803,
        0.6765207900945803,
        0.6765207900945803,
        0.6765207900945803,
        0.6765207900945803,
        0.6765207900945803,
        0.6765207900945803,
        0.6765207900945803,
        0.6765207900945803,
        0.6765207900945803,
        0.6765207900945803,
        0.6765207900945803,
        0.6765207900945803,
        0.6765207900945803,
        0.6781822778666766,
        0.6781822778666766,
        0.6821107990165155,
        0.6821107990165155,
        0.6821107990165155,
        0.6821107990165155,
        0.6821107990165155,
        0.6821107990165155,
        0.6821107990165155,
        0.6821107990165155,
        0.6821107990165155,
        0.6821107990165155,
        0.686144199503736,
        0.686144199503736,
        0.686144199503736,
        0.686144199503736,
        0.686144199503736,
        0.686144199503736,
        0.686144199503736,
        0.686144199503736,
        0.686144199503736,
        0.686144199503736,
        0.686144199503736,
        0.6899167937298055,
        0.6899167937298055,
        0.6899167937298055,
        0.6899167937298055,
        0.6899167937298055,
        0.6956526456313924,
        0.6956526456313924,
        0.6956526456313924,
        0.6995308195130571,
        0.6995308195130571,
        0.6995308195130571,
        0.6995308195130571,
        0.6995308195130571,
        0.6995308195130571,
        0.6995308195130571,
        0.6995308195130571,
        0.6995308195130571,
        0.6995308195130571,
        0.6995308195130571,
        0.6995308195130571,
        0.6995308195130571,
        0.6995308195130571,
        0.6995308195130571,
        0.6995308195130571,
        0.6995308195130571,
        0.6995308195130571,
        0.6995308195130571,
        0.7002481978010275,
        0.7002481978010275,
        0.7002481978010275,
        0.7002481978010275,
        0.7002481978010275,
        0.7002481978010275,
        0.7002481978010275,
        0.7002481978010275,
        0.7002481978010275,
        0.7002481978010275
    ],