{
    "bestIndiv": [
        [
            45,
            46,
            24,
            38,
            35,
            0,
            21,
            48,
            44,
            2,
            17,
            30,
            16,
            6,
            41,
            1,
            13,
            51,
            12,
            25,
            26,
            27,
            50,
            10,
            11,
            47,
            4,
            14,
            3,
            5,
            23,
            43,
            15,
            28,
            19,
            49,
            22,
            29,
            20,
            31,
            34,
            33,
            37,
            32,
            9,
            8,
            7,
            40,
            18,
            42,
            39,
            36
        ],
        0.6378085321172712
    ],
    "best": [
        0.2953321428489969,
        0.2967459204085784,
        0.3146864373393092,
        0.33270840106345045,
        0.34238298297920516,
        0.3612513338430584,
        0.3612513338430584,
        0.3612513338430584,
        0.37418822970706594,
        0.3805826459542411,
        0.4020627596860374,
        0.4020627596860374,
        0.4090430850622884,
        0.4090430850622884,
        0.4090430850622884,
        0.4225593814315643,
        0.4225593814315643,
        0.4254381336357991,
        0.425993911288838,
        0.4511092544185572,
        0.4511092544185572,
        0.45917300181781195,
        0.4678289119766512,
        0.4724382569749554,
        0.4836959582949989,
        0.4836959582949989,
        0.5000557979447396,
        0.5000557979447396,
        0.5000557979447396,
        0.5094369701059096,
        0.5211110406543639,
        0.5211110406543639,
        0.530712328357864,
        0.530712328357864,
        0.5343604858815773,
        0.5402240651094907,
        0.5411268642182275,
        0.5411268642182275,
        0.5411268642182275,
        0.5488593227377033,
        0.5503857753529681,
        0.5503857753529681,
        0.5503857753529682,
        0.5503857753529682,
        0.5515263907670737,
        0.5515769571134614,
        0.5515769571134614,
        0.5515769571134614,
        0.5515769571134616,
        0.5532424297936844,
        0.5564271634156116,
        0.5571316307679163,
        0.5631860521320994,
        0.5631860521320994,
        0.5631860521320994,
        0.5712382489404024,
        0.5712382489404024,
        0.5778988409849636,
        0.5856320684447092,
        0.5856320684447092,
        0.5856320684447092,
        0.5856320684447092,
        0.5856320684447092,
        0.5864188248451594,
        0.5864188248451594,
        0.5870247752000071,
        0.5870247752000071,
        0.5878060787061942,
        0.5936263636279967,
        0.5936263636279967,
        0.5954760674741845,
        0.5959820683625241,
        0.5959820683625241,
        0.5959820683625241,
        0.5959820683625241,
        0.5959820683625241,
        0.611716234882472,
        0.611716234882472,
        0.611716234882472,
        0.611716234882472,
        0.611716234882472,
        0.6157950463336341,
        0.6157950463336341,
        0.6157950463336341,
        0.6165300733247816,
        0.6165300733247816,
        0.6259955967102835,
        0.6259955967102836,
        0.6259955967102836,
        0.6259955967102836,
        0.62600253210604,
        0.62600253210604,
        0.62600253210604,
        0.62600253210604,
        0.62600253210604,
        0.62600253210604,
        0.62600253210604,
        0.62600253210604,
        0.62600253210604,
        0.62600253210604,
        0.62600253210604,
        0.62600253210604,
        0.62600253210604,
        0.62600253210604,
        0.62600253210604,
        0.62600253210604,
        0.62600253210604,
        0.62600253210604,
        0.62600253210604,
        0.62600253210604,
        0.62600253210604,
        0.62600253210604,
        0.62600253210604,
        0.62600253210604,
        0.62600253210604,
        0.62600253210604,
        0.62600253210604,
        0.62600253210604,
        0.62600253210604,
        0.62600253210604,
        0.62600253210604,
        0.62600253210604,
        0.62600253210604,
        0.62600253210604,
        0.62600253210604,
        0.62600253210604,
        0.62600253210604,
        0.62600253210604,
        0.62600253210604,
        0.62600253210604,
        0.626634608726226,
        0.6278754199330534,
        0.6278754199330534,
        0.6278754199330534,
        0.6278754199330534,
        0.6280733735789916,
        0.6340081051861293,
        0.6340081051861293,
        0.6340081051861293,
        0.6346564600520077,
        0.6346564600520077,
        0.6346564600520077,
        0.6346564600520077,
        0.6346564600520077,
        0.6346564600520077,
        0.6346564600520077,
        0.6346564600520077,
        0.6346564600520077,
        0.6346564600520077,
        0.6346564600520077,
        0.6346564600520077,
        0.6346564600520077,
        0.6346564600520077,
        0.6346564600520077,
        0.6346564600520077,
        0.6346564600520077,
        0.6346564600520077,
        0.6346564600520077,
        0.6346564600520077,
        0.6346564600520077,
        0.6346564600520077,
        0.6346564600520077,
        0.6368368476824321,
        0.6374910039458952,
        0.6374910039458952,
        0.6374910039458952,
        0.6374910039458952,
        0.6374910039458952,
        0.6374910039458952,
        0.6374910039458952,
        0.6374910039458952,
        0.6374910039458952,
        0.6374910039458952,
        0.6374910039458952,
        0.6374910039458952,
        0.6374910039458952,
        0.6374910039458952,
        0.6374910039458952,
        0.6374910039458952,
        0.6374910039458952,
        0.6374910039458952,
        0.6374910039458952,
        0.6374910039458952,
        0.6374910039458952,
        0.6374910039458952,
        0.6374910039458952,
        0.6374910039458952,
        0.6374910039458952,
        0.6374910039458952,
        0.6374910039458952,
        0.6374910039458952,
        0.6374910039458952,
        0.6378085321172712,
        0.6378085321172712,
        0.6378085321172712,
        0.6378085321172712,
        0.6378085321172712,
        0.6378085321172712,
        0.6378085321172712,
        0.6378085321172712,
        0.6378085321172712
    ],