{
    "bestIndiv": [
        [
            1,
            41,
            20,
            16,
            17,
            2,
            40,
            44,
            7,
            8,
            9,
            32,
            24,
            45,
            47,
            37,
            39,
            38,
            31,
            48,
            43,
            25,
            46,
            13,
            51,
            12,
            26,
            10,
            50,
            3,
            4,
            42,
            18,
            23,
            5,
            14,
            33,
            21,
            22,
            19,
            28,
            49,
            15,
            11,
            27,
            36,
            35,
            34,
            0,
            30,
            29,
            6
        ],
        0.6523503910426051
    ],
    "best": [
        0.2878499221581428,
        0.29120176742854464,
        0.30652898133772816,
        0.32056066235394204,
        0.3292256434891949,
        0.3292256434891949,
        0.3361052410693392,
        0.3609428360225455,
        0.36153505888480486,
        0.36153505888480486,
        0.36439950964350915,
        0.3672734157010295,
        0.38102538082549303,
        0.3863599542021509,
        0.39255502719557284,
        0.4019572391465198,
        0.4019572391465198,
        0.4173077712836912,
        0.4181420141507939,
        0.4206619297264391,
        0.435535809942188,
        0.4414269233454638,
        0.4414269233454638,
        0.4482588198613626,
        0.4503400268882709,
        0.45262410610546705,
        0.45262410610546705,
        0.45262410610546705,
        0.463065012802482,
        0.463065012802482,
        0.4720358698783998,
        0.47375936105337896,
        0.47375936105337896,
        0.48049157164602796,
        0.490056458399546,
        0.49798886055867375,
        0.49798886055867375,
        0.49798886055867375,
        0.49961870163466787,
        0.5008184670300515,
        0.5077945926789011,
        0.5078662914494673,
        0.5098861463549377,
        0.5142348343616049,
        0.5202818251002893,
        0.5202818251002893,
        0.5234279251934177,
        0.5237758252217732,
        0.5237758252217732,
        0.5269644525322339,
        0.5298879886544346,
        0.5298879886544346,
        0.5326047912351785,
        0.538531250878272,
        0.5447624166092919,
        0.5447624166092919,
        0.5447624166092919,
        0.552911340697703,
        0.552911340697703,
        0.555870018581146,
        0.555870018581146,
        0.5558700185811462,
        0.5628212697868725,
        0.5628212697868725,
        0.5628212697868725,
        0.5628212697868725,
        0.5628212697868725,
        0.5628212697868725,
        0.5681420583381618,
        0.5681420583381618,
        0.5681420583381618,
        0.5681420583381618,
        0.5701641226990273,
        0.5701641226990273,
        0.5701641226990273,
        0.5701641226990273,
        0.5701641226990273,
        0.5701641226990273,
        0.5701641226990273,
        0.5740107265714636,
        0.5740107265714636,
        0.5798767594456222,
        0.5798767594456222,
        0.5832175916071257,
        0.5832175916071257,
        0.5832175916071257,
        0.5847952908208336,
        0.5847952908208336,
        0.5847952908208336,
        0.5856681376056503,
        0.5856681376056503,
        0.5856681376056503,
        0.5856681376056503,
        0.5856681376056503,
        0.5856681376056503,
        0.5856681376056503,
        0.5856681376056503,
        0.5856681376056503,
        0.5856681376056503,
        0.5856681376056503,
        0.5856681376056503,
        0.5856681376056503,
        0.5856681376056503,
        0.5856681376056503,
        0.5856681376056503,
        0.5856681376056503,
        0.5856681376056503,
        0.5856681376056503,
        0.5856681376056503,
        0.5856681376056503,
        0.5856681376056503,
        0.5856681376056503,
        0.5856681376056503,
        0.590458871076433,
        0.590458871076433,
        0.590458871076433,
        0.590458871076433,
        0.5915864885190985,
        0.5915864885190985,
        0.5915864885190985,
        0.5954133080111782,
        0.5954133080111782,
        0.5972559207795088,
        0.5972559207795088,
        0.6013301424528693,
        0.6013301424528693,
        0.602443575342929,
        0.6047604648990361,
        0.6047604648990361,
        0.6047604648990361,
        0.605638272567611,
        0.6065829853227529,
        0.6065829853227529,
        0.6087476132825421,
        0.6087476132825421,
        0.6087476132825421,
        0.6092388107736995,
        0.6092388107736995,
        0.6092388107736995,
        0.6092388107736995,
        0.6092388107736995,
        0.6092388107736995,
        0.6092388107736995,
        0.6092388107736995,
        0.6092388107736995,
        0.6092388107736995,
        0.6092388107736995,
        0.6092388107736995,
        0.6092388107736995,
        0.6092388107736995,
        0.6092388107736995,
        0.6092388107736995,
        0.6156813247655483,
        0.6171311672522176,
        0.6171311672522176,
        0.6226919384377061,
        0.6226919384377061,
        0.6226919384377061,
        0.6226919384377061,
        0.6226919384377061,
        0.6243122520031638,
        0.6243122520031638,
        0.6249379471808405,
        0.6261675470985718,
        0.6261675470985718,
        0.6282624131573727,
        0.6282624131573727,
        0.630246622218661,
        0.630246622218661,
        0.630246622218661,
        0.6314796169548708,
        0.6342724785470538,
        0.6342724785470539,
        0.6342724785470539,
        0.6342724785470539,
        0.6349058828971292,
        0.6353890314539742,
        0.6353890314539742,
        0.6353890314539742,
        0.6466968349538796,
        0.6466968349538796,
        0.6466968349538796,
        0.6466968349538796,
        0.6486371005004631,
        0.6486371005004631,
        0.6486371005004631,
        0.6486371005004631,
        0.6486371005004631,
        0.6486371005004631,
        0.6486371005004631,
        0.6486371005004631,
        0.6486371005004631,
        0.6523503910426051,
        0.6523503910426051,
        0.6523503910426051,
        0.6523503910426051,
        0.6523503910426051,
        0.6523503910426051,
        0.6523503910426051,
        0.6523503910426051,
        0.6523503910426051
    ],