{
    "bestIndiv": [
        [
            47,
            23,
            5,
            14,
            42,
            44,
            18,
            40,
            7,
            8,
            9,
            32,
            50,
            10,
            27,
            25,
            46,
            51,
            13,
            12,
            26,
            11,
            24,
            3,
            36,
            35,
            34,
            43,
            45,
            15,
            28,
            29,
            22,
            19,
            49,
            33,
            37,
            38,
            21,
            48,
            31,
            0,
            30,
            17,
            2,
            16,
            20,
            1,
            6,
            41,
            4,
            39
        ],
        0.7672372353049236
    ],
    "best": [
        0.2990230781085101,
        0.3021699565672501,
        0.3160757423555654,
        0.3187602476591889,
        0.3274407702049412,
        0.3290639065870364,
        0.3424424011842517,
        0.34513937601285494,
        0.3536261205468901,
        0.35978809325364225,
        0.38091892190627824,
        0.38091892190627824,
        0.42044150425494065,
        0.43086365707956586,
        0.43208898754061514,
        0.43510255667965836,
        0.4393308415872676,
        0.4393308415872676,
        0.44728162034198654,
        0.4557487897106119,
        0.46055159222688047,
        0.47024446236220335,
        0.47024446236220335,
        0.47024446236220335,
        0.47367763399673035,
        0.48281983176123483,
        0.48959077636156595,
        0.48959077636156595,
        0.4995511908666342,
        0.5006007364009913,
        0.5124259502528405,
        0.5124259502528405,
        0.5132380925543318,
        0.5298221239638017,
        0.5298221239638017,
        0.537792522724969,
        0.54443123138756,
        0.54443123138756,
        0.5452869736118191,
        0.5500329427997367,
        0.5500329427997367,
        0.5593888439899491,
        0.5593888439899491,
        0.5593888439899491,
        0.5633640291112355,
        0.5680640658264213,
        0.5680640658264213,
        0.5680640658264213,
        0.5680640658264214,
        0.5826872966244032,
        0.5826872966244032,
        0.5905222696483319,
        0.5976627120577788,
        0.5976627120577788,
        0.5976627120577788,
        0.5980451941454966,
        0.6017272788815934,
        0.604791715668345,
        0.6132367157472904,
        0.6132367157472904,
        0.6132367157472904,
        0.6132367157472904,
        0.6132367157472904,
        0.6132367157472904,
        0.6132367157472904,
        0.6138424185977828,
        0.6138424185977828,
        0.6168425376039355,
        0.6168425376039355,
        0.6168425376039355,
        0.6174553880011077,
        0.6174553880011077,
        0.6181694017797826,
        0.6181694017797826,
        0.6187848928817328,
        0.6187848928817328,
        0.6187848928817328,
        0.6198682520363303,
        0.6198682520363303,
        0.6198682520363303,
        0.6198682520363303,
        0.6198682520363303,
        0.6198682520363303,
        0.6198682520363303,
        0.6198682520363303,
        0.6198682520363303,
        0.6198682520363303,
        0.6198682520363303,
        0.6198682520363303,
        0.6198682520363303,
        0.6198682520363303,
        0.6288340999365355,
        0.6288340999365355,
        0.6288340999365355,
        0.6305062752447422,
        0.6305062752447422,
        0.6351853992939156,
        0.6351853992939156,
        0.6369100492864684,
        0.6369100492864684,
        0.6369100492864684,
        0.6375243581833648,
        0.6393096988680825,
        0.6401171081335985,
        0.6437593896127299,
        0.6437593896127299,
        0.6437593896127299,
        0.6483650064047454,
        0.6631337531435962,
        0.6786940943997777,
        0.6896121379217263,
        0.6896121379217263,
        0.6896121379217263,
        0.6957415831193527,
        0.6957415831193527,
        0.7072196334264612,
        0.716776961128991,
        0.716776961128991,
        0.716776961128991,
        0.716776961128991,
        0.716776961128991,
        0.716776961128991,
        0.716776961128991,
        0.716776961128991,
        0.716776961128991,
        0.716776961128991,
        0.716776961128991,
        0.716776961128991,
        0.716776961128991,
        0.716776961128991,
        0.716776961128991,
        0.716776961128991,
        0.716776961128991,
        0.716776961128991,
        0.716776961128991,
        0.716776961128991,
        0.716776961128991,
        0.716776961128991,
        0.716776961128991,
        0.716776961128991,
        0.716776961128991,
        0.716776961128991,
        0.716776961128991,
        0.7278639977615271,
        0.7278639977615271,
        0.7278639977615271,
        0.7664668752489402,
        0.7664668752489402,
        0.7664668752489402,
        0.7664668752489402,
        0.7664668752489402,
        0.7664668752489402,
        0.7664668752489402,
        0.7664668752489402,
        0.7664668752489402,
        0.7664668752489402,
        0.7664668752489402,
        0.7664668752489402,
        0.7664668752489402,
        0.7664668752489402,
        0.7664668752489402,
        0.7664668752489402,
        0.7664668752489402,
        0.7664668752489402,
        0.7664668752489402,
        0.7664668752489402,
        0.7664668752489402,
        0.7664668752489402,
        0.7664668752489402,
        0.7664668752489402,
        0.7664668752489402,
        0.7664668752489402,
        0.7664668752489402,
        0.7664668752489402,
        0.7672372353049236,
        0.7672372353049236,
        0.7672372353049236,
        0.7672372353049236,
        0.7672372353049236,
        0.7672372353049236,
        0.7672372353049236,
        0.7672372353049236,
        0.7672372353049236,
        0.7672372353049236,
        0.7672372353049236,
        0.7672372353049236,
        0.7672372353049236,
        0.7672372353049236,
        0.7672372353049236,
        0.7672372353049236,
        0.7672372353049236,
        0.7672372353049236,
        0.7672372353049236,
        0.7672372353049236,
        0.7672372353049236,
        0.7672372353049236,
        0.7672372353049236,
        0.7672372353049236,
        0.7672372353049236,
        0.7672372353049236,
        0.7672372353049236
    ],