{
    "bestIndiv": [
        [
            29,
            20,
            16,
            6,
            1,
            41,
            15,
            47,
            23,
            5,
            4,
            44,
            31,
            21,
            30,
            17,
            2,
            40,
            18,
            3,
            24,
            11,
            50,
            10,
            51,
            26,
            27,
            25,
            12,
            13,
            46,
            45,
            36,
            39,
            7,
            8,
            9,
            42,
            32,
            14,
            37,
            38,
            48,
            0,
            35,
            34,
            33,
            43,
            28,
            49,
            19,
            22
        ],
        0.7123350479111297
    ],
    "best": [
        0.293365696484161,
        0.2941507905765504,
        0.3010951140891911,
        0.31099887780199964,
        0.3215677181413453,
        0.3215677181413453,
        0.34246489755358916,
        0.34246489755358916,
        0.3552537451199785,
        0.36183815935771685,
        0.3844030375335896,
        0.3844030375335896,
        0.3866658033253005,
        0.3866658033253005,
        0.3911903468138289,
        0.3953072014214824,
        0.3953072014214824,
        0.4001413738694983,
        0.43466141537272224,
        0.43634188156014503,
        0.4595116442479265,
        0.4595116442479265,
        0.4595116442479265,
        0.4595116442479265,
        0.4694689431661974,
        0.46946894316619747,
        0.5200649380663478,
        0.5200649380663478,
        0.5200649380663478,
        0.5328559695222721,
        0.5328559695222721,
        0.5430237028754242,
        0.5430237028754242,
        0.552598867216361,
        0.552598867216361,
        0.552598867216361,
        0.5531468070395117,
        0.5531468070395117,
        0.5538389312465836,
        0.5538389312465836,
        0.5603839475375348,
        0.5603839475375348,
        0.5727271604812394,
        0.5752899697675122,
        0.5752899697675122,
        0.5752899697675122,
        0.5763905949997582,
        0.5819486111441516,
        0.5821353488718725,
        0.5821353488718725,
        0.5900532071220853,
        0.5900532071220853,
        0.5900532071220853,
        0.5900532071220853,
        0.5918072947347793,
        0.5918072947347793,
        0.5918072947347793,
        0.6020898427810697,
        0.6020898427810697,
        0.6020898427810697,
        0.6020898427810697,
        0.6020898427810697,
        0.6020898427810697,
        0.6020898427810697,
        0.6020898427810697,
        0.6020898427810697,
        0.6020898427810697,
        0.6020898427810697,
        0.6020898427810697,
        0.6020898427810697,
        0.6020898427810697,
        0.6020898427810697,
        0.6020898427810697,
        0.6065745745086025,
        0.6065745745086025,
        0.6065745745086025,
        0.6065745745086025,
        0.6065745745086025,
        0.6065745745086025,
        0.6065745745086025,
        0.6065745745086025,
        0.6065745745086025,
        0.6135391971267682,
        0.6135391971267682,
        0.6135391971267682,
        0.621630261560473,
        0.6216302615604731,
        0.6220065484886199,
        0.6220065484886199,
        0.6220065484886199,
        0.6220822249989416,
        0.6220822249989416,
        0.6220822249989416,
        0.6281825312668051,
        0.628259718134685,
        0.6329385217010641,
        0.6329385217010641,
        0.6337236435380371,
        0.6337236435380371,
        0.6337236435380371,
        0.6496653308283613,
        0.6496653308283613,
        0.6496653308283613,
        0.6496653308283613,
        0.6496653308283613,
        0.6496653308283613,
        0.6555937056026646,
        0.6555937056026646,
        0.6747658113658632,
        0.6747658113658632,
        0.6747658113658632,
        0.6747658113658632,
        0.6747658113658632,
        0.6747658113658632,
        0.6747658113658632,
        0.6747658113658632,
        0.6747658113658632,
        0.6747658113658632,
        0.6747658113658632,
        0.6747658113658632,
        0.6747658113658632,
        0.6747658113658632,
        0.6747658113658632,
        0.6747658113658632,
        0.6747658113658632,
        0.6747658113658632,
        0.6768676133733896,
        0.6768676133733896,
        0.6781444538180701,
        0.6781444538180701,
        0.6781444538180701,
        0.6781444538180701,
        0.6781444538180701,
        0.6781444538180701,
        0.6781444538180701,
        0.6781444538180701,
        0.6781444538180701,
        0.6781444538180701,
        0.6781444538180701,
        0.6781444538180701,
        0.6781444538180701,
        0.6781444538180701,
        0.6781444538180701,
        0.6781444538180701,
        0.6781444538180701,
        0.6781444538180701,
        0.6781444538180701,
        0.6781444538180701,
        0.6781444538180701,
        0.6899174792364354,
        0.6899174792364354,
        0.6899174792364354,
        0.6916513816976583,
        0.6916513816976583,
        0.6954234420961657,
        0.6954234420961657,
        0.6954234420961657,
        0.6954234420961657,
        0.6954234420961657,
        0.6954234420961657,
        0.6954234420961657,
        0.6954234420961657,
        0.6990126724003675,
        0.6990126724003675,
        0.6990126724003675,
        0.7029175474856073,
        0.7065847559569063,
        0.7065847559569063,
        0.7065847559569063,
        0.7065847559569063,
        0.7065847559569063,
        0.7065847559569063,
        0.7065847559569063,
        0.7065847559569063,
        0.7065847559569063,
        0.7065847559569063,
        0.7065847559569063,
        0.7065847559569063,
        0.7065847559569063,
        0.7065847559569063,
        0.7065847559569063,
        0.7065847559569063,
        0.7065847559569063,
        0.7065847559569063,
        0.7065847559569063,
        0.7065847559569063,
        0.7065847559569063,
        0.7065847559569063,
        0.7065847559569063,
        0.7065847559569063,
        0.7065847559569063,
        0.7065847559569063,
        0.7123350479111297,
        0.7123350479111297,
        0.7123350479111297,
        0.7123350479111297,
        0.7123350479111297,
        0.7123350479111297,
        0.7123350479111297,
        0.7123350479111297,
        0.7123350479111297
    ],