{
    "bestIndiv": [
        [
            47,
            37,
            39,
            36,
            33,
            43,
            15,
            28,
            49,
            19,
            16,
            41,
            1,
            6,
            29,
            20,
            0,
            35,
            34,
            48,
            21,
            2,
            18,
            44,
            42,
            3,
            23,
            24,
            5,
            4,
            14,
            38,
            22,
            30,
            17,
            31,
            40,
            7,
            8,
            9,
            32,
            10,
            50,
            11,
            27,
            25,
            26,
            12,
            51,
            13,
            46,
            45
        ],
        0.742449579342136
    ],
    "best": [
        0.2861159382151202,
        0.2911355690136039,
        0.31285195173429564,
        0.31285195173429564,
        0.3251330934397379,
        0.3251330934397379,
        0.33396318120601465,
        0.34356246689419867,
        0.34924571368817525,
        0.34924571368817525,
        0.3785187870472156,
        0.3964183920930904,
        0.3964183920930904,
        0.42195157698114144,
        0.42470529386731315,
        0.4268680463132402,
        0.4343725553535153,
        0.43532839519684813,
        0.43532839519684813,
        0.4521922772478473,
        0.4521922772478473,
        0.4521922772478473,
        0.45686266617314686,
        0.46188452307548455,
        0.46543803541738765,
        0.4671899537637851,
        0.48191732681863675,
        0.48191732681863675,
        0.4988235275142059,
        0.4988235275142059,
        0.4988235275142059,
        0.4988235275142059,
        0.4988235275142059,
        0.5047400031095214,
        0.5081422911414712,
        0.5112120148157762,
        0.5130791839811768,
        0.5130791839811768,
        0.5130791839811768,
        0.5306841386715081,
        0.5317800214192057,
        0.5317800214192057,
        0.5342592290752705,
        0.5374752693482153,
        0.545212936983648,
        0.5539683340961465,
        0.5539683340961465,
        0.5539683340961465,
        0.5594463411568313,
        0.5594463411568313,
        0.5594463411568313,
        0.5629062193004032,
        0.5629062193004032,
        0.5668568221546126,
        0.5668568221546126,
        0.5668921200975678,
        0.5756625112594174,
        0.5916482336586653,
        0.5916482336586653,
        0.594399743293746,
        0.594399743293746,
        0.6153226785644513,
        0.6153522918051324,
        0.6235531630244644,
        0.6235531630244644,
        0.6315726145451603,
        0.6315726145451603,
        0.6315726145451603,
        0.6315726145451603,
        0.6315726145451603,
        0.6315726145451603,
        0.6315726145451603,
        0.6315726145451603,
        0.6315726145451603,
        0.6315726145451603,
        0.6315726145451603,
        0.6315726145451603,
        0.6315726145451603,
        0.6315726145451603,
        0.6315726145451603,
        0.6315726145451603,
        0.6315726145451603,
        0.6322653984627818,
        0.6354008539643301,
        0.6538100383287052,
        0.6538100383287052,
        0.6538100383287053,
        0.6538100383287053,
        0.6538100383287053,
        0.6538100383287053,
        0.6538100383287053,
        0.6538100383287053,
        0.6538100383287053,
        0.6538100383287053,
        0.6538100383287053,
        0.6538100383287053,
        0.6538100383287053,
        0.6538100383287053,
        0.6538100383287053,
        0.6538100383287053,
        0.6538100383287053,
        0.6538100383287053,
        0.657778281499447,
        0.6646991956848881,
        0.6688011358272792,
        0.6688011358272792,
        0.6688011358272792,
        0.6688011358272792,
        0.6688011358272792,
        0.6699668397074013,
        0.6699668397074013,
        0.6972298326186008,
        0.6972298326186008,
        0.6972298326186008,
        0.6973235228644573,
        0.7009368615545161,
        0.7009368615545161,
        0.7009368615545161,
        0.7009368615545161,
        0.7009368615545161,
        0.7009368615545161,
        0.7009368615545161,
        0.7084111273437347,
        0.7084111273437347,
        0.7084111273437347,
        0.7107596129329602,
        0.7107596129329602,
        0.7107596129329602,
        0.7107596129329602,
        0.7107596129329602,
        0.7107596129329602,
        0.7331527005815652,
        0.7331527005815652,
        0.7331527005815652,
        0.7331527005815652,
        0.7366863522731912,
        0.7366863522731912,
        0.7366863522731912,
        0.7377717831412823,
        0.7377717831412823,
        0.7383245839135965,
        0.7383245839135965,
        0.7383245839135965,
        0.7383683129119247,
        0.7383683129119247,
        0.7383683129119247,
        0.7383683129119247,
        0.7383683129119247,
        0.7383683129119247,
        0.7383683129119247,
        0.7383683129119247,
        0.7383683129119247,
        0.7383683129119247,
        0.7383683129119247,
        0.7383683129119247,
        0.7383683129119247,
        0.7383683129119247,
        0.7383683129119247,
        0.7383683129119247,
        0.7383683129119247,
        0.7383683129119247,
        0.7383683129119247,
        0.7383683129119247,
        0.7383683129119247,
        0.7383683129119247,
        0.7383683129119247,
        0.7383683129119247,
        0.7383683129119247,
        0.7383683129119247,
        0.7383683129119247,
        0.7383683129119247,
        0.7383683129119247,
        0.7383683129119247,
        0.7383683129119247,
        0.7383683129119247,
        0.7383683129119247,
        0.7383683129119247,
        0.7383683129119247,
        0.7383683129119247,
        0.7383683129119247,
        0.7383683129119247,
        0.7383683129119247,
        0.7383683129119247,
        0.7383683129119247,
        0.7383683129119247,
        0.742449579342136,
        0.742449579342136,
        0.742449579342136,
        0.742449579342136,
        0.742449579342136,
        0.742449579342136,
        0.742449579342136,
        0.742449579342136,
        0.742449579342136,
        0.742449579342136,
        0.742449579342136,
        0.742449579342136,
        0.742449579342136,
        0.742449579342136,
        0.742449579342136,
        0.742449579342136
    ],