{
    "bestIndiv": [
        [
            29,
            1,
            41,
            6,
            16,
            2,
            17,
            30,
            44,
            18,
            8,
            9,
            7,
            40,
            0,
            48,
            31,
            21,
            20,
            22,
            49,
            19,
            43,
            34,
            36,
            23,
            47,
            42,
            3,
            24,
            25,
            26,
            27,
            10,
            50,
            32,
            14,
            39,
            45,
            46,
            12,
            13,
            51,
            11,
            5,
            4,
            37,
            38,
            35,
            33,
            15,
            28
        ],
        0.7036629327866224
    ],
    "best": [
        0.28736496189655236,
        0.28843838504734576,
        0.2986963501112029,
        0.3007833873662771,
        0.30534949902032466,
        0.31816666705218627,
        0.32322249772416367,
        0.33332569750611823,
        0.336965165354429,
        0.3536084695299306,
        0.3536084695299306,
        0.3596892166210541,
        0.36327830708478587,
        0.37299110773873606,
        0.3799700342545589,
        0.37997153148921947,
        0.38698075791047043,
        0.38698075791047043,
        0.41364877303852265,
        0.41364877303852265,
        0.4302433460251057,
        0.4302433460251057,
        0.4332430802146424,
        0.44451345097557937,
        0.4506281581721832,
        0.45572307844281024,
        0.4632353895910129,
        0.4632353895910129,
        0.46992400936930984,
        0.46992400936930984,
        0.4699240093693099,
        0.476882010111268,
        0.4834378131960917,
        0.4876403652526373,
        0.4882224303914574,
        0.5025044780587491,
        0.5064428641716434,
        0.5064428641716434,
        0.5128937867843075,
        0.5128937867843075,
        0.5128937867843075,
        0.5128937867843075,
        0.5177825223812648,
        0.5192371172677165,
        0.5267572777132085,
        0.5301886278974915,
        0.5367159148030131,
        0.5367159148030131,
        0.5367159148030131,
        0.5367159148030131,
        0.5381208667751647,
        0.5381208667751647,
        0.5511392514975654,
        0.5511392514975654,
        0.5511392514975654,
        0.5511392514975654,
        0.5563302973341568,
        0.5563302973341568,
        0.5583638796745934,
        0.5583638796745934,
        0.5583638796745936,
        0.5648285777508283,
        0.5707609711442303,
        0.5707609711442303,
        0.5707609711442303,
        0.5707609711442303,
        0.5707609711442303,
        0.5707609711442303,
        0.5707609711442303,
        0.5707609711442303,
        0.5707609711442303,
        0.5707609711442303,
        0.5721117314070021,
        0.5721117314070021,
        0.5761019555670422,
        0.5761019555670422,
        0.5761019555670422,
        0.5761019555670422,
        0.5767655668324342,
        0.5812782777329213,
        0.5812782777329213,
        0.5812782777329213,
        0.5812782777329213,
        0.5863874363184474,
        0.5863874363184474,
        0.5863874363184474,
        0.5863874363184474,
        0.6059595508991059,
        0.6059595508991059,
        0.6104342024605217,
        0.6104342024605217,
        0.6104342024605217,
        0.6104342024605217,
        0.6104342024605217,
        0.6104342024605217,
        0.6136624694653497,
        0.6136624694653497,
        0.6136624694653497,
        0.6136624694653497,
        0.6136624694653497,
        0.6203061169777494,
        0.6234779120137565,
        0.6236399281804973,
        0.6349636477638616,
        0.6349636477638616,
        0.6456518265394742,
        0.6456518265394742,
        0.6456518265394742,
        0.6490680450333354,
        0.6490680450333354,
        0.6541158200972655,
        0.6541158200972655,
        0.6541158200972655,
        0.6584122627173415,
        0.6584122627173415,
        0.6584122627173415,
        0.6584122627173415,
        0.6584122627173415,
        0.6584122627173415,
        0.6584122627173415,
        0.6584122627173415,
        0.6584122627173415,
        0.6584122627173415,
        0.6666819579118006,
        0.6666819579118006,
        0.6669321961250736,
        0.6669321961250736,
        0.6669321961250736,
        0.6669321961250736,
        0.6669321961250736,
        0.6669321961250736,
        0.6669321961250736,
        0.6669321961250736,
        0.6669321961250736,
        0.6669321961250736,
        0.6669321961250736,
        0.6669321961250736,
        0.6669321961250736,
        0.6672919796592318,
        0.6672919796592318,
        0.6672919796592318,
        0.6672919796592318,
        0.6672919796592318,
        0.6672919796592318,
        0.6672919796592318,
        0.6672919796592318,
        0.6672919796592318,
        0.6723178104588727,
        0.6723178104588727,
        0.6723178104588727,
        0.6723275126827323,
        0.672477290598715,
        0.672477290598715,
        0.67260732885057,
        0.67260732885057,
        0.67260732885057,
        0.67260732885057,
        0.67260732885057,
        0.67260732885057,
        0.67260732885057,
        0.67260732885057,
        0.688093732703024,
        0.688250618449878,
        0.688250618449878,
        0.688250618449878,
        0.688250618449878,
        0.688250618449878,
        0.6888396149210481,
        0.6888396149210481,
        0.6888396149210481,
        0.6888396149210481,
        0.6888396149210481,
        0.6888396149210481,
        0.6888396149210481,
        0.6896445706558164,
        0.6896445706558164,
        0.690393820658536,
        0.690393820658536,
        0.690393820658536,
        0.690393820658536,
        0.690393820658536,
        0.690393820658536,
        0.6992843021991835,
        0.6992843021991835,
        0.6992843021991835,
        0.7010927289671228,
        0.7010927289671228,
        0.7010927289671228,
        0.7011756340889865,
        0.7011756340889865,
        0.7011756340889865,
        0.7011756340889865,
        0.7022023848447535,
        0.7022023848447535,
        0.7022023848447535,
        0.7022023848447535,
        0.7022023848447535,
        0.7022023848447535,
        0.7036629327866224,
        0.7036629327866224,
        0.7036629327866224
    ],