{
    "bestIndiv": [
        [
            2,
            16,
            17,
            30,
            28,
            29,
            41,
            6,
            1,
            20,
            0,
            45,
            14,
            47,
            4,
            23,
            37,
            39,
            38,
            34,
            33,
            36,
            35,
            22,
            19,
            49,
            15,
            21,
            31,
            48,
            43,
            5,
            24,
            3,
            50,
            10,
            11,
            27,
            25,
            46,
            26,
            12,
            13,
            51,
            32,
            42,
            9,
            8,
            7,
            40,
            18,
            44
        ],
        0.7492941057056755
    ],
    "best": [
        0.2861159382151202,
        0.2911355690136039,
        0.31285195173429564,
        0.31285195173429564,
        0.3251330934397379,
        0.3251330934397379,
        0.33396318120601465,
        0.34356246689419867,
        0.34924571368817525,
        0.34924571368817525,
        0.3785187870472156,
        0.3964183920930904,
        0.3964183920930904,
        0.42195157698114144,
        0.42470529386731315,
        0.4268680463132402,
        0.4343725553535153,
        0.43532839519684813,
        0.43532839519684813,
        0.4521922772478473,
        0.4521922772478473,
        0.4521922772478473,
        0.45686266617314686,
        0.45686266617314697,
        0.4591886827252278,
        0.463862571094041,
        0.463862571094041,
        0.46822748713521606,
        0.472757536786448,
        0.4772454379769342,
        0.4772454379769342,
        0.4772454379769342,
        0.480313064937588,
        0.4809875841794495,
        0.4844327030650769,
        0.489957441041424,
        0.489957441041424,
        0.49680813080224445,
        0.49828280899840355,
        0.49828280899840355,
        0.49828280899840355,
        0.501239146374939,
        0.5054341350684474,
        0.5054341350684474,
        0.5156539490207371,
        0.5315047263262206,
        0.5315047263262206,
        0.5315047263262206,
        0.5419178445399248,
        0.5419178445399248,
        0.5419178445399248,
        0.5419178445399248,
        0.5421021548931259,
        0.5751809289058143,
        0.5751809289058143,
        0.5786017472954219,
        0.5801916541975677,
        0.5947737644458825,
        0.5947737644458825,
        0.5947737644458825,
        0.5947737644458825,
        0.6043160457249758,
        0.6043160457249758,
        0.6043160457249758,
        0.6043160457249758,
        0.6043160457249758,
        0.6043160457249758,
        0.6043160457249758,
        0.6043160457249758,
        0.6043160457249758,
        0.6097685603024223,
        0.6097685603024223,
        0.6097685603024223,
        0.6134104468841282,
        0.6134104468841282,
        0.6134104468841282,
        0.6137355615037587,
        0.6276488932849846,
        0.6276488932849846,
        0.6383554551639308,
        0.6415883894294192,
        0.6415883894294192,
        0.6415883894294192,
        0.6470114067672308,
        0.6470114067672309,
        0.6470114067672309,
        0.661104775152631,
        0.6611047751526311,
        0.6611047751526311,
        0.6611047751526311,
        0.6611047751526311,
        0.6638566961108129,
        0.6638566961108129,
        0.6638566961108129,
        0.6638566961108129,
        0.6638566961108129,
        0.6638566961108129,
        0.6638566961108129,
        0.6638566961108129,
        0.6661070906222213,
        0.6661070906222213,
        0.6716752437088357,
        0.6716752437088357,
        0.6716752437088357,
        0.6724465738311364,
        0.6724465738311364,
        0.6765034360762175,
        0.6765034360762175,
        0.6765034360762175,
        0.6765034360762175,
        0.6765034360762175,
        0.6765034360762175,
        0.6765034360762175,
        0.6765034360762175,
        0.6765034360762175,
        0.6765034360762175,
        0.6765034360762175,
        0.6765034360762175,
        0.6765034360762175,
        0.6765034360762175,
        0.6765034360762175,
        0.6765034360762175,
        0.6818511435646735,
        0.6821931332441098,
        0.6837530600263656,
        0.6842524868930203,
        0.6842524868930203,
        0.6842524868930203,
        0.6842524868930203,
        0.6842524868930203,
        0.6858218567041373,
        0.6858218567041373,
        0.6858218567041373,
        0.6858218567041373,
        0.6858218567041373,
        0.6858218567041373,
        0.6858218567041373,
        0.6858218567041373,
        0.6858218567041373,
        0.6858218567041373,
        0.6858218567041373,
        0.6858218567041373,
        0.6858218567041373,
        0.6858218567041373,
        0.6858218567041373,
        0.6858218567041373,
        0.6858218567041373,
        0.6875687784861677,
        0.6875687784861677,
        0.6875687784861677,
        0.6875687784861677,
        0.6896374367611527,
        0.6896374367611527,
        0.6896374367611527,
        0.6907656450135023,
        0.6907656450135023,
        0.6907656450135023,
        0.6907656450135023,
        0.6907656450135023,
        0.6907656450135023,
        0.7001819933418253,
        0.7001819933418253,
        0.7129911743807781,
        0.713220104738847,
        0.713220104738847,
        0.7393105016063004,
        0.7393105016063004,
        0.7393105016063004,
        0.7393105016063004,
        0.7393105016063004,
        0.7393105016063004,
        0.7393105016063004,
        0.7393105016063004,
        0.7393105016063004,
        0.7393105016063004,
        0.7393105016063004,
        0.7393105016063004,
        0.7393105016063004,
        0.7393105016063004,
        0.7393105016063004,
        0.7393105016063004,
        0.7393105016063004,
        0.7393105016063004,
        0.7393105016063004,
        0.7393105016063004,
        0.7393105016063004,
        0.7393105016063004,
        0.7393105016063004,
        0.7393105016063004,
        0.7393105016063004,
        0.7393105016063004,
        0.7393105016063004,
        0.7492941057056755,
        0.7492941057056755,
        0.7492941057056755,
        0.7492941057056755,
        0.7492941057056755,
        0.7492941057056755,
        0.7492941057056755,
        0.7492941057056755,
        0.7492941057056755
    ],