{
    "bestIndiv": [
        [
            38,
            34,
            31,
            30,
            16,
            2,
            17,
            0,
            48,
            35,
            33,
            45,
            46,
            25,
            26,
            12,
            13,
            51,
            10,
            50,
            32,
            42,
            9,
            8,
            7,
            44,
            5,
            4,
            3,
            24,
            11,
            27,
            15,
            43,
            19,
            49,
            28,
            29,
            1,
            6,
            41,
            20,
            22,
            21,
            18,
            40,
            14,
            23,
            47,
            37,
            36,
            39
        ],
        0.7542146206165243
    ],
    "best": [
        0.284757160386086,
        0.29760133833213226,
        0.3100243827916777,
        0.3100243827916777,
        0.33413430913341574,
        0.3451750946936737,
        0.3482462858235958,
        0.3649192965523915,
        0.3649192965523915,
        0.3736626965864281,
        0.3901478195473033,
        0.3901478195473033,
        0.3901478195473033,
        0.3987152741084602,
        0.4016642252504635,
        0.4114285364586122,
        0.4257822634935975,
        0.42890152484893795,
        0.4381957287839287,
        0.44037698436230144,
        0.4490219512356902,
        0.4543676502338243,
        0.45982907497760495,
        0.4739992450655723,
        0.47641242578836135,
        0.4791028430721248,
        0.48942347830005195,
        0.48942347830005195,
        0.4995916482725518,
        0.5422613640729348,
        0.5541485902879407,
        0.5541485902879407,
        0.5541485902879408,
        0.5592585878921659,
        0.5646606426283564,
        0.5652695433692412,
        0.5690877698193726,
        0.5799523819057751,
        0.5812553882183751,
        0.5812553882183751,
        0.5838829374667203,
        0.5838829374667203,
        0.5838829374667203,
        0.5952631735370238,
        0.5965144378955913,
        0.5999942346041965,
        0.5999942346041965,
        0.5999942346041965,
        0.6063476980394708,
        0.6063476980394708,
        0.6063476980394708,
        0.606548946041443,
        0.6100397927490759,
        0.6233744007572695,
        0.6233744007572695,
        0.6260241095357019,
        0.6260241095357019,
        0.6287294035437005,
        0.6297047227685262,
        0.6297047227685262,
        0.6297047227685262,
        0.6351346506940851,
        0.6351346506940851,
        0.6351346506940851,
        0.6364274017019848,
        0.6384829646951858,
        0.638482964695186,
        0.6397893959445353,
        0.6462595007938544,
        0.6462595007938544,
        0.6540885838660089,
        0.668236251101636,
        0.668236251101636,
        0.6682362511016361,
        0.6741155572631096,
        0.6741155572631096,
        0.6741155572631096,
        0.6741155572631096,
        0.6741155572631096,
        0.6741155572631096,
        0.6741155572631096,
        0.6741155572631096,
        0.6920082500501178,
        0.6920082500501178,
        0.6920082500501178,
        0.6949339455181823,
        0.7046317494985433,
        0.7046317494985433,
        0.7046317494985433,
        0.7046317494985433,
        0.7046317494985433,
        0.7123860107893097,
        0.7123860107893097,
        0.715933005328766,
        0.7167078950306373,
        0.7167078950306373,
        0.7167078950306373,
        0.7167078950306373,
        0.7167078950306373,
        0.7167078950306373,
        0.7167078950306373,
        0.7174670877877758,
        0.7174670877877758,
        0.7174670877877758,
        0.7174670877877758,
        0.7174670877877758,
        0.7174670877877758,
        0.7174670877877758,
        0.7174670877877758,
        0.7313144463421963,
        0.7313144463421963,
        0.7313144463421963,
        0.7313144463421963,
        0.7313144463421963,
        0.7313144463421963,
        0.7313144463421963,
        0.7313144463421963,
        0.7313144463421963,
        0.7313144463421963,
        0.7313144463421963,
        0.7313144463421963,
        0.7313144463421963,
        0.7313144463421963,
        0.7313144463421963,
        0.7313144463421963,
        0.7313144463421963,
        0.7313144463421963,
        0.7313144463421963,
        0.7313144463421963,
        0.7313144463421963,
        0.7313144463421963,
        0.7313144463421963,
        0.7313144463421963,
        0.7397117510084296,
        0.7397117510084296,
        0.7397117510084296,
        0.7425424167213847,
        0.7425424167213847,
        0.7428134019687216,
        0.7456679015174529,
        0.7491437996881347,
        0.7491437996881347,
        0.752047254819691,
        0.752047254819691,
        0.752047254819691,
        0.752047254819691,
        0.752047254819691,
        0.752047254819691,
        0.752047254819691,
        0.752047254819691,
        0.752047254819691,
        0.752047254819691,
        0.752047254819691,
        0.752047254819691,
        0.752047254819691,
        0.752047254819691,
        0.752047254819691,
        0.752047254819691,
        0.752047254819691,
        0.752047254819691,
        0.752047254819691,
        0.752047254819691,
        0.7520472548196913,
        0.7520472548196913,
        0.7520472548196913,
        0.7520472548196913,
        0.7520472548196913,
        0.7520472548196913,
        0.7520472548196913,
        0.7520472548196913,
        0.7520472548196913,
        0.7520472548196913,
        0.7520472548196913,
        0.7520472548196913,
        0.7520472548196913,
        0.7520472548196913,
        0.7520472548196913,
        0.7520472548196913,
        0.7520472548196913,
        0.7520472548196913,
        0.7520472548196913,
        0.7520472548196913,
        0.7520472548196913,
        0.7542146206165243,
        0.7542146206165243,
        0.7542146206165243,
        0.7542146206165243,
        0.7542146206165243,
        0.7542146206165243,
        0.7542146206165243,
        0.7542146206165243,
        0.7542146206165243,
        0.7542146206165243,
        0.7542146206165243,
        0.7542146206165243,
        0.7542146206165243,
        0.7542146206165243,
        0.7542146206165243,
        0.7542146206165243,
        0.7542146206165243,
        0.7542146206165243
    ],