{
    "bestIndiv": [
        [
            43,
            47,
            23,
            14,
            4,
            39,
            38,
            0,
            21,
            2,
            17,
            30,
            16,
            8,
            9,
            32,
            50,
            10,
            51,
            12,
            13,
            46,
            25,
            26,
            27,
            11,
            3,
            5,
            42,
            7,
            40,
            18,
            24,
            45,
            15,
            19,
            22,
            49,
            28,
            29,
            20,
            41,
            6,
            1,
            48,
            31,
            44,
            37,
            36,
            34,
            35,
            33
        ],
        0.7385182668840219
    ],
    "best": [
        0.2856811492242353,
        0.29389220163896906,
        0.30808894015645905,
        0.32780280312144516,
        0.3283891116575706,
        0.3378084430231339,
        0.3378084430231339,
        0.3429471717034269,
        0.3521789049451285,
        0.36747746654671487,
        0.36747746654671487,
        0.37798061806103617,
        0.37958640772542585,
        0.38886397018839786,
        0.392819987102411,
        0.40118250786820914,
        0.40364410638514303,
        0.4106825785061291,
        0.43105827579498357,
        0.45178585303080077,
        0.45178585303080077,
        0.4738441949716761,
        0.4738441949716761,
        0.4824961357059514,
        0.4900409996265059,
        0.4900409996265059,
        0.5060631920604697,
        0.5060631920604697,
        0.5130554155213364,
        0.5130554155213364,
        0.5130554155213364,
        0.5135681705958447,
        0.5135681705958447,
        0.5140047149457413,
        0.5140047149457413,
        0.5289960439277588,
        0.5289960439277588,
        0.5289960439277588,
        0.5315784696869141,
        0.5315784696869141,
        0.5315784696869141,
        0.5315784696869141,
        0.5329838475238569,
        0.5329838475238569,
        0.532983847523857,
        0.533122885916179,
        0.5430935021705443,
        0.5430935021705443,
        0.5430935021705443,
        0.5430935021705443,
        0.5492321145365637,
        0.5492321145365637,
        0.5492321145365637,
        0.5541493720420301,
        0.5541493720420301,
        0.5541493720420301,
        0.5541493720420301,
        0.5541493720420301,
        0.5541493720420301,
        0.5561046204304719,
        0.5561046204304719,
        0.5561046204304719,
        0.556104620430472,
        0.556104620430472,
        0.5571413838325875,
        0.5571413838325876,
        0.560277071622591,
        0.5697891675305734,
        0.5697891675305734,
        0.5741703044656495,
        0.5767196011258542,
        0.5767196011258542,
        0.5767196011258542,
        0.5783020603727151,
        0.5783020603727151,
        0.5783020603727151,
        0.5783020603727151,
        0.5783020603727151,
        0.5783020603727151,
        0.5798234464950628,
        0.5802979865107282,
        0.5802979865107282,
        0.5809407722250498,
        0.5818517984090004,
        0.5818517984090004,
        0.5818517984090004,
        0.5818517984090004,
        0.5818517984090004,
        0.5818517984090004,
        0.5818517984090004,
        0.5822131004065473,
        0.589337006534576,
        0.589337006534576,
        0.590646419401223,
        0.5956010772327818,
        0.5956010772327818,
        0.5956010772327818,
        0.5956195839754468,
        0.5956195839754468,
        0.5956195839754468,
        0.5956195839754468,
        0.5956195839754468,
        0.6091095979012597,
        0.6091095979012597,
        0.6091095979012597,
        0.6091095979012597,
        0.6091095979012597,
        0.6091095979012597,
        0.6091095979012597,
        0.6091095979012597,
        0.6091095979012597,
        0.6091095979012597,
        0.6091095979012597,
        0.6091095979012597,
        0.6091095979012597,
        0.6091095979012597,
        0.6091095979012597,
        0.620914534323313,
        0.620914534323313,
        0.6277008027049861,
        0.6277008027049861,
        0.6346994517795234,
        0.6346994517795234,
        0.6346994517795234,
        0.6346994517795234,
        0.6626923304879891,
        0.6626923304879891,
        0.6626923304879891,
        0.6626923304879891,
        0.6626923304879891,
        0.6626923304879891,
        0.6626923304879891,
        0.6626923304879891,
        0.6626923304879891,
        0.6626923304879891,
        0.6626923304879891,
        0.6626923304879891,
        0.6736200088159026,
        0.6736200088159026,
        0.6736200088159026,
        0.6736200088159026,
        0.6736200088159026,
        0.6872518034684602,
        0.6938799733506448,
        0.6938799733506448,
        0.6938799733506448,
        0.7025034596065914,
        0.7025034596065914,
        0.7025034596065914,
        0.7086933771095167,
        0.7086933771095167,
        0.7086933771095167,
        0.7086933771095167,
        0.7086933771095167,
        0.7086933771095167,
        0.7086933771095167,
        0.7086933771095167,
        0.7086933771095167,
        0.7086933771095167,
        0.7086933771095167,
        0.7086933771095167,
        0.7086933771095167,
        0.7170036434818217,
        0.7170036434818217,
        0.7170036434818217,
        0.7170036434818217,
        0.7170036434818217,
        0.7170036434818217,
        0.7170036434818217,
        0.7170036434818217,
        0.7170036434818217,
        0.7170036434818217,
        0.7170036434818217,
        0.7170036434818217,
        0.7176198832420254,
        0.7176198832420254,
        0.7176198832420254,
        0.7176198832420254,
        0.7176198832420254,
        0.7176198832420254,
        0.7176198832420254,
        0.7176198832420254,
        0.7220806772669893,
        0.7220806772669893,
        0.7252497668684152,
        0.7252497668684152,
        0.7252497668684152,
        0.7252497668684152,
        0.7252497668684152,
        0.7252497668684152,
        0.7252497668684152,
        0.7252497668684152,
        0.727303743129316,
        0.727303743129316,
        0.7364005526927981,
        0.7364005526927981,
        0.7385182668840219,
        0.7385182668840219,
        0.7385182668840219,
        0.7385182668840219,
        0.7385182668840219
    ],