{
    "bestIndiv": [
        [
            34,
            31,
            39,
            14,
            3,
            42,
            5,
            4,
            15,
            22,
            20,
            16,
            2,
            17,
            0,
            48,
            45,
            46,
            25,
            26,
            12,
            13,
            51,
            10,
            50,
            32,
            9,
            8,
            18,
            47,
            23,
            24,
            11,
            27,
            36,
            33,
            43,
            49,
            19,
            28,
            29,
            1,
            6,
            41,
            30,
            21,
            44,
            40,
            7,
            37,
            38,
            35
        ],
        0.6881767092802639
    ],
    "best": [
        0.284757160386086,
        0.29760133833213226,
        0.3100243827916777,
        0.3100243827916777,
        0.33413430913341574,
        0.3451750946936737,
        0.3482462858235958,
        0.3649192965523915,
        0.3649192965523915,
        0.3736626965864281,
        0.3901478195473033,
        0.3901478195473033,
        0.3901478195473033,
        0.3987152741084602,
        0.4016642252504635,
        0.4114285364586122,
        0.4257822634935975,
        0.42890152484893795,
        0.4381957287839287,
        0.44037698436230144,
        0.4490219512356902,
        0.4543676502338243,
        0.45982907497760495,
        0.4739992450655723,
        0.47641242578836135,
        0.4791028430721248,
        0.48942347830005195,
        0.48942347830005195,
        0.4995916482725518,
        0.5422613640729348,
        0.5541485902879407,
        0.5541485902879407,
        0.5541485902879408,
        0.5592585878921659,
        0.5646606426283564,
        0.5652695433692412,
        0.5690877698193726,
        0.5799523819057751,
        0.5812553882183751,
        0.5812553882183751,
        0.5838829374667203,
        0.5838829374667203,
        0.5843244126816474,
        0.5965144378955913,
        0.5967266166787705,
        0.5967266166787705,
        0.5969883862734753,
        0.5969883862734753,
        0.600384887052241,
        0.6017240181249016,
        0.6017240181249016,
        0.6019597493308256,
        0.6056214165890027,
        0.6086196532631912,
        0.6086196532631912,
        0.6086648781932179,
        0.609539804228843,
        0.609539804228843,
        0.609539804228843,
        0.609539804228843,
        0.609539804228843,
        0.6120933065495686,
        0.6129087291695753,
        0.6129087291695753,
        0.6137959072878347,
        0.6137959072878347,
        0.6139762289008519,
        0.6139762289008519,
        0.6139762289008519,
        0.6156893354954278,
        0.6219567813132243,
        0.6219567813132243,
        0.6250440659276064,
        0.6250440659276064,
        0.6285191289004545,
        0.6285191289004545,
        0.6285191289004545,
        0.6294521086541102,
        0.6294521086541102,
        0.6294521086541102,
        0.6294521086541102,
        0.6294521086541102,
        0.6294521086541102,
        0.6294521086541102,
        0.6294521086541102,
        0.6294521086541102,
        0.6294521086541102,
        0.6294818186885328,
        0.6294818186885328,
        0.6294818186885328,
        0.6294818186885328,
        0.6294818186885328,
        0.6294818186885328,
        0.6294818186885328,
        0.6294818186885328,
        0.6294818186885328,
        0.6294818186885328,
        0.6294818186885328,
        0.6294818186885328,
        0.6294818186885328,
        0.6294818186885328,
        0.6294818186885328,
        0.6307886168843577,
        0.6307886168843577,
        0.631677587154756,
        0.631677587154756,
        0.631677587154756,
        0.631677587154756,
        0.631677587154756,
        0.631677587154756,
        0.631677587154756,
        0.631677587154756,
        0.631677587154756,
        0.631677587154756,
        0.6322840428327683,
        0.6354481437953199,
        0.6354481437953199,
        0.6354481437953199,
        0.6354481437953199,
        0.6354481437953199,
        0.6354481437953199,
        0.6354481437953199,
        0.6354481437953199,
        0.6354481437953199,
        0.6354481437953199,
        0.6354481437953199,
        0.6354481437953199,
        0.6388954995268489,
        0.6412089885410421,
        0.6412089885410421,
        0.6444403642525012,
        0.6444403642525012,
        0.6444403642525012,
        0.6609901447817134,
        0.6609901447817134,
        0.6609901447817134,
        0.6609901447817134,
        0.6609901447817134,
        0.6609901447817134,
        0.6613287207544075,
        0.6613287207544075,
        0.6613287207544075,
        0.6613287207544075,
        0.6613287207544075,
        0.6613287207544075,
        0.6613287207544075,
        0.6613287207544075,
        0.6613287207544075,
        0.6613287207544075,
        0.6613287207544075,
        0.6613287207544075,
        0.6613287207544075,
        0.6613287207544075,
        0.6613287207544075,
        0.6613287207544075,
        0.6613287207544075,
        0.6613287207544075,
        0.6613287207544075,
        0.6613287207544075,
        0.6613287207544075,
        0.6613287207544075,
        0.6613287207544075,
        0.6613287207544075,
        0.6613287207544075,
        0.6613287207544075,
        0.6613287207544075,
        0.6613287207544075,
        0.6613287207544075,
        0.6613287207544075,
        0.6837348086661219,
        0.6837348086661219,
        0.6837348086661219,
        0.6837348086661219,
        0.6840970927055783,
        0.6840970927055783,
        0.6840970927055783,
        0.6840970927055783,
        0.6840970927055783,
        0.6840970927055783,
        0.6840970927055783,
        0.6840970927055783,
        0.6840970927055783,
        0.6840970927055783,
        0.6840970927055783,
        0.6881767092802639,
        0.6881767092802639,
        0.6881767092802639,
        0.6881767092802639,
        0.6881767092802639,
        0.6881767092802639,
        0.6881767092802639,
        0.6881767092802639,
        0.6881767092802639,
        0.6881767092802639,
        0.6881767092802639,
        0.6881767092802639,
        0.6881767092802639,
        0.6881767092802639,
        0.6881767092802639,
        0.6881767092802639,
        0.6881767092802639
    ],