{
    "bestIndiv": [
        [
            51,
            13,
            26,
            25,
            46,
            28,
            22,
            29,
            30,
            17,
            2,
            40,
            9,
            7,
            18,
            44,
            16,
            1,
            6,
            41,
            20,
            21,
            0,
            48,
            31,
            38,
            35,
            34,
            33,
            43,
            19,
            49,
            15,
            45,
            37,
            39,
            4,
            14,
            5,
            42,
            8,
            32,
            3,
            47,
            36,
            23,
            24,
            50,
            11,
            27,
            12,
            10
        ],
        0.7276366929952754
    ],
    "best": [
        0.29317376744304846,
        0.2977254034965,
        0.31154250237407943,
        0.31958854167522505,
        0.3235512115437139,
        0.3327299907619743,
        0.3427571125205245,
        0.3427571125205245,
        0.3721677733330085,
        0.3725029902914021,
        0.3725029902914021,
        0.37801394178078607,
        0.40853144941991565,
        0.41123432368952645,
        0.4194470552252435,
        0.4194470552252435,
        0.4258876362233125,
        0.44084885555585734,
        0.44084885555585734,
        0.4438427727893079,
        0.4616985195330974,
        0.4713798969926586,
        0.4869998457623495,
        0.4869998457623495,
        0.4898662377614466,
        0.5062555914191587,
        0.5062555914191587,
        0.5062555914191587,
        0.5138105215882239,
        0.5143460151631647,
        0.5223384107539085,
        0.5273228119178489,
        0.5273228119178489,
        0.5353960287970252,
        0.5387159944292795,
        0.5387159944292795,
        0.5527370834702632,
        0.5527370834702632,
        0.5587563090318052,
        0.5647780037952636,
        0.5708473482439452,
        0.5708473482439452,
        0.5845754424671928,
        0.5845754424671928,
        0.5912466446345773,
        0.596694150024227,
        0.596694150024227,
        0.596694150024227,
        0.6115415108402604,
        0.6136327760742301,
        0.6147083069580594,
        0.6147083069580594,
        0.616821324433012,
        0.6242792346609513,
        0.6242792346609513,
        0.6264586798298005,
        0.6320157941898096,
        0.6320157941898096,
        0.6342496895288543,
        0.6342496895288543,
        0.6342496895288543,
        0.6342496895288543,
        0.6342496895288543,
        0.6342496895288543,
        0.6342496895288543,
        0.6342496895288543,
        0.6342496895288543,
        0.6342496895288543,
        0.6342496895288543,
        0.6342496895288543,
        0.6342496895288543,
        0.6342560541195094,
        0.6365101730872518,
        0.6365101730872518,
        0.6365101730872518,
        0.6365101730872518,
        0.6620914832353987,
        0.6645481787701261,
        0.6645481787701261,
        0.6645481787701261,
        0.6645481787701261,
        0.6645481787701261,
        0.6655358261239138,
        0.6655358261239138,
        0.6655358261239138,
        0.6655358261239138,
        0.6660461494790775,
        0.6738001810175187,
        0.6738001810175188,
        0.6756429389527049,
        0.6756429389527049,
        0.6756429389527049,
        0.6756429389527049,
        0.6756429389527049,
        0.676663864851044,
        0.676663864851044,
        0.676663864851044,
        0.676663864851044,
        0.6771914032840786,
        0.679722436198143,
        0.679722436198143,
        0.6886031050820921,
        0.6886031050820921,
        0.6912203250673133,
        0.6921677335010942,
        0.6931080225484635,
        0.6931080225484635,
        0.6940606162895784,
        0.6940606162895785,
        0.6966914124577893,
        0.6966914124577893,
        0.6966914124577893,
        0.6966914124577893,
        0.6989322508468977,
        0.6989322508468977,
        0.6989322508468977,
        0.6989322508468977,
        0.6989322508468977,
        0.6989322508468977,
        0.6989322508468977,
        0.6989322508468977,
        0.6989322508468977,
        0.6995066922393671,
        0.6995066922393671,
        0.6995066922393671,
        0.6995066922393671,
        0.7082092265150242,
        0.7082092265150242,
        0.7082092265150242,
        0.7082092265150242,
        0.7082092265150242,
        0.7082092265150242,
        0.7082092265150242,
        0.7082092265150242,
        0.7082092265150242,
        0.7082092265150242,
        0.7082092265150242,
        0.7082092265150242,
        0.7082092265150242,
        0.7082092265150242,
        0.7082092265150242,
        0.7082092265150242,
        0.7082092265150242,
        0.7082092265150242,
        0.7082092265150242,
        0.7082092265150242,
        0.7082092265150242,
        0.7082092265150242,
        0.7082092265150242,
        0.7082092265150242,
        0.7082092265150242,
        0.7082092265150242,
        0.7082092265150242,
        0.7082092265150242,
        0.7082092265150242,
        0.7082092265150242,
        0.7082092265150242,
        0.7082092265150242,
        0.7082092265150242,
        0.7082092265150242,
        0.7082092265150242,
        0.7082092265150242,
        0.7082092265150242,
        0.7082092265150242,
        0.7082092265150242,
        0.7082092265150242,
        0.7082092265150242,
        0.7082092265150242,
        0.7082092265150242,
        0.7082092265150242,
        0.7082092265150242,
        0.7082092265150242,
        0.720661210444386,
        0.720661210444386,
        0.720661210444386,
        0.720661210444386,
        0.7265197161442515,
        0.7265197161442515,
        0.7265197161442515,
        0.7265197161442515,
        0.7265197161442515,
        0.7265197161442515,
        0.7265197161442515,
        0.7276366929952754,
        0.7276366929952754,
        0.7276366929952754,
        0.7276366929952754,
        0.7276366929952754,
        0.7276366929952754,
        0.7276366929952754,
        0.7276366929952754,
        0.7276366929952754,
        0.7276366929952754,
        0.7276366929952754,
        0.7276366929952754,
        0.7276366929952754,
        0.7276366929952754,
        0.7276366929952754,
        0.7276366929952754,
        0.7276366929952754,
        0.7276366929952754
    ],