{
    "bestIndiv": [
        [
            8,
            7,
            18,
            44,
            17,
            30,
            22,
            19,
            49,
            28,
            29,
            41,
            6,
            1,
            20,
            21,
            0,
            48,
            45,
            15,
            43,
            34,
            33,
            35,
            38,
            37,
            39,
            23,
            14,
            5,
            24,
            3,
            42,
            40,
            2,
            16,
            31,
            36,
            47,
            46,
            12,
            13,
            51,
            26,
            25,
            27,
            11,
            10,
            50,
            32,
            4,
            9
        ],
        0.7251398974997911
    ],
    "best": [
        0.2878499221581428,
        0.29120176742854464,
        0.31124354657562653,
        0.3170137416686074,
        0.3205422740104005,
        0.32911642668778024,
        0.3448576206214489,
        0.3448576206214489,
        0.34589611354477784,
        0.34861187997750476,
        0.35212028232298503,
        0.3641501343526039,
        0.3749217861208383,
        0.3782766538924609,
        0.3910841343518269,
        0.3995418528634427,
        0.40902411878040884,
        0.40902411878040884,
        0.41508732109584323,
        0.41508732109584323,
        0.41508732109584323,
        0.42536983392319433,
        0.4276111351278058,
        0.43359047209190577,
        0.44413884790118935,
        0.44413884790118935,
        0.4530837228181345,
        0.46376224168706803,
        0.46376224168706803,
        0.4760393966922997,
        0.48231342495695234,
        0.48231342495695234,
        0.4857389432563633,
        0.487143883940271,
        0.4884731446694991,
        0.49608553680002915,
        0.5036090629902509,
        0.5036090629902509,
        0.5043573263528268,
        0.517282616934448,
        0.517282616934448,
        0.5230636974851621,
        0.5263424794946276,
        0.5318449519652892,
        0.5344435430735103,
        0.5388675047052366,
        0.5388675047052366,
        0.5584791061810934,
        0.5584791061810934,
        0.5584791061810934,
        0.5584791061810934,
        0.560743194227821,
        0.568944380088094,
        0.568944380088094,
        0.5701327910055558,
        0.5747290470282136,
        0.5812894716877213,
        0.5874352366466083,
        0.5874352366466083,
        0.5890927767696943,
        0.5890927767696943,
        0.5972115386172568,
        0.5972115386172568,
        0.5972115386172568,
        0.5972115386172568,
        0.5972115386172568,
        0.5972115386172568,
        0.5972115386172568,
        0.5972115386172568,
        0.5978649985102013,
        0.5978649985102013,
        0.5986318958936971,
        0.5991598132418144,
        0.5995925078327767,
        0.5995925078327767,
        0.6043890304944389,
        0.6043890304944389,
        0.6043890304944389,
        0.6043890304944389,
        0.6043890304944389,
        0.6043890304944389,
        0.6046709417491491,
        0.6213765110213303,
        0.6318819672651681,
        0.6318819672651681,
        0.6318819672651681,
        0.6318819672651681,
        0.6318819672651681,
        0.6318819672651682,
        0.6318819672651682,
        0.6318819672651682,
        0.6318819672651682,
        0.6318819672651682,
        0.6318819672651682,
        0.6318819672651682,
        0.6318819672651682,
        0.6359534311078714,
        0.6359534311078714,
        0.6359534311078714,
        0.6393582350158489,
        0.6434809290000606,
        0.6434809290000606,
        0.6450132519985841,
        0.6450132519985841,
        0.6614150604436817,
        0.6614150604436817,
        0.6614150604436817,
        0.6614150604436817,
        0.6614150604436817,
        0.6693345867617982,
        0.6693345867617982,
        0.6714193435393179,
        0.6714193435393179,
        0.6714193435393179,
        0.6714193435393179,
        0.6714193435393179,
        0.6716245437443185,
        0.6740747802876901,
        0.6877130437390945,
        0.6877130437390945,
        0.6877130437390945,
        0.6904991935876721,
        0.6904991935876721,
        0.6972727382239289,
        0.6972727382239289,
        0.6972727382239289,
        0.6972727382239289,
        0.6972727382239289,
        0.6972727382239289,
        0.6972727382239289,
        0.6972727382239289,
        0.6972727382239289,
        0.6994719496903918,
        0.6994719496903918,
        0.6994719496903918,
        0.6994719496903918,
        0.6994719496903918,
        0.6994719496903918,
        0.6994719496903918,
        0.6994719496903918,
        0.6994719496903918,
        0.6994719496903918,
        0.6994719496903918,
        0.6994719496903918,
        0.6994719496903918,
        0.6994719496903918,
        0.6994719496903918,
        0.6994719496903918,
        0.6994719496903918,
        0.6994719496903918,
        0.6994719496903918,
        0.6994719496903918,
        0.7024941339847379,
        0.7024941339847379,
        0.7024941339847379,
        0.7024941339847379,
        0.7024941339847379,
        0.7024941339847379,
        0.7024941339847379,
        0.7024941339847379,
        0.7024941339847379,
        0.7024941339847379,
        0.7069228434136946,
        0.7069228434136946,
        0.707198968069377,
        0.7139595533931324,
        0.7182218987575205,
        0.7182218987575205,
        0.7251398974997911,
        0.7251398974997911,
        0.7251398974997911,
        0.7251398974997911,
        0.7251398974997911,
        0.7251398974997911,
        0.7251398974997911,
        0.7251398974997911,
        0.7251398974997911,
        0.7251398974997911,
        0.7251398974997911,
        0.7251398974997911,
        0.7251398974997911,
        0.7251398974997911,
        0.7251398974997911,
        0.7251398974997911,
        0.7251398974997911,
        0.7251398974997911,
        0.7251398974997911,
        0.7251398974997911,
        0.7251398974997911,
        0.7251398974997911,
        0.7251398974997911,
        0.7251398974997911,
        0.7251398974997911,
        0.7251398974997911,
        0.7251398974997911,
        0.7251398974997911,
        0.7251398974997911,
        0.7251398974997911,
        0.7251398974997911,
        0.7251398974997911,
        0.7251398974997911
    ],