{
    "bestIndiv": [
        [
            16,
            1,
            41,
            6,
            17,
            2,
            48,
            35,
            42,
            9,
            44,
            31,
            21,
            0,
            30,
            20,
            22,
            49,
            28,
            29,
            19,
            34,
            38,
            37,
            14,
            3,
            26,
            12,
            10,
            11,
            50,
            27,
            5,
            4,
            23,
            43,
            33,
            15,
            45,
            36,
            39,
            47,
            24,
            25,
            46,
            13,
            51,
            32,
            8,
            7,
            18,
            40
        ],
        0.6159625761811005
    ],
    "best": [
        0.28736496189655236,
        0.28843838504734576,
        0.2986963501112029,
        0.3007833873662771,
        0.30534949902032466,
        0.31816666705218627,
        0.32322249772416367,
        0.33332569750611823,
        0.336965165354429,
        0.3536084695299306,
        0.3536084695299306,
        0.3596892166210541,
        0.37130017575426855,
        0.375937222342131,
        0.37593722234213106,
        0.38436731432957283,
        0.3877953283145854,
        0.3910442710080645,
        0.39710557983736544,
        0.3985258474940776,
        0.4007641528792088,
        0.42021802547788095,
        0.42615807970050257,
        0.42934687964928797,
        0.42934687964928797,
        0.4308220247514215,
        0.4322915732869618,
        0.4384912167479184,
        0.4417187224678721,
        0.44457863555008903,
        0.44457863555008903,
        0.4462657051845887,
        0.4462657051845887,
        0.4512835603309412,
        0.4653462503433715,
        0.4653462503433715,
        0.4653462503433715,
        0.4665771444087602,
        0.47537572954396845,
        0.4760859227395949,
        0.4760859227395949,
        0.48511922827826753,
        0.4899543768364091,
        0.4899543768364091,
        0.4899543768364091,
        0.4942755314211937,
        0.502151403702558,
        0.502151403702558,
        0.502151403702558,
        0.502151403702558,
        0.502151403702558,
        0.5043163596919926,
        0.5043163596919926,
        0.5076502907339319,
        0.5076502907339319,
        0.5113177551930036,
        0.5113177551930036,
        0.5113177551930036,
        0.518080899648716,
        0.5224076218625356,
        0.5224076218625356,
        0.5267901353324695,
        0.5347622836543879,
        0.5370925897536595,
        0.5374506054852547,
        0.5400737272016989,
        0.5400737272016989,
        0.542761891063256,
        0.542761891063256,
        0.5444292898518571,
        0.5444292898518571,
        0.5444292898518571,
        0.5444292898518571,
        0.5514881311071133,
        0.5514881311071133,
        0.5514881311071133,
        0.5521811485861216,
        0.5521811485861216,
        0.5521811485861216,
        0.5549115122426227,
        0.5549115122426227,
        0.5549115122426227,
        0.5549115122426227,
        0.5549115122426227,
        0.5605358681106067,
        0.5605358681106067,
        0.5605358681106067,
        0.5605358681106067,
        0.5664675339151207,
        0.5664675339151207,
        0.5664675339151207,
        0.5664675339151207,
        0.5715538839980666,
        0.5715538839980666,
        0.5715538839980666,
        0.5715538839980666,
        0.5715538839980666,
        0.5715538839980666,
        0.5715538839980666,
        0.5715538839980666,
        0.5715538839980666,
        0.5715538839980666,
        0.5715538839980666,
        0.5715538839980666,
        0.5715538839980666,
        0.5715538839980666,
        0.5715538839980666,
        0.5715538839980666,
        0.5715538839980666,
        0.5715538839980666,
        0.5715538839980666,
        0.5715538839980666,
        0.5715538839980666,
        0.5715538839980666,
        0.5715538839980666,
        0.5715538839980666,
        0.5715538839980666,
        0.5715538839980666,
        0.5715538839980666,
        0.5715538839980666,
        0.5715538839980666,
        0.5715538839980666,
        0.5715538839980666,
        0.5801384207598826,
        0.5801384207598826,
        0.5801384207598826,
        0.5801384207598826,
        0.5801384207598826,
        0.5801384207598826,
        0.5801384207598826,
        0.5801927156693539,
        0.5801927156693539,
        0.5801927156693539,
        0.5801927156693539,
        0.5801927156693539,
        0.5801927156693539,
        0.5801927156693539,
        0.5801927156693539,
        0.5801927156693539,
        0.5801927156693539,
        0.5801927156693539,
        0.5801927156693539,
        0.5801927156693539,
        0.5801927156693539,
        0.5801927156693539,
        0.5805665564730352,
        0.5805665564730352,
        0.5805665564730352,
        0.5805665564730352,
        0.5805665564730352,
        0.5805665564730352,
        0.5805665564730352,
        0.5805665564730352,
        0.5805665564730352,
        0.5805665564730352,
        0.5805665564730352,
        0.5805665564730352,
        0.5805665564730352,
        0.5805665564730352,
        0.5805665564730352,
        0.5805665564730352,
        0.5819424050910491,
        0.5842132737962403,
        0.5842132737962403,
        0.5842132737962403,
        0.5842132737962403,
        0.5842132737962403,
        0.5842132737962403,
        0.5855081161691628,
        0.5855081161691628,
        0.5855081161691628,
        0.5855081161691628,
        0.5855081161691628,
        0.5855081161691628,
        0.5855935020217162,
        0.5855935020217162,
        0.6023046062364997,
        0.6023046062364997,
        0.6023046062364997,
        0.6023046062364997,
        0.6159625761811005,
        0.6159625761811005,
        0.6159625761811005,
        0.6159625761811005,
        0.6159625761811005,
        0.6159625761811005,
        0.6159625761811005,
        0.6159625761811005,
        0.6159625761811005,
        0.6159625761811005,
        0.6159625761811005,
        0.6159625761811005,
        0.6159625761811005,
        0.6159625761811005,
        0.6159625761811005,
        0.6159625761811005,
        0.6159625761811005,
        0.6159625761811005,
        0.6159625761811005,
        0.6159625761811005,
        0.6159625761811005
    ],