{
    "bestIndiv": [
        [
            4,
            5,
            3,
            14,
            33,
            36,
            39,
            38,
            35,
            34,
            48,
            43,
            49,
            19,
            22,
            29,
            41,
            6,
            1,
            28,
            46,
            11,
            27,
            26,
            25,
            24,
            23,
            40,
            18,
            16,
            2,
            17,
            44,
            7,
            42,
            50,
            10,
            51,
            12,
            13,
            32,
            8,
            9,
            31,
            30,
            20,
            21,
            0,
            15,
            45,
            47,
            37
        ],
        0.6373568364893334
    ],
    "best": [
        0.29026853471561676,
        0.29352035557174116,
        0.3151820175781359,
        0.3151820175781359,
        0.3256219181404388,
        0.32790528843284955,
        0.33830851234988457,
        0.35343370891915377,
        0.35343370891915377,
        0.36824884103834477,
        0.36824884103834477,
        0.3693364071550314,
        0.38744254755428215,
        0.38744254755428215,
        0.3927017562211922,
        0.3990584644259973,
        0.40555387721279346,
        0.40555387721279346,
        0.4173797168930264,
        0.41849839555309776,
        0.41849839555309776,
        0.4237826369786286,
        0.43404870364498566,
        0.43404870364498566,
        0.435990195350461,
        0.441245709836766,
        0.4488472643176211,
        0.4827856943213031,
        0.4827856943213031,
        0.4881331792631831,
        0.4881331792631831,
        0.49836464144025805,
        0.5058675637914168,
        0.5058675637914168,
        0.5058675637914168,
        0.5058675637914168,
        0.5058675637914168,
        0.5058675637914168,
        0.5087118163459129,
        0.5087118163459129,
        0.5087118163459129,
        0.5087118163459129,
        0.5087118163459129,
        0.5266408443208497,
        0.5266408443208497,
        0.5266408443208497,
        0.5266408443208497,
        0.5266408443208497,
        0.5266408443208497,
        0.5266408443208497,
        0.5266408443208497,
        0.5266408443208497,
        0.5266408443208497,
        0.5266408443208497,
        0.5266408443208497,
        0.5266408443208497,
        0.5266408443208497,
        0.5266408443208497,
        0.5266408443208497,
        0.5326968800621129,
        0.5328969820243948,
        0.5328969820243948,
        0.5328969820243948,
        0.5344299468234955,
        0.5344299468234955,
        0.5401013004010782,
        0.5432751961889005,
        0.5432751961889005,
        0.5473541045306688,
        0.5542644446508793,
        0.5561191512040025,
        0.5618481937043514,
        0.5618481937043514,
        0.561917077506807,
        0.561917077506807,
        0.561917077506807,
        0.561917077506807,
        0.561917077506807,
        0.561917077506807,
        0.561917077506807,
        0.561917077506807,
        0.561917077506807,
        0.561917077506807,
        0.561917077506807,
        0.561917077506807,
        0.561917077506807,
        0.5621492975717484,
        0.5621492975717484,
        0.5626100441292357,
        0.5654285842945492,
        0.5705673891419359,
        0.5705673891419359,
        0.5705673891419359,
        0.5705673891419359,
        0.5705673891419359,
        0.5771291516022866,
        0.5771291516022866,
        0.5771291516022866,
        0.5771291516022866,
        0.5771291516022866,
        0.5771291516022866,
        0.5771291516022866,
        0.5771291516022866,
        0.5829169086134872,
        0.5829169086134872,
        0.5829169086134872,
        0.5829169086134872,
        0.5829169086134872,
        0.5829169086134872,
        0.5829169086134872,
        0.5829169086134872,
        0.5829169086134872,
        0.5829169086134872,
        0.5829169086134872,
        0.5829169086134872,
        0.5829169086134872,
        0.5829169086134872,
        0.5829169086134872,
        0.5829169086134872,
        0.5839227264058264,
        0.5839227264058264,
        0.5847486821018181,
        0.5847486821018181,
        0.5873675101326739,
        0.5889828867231718,
        0.5889828867231718,
        0.5889828867231718,
        0.591358893751937,
        0.591358893751937,
        0.591358893751937,
        0.5922375731088279,
        0.5922375731088279,
        0.5942188809400475,
        0.5942188809400476,
        0.5942188809400476,
        0.5942188809400476,
        0.5942188809400476,
        0.5942188809400476,
        0.5978433096298045,
        0.5978433096298045,
        0.5978433096298045,
        0.5978433096298045,
        0.5978433096298045,
        0.5978433096298045,
        0.5978433096298045,
        0.5978433096298045,
        0.5978433096298045,
        0.5978433096298045,
        0.6055649023759908,
        0.6055649023759908,
        0.6055649023759908,
        0.6109665441588655,
        0.6109665441588655,
        0.6109665441588655,
        0.6109665441588655,
        0.6125815204141898,
        0.6125815204141898,
        0.6162044493791443,
        0.6162044493791443,
        0.6205423952862767,
        0.6205423952862767,
        0.6205423952862767,
        0.6260388441072502,
        0.6260388441072502,
        0.6260388441072502,
        0.629336621129586,
        0.629336621129586,
        0.629336621129586,
        0.629336621129586,
        0.629336621129586,
        0.629336621129586,
        0.629336621129586,
        0.629336621129586,
        0.6320255554663196,
        0.6320255554663196,
        0.6346224453968712,
        0.6346224453968712,
        0.6346224453968712,
        0.6373568364893334,
        0.6373568364893334,
        0.6373568364893334,
        0.6373568364893334,
        0.6373568364893334,
        0.6373568364893334,
        0.6373568364893334,
        0.6373568364893334,
        0.6373568364893334,
        0.6373568364893334,
        0.6373568364893334,
        0.6373568364893334,
        0.6373568364893334,
        0.6373568364893334,
        0.6373568364893334,
        0.6373568364893334,
        0.6373568364893334,
        0.6373568364893334,
        0.6373568364893334,
        0.6373568364893334,
        0.6373568364893334,
        0.6373568364893334,
        0.6373568364893334
    ],