{
    "bestIndiv": [
        [
            10,
            50,
            11,
            25,
            27,
            26,
            46,
            13,
            12,
            51,
            45,
            23,
            37,
            38,
            48,
            34,
            33,
            15,
            19,
            49,
            43,
            35,
            42,
            9,
            8,
            44,
            21,
            0,
            31,
            7,
            40,
            18,
            2,
            16,
            28,
            17,
            30,
            20,
            6,
            41,
            1,
            29,
            22,
            47,
            36,
            39,
            24,
            4,
            14,
            5,
            3,
            32
        ],
        0.6535029080287097
    ],
    "best": [
        0.28629774866658764,
        0.30023165621063524,
        0.322509279957809,
        0.322509279957809,
        0.322509279957809,
        0.3297582008624185,
        0.337405955235426,
        0.3462164562702064,
        0.3490716573968464,
        0.35915833281563303,
        0.36319906294005405,
        0.3686622931486991,
        0.3720370816404857,
        0.3840853640796355,
        0.38771836437981966,
        0.41835315187832534,
        0.41835315187832534,
        0.4208297857677554,
        0.4208297857677554,
        0.4264950866459052,
        0.4264950866459052,
        0.4495071264236712,
        0.4495071264236712,
        0.4495071264236712,
        0.4555057330090021,
        0.46458678348075294,
        0.46458678348075294,
        0.4664320060251267,
        0.46869536279384605,
        0.4768322977461951,
        0.4768322977461951,
        0.4768322977461951,
        0.4768322977461951,
        0.4768322977461952,
        0.4868781407355102,
        0.4868781407355102,
        0.4868781407355102,
        0.4949540539892876,
        0.4964410770633564,
        0.4964410770633564,
        0.4964410770633564,
        0.5002044250318567,
        0.5002044250318567,
        0.5037336457239501,
        0.5037336457239501,
        0.5037336457239501,
        0.5038691138393814,
        0.5038691138393814,
        0.5039216061893164,
        0.507077609668366,
        0.5079657189109674,
        0.5165182495078088,
        0.5223391030707742,
        0.5223391030707742,
        0.5223391030707742,
        0.5223391030707742,
        0.5330105684565671,
        0.5338637290791852,
        0.5338637290791852,
        0.5370348977067508,
        0.5370348977067508,
        0.5370348977067508,
        0.5404651366093934,
        0.5496040757594463,
        0.5580793753181266,
        0.5580793753181266,
        0.5580793753181266,
        0.5580793753181266,
        0.5580793753181266,
        0.5580793753181266,
        0.5580793753181266,
        0.5580793753181266,
        0.5580793753181266,
        0.5580793753181266,
        0.5580793753181266,
        0.5580793753181266,
        0.5639073656607291,
        0.5639073656607291,
        0.5639073656607291,
        0.5684780412705138,
        0.5684780412705138,
        0.568896482329935,
        0.568896482329935,
        0.568896482329935,
        0.568896482329935,
        0.568896482329935,
        0.5837425728612837,
        0.5837425728612837,
        0.5837425728612837,
        0.5840656141878333,
        0.5840656141878333,
        0.5840656141878333,
        0.5840656141878333,
        0.5840656141878333,
        0.5840656141878333,
        0.5840656141878333,
        0.5885720896374419,
        0.5885720896374419,
        0.5885720896374419,
        0.5885720896374419,
        0.59609298312918,
        0.59609298312918,
        0.5968876575666057,
        0.5968876575666057,
        0.6017662363453099,
        0.6017662363453099,
        0.606305140470154,
        0.606305140470154,
        0.6103755664800586,
        0.6103755664800586,
        0.6103755664800586,
        0.6103755664800586,
        0.6126783433783595,
        0.6126783433783595,
        0.6126783433783595,
        0.6126783433783595,
        0.6294641684677884,
        0.6294641684677884,
        0.6294641684677884,
        0.6294641684677884,
        0.6294641684677884,
        0.6294641684677884,
        0.6294641684677884,
        0.6294641684677884,
        0.6294641684677884,
        0.6294641684677884,
        0.6294641684677884,
        0.6294641684677884,
        0.6294641684677884,
        0.6294641684677884,
        0.6294641684677884,
        0.6294641684677884,
        0.6294641684677884,
        0.6294641684677884,
        0.6294641684677884,
        0.6294641684677884,
        0.6294641684677884,
        0.6294641684677884,
        0.6294641684677884,
        0.6294641684677884,
        0.6294641684677884,
        0.6294641684677884,
        0.6294641684677884,
        0.6294641684677884,
        0.6294641684677884,
        0.6294641684677884,
        0.6294641684677884,
        0.6294641684677884,
        0.6294641684677884,
        0.6294641684677884,
        0.6294641684677884,
        0.6294641684677884,
        0.6294641684677884,
        0.6294641684677884,
        0.6294641684677884,
        0.6294641684677884,
        0.6294641684677884,
        0.6294641684677884,
        0.6294641684677884,
        0.6294641684677884,
        0.6294641684677884,
        0.6294641684677884,
        0.6294641684677884,
        0.6294641684677884,
        0.6294641684677884,
        0.6312824095641081,
        0.6312824095641081,
        0.6312824095641081,
        0.6331566394977781,
        0.6331566394977781,
        0.6331566394977781,
        0.6341969677220047,
        0.6341969677220047,
        0.6342140040669484,
        0.6342140040669484,
        0.6342140040669484,
        0.6342140040669484,
        0.6342140040669484,
        0.6342140040669484,
        0.6342140040669484,
        0.6342140040669484,
        0.6342140040669484,
        0.6342140040669484,
        0.6342140040669484,
        0.6342140040669484,
        0.6342140040669484,
        0.6342140040669484,
        0.6342140040669484,
        0.6342140040669484,
        0.6342140040669484,
        0.6342140040669484,
        0.6347296896411629,
        0.6424919981874564,
        0.6430859952216925,
        0.6430859952216925,
        0.6430859952216925,
        0.6535029080287097,
        0.6535029080287097,
        0.6535029080287097,
        0.6535029080287097,
        0.6535029080287097
    ],