{
    "bestIndiv": [
        [
            50,
            10,
            51,
            13,
            12,
            46,
            25,
            27,
            26,
            24,
            23,
            39,
            44,
            31,
            0,
            38,
            36,
            34,
            33,
            47,
            35,
            48,
            43,
            19,
            30,
            17,
            6,
            1,
            41,
            2,
            8,
            9,
            40,
            7,
            18,
            21,
            20,
            16,
            22,
            29,
            28,
            49,
            15,
            45,
            37,
            4,
            14,
            5,
            3,
            32,
            42,
            11
        ],
        0.6981700523578068
    ],
    "best": [
        0.2876155854478391,
        0.2876155854478391,
        0.29861996846395567,
        0.3165177829033581,
        0.3201216888724161,
        0.32099789050707545,
        0.3348753557191377,
        0.3383456284512052,
        0.3383456284512052,
        0.34262464130162346,
        0.3517449980198008,
        0.35359637290084384,
        0.3564303880647162,
        0.35838132478472606,
        0.3681356650303394,
        0.3817436413731643,
        0.38318917124429397,
        0.401769623328216,
        0.401769623328216,
        0.420862033505381,
        0.420862033505381,
        0.4257272128681656,
        0.4257272128681656,
        0.42576288577314264,
        0.4274206231896099,
        0.4283045977895558,
        0.4331573111605865,
        0.4331573111605865,
        0.44425246073762664,
        0.44425246073762664,
        0.44425246073762664,
        0.45562789641637563,
        0.4601710811608221,
        0.4601710811608221,
        0.4601710811608221,
        0.46041868729398266,
        0.47276176556206506,
        0.47276176556206506,
        0.47671458926901816,
        0.4849920117056889,
        0.48499201170568895,
        0.4974751218224677,
        0.5026964495758036,
        0.5026964495758036,
        0.5128370808784991,
        0.5189460541920157,
        0.5250890850904587,
        0.5378157964900577,
        0.5500248252295854,
        0.5522338467265824,
        0.5576937205766599,
        0.563386711111465,
        0.5669384668932811,
        0.5669384668932811,
        0.5669384668932811,
        0.5742200431855671,
        0.5742200431855671,
        0.5813875073485983,
        0.5813875073485983,
        0.587093605233052,
        0.587093605233052,
        0.5968444506510849,
        0.5976286416450837,
        0.6094148723382345,
        0.6094148723382345,
        0.6126234015904769,
        0.6126234015904769,
        0.6137698975247586,
        0.6181222416180315,
        0.6181222416180315,
        0.6181222416180315,
        0.6228799399918351,
        0.6228799399918351,
        0.6228799399918351,
        0.6228799399918351,
        0.6228799399918351,
        0.6228799399918351,
        0.6228799399918351,
        0.6228799399918351,
        0.6228799399918351,
        0.6228799399918351,
        0.6228799399918351,
        0.6228799399918351,
        0.6228799399918351,
        0.6228799399918351,
        0.6228799399918351,
        0.6228799399918351,
        0.6228799399918351,
        0.6228799399918351,
        0.6228799399918351,
        0.6228799399918351,
        0.6294733025729301,
        0.6294733025729301,
        0.6294733025729301,
        0.6294733025729301,
        0.6294733025729301,
        0.6294733025729301,
        0.6294733025729301,
        0.6294733025729301,
        0.6312995146068151,
        0.6312995146068151,
        0.6312995146068151,
        0.6312995146068151,
        0.6312995146068151,
        0.6332569475905366,
        0.6332569475905366,
        0.6332569475905366,
        0.6332569475905366,
        0.6380255748782258,
        0.6380255748782258,
        0.6389076823203101,
        0.6429165560006581,
        0.6504696969633332,
        0.6508019060477463,
        0.6508019060477463,
        0.6508019060477463,
        0.6508019060477463,
        0.6508019060477463,
        0.6508019060477463,
        0.6508019060477463,
        0.6508019060477463,
        0.6508019060477463,
        0.6607108974679906,
        0.6607108974679906,
        0.6607108974679906,
        0.6607108974679906,
        0.6778787049586221,
        0.6778787049586221,
        0.6778787049586221,
        0.6778787049586221,
        0.6778787049586221,
        0.6778787049586221,
        0.6778787049586221,
        0.6778787049586221,
        0.6778787049586221,
        0.6778787049586221,
        0.6778787049586221,
        0.6778787049586221,
        0.6859150578705673,
        0.6859150578705673,
        0.6859150578705673,
        0.6859150578705673,
        0.6859150578705673,
        0.6859150578705673,
        0.6859150578705673,
        0.6859150578705673,
        0.6859150578705673,
        0.6859150578705673,
        0.6859150578705673,
        0.6859150578705673,
        0.6859150578705673,
        0.6859150578705673,
        0.6859150578705673,
        0.6860970344121675,
        0.6860970344121675,
        0.6860970344121675,
        0.6860970344121675,
        0.6860970344121675,
        0.6860970344121675,
        0.6860970344121675,
        0.6860970344121675,
        0.6860970344121675,
        0.6860970344121675,
        0.6866278359162578,
        0.6866278359162578,
        0.6866278359162578,
        0.6866278359162578,
        0.6866278359162578,
        0.6918816762091816,
        0.6918816762091816,
        0.6918816762091816,
        0.6918816762091816,
        0.6918816762091816,
        0.6918816762091816,
        0.6918816762091816,
        0.6918816762091816,
        0.6932822670561983,
        0.6932822670561983,
        0.6932822670561983,
        0.6932822670561983,
        0.6932822670561983,
        0.6932822670561983,
        0.694624295273187,
        0.694624295273187,
        0.694624295273187,
        0.6981700523578068,
        0.6981700523578068,
        0.6981700523578068,
        0.6981700523578068,
        0.6981700523578068,
        0.6981700523578068,
        0.6981700523578068,
        0.6981700523578068,
        0.6981700523578068,
        0.6981700523578068,
        0.6981700523578068,
        0.6981700523578068,
        0.6981700523578068,
        0.6981700523578068,
        0.6981700523578068,
        0.6981700523578068
    ],