{
    "bestIndiv": [
        [
            22,
            17,
            2,
            40,
            9,
            8,
            7,
            18,
            44,
            31,
            0,
            21,
            49,
            19,
            28,
            25,
            46,
            27,
            26,
            12,
            13,
            51,
            10,
            50,
            11,
            24,
            14,
            4,
            23,
            47,
            37,
            39,
            38,
            33,
            15,
            43,
            45,
            36,
            5,
            3,
            32,
            42,
            48,
            34,
            35,
            1,
            6,
            41,
            16,
            30,
            20,
            29
        ],
        0.7613737773282642
    ],
    "best": [
        0.29923997976019284,
        0.2993318141297503,
        0.3347429521081738,
        0.3347429521081738,
        0.3422927334223531,
        0.354610570249985,
        0.354610570249985,
        0.36627138803558135,
        0.3745078024663281,
        0.4032506360045561,
        0.40931771371443476,
        0.42130496979298077,
        0.42842810499117495,
        0.4373863117400959,
        0.4455819212467088,
        0.44561924376011663,
        0.46759678034439406,
        0.46759678034439406,
        0.46759678034439406,
        0.46759678034439406,
        0.476745477742278,
        0.4781390279497866,
        0.48463034433641894,
        0.48763273646484595,
        0.4969860343344784,
        0.4969860343344784,
        0.5033742454377501,
        0.5107885868201814,
        0.5107885868201814,
        0.5107885868201814,
        0.5107885868201814,
        0.5107885868201814,
        0.5189556832912591,
        0.5259732275703785,
        0.5259732275703785,
        0.53344004475209,
        0.53344004475209,
        0.5654244611316915,
        0.5654244611316915,
        0.5654244611316915,
        0.5654244611316915,
        0.5659856054577125,
        0.5798994213269549,
        0.5798994213269549,
        0.5798994213269549,
        0.5798994213269549,
        0.5898395150329315,
        0.5905794960967956,
        0.5905794960967956,
        0.5922882622274209,
        0.5954362058870364,
        0.5954362058870364,
        0.596289937449773,
        0.600342261740779,
        0.6076163992571412,
        0.6076163992571412,
        0.6076163992571412,
        0.6076163992571412,
        0.6076163992571412,
        0.61317248179026,
        0.61317248179026,
        0.6242626415145639,
        0.6242626415145639,
        0.625484190390114,
        0.6285612937003828,
        0.6285612937003828,
        0.6285612937003828,
        0.6318235898331643,
        0.6402203912404832,
        0.6402203912404832,
        0.6402203912404832,
        0.6402203912404832,
        0.6439367006425425,
        0.6439367006425425,
        0.6439367006425425,
        0.6439367006425425,
        0.6439367006425425,
        0.6439367006425425,
        0.647569324036556,
        0.647569324036556,
        0.647569324036556,
        0.647569324036556,
        0.647589439190896,
        0.6513716936701182,
        0.6560564670973251,
        0.6581577971409919,
        0.6669337404289273,
        0.6669337404289273,
        0.6669337404289273,
        0.6669337404289273,
        0.6669337404289273,
        0.6669337404289273,
        0.6669337404289273,
        0.6669337404289273,
        0.6669337404289273,
        0.6669337404289273,
        0.6669337404289273,
        0.6669337404289273,
        0.6681845908444995,
        0.6938185279599975,
        0.6938185279599975,
        0.6938185279599975,
        0.6938185279599975,
        0.6951723594800705,
        0.6951723594800705,
        0.6983133790878234,
        0.6983133790878234,
        0.6983133790878234,
        0.7384995152502877,
        0.7384995152502877,
        0.7384995152502877,
        0.7384995152502877,
        0.7384995152502877,
        0.7384995152502877,
        0.7384995152502877,
        0.7384995152502877,
        0.7415549745894505,
        0.7415549745894505,
        0.7415549745894505,
        0.7415549745894505,
        0.7415549745894505,
        0.7415549745894505,
        0.7415549745894505,
        0.7415549745894505,
        0.7415549745894505,
        0.7415549745894505,
        0.7415549745894505,
        0.7415549745894505,
        0.7415549745894505,
        0.7415549745894505,
        0.7415549745894505,
        0.7415549745894505,
        0.7415549745894505,
        0.7415549745894505,
        0.7415549745894505,
        0.7415549745894505,
        0.7415549745894505,
        0.7415549745894505,
        0.7415549745894505,
        0.7415549745894505,
        0.7415549745894505,
        0.7415549745894505,
        0.7415549745894505,
        0.7415549745894505,
        0.7415549745894505,
        0.7415549745894505,
        0.7415549745894505,
        0.7415549745894505,
        0.7415549745894505,
        0.7415549745894505,
        0.7415549745894505,
        0.7415549745894505,
        0.7415549745894505,
        0.7415549745894505,
        0.7415549745894505,
        0.7415549745894505,
        0.7415549745894505,
        0.7415549745894505,
        0.7415549745894505,
        0.7415549745894505,
        0.7415549745894505,
        0.7415549745894505,
        0.7415549745894505,
        0.7415549745894505,
        0.7415549745894505,
        0.7415549745894505,
        0.7415549745894505,
        0.7415549745894505,
        0.7415549745894505,
        0.7415549745894505,
        0.7415549745894505,
        0.7415549745894505,
        0.7415549745894505,
        0.7415549745894505,
        0.7415549745894505,
        0.7435965436954147,
        0.7435965436954147,
        0.7435965436954147,
        0.7435965436954147,
        0.7435965436954147,
        0.7435965436954147,
        0.7435965436954147,
        0.7435965436954147,
        0.7435965436954147,
        0.7435965436954147,
        0.7435965436954147,
        0.747527650011469,
        0.760217439793881,
        0.760217439793881,
        0.760217439793881,
        0.760217439793881,
        0.760217439793881,
        0.7613737773282642,
        0.7613737773282642,
        0.7613737773282642,
        0.7613737773282642,
        0.7613737773282642,
        0.7613737773282642,
        0.7613737773282642,
        0.7613737773282642,
        0.7613737773282642
    ],