{
    "bestIndiv": [
        [
            45,
            47,
            23,
            39,
            33,
            34,
            35,
            38,
            5,
            4,
            36,
            37,
            14,
            42,
            9,
            8,
            40,
            7,
            18,
            44,
            21,
            0,
            30,
            20,
            1,
            6,
            41,
            16,
            2,
            17,
            31,
            48,
            24,
            3,
            32,
            50,
            11,
            46,
            26,
            27,
            10,
            51,
            12,
            13,
            25,
            15,
            49,
            19,
            22,
            29,
            28,
            43
        ],
        0.7609479634015812
    ],
    "best": [
        0.3040573944085855,
        0.3120528993965569,
        0.31801547531272206,
        0.3233855477037285,
        0.34986609227509985,
        0.34986609227509985,
        0.35487097947282603,
        0.3593911202870827,
        0.38213123906618485,
        0.39569526326784993,
        0.4077390927101389,
        0.4077390927101389,
        0.41062593665703406,
        0.41412069276176866,
        0.41412069276176866,
        0.41412069276176866,
        0.41542927664626783,
        0.42498218338812677,
        0.42498218338812677,
        0.42859204215035734,
        0.4531422439452675,
        0.4531422439452675,
        0.4531422439452675,
        0.4531422439452675,
        0.45376349149632306,
        0.45649001503180225,
        0.4810486566632791,
        0.4810486566632791,
        0.4810486566632791,
        0.4810486566632791,
        0.4810486566632791,
        0.4810486566632791,
        0.48578440999383604,
        0.48578440999383604,
        0.48578440999383604,
        0.4903381871763387,
        0.4903381871763387,
        0.4903381871763387,
        0.4903381871763387,
        0.4961598435335367,
        0.49809326954891264,
        0.5040596820030392,
        0.5040596820030392,
        0.5040596820030392,
        0.5103948592456283,
        0.5103948592456283,
        0.5103948592456283,
        0.5153895537662491,
        0.5153895537662491,
        0.5219504823050896,
        0.5219504823050896,
        0.5312066958793432,
        0.5312066958793432,
        0.5328548029142788,
        0.5328548029142788,
        0.5329300700333985,
        0.5343939132624413,
        0.5685225648092831,
        0.5687638941483182,
        0.5687638941483182,
        0.5687638941483182,
        0.5707400270987424,
        0.5707400270987424,
        0.5962983740952222,
        0.5962983740952222,
        0.5965638658067892,
        0.617626393288953,
        0.6337196911277727,
        0.6337196911277727,
        0.6337196911277727,
        0.6337196911277727,
        0.6373653807199904,
        0.6373653807199904,
        0.6416553620334167,
        0.6416553620334167,
        0.6416553620334167,
        0.6416553620334167,
        0.6416553620334167,
        0.6416553620334167,
        0.6416553620334167,
        0.6465474176648611,
        0.6465474176648611,
        0.6493519510657026,
        0.6499571707215136,
        0.6536238794719452,
        0.6543625281661238,
        0.6578846810256556,
        0.6578846810256556,
        0.6622113442012291,
        0.6622113442012291,
        0.6658187303149381,
        0.6658187303149381,
        0.6658187303149381,
        0.6658187303149381,
        0.6658187303149381,
        0.6658187303149381,
        0.6658187303149381,
        0.6668742533048952,
        0.6668742533048952,
        0.6668742533048952,
        0.6668742533048952,
        0.6784669569512,
        0.6784669569512,
        0.6867242363688688,
        0.6867242363688688,
        0.6883603886859531,
        0.6905795262409997,
        0.6926368623619428,
        0.6926368623619428,
        0.7072868960239301,
        0.7072868960239301,
        0.7117265755010339,
        0.7117265755010339,
        0.7117265755010339,
        0.7117265755010339,
        0.7117265755010339,
        0.7117265755010339,
        0.7117265755010339,
        0.7146070535097312,
        0.7146070535097312,
        0.7146070535097312,
        0.7146070535097312,
        0.7146070535097312,
        0.7164031196475468,
        0.7164031196475468,
        0.7196345664762256,
        0.7196345664762256,
        0.7196345664762256,
        0.7208150282513179,
        0.7208150282513179,
        0.730036287713146,
        0.730036287713146,
        0.7303228211657914,
        0.7303228211657914,
        0.7303228211657914,
        0.7303228211657914,
        0.7306824695351084,
        0.7333306898035895,
        0.7345603521278989,
        0.7399692727375958,
        0.7432103286906402,
        0.7547547380679146,
        0.7547547380679146,
        0.7551388583179677,
        0.7551388583179677,
        0.7551388583179679,
        0.7551388583179679,
        0.7551388583179679,
        0.7551388583179679,
        0.7603006227904656,
        0.7603006227904656,
        0.7603006227904656,
        0.7603006227904656,
        0.7603006227904656,
        0.7603006227904656,
        0.7603006227904656,
        0.7603006227904656,
        0.7603006227904656,
        0.7603006227904656,
        0.7603006227904656,
        0.7603006227904656,
        0.7603006227904656,
        0.7609383761415752,
        0.7609383761415752,
        0.7609383761415752,
        0.7609479634015811,
        0.7609479634015811,
        0.7609479634015811,
        0.7609479634015811,
        0.7609479634015811,
        0.7609479634015811,
        0.7609479634015811,
        0.7609479634015811,
        0.7609479634015811,
        0.7609479634015811,
        0.7609479634015811,
        0.7609479634015811,
        0.7609479634015811,
        0.7609479634015811,
        0.7609479634015811,
        0.7609479634015811,
        0.7609479634015811,
        0.7609479634015812,
        0.7609479634015812,
        0.7609479634015812,
        0.7609479634015812,
        0.7609479634015812,
        0.7609479634015812,
        0.7609479634015812,
        0.7609479634015812,
        0.7609479634015812,
        0.7609479634015812,
        0.7609479634015812,
        0.7609479634015812,
        0.7609479634015812,
        0.7609479634015812,
        0.7609479634015812,
        0.7609479634015812,
        0.7609479634015812,
        0.7609479634015812,
        0.7609479634015812
    ],