{
    "bestIndiv": [
        [
            18,
            48,
            34,
            38,
            39,
            35,
            21,
            17,
            2,
            40,
            8,
            9,
            7,
            44,
            31,
            0,
            19,
            28,
            45,
            26,
            51,
            12,
            13,
            46,
            25,
            27,
            11,
            3,
            24,
            5,
            4,
            37,
            43,
            15,
            49,
            22,
            29,
            1,
            6,
            41,
            16,
            20,
            30,
            33,
            36,
            47,
            23,
            14,
            50,
            10,
            32,
            42
        ],
        0.7110311824008321
    ],
    "best": [
        0.29923997976019284,
        0.2993318141297503,
        0.3347429521081738,
        0.3347429521081738,
        0.3422927334223531,
        0.354610570249985,
        0.354610570249985,
        0.36627138803558135,
        0.3745078024663281,
        0.4032506360045561,
        0.40931771371443476,
        0.42130496979298077,
        0.42156402982251673,
        0.45734466893873527,
        0.46727171231733017,
        0.46727171231733017,
        0.46742959486504443,
        0.47604791626616033,
        0.47604791626616033,
        0.47604791626616033,
        0.4846667356099186,
        0.4846667356099186,
        0.4972927704515472,
        0.5037276571137748,
        0.5037276571137748,
        0.5071707493161247,
        0.5088706233478286,
        0.5315365020672986,
        0.5315365020672986,
        0.5327666166687735,
        0.5327666166687735,
        0.5372765242156536,
        0.5372765242156536,
        0.5374110876883567,
        0.5374110876883567,
        0.5483508979396253,
        0.5562234302811541,
        0.5601476894404056,
        0.5629435184407552,
        0.5629435184407552,
        0.5629435184407552,
        0.5666933128969182,
        0.5666933128969182,
        0.5724242605037996,
        0.5724242605037996,
        0.5795249995121132,
        0.5795249995121132,
        0.5869005483317684,
        0.5869005483317684,
        0.5909872622230448,
        0.5909872622230448,
        0.603842140769446,
        0.603842140769446,
        0.603842140769446,
        0.603842140769446,
        0.603842140769446,
        0.603842140769446,
        0.6058925963938981,
        0.6058925963938981,
        0.6058925963938983,
        0.6058925963938983,
        0.6058925963938983,
        0.6058925963938983,
        0.6058925963938983,
        0.6136873145529281,
        0.6136873145529281,
        0.6170579390146773,
        0.6170579390146773,
        0.6170579390146773,
        0.6225557262339902,
        0.6225557262339902,
        0.6225557262339902,
        0.6255635608357879,
        0.6255635608357879,
        0.6255635608357879,
        0.6255635608357879,
        0.625563560835788,
        0.625563560835788,
        0.625563560835788,
        0.625563560835788,
        0.625563560835788,
        0.625563560835788,
        0.625563560835788,
        0.625563560835788,
        0.625563560835788,
        0.625563560835788,
        0.625563560835788,
        0.625563560835788,
        0.625563560835788,
        0.6263344278395669,
        0.6263344278395669,
        0.6263344278395669,
        0.6297370173869882,
        0.6307012904448868,
        0.6307012904448868,
        0.6342800994242703,
        0.6342800994242703,
        0.6391768450107219,
        0.6391768450107219,
        0.6391768450107219,
        0.643727863285008,
        0.6449603479441248,
        0.6449603479441248,
        0.6449603479441248,
        0.6449603479441248,
        0.6449603479441248,
        0.6449603479441248,
        0.6512908913314456,
        0.6512908913314456,
        0.6512908913314456,
        0.6512908913314456,
        0.6554301328633707,
        0.6554301328633707,
        0.6554301328633707,
        0.6554301328633707,
        0.6554301328633707,
        0.6554301328633707,
        0.6554301328633707,
        0.6554301328633707,
        0.6554301328633707,
        0.6574253716541021,
        0.6574253716541021,
        0.6618659580577615,
        0.6618659580577615,
        0.6624008864644493,
        0.6715421752287022,
        0.6715421752287022,
        0.6715421752287022,
        0.6715421752287022,
        0.6715421752287022,
        0.6715421752287022,
        0.6715421752287022,
        0.6715421752287022,
        0.6715421752287022,
        0.6715421752287022,
        0.6715421752287022,
        0.6715421752287022,
        0.6715421752287022,
        0.6715421752287022,
        0.6715421752287022,
        0.6728394558461381,
        0.6728394558461381,
        0.6728394558461381,
        0.6728394558461381,
        0.6728394558461381,
        0.6728394558461381,
        0.6728394558461381,
        0.6728394558461381,
        0.6728394558461381,
        0.6728394558461381,
        0.6728394558461381,
        0.6728394558461381,
        0.6728394558461381,
        0.6728394558461381,
        0.6728394558461381,
        0.6728394558461381,
        0.6728394558461381,
        0.6728394558461381,
        0.6728394558461381,
        0.6728394558461381,
        0.6728394558461381,
        0.6728394558461381,
        0.6728394558461381,
        0.6728394558461381,
        0.6728394558461381,
        0.7004251620361918,
        0.7004251620361918,
        0.7004251620361918,
        0.7004251620361918,
        0.7004251620361918,
        0.7004251620361918,
        0.7004251620361918,
        0.7004251620361918,
        0.7004251620361918,
        0.7004251620361918,
        0.7004251620361918,
        0.7004251620361918,
        0.7004251620361918,
        0.7004251620361918,
        0.7004251620361918,
        0.7026348752920402,
        0.7026348752920402,
        0.7026348752920402,
        0.7038061911755704,
        0.7038061911755704,
        0.7060373229539142,
        0.7060373229539142,
        0.7060373229539142,
        0.7060373229539142,
        0.7060373229539142,
        0.7110311824008321,
        0.7110311824008321,
        0.7110311824008321,
        0.7110311824008321,
        0.7110311824008321,
        0.7110311824008321,
        0.7110311824008321,
        0.7110311824008321,
        0.7110311824008321,
        0.7110311824008321,
        0.7110311824008321
    ],