{
    "bestIndiv": [
        [
            39,
            36,
            23,
            4,
            3,
            42,
            9,
            8,
            32,
            24,
            12,
            10,
            50,
            45,
            43,
            33,
            34,
            0,
            19,
            49,
            41,
            1,
            6,
            16,
            17,
            2,
            40,
            7,
            18,
            44,
            31,
            21,
            20,
            30,
            22,
            29,
            28,
            15,
            46,
            25,
            26,
            13,
            51,
            27,
            11,
            37,
            47,
            5,
            14,
            38,
            35,
            48
        ],
        0.668794379877065
    ],
    "best": [
        0.28178294217625266,
        0.28822377251056697,
        0.3046581660519627,
        0.30779517423501845,
        0.3160996416205353,
        0.32620957630822006,
        0.33617524402159027,
        0.33617524402159027,
        0.344347331844926,
        0.344347331844926,
        0.3563341298669637,
        0.3563341298669637,
        0.3587328177437153,
        0.36419111597678033,
        0.36593837568372406,
        0.37883316082255725,
        0.37883316082255725,
        0.3845632516207281,
        0.3880770730354842,
        0.3894577134044065,
        0.3977129764001703,
        0.3977129764001703,
        0.41109483250394774,
        0.4256180343093552,
        0.4256180343093552,
        0.4256180343093552,
        0.42914057916332427,
        0.42914057916332427,
        0.4338143994437612,
        0.435852227349795,
        0.4369086424731525,
        0.4369086424731525,
        0.44867390931748674,
        0.45017788134681314,
        0.468405731311072,
        0.46990688864506847,
        0.46990688864506847,
        0.46990688864506847,
        0.4727872146271468,
        0.4727872146271468,
        0.4727872146271468,
        0.4727872146271468,
        0.4741149511334031,
        0.4865378000484286,
        0.4865378000484286,
        0.49177094344424044,
        0.49453360032906385,
        0.49453360032906385,
        0.49487654494117883,
        0.49487654494117894,
        0.49487654494117894,
        0.49487654494117894,
        0.49487654494117894,
        0.49487654494117894,
        0.5045998365943649,
        0.5120115582255714,
        0.5141324266749537,
        0.5141324266749537,
        0.5185470809149509,
        0.5185470809149509,
        0.5185470809149509,
        0.5185470809149509,
        0.5206745562881068,
        0.5269340013771636,
        0.5269340013771636,
        0.5269340013771636,
        0.5289589140970075,
        0.5297907512555534,
        0.5482503091007281,
        0.5482503091007281,
        0.5482503091007281,
        0.5482503091007283,
        0.5510321125090453,
        0.5513435432790647,
        0.5513435432790647,
        0.5513435432790647,
        0.5541569057075948,
        0.5541569057075948,
        0.5541569057075948,
        0.5541569057075948,
        0.5705133450675035,
        0.5705133450675035,
        0.5705133450675035,
        0.6014601560127658,
        0.6014601560127658,
        0.6014601560127658,
        0.6057136265357536,
        0.6057136265357536,
        0.6057136265357536,
        0.6057136265357536,
        0.6057136265357536,
        0.6057136265357536,
        0.6057136265357536,
        0.6057136265357536,
        0.6057136265357536,
        0.6167896244750943,
        0.6167896244750943,
        0.6167896244750943,
        0.6167996030789968,
        0.6182084523927118,
        0.6182084523927118,
        0.619191856637191,
        0.619191856637191,
        0.619191856637191,
        0.619191856637191,
        0.619191856637191,
        0.619191856637191,
        0.619191856637191,
        0.619191856637191,
        0.619191856637191,
        0.619191856637191,
        0.6221113000472076,
        0.6221113000472076,
        0.6300326278160584,
        0.6300326278160584,
        0.6300326278160584,
        0.6300326278160584,
        0.6300326278160584,
        0.6300326278160584,
        0.6300326278160584,
        0.6300326278160584,
        0.6300326278160584,
        0.6340249336287981,
        0.6340249336287981,
        0.6340249336287981,
        0.6340249336287981,
        0.6340249336287981,
        0.6340249336287981,
        0.6340249336287981,
        0.6340249336287981,
        0.6340249336287981,
        0.6340249336287981,
        0.6369487883384701,
        0.6369487883384701,
        0.6369487883384701,
        0.6369487883384701,
        0.6369487883384701,
        0.6369487883384701,
        0.6369487883384701,
        0.6369487883384701,
        0.6369487883384701,
        0.6369487883384701,
        0.6410295098870558,
        0.6410295098870558,
        0.6411965083979349,
        0.6411965083979349,
        0.6411965083979349,
        0.6411965083979349,
        0.6411965083979349,
        0.6411965083979349,
        0.6411965083979349,
        0.6411965083979349,
        0.6450616542774094,
        0.6450616542774094,
        0.6456561206636885,
        0.646491706575408,
        0.646491706575408,
        0.646491706575408,
        0.646491706575408,
        0.646491706575408,
        0.646491706575408,
        0.6509755812883412,
        0.6509755812883412,
        0.6509755812883412,
        0.6509755812883412,
        0.6509755812883412,
        0.6509755812883412,
        0.6519369978592248,
        0.6519369978592248,
        0.6568892019815867,
        0.6568892019815867,
        0.6578681785107128,
        0.6578681785107128,
        0.6578681785107128,
        0.6578681785107128,
        0.6605742596439812,
        0.6605742596439812,
        0.662437740086263,
        0.662437740086263,
        0.662437740086263,
        0.662437740086263,
        0.662437740086263,
        0.662437740086263,
        0.6647862043617795,
        0.6647862043617795,
        0.6647862043617795,
        0.6647862043617795,
        0.6647862043617795,
        0.6647862043617795,
        0.6647862043617795,
        0.6647862043617795,
        0.6647862043617795,
        0.6652852569452387,
        0.6652852569452387,
        0.6665669542303263,
        0.6665669542303263,
        0.6665669542303263,
        0.6665669542303263,
        0.6665669542303263,
        0.668794379877065,
        0.668794379877065
    ],