{
    "bestIndiv": [
        [
            43,
            15,
            28,
            46,
            25,
            10,
            50,
            32,
            42,
            3,
            11,
            27,
            26,
            12,
            13,
            51,
            24,
            5,
            14,
            4,
            23,
            31,
            21,
            48,
            33,
            35,
            39,
            37,
            38,
            34,
            0,
            29,
            1,
            6,
            41,
            16,
            20,
            30,
            17,
            2,
            18,
            40,
            7,
            9,
            8,
            44,
            36,
            47,
            45,
            49,
            19,
            22
        ],
        0.7347697652526649
    ],
    "best": [
        0.2938599743734584,
        0.3167773250581152,
        0.3207140041997804,
        0.32941039781474274,
        0.341335207908947,
        0.341335207908947,
        0.34298864212517277,
        0.352364995628732,
        0.352364995628732,
        0.355193402989983,
        0.3645893161475266,
        0.3714742924010872,
        0.38983283215903586,
        0.38983283215903586,
        0.38983283215903586,
        0.3937249788420176,
        0.39830991102583213,
        0.4063755146575874,
        0.41760714990967723,
        0.41760714990967723,
        0.41760714990967723,
        0.4296420806300727,
        0.4296420806300727,
        0.43325660414726935,
        0.43441712048632725,
        0.44016411344153067,
        0.44016411344153067,
        0.4426226793940982,
        0.4558314883005906,
        0.46139971812586433,
        0.46139971812586433,
        0.47886247659794856,
        0.47886247659794856,
        0.484217305884149,
        0.4842173058841491,
        0.4842173058841491,
        0.49518113546350623,
        0.49518113546350623,
        0.49518113546350623,
        0.49518113546350623,
        0.5045019572812527,
        0.5045019572812527,
        0.5189721967104585,
        0.5189721967104585,
        0.5237482702237747,
        0.5237482702237747,
        0.5385082851045508,
        0.5385082851045508,
        0.5385082851045508,
        0.5385082851045508,
        0.544240887997924,
        0.544240887997924,
        0.5576159283255149,
        0.5576159283255149,
        0.5585559903115064,
        0.5597054499207331,
        0.562468200316434,
        0.5685772741803481,
        0.5685772741803481,
        0.5737423624105469,
        0.5840712588645344,
        0.5840712588645344,
        0.5909158977368113,
        0.5909158977368113,
        0.5909158977368113,
        0.5909158977368113,
        0.5909158977368113,
        0.6016014189118003,
        0.6016014189118003,
        0.6016014189118003,
        0.6016014189118003,
        0.6016014189118003,
        0.6043614050417312,
        0.616627778175386,
        0.616627778175386,
        0.616627778175386,
        0.6210958502170436,
        0.6210958502170436,
        0.6210958502170436,
        0.6210958502170436,
        0.6210958502170436,
        0.6210958502170436,
        0.6210958502170436,
        0.6210958502170436,
        0.6210958502170436,
        0.6210958502170436,
        0.6210958502170436,
        0.6210958502170436,
        0.6367228096653775,
        0.6367228096653775,
        0.6367228096653775,
        0.6367228096653775,
        0.6367228096653775,
        0.6367228096653775,
        0.6377233253778856,
        0.6377233253778856,
        0.6377233253778856,
        0.6377233253778856,
        0.6377233253778856,
        0.6377233253778856,
        0.6377233253778856,
        0.6377233253778856,
        0.6377233253778856,
        0.6377233253778856,
        0.6377233253778856,
        0.6377233253778856,
        0.6377233253778856,
        0.6377233253778856,
        0.6377233253778856,
        0.6377233253778856,
        0.6377233253778856,
        0.6377233253778856,
        0.6420071919877941,
        0.6420071919877941,
        0.6423395360805692,
        0.6423395360805692,
        0.6423395360805692,
        0.6465127362953703,
        0.649184772969049,
        0.649184772969049,
        0.6499905835157599,
        0.6499905835157599,
        0.6545013278070361,
        0.6545013278070361,
        0.6545013278070361,
        0.6545013278070361,
        0.6545013278070361,
        0.6545013278070361,
        0.6545013278070361,
        0.6550829818993013,
        0.6561823126655445,
        0.6575103477160084,
        0.657790517666925,
        0.6583369724492678,
        0.6586178474551224,
        0.6586178474551224,
        0.6586178474551224,
        0.6586178474551224,
        0.6586178474551224,
        0.6617824239470114,
        0.6617824239470114,
        0.6697274396912994,
        0.6801330057284888,
        0.6801330057284888,
        0.6801330057284888,
        0.6801330057284888,
        0.6807117510074332,
        0.6807117510074332,
        0.6885657388837888,
        0.6885657388837888,
        0.6885657388837888,
        0.7063632181765087,
        0.7063632181765087,
        0.7105338173544753,
        0.7105338173544753,
        0.713620570786022,
        0.713620570786022,
        0.713620570786022,
        0.713620570786022,
        0.714988066323073,
        0.714988066323073,
        0.714988066323073,
        0.718113727137734,
        0.7224246615537778,
        0.7224246615537778,
        0.7224246615537778,
        0.7224246615537778,
        0.7224246615537778,
        0.7224246615537778,
        0.7224246615537778,
        0.7224246615537778,
        0.7224246615537778,
        0.7224246615537778,
        0.7280959116133027,
        0.7280959116133027,
        0.7280959116133027,
        0.7280959116133027,
        0.7281226797161429,
        0.7281226797161429,
        0.728797106966813,
        0.7293521898316919,
        0.7293521898316919,
        0.7300288977435432,
        0.7300288977435432,
        0.7315598738349349,
        0.7315598738349349,
        0.7322406865278684,
        0.7325771409477756,
        0.7325771409477756,
        0.7325771409477756,
        0.7325771409477756,
        0.7330523675661896,
        0.7333895684835782,
        0.7333895684835782,
        0.7333895684835782,
        0.7333895684835782,
        0.7333895684835782,
        0.7347697652526649,
        0.7347697652526649,
        0.7347697652526649,
        0.7347697652526649
    ],