{
    "bestIndiv": [
        [
            30,
            17,
            21,
            0,
            34,
            37,
            23,
            47,
            45,
            36,
            39,
            40,
            2,
            31,
            48,
            33,
            35,
            38,
            8,
            9,
            32,
            42,
            14,
            4,
            5,
            3,
            24,
            50,
            10,
            11,
            27,
            25,
            46,
            13,
            12,
            51,
            26,
            43,
            15,
            28,
            20,
            16,
            7,
            18,
            44,
            1,
            6,
            41,
            29,
            49,
            19,
            22
        ],
        0.6854144106783182
    ],
    "best": [
        0.2953321428489969,
        0.2967459204085784,
        0.30696796309397867,
        0.31942104585898035,
        0.3259763807984048,
        0.33896123641248516,
        0.33896123641248516,
        0.35279983021138506,
        0.3625770319309584,
        0.3697760956408834,
        0.3697760956408834,
        0.3697760956408834,
        0.3804240337041138,
        0.3824363816725168,
        0.4068636597119376,
        0.41561066680687997,
        0.4167251442334311,
        0.4294609418439385,
        0.4294609418439385,
        0.42951341859613534,
        0.43962285317749766,
        0.43962285317749766,
        0.45637982998406057,
        0.46456965232896796,
        0.4723303278663618,
        0.4757121261501281,
        0.48578027646839206,
        0.492494342735821,
        0.492494342735821,
        0.492494342735821,
        0.5007375400610138,
        0.5047100102504829,
        0.5047100102504829,
        0.5047100102504829,
        0.5047100102504829,
        0.5084301177670083,
        0.5084301177670083,
        0.5175771251289001,
        0.5230015747748936,
        0.5230015747748936,
        0.5230015747748936,
        0.5268732780601438,
        0.5303060739925356,
        0.5391476129909824,
        0.545502383476915,
        0.545502383476915,
        0.545502383476915,
        0.545502383476915,
        0.573567005112408,
        0.573567005112408,
        0.5947669538972543,
        0.5947669538972543,
        0.596153644727085,
        0.5987789845587506,
        0.6040760292099463,
        0.6229135340846733,
        0.6234376066111413,
        0.6234376066111413,
        0.625088073472086,
        0.625088073472086,
        0.6293601019414304,
        0.6293601019414304,
        0.6293601019414304,
        0.630121649643484,
        0.6368859616522095,
        0.6368859616522095,
        0.6368859616522095,
        0.6368859616522095,
        0.6368859616522095,
        0.6470856645216815,
        0.6480788856805711,
        0.654299306347888,
        0.654299306347888,
        0.654299306347888,
        0.654299306347888,
        0.654299306347888,
        0.654299306347888,
        0.6575131191600918,
        0.6575131191600918,
        0.6575131191600918,
        0.6575131191600918,
        0.6575131191600918,
        0.6579095524290047,
        0.6579095524290047,
        0.6579095524290047,
        0.6579095524290047,
        0.6579095524290047,
        0.6579095524290047,
        0.6579095524290047,
        0.6579095524290047,
        0.6589956743949533,
        0.6589956743949533,
        0.6589956743949533,
        0.659393897969766,
        0.659393897969766,
        0.659393897969766,
        0.659393897969766,
        0.659393897969766,
        0.659393897969766,
        0.659393897969766,
        0.659393897969766,
        0.659393897969766,
        0.659393897969766,
        0.659393897969766,
        0.659393897969766,
        0.659393897969766,
        0.659393897969766,
        0.659393897969766,
        0.659393897969766,
        0.659393897969766,
        0.6604353415313009,
        0.6631726347329534,
        0.663697526920653,
        0.6642260582674243,
        0.6671101593541516,
        0.6680725727629525,
        0.6701957846367411,
        0.6701957846367411,
        0.6701957846367411,
        0.6701957846367411,
        0.6701957846367411,
        0.6701957846367411,
        0.6701957846367411,
        0.6701957846367411,
        0.6701957846367411,
        0.6785340003031382,
        0.6785340003031382,
        0.6785340003031382,
        0.6785340003031382,
        0.6785340003031382,
        0.6785340003031382,
        0.6785340003031382,
        0.6785340003031382,
        0.6785340003031382,
        0.6806666296741397,
        0.6806666296741397,
        0.6806666296741397,
        0.6806666296741397,
        0.6826489028317375,
        0.6826489028317375,
        0.6826489028317375,
        0.6826489028317375,
        0.6826489028317375,
        0.6826489028317375,
        0.6826489028317375,
        0.6826489028317375,
        0.6826489028317375,
        0.6826489028317375,
        0.6826489028317375,
        0.6826489028317375,
        0.6826489028317375,
        0.6826489028317375,
        0.6826489028317375,
        0.6826489028317375,
        0.6826489028317375,
        0.6826489028317375,
        0.6826489028317375,
        0.6826489028317375,
        0.6826489028317375,
        0.6826489028317375,
        0.6826489028317375,
        0.6827763602527119,
        0.6827763602527119,
        0.6827763602527119,
        0.6827763602527119,
        0.6827763602527119,
        0.6827763602527119,
        0.6827763602527119,
        0.6827763602527119,
        0.6852314781413239,
        0.6852314781413239,
        0.6852314781413239,
        0.6852314781413239,
        0.6852314781413239,
        0.6854144106783182,
        0.6854144106783182,
        0.6854144106783182,
        0.6854144106783182,
        0.6854144106783182,
        0.6854144106783182,
        0.6854144106783182,
        0.6854144106783182,
        0.6854144106783182,
        0.6854144106783182,
        0.6854144106783182,
        0.6854144106783182,
        0.6854144106783182,
        0.6854144106783182,
        0.6854144106783182,
        0.6854144106783182,
        0.6854144106783182,
        0.6854144106783182,
        0.6854144106783182,
        0.6854144106783182,
        0.6854144106783182,
        0.6854144106783182,
        0.6854144106783182,
        0.6854144106783182,
        0.6854144106783182,
        0.6854144106783182,
        0.6854144106783182
    ],