{
    "bestIndiv": [
        [
            44,
            31,
            0,
            21,
            17,
            30,
            20,
            29,
            22,
            19,
            41,
            1,
            6,
            16,
            2,
            48,
            35,
            5,
            3,
            10,
            27,
            26,
            25,
            46,
            12,
            13,
            51,
            50,
            11,
            24,
            4,
            23,
            47,
            36,
            33,
            15,
            28,
            49,
            43,
            45,
            39,
            34,
            38,
            37,
            14,
            42,
            32,
            8,
            9,
            7,
            40,
            18
        ],
        0.7643918565636177
    ],
    "best": [
        0.3123150139911174,
        0.3123150139911174,
        0.32144774301926626,
        0.3278228490050696,
        0.33846314686924117,
        0.342815150730978,
        0.34904540077253693,
        0.37715877012143323,
        0.37715877012143323,
        0.37715877012143323,
        0.37715877012143323,
        0.37715877012143323,
        0.3817316946462123,
        0.3817316946462123,
        0.3842791489475521,
        0.39141786540615914,
        0.39141786540615914,
        0.39512212777585776,
        0.40336298991506914,
        0.4091873951390961,
        0.41819459185040686,
        0.41819459185040686,
        0.42736294345758363,
        0.42736294345758363,
        0.42736294345758363,
        0.4453453357626432,
        0.4536550528732692,
        0.4536550528732692,
        0.4710639109142764,
        0.4721981914893579,
        0.4721981914893579,
        0.472792739486173,
        0.4830083321698707,
        0.5026318314819197,
        0.5030341271922985,
        0.5036646810298478,
        0.5081254523245088,
        0.5122625607176658,
        0.5228682765355848,
        0.5228682765355848,
        0.5345387542620432,
        0.5438942879570748,
        0.5438942879570748,
        0.5454034557965277,
        0.5454034557965277,
        0.5577826662815326,
        0.56473250816818,
        0.56473250816818,
        0.567673779271345,
        0.567673779271345,
        0.567673779271345,
        0.567673779271345,
        0.5758728170943143,
        0.5758728170943143,
        0.5791998143405643,
        0.5791998143405643,
        0.5820860889282269,
        0.5820860889282269,
        0.5870268563312129,
        0.5870268563312129,
        0.5870268563312129,
        0.5899776925738268,
        0.5919269025022666,
        0.5994547372087531,
        0.5994547372087531,
        0.6044318702085089,
        0.6044318702085089,
        0.609098046754442,
        0.609098046754442,
        0.6167413491088699,
        0.6167413491088699,
        0.6167413491088699,
        0.6181084313932685,
        0.6216002816892283,
        0.6240794897769111,
        0.6257252227092549,
        0.6257252227092549,
        0.6257252227092549,
        0.6282375105280396,
        0.6282375105280396,
        0.6282375105280396,
        0.6282375105280396,
        0.6282375105280396,
        0.630965983080304,
        0.6551406712396084,
        0.6551406712396084,
        0.6551406712396085,
        0.6551406712396085,
        0.6702936447273986,
        0.6702936447273986,
        0.6702936447273986,
        0.6727877137431902,
        0.6727877137431902,
        0.6727877137431902,
        0.6727877137431902,
        0.6727877137431902,
        0.6727877137431902,
        0.6727877137431902,
        0.6727877137431902,
        0.6727877137431902,
        0.6730022102287108,
        0.6730022102287108,
        0.6730022102287108,
        0.6730022102287108,
        0.6730022102287108,
        0.6730022102287108,
        0.6730022102287108,
        0.6730022102287108,
        0.6730022102287108,
        0.6730022102287108,
        0.6730022102287108,
        0.6730022102287108,
        0.6730022102287108,
        0.6730022102287108,
        0.6730022102287108,
        0.6731487333754919,
        0.6731487333754919,
        0.6731487333754919,
        0.6731487333754919,
        0.6731487333754919,
        0.6731487333754919,
        0.6731487333754919,
        0.6953828036558997,
        0.7023867728098223,
        0.7023867728098223,
        0.7023867728098223,
        0.7023867728098223,
        0.7041536763789688,
        0.7041536763789688,
        0.707311650587942,
        0.707311650587942,
        0.7091034503838174,
        0.7091034503838174,
        0.7091034503838174,
        0.7091034503838174,
        0.7091034503838174,
        0.7091034503838174,
        0.7091034503838174,
        0.7091034503838174,
        0.7091034503838174,
        0.7091034503838174,
        0.7091034503838174,
        0.7091034503838174,
        0.7091034503838174,
        0.7091034503838174,
        0.7091034503838174,
        0.7091034503838174,
        0.7091034503838174,
        0.7091034503838174,
        0.7091034503838174,
        0.7091034503838174,
        0.7091034503838174,
        0.7091034503838174,
        0.7091034503838174,
        0.7091034503838174,
        0.7091034503838174,
        0.7091034503838174,
        0.7091034503838174,
        0.7091034503838174,
        0.7096722204423878,
        0.7096722204423878,
        0.7096722204423878,
        0.7096722204423878,
        0.7497153043873476,
        0.7497153043873476,
        0.7497153043873476,
        0.7497153043873476,
        0.7497153043873476,
        0.7497153043873476,
        0.7497153043873476,
        0.7497153043873476,
        0.7497153043873476,
        0.752187880351277,
        0.752187880351277,
        0.7557644895352782,
        0.7557644895352782,
        0.7557644895352782,
        0.7643918565636177,
        0.7643918565636177,
        0.7643918565636177,
        0.7643918565636177,
        0.7643918565636177,
        0.7643918565636177,
        0.7643918565636177,
        0.7643918565636177,
        0.7643918565636177,
        0.7643918565636177,
        0.7643918565636177,
        0.7643918565636177,
        0.7643918565636177,
        0.7643918565636177,
        0.7643918565636177,
        0.7643918565636177,
        0.7643918565636177,
        0.7643918565636177,
        0.7643918565636177,
        0.7643918565636177,
        0.7643918565636177,
        0.7643918565636177,
        0.7643918565636177,
        0.7643918565636177
    ],