{
    "bestIndiv": [
        [
            5,
            38,
            40,
            7,
            18,
            44,
            17,
            2,
            16,
            31,
            48,
            35,
            34,
            45,
            15,
            46,
            25,
            26,
            12,
            13,
            51,
            10,
            27,
            11,
            50,
            24,
            3,
            42,
            32,
            9,
            8,
            33,
            43,
            49,
            19,
            28,
            29,
            1,
            6,
            41,
            20,
            30,
            0,
            21,
            22,
            47,
            23,
            4,
            14,
            39,
            37,
            36
        ],
        0.7381761704069392
    ],
    "best": [
        0.284757160386086,
        0.29760133833213226,
        0.3100243827916777,
        0.3100243827916777,
        0.33413430913341574,
        0.3451750946936737,
        0.3482462858235958,
        0.3649192965523915,
        0.3649192965523915,
        0.3736626965864281,
        0.3901478195473033,
        0.3901478195473033,
        0.3901478195473033,
        0.3987152741084602,
        0.4016642252504635,
        0.4114285364586122,
        0.4257822634935975,
        0.42890152484893795,
        0.4381957287839287,
        0.44037698436230144,
        0.4490219512356902,
        0.4543676502338243,
        0.47634925582452264,
        0.4846298980384414,
        0.49406304179061,
        0.49406304179061,
        0.5075194499150119,
        0.5075194499150119,
        0.5112276764743858,
        0.5112276764743858,
        0.5117683721028818,
        0.5180965098950361,
        0.549606574487393,
        0.549606574487393,
        0.5642226840790578,
        0.5642226840790578,
        0.5642226840790578,
        0.5642226840790578,
        0.5642226840790578,
        0.5649613580500655,
        0.5649613580500655,
        0.5649613580500655,
        0.5649613580500655,
        0.5649613580500655,
        0.5649613580500655,
        0.5649613580500655,
        0.5649613580500655,
        0.5747259249337079,
        0.5747259249337079,
        0.5747259249337079,
        0.5804273407217948,
        0.5834087273393093,
        0.5848190750993276,
        0.5861090746411641,
        0.5861090746411641,
        0.5905875418748714,
        0.5905875418748714,
        0.5905875418748714,
        0.5905875418748714,
        0.5905875418748714,
        0.5905875418748714,
        0.5905875418748714,
        0.6013904004813426,
        0.6013904004813426,
        0.6038994095061605,
        0.6038994095061605,
        0.6081102701767318,
        0.6081102701767318,
        0.6081102701767318,
        0.613031214765103,
        0.613031214765103,
        0.616244608834521,
        0.6241153937742807,
        0.6248182600779854,
        0.6302262179796517,
        0.6302262179796517,
        0.6302262179796517,
        0.6302262179796517,
        0.6324472641384403,
        0.645801945136924,
        0.6461892450529496,
        0.652347048050241,
        0.6523470480502411,
        0.6527422405994118,
        0.6580676065533522,
        0.6580676065533522,
        0.6623532163038421,
        0.6623532163038421,
        0.6623532163038421,
        0.6627606291133831,
        0.6627606291133831,
        0.6627606291133831,
        0.6627606291133831,
        0.6689672197016892,
        0.6689672197016892,
        0.6689672197016892,
        0.6689672197016892,
        0.6689672197016892,
        0.6718125374023524,
        0.6718125374023524,
        0.6718125374023524,
        0.6718125374023524,
        0.6718125374023524,
        0.6718125374023524,
        0.6718125374023524,
        0.6718125374023524,
        0.6727585992448256,
        0.6727585992448256,
        0.6727585992448256,
        0.6727585992448256,
        0.6727585992448256,
        0.6727585992448256,
        0.6727585992448256,
        0.6727585992448256,
        0.6727585992448256,
        0.6727585992448256,
        0.6727585992448256,
        0.6727585992448256,
        0.6727585992448256,
        0.6727585992448256,
        0.6727585992448256,
        0.6727585992448256,
        0.6727585992448256,
        0.6727585992448256,
        0.6727585992448256,
        0.6727585992448256,
        0.6727585992448256,
        0.6727585992448256,
        0.6727585992448256,
        0.6727585992448256,
        0.6730236635831633,
        0.6730236635831633,
        0.6730236635831633,
        0.6768872973150356,
        0.6768872973150356,
        0.6768872973150356,
        0.6768872973150356,
        0.6768872973150356,
        0.6768872973150356,
        0.6768872973150356,
        0.6768872973150356,
        0.6768872973150356,
        0.6768872973150356,
        0.6768872973150356,
        0.6768872973150356,
        0.6768872973150356,
        0.6768872973150356,
        0.6768872973150356,
        0.6768872973150356,
        0.6768872973150356,
        0.6768872973150356,
        0.6768872973150356,
        0.6768872973150356,
        0.6768872973150356,
        0.6768872973150356,
        0.6768872973150356,
        0.6768872973150356,
        0.6768872973150356,
        0.6768872973150356,
        0.6768872973150356,
        0.6768872973150356,
        0.6813415867201702,
        0.6813415867201702,
        0.6818974669267034,
        0.6978396900231314,
        0.6978396900231314,
        0.6978396900231314,
        0.6978396900231314,
        0.6978396900231314,
        0.6978396900231314,
        0.6978396900231314,
        0.6978396900231314,
        0.6978396900231314,
        0.7118742622769476,
        0.7118742622769476,
        0.717066894348428,
        0.717066894348428,
        0.7350833732507447,
        0.7350833732507447,
        0.7350833732507447,
        0.7350833732507447,
        0.7350833732507447,
        0.7350833732507447,
        0.7350833732507447,
        0.7350833732507447,
        0.7350833732507447,
        0.7350833732507447,
        0.7381761704069392,
        0.7381761704069392,
        0.7381761704069392,
        0.7381761704069392,
        0.7381761704069392,
        0.7381761704069392,
        0.7381761704069392,
        0.7381761704069392,
        0.7381761704069392,
        0.7381761704069392,
        0.7381761704069392,
        0.7381761704069392,
        0.7381761704069392,
        0.7381761704069392
    ],