{
    "bestIndiv": [
        [
            48,
            30,
            29,
            22,
            21,
            0,
            43,
            25,
            26,
            27,
            4,
            18,
            44,
            7,
            40,
            8,
            9,
            42,
            32,
            51,
            13,
            12,
            46,
            45,
            28,
            41,
            1,
            6,
            20,
            31,
            39,
            3,
            5,
            37,
            38,
            35,
            33,
            47,
            23,
            36,
            17,
            16,
            2,
            19,
            49,
            15,
            24,
            11,
            10,
            50,
            14,
            34
        ],
        0.5952858890035253
    ],
    "best": [
        0.2866095923875466,
        0.29117492799914096,
        0.3049062486508086,
        0.3124497587060911,
        0.31512840274332854,
        0.3171064234952924,
        0.3171807595705605,
        0.3592979358932055,
        0.3592979358932055,
        0.3644585328044134,
        0.3644585328044134,
        0.3670576161160722,
        0.3670576161160722,
        0.3731860893654107,
        0.37925346366400214,
        0.3801247341137298,
        0.39372261726009744,
        0.3999280100819238,
        0.4035007483338308,
        0.41529992918949243,
        0.41529992918949243,
        0.41529992918949243,
        0.4412024503872618,
        0.4412024503872618,
        0.4412024503872618,
        0.4466184917953891,
        0.4466184917953891,
        0.4466184917953891,
        0.4466184917953891,
        0.4466184917953891,
        0.45006116706697596,
        0.45006116706697596,
        0.45006116706697596,
        0.45139404604620653,
        0.4516251820260145,
        0.4530022321919127,
        0.45558497294459877,
        0.46500620254357183,
        0.46500620254357183,
        0.4735528473385436,
        0.4735528473385436,
        0.4735528473385436,
        0.4790497135716834,
        0.48517028008227286,
        0.48517028008227286,
        0.48517028008227286,
        0.4939255479738424,
        0.4962507750336244,
        0.4962507750336244,
        0.49704573898252463,
        0.49704573898252463,
        0.498226225609005,
        0.498226225609005,
        0.5016972387722601,
        0.5016972387722601,
        0.5016972387722601,
        0.5036108675238878,
        0.5036108675238878,
        0.5052846950493293,
        0.5052846950493293,
        0.5052846950493293,
        0.5072258419323488,
        0.5134008977666409,
        0.5142576022432345,
        0.5142576022432345,
        0.5142576022432345,
        0.5142576022432346,
        0.5142576022432346,
        0.5164060998541389,
        0.5164060998541389,
        0.5164060998541389,
        0.5164060998541389,
        0.5164060998541389,
        0.5217289241536859,
        0.5217289241536859,
        0.5220340036125949,
        0.5220340036125949,
        0.5221373168057645,
        0.523386810476146,
        0.523386810476146,
        0.5262699901061866,
        0.5262699901061866,
        0.5276448693533754,
        0.5283053904746421,
        0.5283053904746421,
        0.5283053904746421,
        0.5283323358658863,
        0.5283323358658863,
        0.5283323358658863,
        0.5283323358658863,
        0.5295599101596291,
        0.5295869836757253,
        0.5295869836757253,
        0.5295869836757253,
        0.5295869836757253,
        0.5377886209192866,
        0.5377886209192866,
        0.5377886209192866,
        0.5377886209192866,
        0.5377886209192866,
        0.5401136579846112,
        0.5401136579846112,
        0.5407161490987078,
        0.5407161490987078,
        0.541387338108834,
        0.541387338108834,
        0.5423403544503609,
        0.5423403544503609,
        0.5441218824355777,
        0.5451784437282495,
        0.5457649402343698,
        0.5484403241420055,
        0.5484403241420055,
        0.5506115306532078,
        0.5506115306532078,
        0.5506115306532078,
        0.5515387724330437,
        0.5542180855822708,
        0.5544677169736852,
        0.5692817018948105,
        0.5692817018948105,
        0.5692817018948105,
        0.5766665154624931,
        0.5766665154624931,
        0.5772404785881902,
        0.5823417170018667,
        0.5823417170018667,
        0.5823417170018667,
        0.5823417170018667,
        0.5823417170018667,
        0.5823417170018667,
        0.5823417170018667,
        0.5823417170018667,
        0.5823417170018667,
        0.5823417170018667,
        0.5823417170018667,
        0.5823417170018667,
        0.5823417170018667,
        0.5823417170018667,
        0.5823417170018667,
        0.5823417170018667,
        0.5823417170018667,
        0.5880503573085558,
        0.5880503573085558,
        0.5880503573085558,
        0.5880503573085558,
        0.5880503573085558,
        0.5880503573085558,
        0.5880503573085558,
        0.5880503573085558,
        0.5880503573085558,
        0.5880503573085558,
        0.5880503573085558,
        0.5880503573085558,
        0.5880503573085558,
        0.5880503573085558,
        0.5880503573085558,
        0.5880503573085558,
        0.5880503573085558,
        0.5880503573085558,
        0.5880503573085558,
        0.5880503573085558,
        0.5880990673487853,
        0.5880990673487853,
        0.5880990673487853,
        0.5880990673487853,
        0.5880990673487853,
        0.5880990673487853,
        0.5880990673487853,
        0.5880990673487853,
        0.5906735902653665,
        0.5906735902653665,
        0.5906735902653665,
        0.5906735902653665,
        0.5906735902653665,
        0.5906735902653665,
        0.5906735902653665,
        0.5906735902653665,
        0.5906735902653665,
        0.5906735902653665,
        0.5906735902653665,
        0.5906735902653665,
        0.5907227358741577,
        0.5907227358741577,
        0.5908317485733389,
        0.5908317485733389,
        0.5908317485733389,
        0.5908317485733389,
        0.5908317485733389,
        0.5908317485733389,
        0.5908317485733389,
        0.5908317485733389,
        0.5908317485733389,
        0.5908317485733389,
        0.5908317485733389,
        0.5908317485733389,
        0.5908317485733389,
        0.5908317485733389,
        0.5926645696590822,
        0.5926645696590822,
        0.5952858890035253
    ],