{
    "bestIndiv": [
        [
            34,
            0,
            31,
            44,
            18,
            9,
            8,
            4,
            23,
            47,
            3,
            5,
            37,
            39,
            45,
            49,
            19,
            17,
            16,
            20,
            30,
            21,
            22,
            41,
            6,
            1,
            29,
            28,
            15,
            48,
            2,
            40,
            7,
            32,
            50,
            10,
            51,
            13,
            12,
            46,
            25,
            26,
            27,
            43,
            33,
            35,
            38,
            24,
            11,
            42,
            14,
            36
        ],
        0.6863168434496403
    ],
    "best": [
        0.2953321428489969,
        0.2967459204085784,
        0.3162446517087184,
        0.3179067358965899,
        0.32491074494995537,
        0.33294903289436356,
        0.3455103417712215,
        0.3541858465588453,
        0.36781719197258705,
        0.36781719197258705,
        0.3796847854570781,
        0.3796847854570781,
        0.38782910004917615,
        0.38782910004917615,
        0.41353365454284474,
        0.41353365454284474,
        0.41747897678726903,
        0.42037097780308,
        0.4321944264164547,
        0.4321944264164547,
        0.4321944264164547,
        0.4392224464303235,
        0.4448746382806381,
        0.46936393597060344,
        0.46936393597060344,
        0.46936393597060344,
        0.4813756109787033,
        0.4813756109787033,
        0.4813756109787033,
        0.4813756109787033,
        0.4813756109787033,
        0.48197813702149545,
        0.48197813702149545,
        0.48197813702149545,
        0.48197813702149556,
        0.48197813702149556,
        0.48808274858629075,
        0.5087972871398582,
        0.5087972871398583,
        0.5087972871398583,
        0.5094787074094563,
        0.5143497156306288,
        0.5232473751977752,
        0.5232473751977752,
        0.5232474754861136,
        0.5294063372997652,
        0.5294063372997652,
        0.534423214457576,
        0.534423214457576,
        0.5365492811025337,
        0.5399604619131002,
        0.5405433223463598,
        0.5446827654512332,
        0.5514843987335178,
        0.5578399525405356,
        0.5597287778021645,
        0.5597287778021645,
        0.582735863792132,
        0.582735863792132,
        0.5832302650780894,
        0.5832302650780894,
        0.5921015248684716,
        0.5977587166511346,
        0.5977587166511346,
        0.5977587166511346,
        0.6084012647063264,
        0.6107132580735279,
        0.6107132580735279,
        0.6107132580735279,
        0.617117364154868,
        0.617117364154868,
        0.6216016591817856,
        0.6218632425519468,
        0.6290919504581991,
        0.6290919504581991,
        0.6290919504581991,
        0.6290919504581991,
        0.6290919504581991,
        0.630413339764541,
        0.6312420023469896,
        0.6312420023469896,
        0.641369169023467,
        0.641369169023467,
        0.6420141498163283,
        0.6443206772438762,
        0.646235677113649,
        0.646235677113649,
        0.6468904878603743,
        0.6468904878603743,
        0.6468904878603743,
        0.6468904878603743,
        0.6468904878603743,
        0.6468904878603743,
        0.6468904878603743,
        0.6468904878603743,
        0.6468904878603743,
        0.6468904878603743,
        0.6468904878603743,
        0.6468904878603743,
        0.6468904878603743,
        0.6468904878603743,
        0.6468904878603743,
        0.6468904878603743,
        0.6468904878603743,
        0.6468904878603743,
        0.6468904878603743,
        0.6468904878603743,
        0.6468904878603743,
        0.6468904878603743,
        0.6468904878603743,
        0.6468904878603743,
        0.6468904878603743,
        0.6468904878603743,
        0.6468904878603743,
        0.6468904878603743,
        0.6468904878603743,
        0.6468904878603743,
        0.6468904878603743,
        0.6468904878603743,
        0.6468904878603743,
        0.6468904878603743,
        0.6468904878603743,
        0.6468904878603743,
        0.6468904878603743,
        0.6468904878603743,
        0.6686279366573361,
        0.6686279366573361,
        0.6686279366573361,
        0.6686279366573361,
        0.6686279366573361,
        0.6686279366573361,
        0.6686279366573361,
        0.6686279366573361,
        0.6686279366573361,
        0.6686279366573361,
        0.6686279366573361,
        0.6686279366573361,
        0.6686279366573361,
        0.6686279366573361,
        0.6686279366573361,
        0.6686279366573361,
        0.6686279366573361,
        0.6686279366573361,
        0.6686279366573361,
        0.6744358226698646,
        0.6744358226698646,
        0.6744358226698646,
        0.6744358226698646,
        0.6744358226698646,
        0.6802096661676992,
        0.6802096661676992,
        0.6802096661676992,
        0.6802096661676992,
        0.6802096661676992,
        0.6802096661676992,
        0.6802096661676992,
        0.6802096661676992,
        0.6802096661676992,
        0.6802096661676992,
        0.6802096661676992,
        0.6802096661676992,
        0.6802096661676992,
        0.6802096661676992,
        0.6802096661676992,
        0.6802096661676992,
        0.6802096661676992,
        0.6802096661676992,
        0.6802096661676992,
        0.6802096661676992,
        0.6802096661676992,
        0.6802096661676992,
        0.6802096661676992,
        0.6802096661676992,
        0.6802096661676992,
        0.6802096661676992,
        0.6802096661676992,
        0.6802096661676992,
        0.6802096661676992,
        0.6802096661676992,
        0.6802096661676992,
        0.6802096661676992,
        0.6802096661676992,
        0.6802096661676992,
        0.6802096661676992,
        0.6802096661676992,
        0.6802096661676992,
        0.6802096661676992,
        0.6802096661676992,
        0.6802096661676992,
        0.6802096661676992,
        0.6802096661676992,
        0.6802096661676992,
        0.6802096661676992,
        0.6802096661676992,
        0.6802096661676992,
        0.6802096661676992,
        0.6802096661676992,
        0.6802096661676992,
        0.6863168434496403,
        0.6863168434496403,
        0.6863168434496403
    ],