{
    "bestIndiv": [
        [
            31,
            35,
            33,
            34,
            48,
            21,
            44,
            18,
            40,
            7,
            9,
            8,
            32,
            42,
            39,
            23,
            47,
            5,
            3,
            24,
            27,
            26,
            11,
            50,
            10,
            51,
            13,
            12,
            25,
            46,
            28,
            15,
            49,
            19,
            29,
            22,
            30,
            20,
            1,
            6,
            41,
            2,
            16,
            17,
            43,
            45,
            14,
            4,
            37,
            36,
            38,
            0
        ],
        0.8024749344884821
    ],
    "best": [
        0.2970436211377127,
        0.2986417215770556,
        0.30635682424841953,
        0.3109047863466851,
        0.3170849225540767,
        0.32318637840318337,
        0.3350329090218248,
        0.3365955746102039,
        0.34858598522792955,
        0.3495462216285169,
        0.35122278989242883,
        0.35122278989242883,
        0.3616598668694465,
        0.3814241736178347,
        0.3814241736178347,
        0.3966918231028967,
        0.3966918231028967,
        0.41701779032853387,
        0.41701779032853387,
        0.4180146670907284,
        0.461874615353904,
        0.461874615353904,
        0.461874615353904,
        0.461874615353904,
        0.4623070667019319,
        0.474256447968458,
        0.474256447968458,
        0.474256447968458,
        0.47614158736544543,
        0.4879213465969501,
        0.4879213465969501,
        0.4916044887487207,
        0.49756323668882146,
        0.4975632366888215,
        0.5020948596727101,
        0.5020948596727101,
        0.5025690499682652,
        0.5159591803723218,
        0.5159591803723218,
        0.5159591803723218,
        0.5362821876198285,
        0.5553363532925538,
        0.5553363532925538,
        0.5638442389890205,
        0.5777797319738932,
        0.5777797319738932,
        0.5777797319738932,
        0.5777797319738932,
        0.5777797319738932,
        0.5973989900363965,
        0.5973989900363965,
        0.5973989900363965,
        0.5973989900363965,
        0.5973989900363965,
        0.6046532728691526,
        0.6046532728691526,
        0.6183604958090664,
        0.6183604958090664,
        0.6196646214421755,
        0.6350479715221844,
        0.6350479715221844,
        0.6350479715221844,
        0.6350479715221844,
        0.6427959557368299,
        0.6427959557368299,
        0.643074547962323,
        0.643074547962323,
        0.643074547962323,
        0.643074547962323,
        0.643074547962323,
        0.643074547962323,
        0.643074547962323,
        0.644272768043511,
        0.644272768043511,
        0.6443214137252111,
        0.6443214137252111,
        0.6443214137252111,
        0.6443214137252111,
        0.6443214137252111,
        0.6443214137252111,
        0.6443214137252111,
        0.6443214137252111,
        0.6443214137252111,
        0.6443214137252111,
        0.6629692991714826,
        0.6629692991714826,
        0.6629692991714826,
        0.6629692991714826,
        0.6629692991714826,
        0.6629692991714826,
        0.6683333630033156,
        0.6714692473935473,
        0.6714692473935473,
        0.6790636134569598,
        0.6790636134569598,
        0.6790636134569598,
        0.680211347644919,
        0.680211347644919,
        0.680211347644919,
        0.680211347644919,
        0.6829009054985968,
        0.6834225201877424,
        0.6977669255875928,
        0.6977669255875928,
        0.6977669255875928,
        0.701146403199466,
        0.7021295867292054,
        0.709166774090028,
        0.7098438006837914,
        0.7098438006837914,
        0.7098438006837914,
        0.711311394955971,
        0.7176283129380558,
        0.7176283129380558,
        0.7206615735159009,
        0.7206615735159009,
        0.7259343437086964,
        0.7286813493644517,
        0.7286813493644517,
        0.7320849287956578,
        0.7320849287956578,
        0.7320849287956578,
        0.7328749079246291,
        0.7328749079246291,
        0.7357473558660831,
        0.7357473558660831,
        0.7357473558660831,
        0.7357473558660831,
        0.736545263186387,
        0.7368207363635733,
        0.7368207363635733,
        0.7368207363635733,
        0.740695144704039,
        0.7409737313836372,
        0.7521908663560358,
        0.7521908663560358,
        0.7521908663560358,
        0.7524781692481526,
        0.7524781692481526,
        0.7524781692481526,
        0.7631518920255148,
        0.7631518920255148,
        0.7631518920255148,
        0.7632397469126505,
        0.7632397469126505,
        0.7632397469126505,
        0.7646813274950607,
        0.7646813274950607,
        0.7873156481168534,
        0.8024749344884821,
        0.8024749344884821,
        0.8024749344884821,
        0.8024749344884821,
        0.8024749344884821,
        0.8024749344884821,
        0.8024749344884821,
        0.8024749344884821,
        0.8024749344884821,
        0.8024749344884821,
        0.8024749344884821,
        0.8024749344884821,
        0.8024749344884821,
        0.8024749344884821,
        0.8024749344884821,
        0.8024749344884821,
        0.8024749344884821,
        0.8024749344884821,
        0.8024749344884821,
        0.8024749344884821,
        0.8024749344884821,
        0.8024749344884821,
        0.8024749344884821,
        0.8024749344884821,
        0.8024749344884821,
        0.8024749344884821,
        0.8024749344884821,
        0.8024749344884821,
        0.8024749344884821,
        0.8024749344884821,
        0.8024749344884821,
        0.8024749344884821,
        0.8024749344884821,
        0.8024749344884821,
        0.8024749344884821,
        0.8024749344884821,
        0.8024749344884821,
        0.8024749344884821,
        0.8024749344884821,
        0.8024749344884821,
        0.8024749344884821,
        0.8024749344884821,
        0.8024749344884821,
        0.8024749344884821,
        0.8024749344884821,
        0.8024749344884821,
        0.8024749344884821,
        0.8024749344884821,
        0.8024749344884821,
        0.8024749344884821,
        0.8024749344884821,
        0.8024749344884821
    ],