{
    "bestIndiv": [
        [
            10,
            51,
            13,
            12,
            26,
            46,
            25,
            27,
            11,
            24,
            3,
            14,
            38,
            35,
            43,
            15,
            45,
            5,
            23,
            4,
            37,
            34,
            48,
            31,
            17,
            30,
            6,
            1,
            29,
            20,
            21,
            0,
            19,
            49,
            28,
            47,
            36,
            39,
            33,
            22,
            41,
            16,
            2,
            44,
            40,
            18,
            7,
            8,
            9,
            42,
            32,
            50
        ],
        0.7565247872378992
    ],
    "best": [
        0.3000830371845322,
        0.30267221542982,
        0.32515452487838714,
        0.32515452487838714,
        0.32780359739418086,
        0.3333576650908124,
        0.33594973687455704,
        0.34531533317489194,
        0.3472748336861998,
        0.3472748336861998,
        0.35876619001526977,
        0.37235607640798196,
        0.375608983923067,
        0.40701293280185347,
        0.4109446821376882,
        0.4109446821376882,
        0.42691128282098284,
        0.42691128282098284,
        0.43595873649828776,
        0.43595873649828776,
        0.44501721066769345,
        0.44501721066769345,
        0.44501721066769345,
        0.4484657167378595,
        0.4484657167378595,
        0.46004224189654375,
        0.47290773740215275,
        0.47383101035746095,
        0.47383101035746095,
        0.4747536114325621,
        0.4818879446025402,
        0.4852959306637174,
        0.49218964186881553,
        0.49482478956074505,
        0.4979288244123075,
        0.5025640942967932,
        0.5025640942967932,
        0.5192128187263142,
        0.5328650233692303,
        0.5393983508176526,
        0.5433393308776583,
        0.5433393308776583,
        0.5433393308776583,
        0.5555410935051682,
        0.5555410935051682,
        0.5584818256942848,
        0.559536668230417,
        0.5715437318703546,
        0.5715437318703546,
        0.5715437318703546,
        0.5752848700465857,
        0.587638227632322,
        0.587638227632322,
        0.587638227632322,
        0.6006030139114743,
        0.6104936696410326,
        0.6104936696410326,
        0.6104936696410326,
        0.631423589605556,
        0.6377607041806425,
        0.6377607041806425,
        0.6434188695864039,
        0.6508615919239675,
        0.6508615919239675,
        0.6508615919239675,
        0.6576050874291177,
        0.665381608204637,
        0.6707104492529465,
        0.6775320767950712,
        0.6775320767950712,
        0.6839204665622592,
        0.6839204665622592,
        0.6839204665622592,
        0.6839204665622592,
        0.6839204665622592,
        0.6839204665622592,
        0.6839204665622592,
        0.6839204665622592,
        0.6932925167230563,
        0.6932925167230563,
        0.6932925167230563,
        0.6932925167230563,
        0.6932925167230563,
        0.6932925167230563,
        0.6932925167230563,
        0.6932925167230563,
        0.6932925167230563,
        0.6932925167230563,
        0.6932925167230563,
        0.6932925167230563,
        0.6932925167230563,
        0.6932925167230563,
        0.6932925167230563,
        0.6932925167230563,
        0.6932925167230563,
        0.6992000845576528,
        0.7032123747815986,
        0.7032123747815986,
        0.7092909480319425,
        0.7092909480319425,
        0.7092909480319425,
        0.7092909480319425,
        0.7092909480319425,
        0.7092909480319425,
        0.7092909480319425,
        0.7092909480319425,
        0.7092909480319425,
        0.7092909480319425,
        0.7092909480319425,
        0.7092909480319425,
        0.7092909480319425,
        0.7092909480319425,
        0.7092909480319425,
        0.7092909480319425,
        0.7092909480319425,
        0.7092909480319425,
        0.7092909480319425,
        0.7092909480319425,
        0.7092909480319425,
        0.7092909480319425,
        0.7092909480319425,
        0.7092909480319425,
        0.7092909480319425,
        0.7092909480319425,
        0.7092909480319425,
        0.7092909480319425,
        0.7092909480319425,
        0.7092909480319425,
        0.7092909480319425,
        0.7092909480319425,
        0.7092909480319425,
        0.7104184169331287,
        0.7104184169331287,
        0.7104184169331287,
        0.7104184169331287,
        0.7104184169331287,
        0.7124518494249961,
        0.7124518494249961,
        0.7124518494249961,
        0.7124518494249961,
        0.7124518494249961,
        0.7124518494249961,
        0.7124518494249961,
        0.7124518494249961,
        0.7124518494249961,
        0.7124518494249961,
        0.7124518494249961,
        0.7124518494249961,
        0.7124518494249961,
        0.7124518494249961,
        0.7313580448454357,
        0.7313580448454357,
        0.7313580448454357,
        0.7313580448454357,
        0.7313580448454357,
        0.7313580448454357,
        0.7313580448454357,
        0.7313580448454357,
        0.7313580448454357,
        0.7313580448454357,
        0.7317560089406218,
        0.7317560089406218,
        0.7414718471666935,
        0.7414718471666935,
        0.7414718471666935,
        0.7434674363579612,
        0.7434674363579612,
        0.7434674363579612,
        0.7434674363579612,
        0.7434674363579612,
        0.7434674363579612,
        0.7434674363579612,
        0.7434674363579612,
        0.7434674363579612,
        0.7434674363579612,
        0.7434674363579612,
        0.7476293623702313,
        0.7476293623702313,
        0.7476293623702313,
        0.7486935799417123,
        0.7486935799417123,
        0.7486935799417123,
        0.7486935799417123,
        0.7486935799417123,
        0.7486935799417123,
        0.7486935799417123,
        0.7486935799417123,
        0.7486935799417123,
        0.7565247872378992,
        0.7565247872378992,
        0.7565247872378992,
        0.7565247872378992,
        0.7565247872378992,
        0.7565247872378992,
        0.7565247872378992,
        0.7565247872378992,
        0.7565247872378992,
        0.7565247872378992,
        0.7565247872378992,
        0.7565247872378992,
        0.7565247872378992
    ],