{
    "bestIndiv": [
        [
            4,
            14,
            36,
            37,
            39,
            44,
            31,
            48,
            21,
            29,
            28,
            49,
            19,
            22,
            0,
            33,
            47,
            23,
            18,
            17,
            30,
            20,
            1,
            6,
            41,
            16,
            35,
            38,
            34,
            43,
            45,
            27,
            26,
            15,
            2,
            7,
            40,
            8,
            9,
            42,
            32,
            50,
            10,
            51,
            13,
            12,
            46,
            25,
            11,
            3,
            24,
            5
        ],
        0.6870365025283389
    ],
    "best": [
        0.28999371619417674,
        0.2933744779456974,
        0.30689175669218993,
        0.32100657046972136,
        0.3377523284178608,
        0.35610672058712056,
        0.35610672058712056,
        0.35610672058712056,
        0.36995693434262505,
        0.36995693434262505,
        0.37158091213001276,
        0.3791399392780983,
        0.3902943021691597,
        0.3978521778708918,
        0.3978521778708918,
        0.4034379011261132,
        0.4099714614392983,
        0.4202191685211566,
        0.4342978234260117,
        0.43492545189504556,
        0.44274678099626036,
        0.4439955038403053,
        0.4449894107633347,
        0.4516341406632085,
        0.45658061991735,
        0.45658061991735,
        0.4598700774742313,
        0.47260908291394155,
        0.47691270872257663,
        0.4784654106330922,
        0.4784654106330922,
        0.5123664332082274,
        0.5123664332082274,
        0.5123664332082274,
        0.5196167833531558,
        0.5196167833531558,
        0.5196167833531558,
        0.5196167833531558,
        0.5197237231713903,
        0.5197237231713903,
        0.5197237231713903,
        0.5235701079236277,
        0.5236185903289409,
        0.5310726764888275,
        0.5310726764888275,
        0.5351423632315144,
        0.5351423632315144,
        0.5369357323796272,
        0.5369357323796272,
        0.5369357323796272,
        0.5369357323796272,
        0.5410961260101312,
        0.5467896414366543,
        0.5467896414366543,
        0.5467896414366543,
        0.5467896414366543,
        0.5467896414366543,
        0.5467896414366543,
        0.5467896414366543,
        0.5467896414366543,
        0.5467896414366543,
        0.5467896414366543,
        0.5467896414366543,
        0.5467896414366543,
        0.5467896414366543,
        0.5467896414366543,
        0.5467896414366543,
        0.5467896414366543,
        0.5467896414366543,
        0.5467896414366543,
        0.5467896414366543,
        0.5467896414366543,
        0.5467896414366543,
        0.5467896414366543,
        0.5467896414366543,
        0.5467896414366543,
        0.5467896414366543,
        0.5511660346490955,
        0.5513061002626705,
        0.5513061002626705,
        0.5513061002626705,
        0.5513061002626705,
        0.5557553838473493,
        0.5557553838473493,
        0.5557553838473493,
        0.5557553838473493,
        0.5602022209727224,
        0.5602022209727224,
        0.5602022209727224,
        0.5742046895932531,
        0.5742046895932531,
        0.5742046895932531,
        0.5743164595590687,
        0.5743164595590687,
        0.5743164595590687,
        0.5748672657822776,
        0.5748672657822776,
        0.5781622942106343,
        0.5787841895072402,
        0.58280539368781,
        0.58280539368781,
        0.58280539368781,
        0.5831918475014933,
        0.5831918475014933,
        0.5831918475014933,
        0.5831918475014933,
        0.5831918475014933,
        0.5831918475014933,
        0.5831918475014933,
        0.5831918475014933,
        0.5831918475014933,
        0.5831918475014933,
        0.5831918475014933,
        0.5831918475014933,
        0.5831918475014933,
        0.5831918475014933,
        0.5831918475014933,
        0.5831918475014933,
        0.5847918727975354,
        0.5847918727975354,
        0.5847918727975354,
        0.5847918727975354,
        0.5856331566531255,
        0.5888972851476417,
        0.5888972851476417,
        0.5888972851476417,
        0.5890657328110015,
        0.5890657328110015,
        0.5986084775712702,
        0.5986084775712702,
        0.5986084775712702,
        0.6010360808046431,
        0.6010360808046431,
        0.6012115454144958,
        0.6029189766455332,
        0.6029189766455332,
        0.6029189766455332,
        0.6036429895444062,
        0.6036429895444062,
        0.6036429895444063,
        0.6036429895444063,
        0.6036429895444063,
        0.6045357720213642,
        0.6045357720213642,
        0.6045357720213642,
        0.6089540651345068,
        0.6089540651345068,
        0.6089540651345068,
        0.6089540651345068,
        0.6089540651345068,
        0.6089540651345068,
        0.6089540651345068,
        0.6089540651345068,
        0.6089540651345068,
        0.6089540651345068,
        0.616717610673575,
        0.616717610673575,
        0.616717610673575,
        0.616717610673575,
        0.616717610673575,
        0.616717610673575,
        0.616717610673575,
        0.6183387838076329,
        0.6494283344535727,
        0.6494283344535727,
        0.6556480081102857,
        0.6580895572002798,
        0.6607222515611714,
        0.6607222515611714,
        0.6607222515611714,
        0.6622575317015348,
        0.6622575317015348,
        0.6743051406206354,
        0.6743051406206354,
        0.6743051406206354,
        0.6743051406206354,
        0.6813138244930123,
        0.6813138244930123,
        0.6813138244930124,
        0.6813138244930124,
        0.6813138244930124,
        0.6813138244930124,
        0.6813138244930124,
        0.6813138244930124,
        0.6813138244930124,
        0.6813138244930124,
        0.6835628209071184,
        0.6835628209071184,
        0.6835628209071184,
        0.6853717086796893,
        0.6853717086796893,
        0.6853717086796893,
        0.6860366259154499,
        0.6860366259154499,
        0.6860366259154499,
        0.6860366259154499,
        0.6860366259154499,
        0.6860366259154499,
        0.6860366259154499,
        0.6860366259154499,
        0.6870365025283389
    ],