{
    "bestIndiv": [
        [
            44,
            39,
            38,
            37,
            47,
            23,
            5,
            4,
            14,
            35,
            31,
            40,
            7,
            17,
            22,
            49,
            19,
            43,
            34,
            33,
            0,
            1,
            6,
            29,
            28,
            15,
            45,
            21,
            2,
            16,
            41,
            20,
            30,
            48,
            36,
            27,
            26,
            12,
            51,
            13,
            46,
            25,
            24,
            3,
            11,
            10,
            50,
            32,
            42,
            9,
            8,
            18
        ],
        0.6715432726607057
    ],
    "best": [
        0.3000830371845322,
        0.30267221542982,
        0.3125159136348139,
        0.31544623646814074,
        0.3350681248091506,
        0.3350681248091506,
        0.3350681248091506,
        0.3446940819375641,
        0.34804747752276155,
        0.34804747752276155,
        0.359573667362199,
        0.369526519117071,
        0.369526519117071,
        0.38610821746659135,
        0.39016461553225873,
        0.4010318836176084,
        0.4010318836176084,
        0.4356335658843415,
        0.4356335658843415,
        0.4356335658843415,
        0.4356335658843415,
        0.4356335658843415,
        0.4539040707496982,
        0.4641306836833869,
        0.48863247400444804,
        0.48863247400444804,
        0.48863247400444804,
        0.48863247400444804,
        0.48863247400444804,
        0.4974008405957171,
        0.5063902309373667,
        0.5074597116533588,
        0.5074597116533588,
        0.5158136389985395,
        0.5279010118894788,
        0.5279010118894788,
        0.5279010118894788,
        0.531985059969857,
        0.5374826429100994,
        0.5456578934245079,
        0.5456578934245079,
        0.5476737044652005,
        0.5516659066030681,
        0.5516659066030681,
        0.5665648399876932,
        0.56992320655806,
        0.56992320655806,
        0.5774261334254419,
        0.5774261334254419,
        0.5774261334254419,
        0.5818621961318577,
        0.5818621961318577,
        0.5818621961318577,
        0.5829771798901263,
        0.5829771798901263,
        0.5829771798901263,
        0.5829771798901263,
        0.5837246147720595,
        0.5889127180702332,
        0.5889127180702332,
        0.5889127180702332,
        0.5889127180702332,
        0.5889127180702332,
        0.5932947070301124,
        0.5932947070301124,
        0.5942566218515973,
        0.6009094791355897,
        0.6009094791355897,
        0.6009094791355897,
        0.6054725094727398,
        0.6054725094727398,
        0.610382318393813,
        0.610382318393813,
        0.6106078569668983,
        0.6178212999041525,
        0.6178212999041525,
        0.6178212999041525,
        0.6229386185590917,
        0.6455881090506722,
        0.6455881090506722,
        0.6455881090506722,
        0.6455881090506722,
        0.6455881090506722,
        0.6491995004204142,
        0.6491995004204142,
        0.6491995004204142,
        0.6509991244181595,
        0.6509991244181595,
        0.6517928504346756,
        0.6522054938942226,
        0.6522054938942226,
        0.6522054938942226,
        0.653009173844102,
        0.653009173844102,
        0.653009173844102,
        0.653009173844102,
        0.653009173844102,
        0.653009173844102,
        0.6556859285367271,
        0.6556859285367271,
        0.6556859285367271,
        0.6556859285367271,
        0.6562866506439435,
        0.667234247423534,
        0.667234247423534,
        0.667234247423534,
        0.667234247423534,
        0.667234247423534,
        0.667234247423534,
        0.667234247423534,
        0.667234247423534,
        0.667234247423534,
        0.667234247423534,
        0.667234247423534,
        0.667234247423534,
        0.667234247423534,
        0.667234247423534,
        0.667234247423534,
        0.667234247423534,
        0.667234247423534,
        0.667234247423534,
        0.667234247423534,
        0.667234247423534,
        0.667234247423534,
        0.667234247423534,
        0.667234247423534,
        0.667234247423534,
        0.667234247423534,
        0.667234247423534,
        0.667234247423534,
        0.667234247423534,
        0.667234247423534,
        0.667234247423534,
        0.667234247423534,
        0.667234247423534,
        0.667234247423534,
        0.667234247423534,
        0.667234247423534,
        0.667234247423534,
        0.667234247423534,
        0.667234247423534,
        0.667234247423534,
        0.667234247423534,
        0.667234247423534,
        0.667234247423534,
        0.667234247423534,
        0.667234247423534,
        0.667234247423534,
        0.667234247423534,
        0.667234247423534,
        0.667234247423534,
        0.667234247423534,
        0.667234247423534,
        0.667234247423534,
        0.667234247423534,
        0.667234247423534,
        0.667234247423534,
        0.667234247423534,
        0.667234247423534,
        0.667234247423534,
        0.667234247423534,
        0.667234247423534,
        0.667234247423534,
        0.667234247423534,
        0.667234247423534,
        0.667234247423534,
        0.667234247423534,
        0.667234247423534,
        0.667234247423534,
        0.667234247423534,
        0.667234247423534,
        0.667234247423534,
        0.667234247423534,
        0.667234247423534,
        0.667234247423534,
        0.667234247423534,
        0.6675783919082166,
        0.6675783919082166,
        0.6675783919082166,
        0.6675851128975764,
        0.6683046373715519,
        0.6683046373715519,
        0.6683046373715519,
        0.6683046373715519,
        0.6701178672022073,
        0.6701178672022073,
        0.6701178672022073,
        0.6701178672022073,
        0.6701178672022073,
        0.6701178672022073,
        0.6701178672022073,
        0.6701178672022073,
        0.6701178672022073,
        0.6701178672022073,
        0.6711707332750769,
        0.6711707332750769,
        0.6711707332750769,
        0.6711707332750769,
        0.6715432726607057,
        0.6715432726607057,
        0.6715432726607057
    ],