{
    "bestIndiv": [
        [
            27,
            45,
            0,
            17,
            16,
            41,
            6,
            1,
            20,
            21,
            31,
            48,
            36,
            37,
            39,
            38,
            40,
            9,
            32,
            50,
            51,
            13,
            12,
            26,
            25,
            47,
            4,
            23,
            24,
            5,
            14,
            42,
            44,
            2,
            18,
            7,
            8,
            30,
            49,
            19,
            15,
            10,
            11,
            3,
            35,
            33,
            34,
            43,
            22,
            29,
            28,
            46
        ],
        0.5924874379470138
    ],
    "best": [
        0.2866095923875466,
        0.29117492799914096,
        0.3049062486508086,
        0.3124497587060911,
        0.31512840274332854,
        0.3171064234952924,
        0.3171807595705605,
        0.3592979358932055,
        0.3592979358932055,
        0.3644585328044134,
        0.3644585328044134,
        0.3670576161160722,
        0.3670576161160722,
        0.3731860893654107,
        0.37925346366400214,
        0.3801247341137298,
        0.39372261726009744,
        0.3999280100819238,
        0.4035007483338308,
        0.41529992918949243,
        0.41529992918949243,
        0.41529992918949243,
        0.4182791659788608,
        0.43735032370882704,
        0.43735032370882704,
        0.43735032370882704,
        0.43735032370882704,
        0.43954852949636164,
        0.4419308058609905,
        0.4419308058609905,
        0.45620640354356984,
        0.45620640354356984,
        0.45620640354356984,
        0.45620640354356984,
        0.45661891602729693,
        0.45661891602729693,
        0.4594802463822264,
        0.4594802463822264,
        0.4594802463822264,
        0.4606794498515192,
        0.4612458700332036,
        0.463816612244935,
        0.4675690994890056,
        0.4681708912932912,
        0.4727343770493538,
        0.4735971325368917,
        0.48076434151908815,
        0.4869298496790776,
        0.4871445668764543,
        0.5109154299391631,
        0.5109154299391631,
        0.5155196273622982,
        0.5155196273622982,
        0.5206244412279706,
        0.5206244412279706,
        0.5206244412279706,
        0.5217026269237135,
        0.5217026269237135,
        0.5250804331827179,
        0.5259659623170229,
        0.5271166472685686,
        0.5297543824779376,
        0.5297543824779376,
        0.5297543824779376,
        0.5388435299457419,
        0.5388435299457419,
        0.5388435299457419,
        0.538843529945742,
        0.538843529945742,
        0.5490765015971553,
        0.5490765015971553,
        0.5490765015971554,
        0.5490765015971554,
        0.5490765015971554,
        0.5490765015971554,
        0.5490765015971554,
        0.5490765015971554,
        0.5490765015971554,
        0.5490765015971554,
        0.5490765015971554,
        0.5490765015971554,
        0.5490765015971554,
        0.5490765015971554,
        0.5540572019339814,
        0.5540572019339814,
        0.5540572019339814,
        0.5540572019339814,
        0.5540572019339814,
        0.5540572019339814,
        0.5540572019339814,
        0.5551907618649504,
        0.5551907618649504,
        0.5551907618649504,
        0.5551907618649504,
        0.5551907618649504,
        0.5551907618649504,
        0.5551907618649504,
        0.5551907618649504,
        0.5551907618649504,
        0.5551907618649504,
        0.5551907618649504,
        0.5595236522186608,
        0.5595236522186608,
        0.5601066170774738,
        0.5616409884123362,
        0.5616409884123362,
        0.5616409884123362,
        0.5616409884123362,
        0.5619861166427467,
        0.5619861166427467,
        0.5619861166427467,
        0.5619861166427467,
        0.5619861166427467,
        0.5619861166427467,
        0.5619861166427467,
        0.5619861166427467,
        0.5619861166427467,
        0.5649055918147268,
        0.5649055918147268,
        0.5649055918147268,
        0.5649055918147268,
        0.5649055918147268,
        0.5649055918147268,
        0.5649055918147268,
        0.5662693002866825,
        0.5662693002866825,
        0.5662693002866825,
        0.5662693002866825,
        0.5662693002866825,
        0.5738897423292834,
        0.5738897423292834,
        0.5738897423292834,
        0.5738897423292834,
        0.5738897423292834,
        0.5738897423292834,
        0.5738897423292834,
        0.5738897423292834,
        0.5738897423292834,
        0.5738897423292834,
        0.5738897423292834,
        0.5738897423292834,
        0.5738897423292834,
        0.5738897423292834,
        0.5812485918794023,
        0.5812485918794023,
        0.5812485918794023,
        0.5812485918794023,
        0.5871525766455571,
        0.5871525766455571,
        0.5871525766455571,
        0.5871525766455571,
        0.5871525766455571,
        0.5871525766455571,
        0.5871525766455571,
        0.5871525766455571,
        0.5871525766455571,
        0.5871525766455571,
        0.5919391314442337,
        0.5919391314442337,
        0.5919391314442337,
        0.5919391314442337,
        0.5919391314442337,
        0.5919391314442337,
        0.5919391314442337,
        0.5919391314442337,
        0.5919391314442337,
        0.5919391314442337,
        0.5919391314442337,
        0.5919391314442337,
        0.5919391314442337,
        0.5919391314442337,
        0.5919391314442337,
        0.5919391314442337,
        0.5919391314442337,
        0.5919391314442337,
        0.5919391314442337,
        0.5919391314442337,
        0.5919391314442337,
        0.5919391314442337,
        0.5919391314442337,
        0.5919391314442337,
        0.5919391314442337,
        0.5919391314442337,
        0.5919391314442337,
        0.5924874379470138,
        0.5924874379470138,
        0.5924874379470138,
        0.5924874379470138,
        0.5924874379470138,
        0.5924874379470138,
        0.5924874379470138,
        0.5924874379470138,
        0.5924874379470138,
        0.5924874379470138,
        0.5924874379470138,
        0.5924874379470138,
        0.5924874379470138,
        0.5924874379470138,
        0.5924874379470138,
        0.5924874379470138,
        0.5924874379470138
    ],