{
    "bestIndiv": [
        [
            24,
            5,
            36,
            38,
            39,
            42,
            32,
            11,
            3,
            14,
            4,
            37,
            34,
            35,
            23,
            47,
            45,
            15,
            49,
            43,
            33,
            48,
            31,
            0,
            21,
            20,
            41,
            6,
            1,
            16,
            17,
            18,
            40,
            7,
            9,
            8,
            44,
            2,
            30,
            22,
            19,
            29,
            28,
            46,
            13,
            51,
            12,
            26,
            25,
            10,
            50,
            27
        ],
        0.7399053932646557
    ],
    "best": [
        0.28369523086062,
        0.2966273794738752,
        0.30338682166473113,
        0.3183861133622358,
        0.3197778384158779,
        0.3307556832699996,
        0.33718504426680623,
        0.36106427696517984,
        0.363539663176524,
        0.37382698682738064,
        0.37382698682738064,
        0.3879831147467616,
        0.3879831147467616,
        0.40001176357263424,
        0.40001176357263424,
        0.41765370065244384,
        0.41765370065244384,
        0.4230639753212467,
        0.4275790707570536,
        0.4328218065719907,
        0.4388349276640444,
        0.4454625189294758,
        0.4620967512251455,
        0.4620967512251456,
        0.46914074074859746,
        0.4908543815304335,
        0.4931516466163799,
        0.4931516466163799,
        0.5023254837084881,
        0.5043535734491019,
        0.5043535734491019,
        0.5313311233023671,
        0.5313311233023671,
        0.5313311233023671,
        0.5313311233023672,
        0.5443202560583613,
        0.5443202560583613,
        0.5443202560583613,
        0.5443202560583613,
        0.5499863703426756,
        0.5572850302789788,
        0.5573211161914317,
        0.5573211161914317,
        0.572928042088354,
        0.5729661823690427,
        0.5729661823690427,
        0.5773815708631541,
        0.5773815708631541,
        0.587883165427796,
        0.587883165427796,
        0.587883165427796,
        0.587883165427796,
        0.590550769006876,
        0.590550769006876,
        0.590550769006876,
        0.590550769006876,
        0.590550769006876,
        0.590550769006876,
        0.590550769006876,
        0.590550769006876,
        0.590550769006876,
        0.590550769006876,
        0.590550769006876,
        0.590550769006876,
        0.6058725146610874,
        0.6058725146610874,
        0.6067832852933385,
        0.612488509822958,
        0.6127222107114777,
        0.6139397242186206,
        0.6190142744304891,
        0.6190142744304891,
        0.6190142744304891,
        0.6190142744304891,
        0.6190142744304891,
        0.6214581484248884,
        0.6214581484248884,
        0.6214581484248884,
        0.6217130313187196,
        0.6333681848425716,
        0.6333681848425716,
        0.6333681848425716,
        0.6334797102670713,
        0.652503523944984,
        0.652503523944984,
        0.6554991535254109,
        0.6554991535254109,
        0.6627056072979625,
        0.6678980981905771,
        0.6696422382463318,
        0.671679891796929,
        0.6719359206737183,
        0.6719359206737183,
        0.6757991866103917,
        0.6757991866103917,
        0.6757991866103917,
        0.6757991866103917,
        0.6757991866103917,
        0.6757991866103917,
        0.6757991866103917,
        0.6757991866103917,
        0.6757991866103917,
        0.6905582319380364,
        0.6905582319380364,
        0.6905582319380364,
        0.6905582319380364,
        0.6905582319380364,
        0.6905582319380364,
        0.6905582319380364,
        0.6905582319380364,
        0.697460121167854,
        0.697460121167854,
        0.697460121167854,
        0.697460121167854,
        0.697460121167854,
        0.697460121167854,
        0.7026706284993944,
        0.7026706284993944,
        0.7026706284993944,
        0.7026706284993944,
        0.7026706284993944,
        0.7026706284993944,
        0.7026706284993944,
        0.7026706284993944,
        0.7070323200366092,
        0.7070323200366092,
        0.7070323200366092,
        0.7070323200366092,
        0.7070323200366092,
        0.7070323200366092,
        0.7070323200366092,
        0.7070323200366092,
        0.7070323200366092,
        0.7070323200366092,
        0.7070323200366092,
        0.7070323200366092,
        0.7070323200366092,
        0.7070323200366092,
        0.7070323200366092,
        0.7070323200366092,
        0.7070323200366092,
        0.7070323200366092,
        0.7103541379138918,
        0.7103541379138918,
        0.7103541379138918,
        0.7103541379138918,
        0.7103541379138918,
        0.7103541379138918,
        0.7103541379138918,
        0.7103541379138918,
        0.7103541379138918,
        0.7103541379138918,
        0.7103541379138918,
        0.7103541379138918,
        0.7103541379138918,
        0.7103541379138918,
        0.7116621822572202,
        0.7116621822572202,
        0.7116621822572202,
        0.7116621822572202,
        0.7116621822572202,
        0.7116621822572202,
        0.7116621822572202,
        0.7116621822572202,
        0.7116621822572202,
        0.7116621822572202,
        0.7116621822572202,
        0.7217565542976103,
        0.7217565542976103,
        0.7217565542976103,
        0.7217565542976103,
        0.7217565542976103,
        0.7217565542976103,
        0.7217565542976103,
        0.7217565542976103,
        0.7217565542976103,
        0.7217565542976103,
        0.7217565542976103,
        0.7217565542976103,
        0.7217565542976103,
        0.7217565542976103,
        0.7217565542976103,
        0.7306598844626112,
        0.7306598844626112,
        0.7306598844626112,
        0.7306598844626112,
        0.7306598844626112,
        0.7306598844626112,
        0.7306598844626112,
        0.7306598844626112,
        0.7306598844626112,
        0.7399053932646557,
        0.7399053932646557,
        0.7399053932646557,
        0.7399053932646557,
        0.7399053932646557,
        0.7399053932646557,
        0.7399053932646557,
        0.7399053932646557,
        0.7399053932646557,
        0.7399053932646557
    ],