{
    "bestIndiv": [
        [
            14,
            45,
            15,
            36,
            43,
            33,
            38,
            37,
            23,
            47,
            24,
            26,
            25,
            46,
            13,
            51,
            12,
            27,
            10,
            50,
            11,
            19,
            49,
            28,
            29,
            1,
            41,
            6,
            20,
            22,
            0,
            21,
            30,
            16,
            2,
            17,
            4,
            5,
            3,
            42,
            32,
            8,
            9,
            7,
            40,
            18,
            44,
            31,
            48,
            35,
            34,
            39
        ],
        0.7535430861601072
    ],
    "best": [
        0.2965246587783425,
        0.31485820389691205,
        0.34190669892920145,
        0.34190669892920145,
        0.35176298030922937,
        0.36241765007336313,
        0.3724002643800744,
        0.37576710401836777,
        0.377822593716633,
        0.3809726678131999,
        0.38509179693005774,
        0.39064186014040425,
        0.39064186014040425,
        0.3923284090922456,
        0.4032149378923696,
        0.4046453620966704,
        0.4074266992917944,
        0.4074266992917944,
        0.4168543603528355,
        0.4374345759351354,
        0.4374345759351354,
        0.4374345759351354,
        0.4374345759351354,
        0.4393026012541948,
        0.4460144117182897,
        0.44783507054673977,
        0.45668597474995715,
        0.4620114615833129,
        0.46980104861775723,
        0.4749518087917452,
        0.4749518087917452,
        0.4903086308569291,
        0.4903086308569291,
        0.4984195195584072,
        0.4990142564608333,
        0.4990142564608333,
        0.5048595531054052,
        0.518119468865694,
        0.518119468865694,
        0.518119468865694,
        0.5236199358993198,
        0.5236199358993198,
        0.54115952881063,
        0.54115952881063,
        0.5414564485386048,
        0.5567713653964144,
        0.5567713653964144,
        0.5588752708550524,
        0.5588752708550524,
        0.5588752708550524,
        0.5588752708550524,
        0.5693519784671963,
        0.5693519784671963,
        0.5696498618868935,
        0.5752197668873468,
        0.5783601590417619,
        0.5807963479885829,
        0.5847021833457131,
        0.5847021833457131,
        0.5848602836027452,
        0.5848602836027452,
        0.5976671808029232,
        0.5976671808029232,
        0.5984926488312239,
        0.6044421759230765,
        0.6062972513744455,
        0.6062972513744455,
        0.6099204619647683,
        0.6099204619647683,
        0.6099204619647683,
        0.6099204619647683,
        0.6099204619647683,
        0.6162887711311966,
        0.6162887711311966,
        0.62091856884164,
        0.62091856884164,
        0.62091856884164,
        0.6232907726319006,
        0.6232907726319006,
        0.6232907726319006,
        0.631539440580069,
        0.6339381501513474,
        0.6339381501513474,
        0.6339381501513474,
        0.6339381501513474,
        0.6339381501513474,
        0.6513731684378283,
        0.6513731684378283,
        0.6513731684378283,
        0.6538737305658974,
        0.660373443136261,
        0.660373443136261,
        0.6870050017548681,
        0.6870050017548681,
        0.6870050017548681,
        0.6870050017548681,
        0.6870050017548681,
        0.6870050017548681,
        0.6870050017548681,
        0.6870050017548681,
        0.6870050017548681,
        0.6870050017548681,
        0.6870050017548681,
        0.7108665474078953,
        0.7108665474078953,
        0.7108665474078955,
        0.7108665474078955,
        0.7108665474078955,
        0.7140490651321074,
        0.7140490651321074,
        0.7140490651321074,
        0.7140490651321075,
        0.7140490651321075,
        0.7158058571509832,
        0.7158058571509832,
        0.7158058571509832,
        0.7158058571509832,
        0.7158058571509832,
        0.7158058571509832,
        0.7158058571509832,
        0.7158058571509832,
        0.7158058571509832,
        0.7158058571509832,
        0.7158058571509832,
        0.7161802053481203,
        0.7161802053481203,
        0.7161802053481203,
        0.7161802053481203,
        0.7225781041168409,
        0.7225781041168409,
        0.7333692196512904,
        0.7333692196512904,
        0.7333692196512904,
        0.7333692196512904,
        0.7356082034257971,
        0.7356082034257971,
        0.7356082034257971,
        0.7356082034257971,
        0.7356082034257971,
        0.7356082034257971,
        0.7356082034257971,
        0.7356082034257971,
        0.7356082034257971,
        0.7356082034257971,
        0.7356082034257971,
        0.7356082034257971,
        0.7356082034257971,
        0.7356082034257971,
        0.7356082034257971,
        0.7356082034257971,
        0.7356082034257971,
        0.7388032357745116,
        0.7388032357745116,
        0.7388032357745116,
        0.7388032357745116,
        0.7388032357745116,
        0.7388032357745116,
        0.7388032357745116,
        0.7388112631442705,
        0.7388112631442705,
        0.7388112631442705,
        0.7388112631442705,
        0.7388112631442705,
        0.7388112631442705,
        0.7388112631442705,
        0.7388112631442705,
        0.7388112631442705,
        0.7388112631442705,
        0.7388112631442705,
        0.7388112631442705,
        0.7388112631442705,
        0.7388112631442705,
        0.7388112631442705,
        0.7388112631442705,
        0.7388112631442705,
        0.7388112631442705,
        0.7483797828874225,
        0.7483797828874225,
        0.7483797828874225,
        0.7483797828874225,
        0.7483797828874225,
        0.7483797828874225,
        0.7483797828874225,
        0.7483797828874225,
        0.7483797828874225,
        0.7483797828874225,
        0.7483797828874225,
        0.7483797828874225,
        0.7483797828874225,
        0.7483797828874225,
        0.7535430861601072,
        0.7535430861601072,
        0.7535430861601072,
        0.7535430861601072,
        0.7535430861601072,
        0.7535430861601072,
        0.7535430861601072,
        0.7535430861601072,
        0.7535430861601072,
        0.7535430861601072,
        0.7535430861601072
    ],