{
    "bestIndiv": [
        [
            38,
            39,
            37,
            14,
            3,
            5,
            4,
            23,
            47,
            36,
            35,
            21,
            6,
            1,
            41,
            30,
            17,
            0,
            34,
            45,
            24,
            11,
            50,
            10,
            51,
            13,
            12,
            46,
            25,
            26,
            27,
            28,
            15,
            43,
            48,
            31,
            44,
            18,
            7,
            8,
            9,
            42,
            32,
            40,
            2,
            16,
            20,
            29,
            22,
            49,
            19,
            33
        ],
        0.7708505580034672
    ],
    "best": [
        0.2861159382151202,
        0.2911355690136039,
        0.31691653799412617,
        0.31691653799412617,
        0.3188621930600865,
        0.3350774829194281,
        0.336154024444316,
        0.34235663059889093,
        0.37408415899557185,
        0.37408415899557185,
        0.37425958402605847,
        0.377362029651192,
        0.39174546648734343,
        0.4001399252869535,
        0.4001399252869535,
        0.40749878036451614,
        0.40749878036451614,
        0.416588431199741,
        0.4281455114037566,
        0.4281455114037566,
        0.4281455114037566,
        0.4281455114037566,
        0.43262584625404366,
        0.4412175500879334,
        0.4412175500879334,
        0.4505711300252398,
        0.45832365073033976,
        0.45832365073033976,
        0.4773921846536655,
        0.4773921846536655,
        0.4876566965764334,
        0.4989881044824175,
        0.4989881044824175,
        0.4989881044824175,
        0.4989881044824175,
        0.5067015009978676,
        0.516252532720556,
        0.516252532720556,
        0.52413188486443,
        0.52413188486443,
        0.528339627468012,
        0.528339627468012,
        0.5384118625342638,
        0.5385765289593071,
        0.5385765289593071,
        0.5385765289593072,
        0.5385765289593072,
        0.5427164779322812,
        0.5427164779322812,
        0.5434354815668933,
        0.5434354815668933,
        0.5492015787923267,
        0.565550298557056,
        0.565550298557056,
        0.565550298557056,
        0.565550298557056,
        0.565550298557056,
        0.565550298557056,
        0.5924873594878738,
        0.5924873594878738,
        0.5924873594878738,
        0.5958869763809274,
        0.6006924125562322,
        0.6095664563617432,
        0.6095664563617432,
        0.616800982454097,
        0.632766427437179,
        0.632766427437179,
        0.632766427437179,
        0.6407965232120416,
        0.6407965232120416,
        0.6455916720238594,
        0.6541233888055739,
        0.6591208421248773,
        0.6591208421248773,
        0.6591208421248773,
        0.6591208421248773,
        0.6591208421248773,
        0.6591208421248773,
        0.6591208421248773,
        0.6641638377314033,
        0.6641638377314033,
        0.6641638377314033,
        0.6663436002537727,
        0.6663436002537727,
        0.6760897030163537,
        0.6760897030163537,
        0.6760897030163537,
        0.6785782008555137,
        0.6787452022027072,
        0.6850729162972501,
        0.685379935164324,
        0.688109062137808,
        0.6946134093630838,
        0.6946134093630838,
        0.6947134570934096,
        0.6947134570934096,
        0.7042018678033753,
        0.7042018678033753,
        0.7042018678033753,
        0.7042018678033753,
        0.7042018678033753,
        0.7042018678033753,
        0.7042018678033753,
        0.7042018678033753,
        0.7042018678033753,
        0.7042018678033753,
        0.7042018678033753,
        0.7305740806697106,
        0.7305740806697106,
        0.7411103887744189,
        0.7411103887744189,
        0.7411103887744189,
        0.7411103887744189,
        0.7411103887744189,
        0.7411103887744189,
        0.7411103887744189,
        0.7411103887744189,
        0.7411103887744189,
        0.7411103887744189,
        0.7411103887744189,
        0.7411103887744189,
        0.7457122179977531,
        0.7457122179977531,
        0.7457122179977531,
        0.7457122179977531,
        0.7471377928826105,
        0.7471377928826105,
        0.7471377928826105,
        0.7471377928826105,
        0.7471377928826105,
        0.7471377928826105,
        0.7471377928826105,
        0.7471377928826105,
        0.7471377928826105,
        0.7471377928826105,
        0.7471377928826105,
        0.7480907965918633,
        0.7480907965918633,
        0.7480907965918633,
        0.7480907965918633,
        0.7480907965918633,
        0.758769771997914,
        0.758769771997914,
        0.7597527003163685,
        0.7597527003163685,
        0.7597527003163685,
        0.7618204308476659,
        0.7618204308476659,
        0.7618204308476659,
        0.7618204308476659,
        0.7618204308476659,
        0.7618204308476659,
        0.7618204308476659,
        0.7618204308476659,
        0.7618204308476659,
        0.7618204308476659,
        0.7618204308476659,
        0.7618204308476659,
        0.7618204308476659,
        0.7618204308476659,
        0.7618204308476659,
        0.7618204308476659,
        0.7618204308476659,
        0.7618204308476659,
        0.7637693384389568,
        0.7637693384389568,
        0.7665599624829424,
        0.7665599624829424,
        0.7665599624829424,
        0.7683914764988409,
        0.7683914764988409,
        0.7683914764988409,
        0.7683914764988409,
        0.7683914764988409,
        0.7683914764988409,
        0.7683914764988409,
        0.7683914764988409,
        0.7683914764988409,
        0.7683914764988409,
        0.7683914764988409,
        0.7683914764988409,
        0.7683914764988409,
        0.7683914764988409,
        0.7683914764988409,
        0.7683914764988409,
        0.7683914764988409,
        0.7683914764988409,
        0.768457481094713,
        0.768457481094713,
        0.768457481094713,
        0.768457481094713,
        0.768457481094713,
        0.768457481094713,
        0.768457481094713,
        0.768457481094713,
        0.768457481094713,
        0.7708505580034672,
        0.7708505580034672,
        0.7708505580034672,
        0.7708505580034672
    ],