{
    "bestIndiv": [
        [
            40,
            18,
            17,
            20,
            30,
            35,
            34,
            48,
            0,
            21,
            31,
            44,
            2,
            7,
            42,
            3,
            24,
            43,
            15,
            19,
            29,
            6,
            1,
            41,
            16,
            22,
            49,
            28,
            46,
            25,
            11,
            50,
            10,
            51,
            13,
            12,
            26,
            27,
            23,
            45,
            33,
            38,
            47,
            5,
            4,
            14,
            37,
            36,
            39,
            32,
            9,
            8
        ],
        0.7152195893745029
    ],
    "best": [
        0.29677378681497585,
        0.2983592916322971,
        0.30694633670602106,
        0.3219761998586199,
        0.3219761998586199,
        0.34057122212742397,
        0.34057122212742397,
        0.3694372461065175,
        0.3694372461065175,
        0.3694372461065175,
        0.3768560580464558,
        0.38014682448513926,
        0.38823012421824205,
        0.4023596036789007,
        0.4023596036789007,
        0.4148247341746766,
        0.4148247341746766,
        0.4148247341746766,
        0.4247735985593706,
        0.426175773822837,
        0.43646064935503043,
        0.44603384516889544,
        0.45042445518318047,
        0.45042445518318047,
        0.46477702098567264,
        0.46477702098567264,
        0.46812073469882065,
        0.4753440787638756,
        0.4753440787638756,
        0.4853441139652098,
        0.48851578019283065,
        0.505795800549762,
        0.5109613063100765,
        0.5109613063100765,
        0.5243837135283161,
        0.5243837135283161,
        0.5255124959924432,
        0.5255124959924432,
        0.5262271972293892,
        0.5319816060001843,
        0.5319816060001843,
        0.533920812033657,
        0.5345547970595071,
        0.5447101721313659,
        0.5696132939638794,
        0.5696132939638794,
        0.5696132939638794,
        0.5696132939638794,
        0.5767569873748188,
        0.5904386155589222,
        0.5904386155589222,
        0.5979354074561575,
        0.5983143855507169,
        0.6010140842786122,
        0.6083550346891891,
        0.6213336348228424,
        0.6288174885557952,
        0.6446034717885221,
        0.6476439723944166,
        0.6476439723944166,
        0.6476439723944166,
        0.6476439723944166,
        0.6476439723944166,
        0.6548998357908266,
        0.6571930355588499,
        0.6571930355588499,
        0.6571930355588499,
        0.6571930355588499,
        0.6571930355588499,
        0.6571930355588499,
        0.6571930355588499,
        0.6571930355588499,
        0.6571930355588499,
        0.6571930355588499,
        0.6571930355588499,
        0.6571930355588499,
        0.6571930355588499,
        0.6571930355588499,
        0.6571930355588499,
        0.6571930355588499,
        0.6571930355588499,
        0.6571930355588499,
        0.6571930355588499,
        0.660742266951088,
        0.660742266951088,
        0.660742266951088,
        0.6693442427097966,
        0.6693442427097966,
        0.6788522464745247,
        0.6788522464745247,
        0.6788522464745247,
        0.6788522464745247,
        0.6788522464745247,
        0.6788522464745247,
        0.6788522464745247,
        0.6788522464745247,
        0.6788522464745247,
        0.6788522464745247,
        0.6788522464745247,
        0.6788522464745247,
        0.6788522464745247,
        0.6788522464745247,
        0.6788522464745247,
        0.6788522464745247,
        0.6788522464745247,
        0.6788522464745247,
        0.6788522464745247,
        0.6788522464745247,
        0.6788522464745247,
        0.6788522464745247,
        0.6788522464745247,
        0.6788522464745247,
        0.6788522464745247,
        0.6805994119466312,
        0.6805994119466312,
        0.6805994119466312,
        0.6805994119466312,
        0.6805994119466312,
        0.6805994119466312,
        0.6805994119466312,
        0.6805994119466312,
        0.6805994119466312,
        0.6805994119466312,
        0.6805994119466312,
        0.6814019413006842,
        0.6814019413006842,
        0.6814019413006842,
        0.6814019413006842,
        0.6814019413006842,
        0.6814019413006842,
        0.6814019413006842,
        0.6814019413006842,
        0.6814019413006842,
        0.6814019413006842,
        0.6814019413006842,
        0.6814019413006842,
        0.6841178861262215,
        0.6841178861262215,
        0.6841178861262215,
        0.6841178861262215,
        0.6841178861262215,
        0.6841178861262215,
        0.6841178861262215,
        0.6841178861262215,
        0.6841178861262215,
        0.6841178861262215,
        0.6841178861262215,
        0.6841178861262215,
        0.6841178861262215,
        0.6841178861262215,
        0.6844679052204499,
        0.6844679052204499,
        0.6844679052204499,
        0.6844679052204499,
        0.6844679052204499,
        0.6844679052204499,
        0.6844679052204499,
        0.6844679052204499,
        0.6844679052204499,
        0.6844679052204499,
        0.6844679052204499,
        0.6844679052204499,
        0.6844679052204499,
        0.6844679052204499,
        0.6844679052204499,
        0.6844679052204499,
        0.6844679052204499,
        0.6844679052204499,
        0.6844679052204499,
        0.6844679052204499,
        0.6844679052204499,
        0.6899109253896836,
        0.6899109253896836,
        0.6899109253896836,
        0.6899109253896836,
        0.6899109253896837,
        0.6899109253896837,
        0.6899109253896837,
        0.7009247580218215,
        0.7009247580218215,
        0.7009247580218215,
        0.7009247580218215,
        0.7044369391287368,
        0.7044369391287368,
        0.7044369391287368,
        0.7044369391287368,
        0.7044369391287368,
        0.7044369391287368,
        0.7044369391287368,
        0.7044369391287368,
        0.7044369391287368,
        0.7102366027679143,
        0.7102366027679143,
        0.7102366027679143,
        0.7102366027679143,
        0.7102366027679143,
        0.7102366027679143,
        0.7102366027679143,
        0.7102366027679143,
        0.7152195893745029,
        0.7152195893745029
    ],