{
    "bestIndiv": [
        [
            26,
            46,
            25,
            27,
            3,
            36,
            38,
            44,
            8,
            9,
            42,
            32,
            14,
            4,
            37,
            39,
            33,
            34,
            0,
            21,
            19,
            22,
            15,
            43,
            45,
            47,
            5,
            23,
            35,
            48,
            31,
            30,
            17,
            18,
            7,
            40,
            2,
            16,
            20,
            29,
            41,
            1,
            6,
            28,
            49,
            24,
            11,
            50,
            12,
            13,
            51,
            10
        ],
        0.70456509249359
    ],
    "best": [
        0.2866095923875466,
        0.29117492799914096,
        0.30669731937067607,
        0.313716766139725,
        0.3267091935655029,
        0.3316389283572099,
        0.3472707784901979,
        0.351668383754045,
        0.36292289451272114,
        0.36554879330960166,
        0.37813678124825223,
        0.3866050546846623,
        0.3866050546846623,
        0.3871739385266678,
        0.3871739385266679,
        0.40177217796574494,
        0.40999703056537806,
        0.41665551629405195,
        0.41665551629405195,
        0.41665551629405195,
        0.4225718969217463,
        0.42310600957812333,
        0.44851324309506296,
        0.45925398295333486,
        0.45925398295333486,
        0.45925398295333486,
        0.4614171276811189,
        0.481686868367188,
        0.49124245761916424,
        0.49124245761916424,
        0.49302392278373175,
        0.49302392278373175,
        0.4959768898307196,
        0.4971832016460441,
        0.4971832016460441,
        0.5123415421028095,
        0.5123415421028095,
        0.5159638921750563,
        0.5223781530651551,
        0.5223781530651551,
        0.5252628469042953,
        0.5252628469042953,
        0.5255960886510813,
        0.5411176902368029,
        0.5550780503457369,
        0.5550780503457369,
        0.5661335302466587,
        0.5661335302466588,
        0.566133530246659,
        0.566133530246659,
        0.5729385616510034,
        0.5729385616510034,
        0.5784426734291306,
        0.5784426734291306,
        0.5784426734291306,
        0.5784426734291306,
        0.5784426734291306,
        0.5907037074481039,
        0.5907037074481039,
        0.5913869705235685,
        0.5958401533061134,
        0.5958401533061134,
        0.5960804319379593,
        0.597117913442442,
        0.616767772000993,
        0.616767772000993,
        0.6222268975835533,
        0.6222268975835533,
        0.6222268975835533,
        0.6222268975835533,
        0.6222268975835533,
        0.6222268975835533,
        0.6222268975835533,
        0.6222268975835533,
        0.6222268975835533,
        0.6222268975835533,
        0.6222268975835533,
        0.6222268975835533,
        0.6222268975835533,
        0.6222268975835533,
        0.6242872059344878,
        0.6242872059344878,
        0.6273429108330768,
        0.650017792773969,
        0.650017792773969,
        0.650017792773969,
        0.6513374872787724,
        0.6513374872787724,
        0.6513374872787724,
        0.6513374872787724,
        0.6513374872787724,
        0.6513374872787724,
        0.6513374872787724,
        0.6513374872787724,
        0.6513374872787724,
        0.6513374872787724,
        0.6513374872787724,
        0.6513374872787724,
        0.6514357641221653,
        0.6514357641221653,
        0.6514357641221653,
        0.6533873696542402,
        0.656000271182977,
        0.656000271182977,
        0.656000271182977,
        0.6588211538072483,
        0.6616899244710551,
        0.6616899244710551,
        0.6616899244710551,
        0.6616899244710551,
        0.6617380614354639,
        0.6617380614354639,
        0.6617380614354639,
        0.6635595629105201,
        0.6635595629105201,
        0.6635595629105201,
        0.6635595629105201,
        0.6635595629105201,
        0.6635595629105201,
        0.6635595629105201,
        0.6635595629105201,
        0.6635595629105201,
        0.6635595629105201,
        0.6635595629105201,
        0.6635595629105201,
        0.6635595629105201,
        0.6635595629105201,
        0.6635595629105201,
        0.6635595629105201,
        0.6635595629105201,
        0.6635595629105201,
        0.6642380156702713,
        0.6712194798567724,
        0.6719136948967864,
        0.6719136948967864,
        0.6719136948967864,
        0.6719136948967864,
        0.6719136948967864,
        0.6719136948967864,
        0.6719136948967864,
        0.6719136948967864,
        0.6719136948967864,
        0.6719136948967864,
        0.6719136948967864,
        0.6719136948967864,
        0.6719136948967864,
        0.6719136948967864,
        0.6719136948967864,
        0.6719136948967864,
        0.6719136948967864,
        0.6719136948967864,
        0.6719136948967864,
        0.6719136948967864,
        0.6719136948967864,
        0.6719136948967864,
        0.6719136948967864,
        0.6719136948967864,
        0.6719136948967864,
        0.6719136948967864,
        0.6719136948967864,
        0.6719136948967864,
        0.6719136948967864,
        0.6719136948967864,
        0.6719136948967864,
        0.6773867016047068,
        0.6773867016047068,
        0.678199075244437,
        0.678199075244437,
        0.678199075244437,
        0.678199075244437,
        0.6816755391333514,
        0.6816755391333514,
        0.7023658490532045,
        0.7023658490532045,
        0.7023658490532045,
        0.7023658490532045,
        0.7023658490532045,
        0.7023658490532045,
        0.7023658490532045,
        0.7023658490532045,
        0.7023658490532045,
        0.7023658490532045,
        0.7035266385769123,
        0.7035266385769123,
        0.7035266385769123,
        0.7035266385769123,
        0.7035266385769123,
        0.7035266385769123,
        0.7035266385769123,
        0.7035266385769123,
        0.7035266385769123,
        0.7035266385769123,
        0.7035266385769123,
        0.7035266385769123,
        0.7035266385769123,
        0.7035266385769123,
        0.7035266385769123,
        0.7035266385769123,
        0.7035266385769123,
        0.7035266385769123,
        0.70456509249359
    ],