{
    "bestIndiv": [
        [
            14,
            40,
            7,
            42,
            32,
            50,
            11,
            10,
            51,
            12,
            13,
            46,
            25,
            24,
            5,
            3,
            43,
            0,
            21,
            17,
            30,
            29,
            28,
            19,
            49,
            22,
            8,
            9,
            2,
            20,
            6,
            1,
            41,
            16,
            31,
            48,
            33,
            34,
            38,
            36,
            4,
            37,
            39,
            44,
            18,
            35,
            15,
            27,
            26,
            45,
            47,
            23
        ],
        0.6467101735219207
    ],
    "best": [
        0.28999371619417674,
        0.2933744779456974,
        0.3229054135795047,
        0.3271009090159049,
        0.33395056214842367,
        0.34719968592497297,
        0.34719968592497297,
        0.35311687184248336,
        0.3573092386201763,
        0.36543595120757066,
        0.3676041284380479,
        0.3676041284380479,
        0.3733230776167561,
        0.3745706333673396,
        0.3745706333673396,
        0.3757086478430413,
        0.38733036686357813,
        0.38733036686357813,
        0.39260181716219156,
        0.39260181716219156,
        0.3939227399326078,
        0.39484319176672034,
        0.4051034420910256,
        0.4109071405682658,
        0.4109071405682658,
        0.4274581272995699,
        0.4274581272995699,
        0.42852490904698143,
        0.42852490904698143,
        0.44130184861357963,
        0.4441274086045501,
        0.4441274086045501,
        0.4541622266745524,
        0.4541622266745524,
        0.4613779165459753,
        0.4613779165459753,
        0.4692660151161945,
        0.4692660151161945,
        0.48096237279003007,
        0.48096237279003007,
        0.48605521920048733,
        0.48605521920048733,
        0.4872656289931533,
        0.48887539269638464,
        0.4888753926963847,
        0.48906237996283064,
        0.4900677531315776,
        0.491976388974836,
        0.49312341416334254,
        0.49536925272740245,
        0.4953692527274025,
        0.49975520875731216,
        0.49975520875731216,
        0.5063204817480167,
        0.5063204817480167,
        0.5063204817480167,
        0.5112164571054563,
        0.5112164571054563,
        0.5112164571054563,
        0.5157196452694478,
        0.518088385838578,
        0.5384505104120305,
        0.5384505104120305,
        0.5476674913488252,
        0.5476674913488252,
        0.5680378956936668,
        0.5759079507002282,
        0.5759079507002282,
        0.5759079507002282,
        0.5759079507002282,
        0.5940826806565972,
        0.5940826806565972,
        0.5940826806565972,
        0.5940826806565972,
        0.5940826806565972,
        0.5940826806565972,
        0.5940826806565972,
        0.5940826806565972,
        0.5940826806565972,
        0.5940826806565972,
        0.5940826806565972,
        0.5940826806565972,
        0.5940826806565972,
        0.5940826806565972,
        0.5940826806565972,
        0.5940826806565972,
        0.5940826806565972,
        0.5940826806565972,
        0.5940826806565972,
        0.5940826806565972,
        0.5940826806565972,
        0.5940826806565972,
        0.5941608858466418,
        0.5941608858466418,
        0.5941608858466418,
        0.5998571106374215,
        0.5998571106374215,
        0.5998571106374215,
        0.5998571106374215,
        0.5998571106374215,
        0.5998571106374215,
        0.5998571106374215,
        0.5998571106374215,
        0.5998571106374215,
        0.5998571106374215,
        0.5998571106374215,
        0.5998571106374215,
        0.5998571106374215,
        0.5998571106374215,
        0.5998571106374215,
        0.5998571106374215,
        0.604237149148539,
        0.604237149148539,
        0.604237149148539,
        0.6101190332251081,
        0.6101190332251081,
        0.6101190332251081,
        0.6101190332251081,
        0.6101190332251081,
        0.6101190332251081,
        0.6101190332251081,
        0.6101190332251081,
        0.6117301804754183,
        0.6117301804754183,
        0.6123126387004588,
        0.6123126387004588,
        0.6123126387004588,
        0.6123126387004588,
        0.6123126387004588,
        0.6123126387004588,
        0.6161267808999025,
        0.6161267808999025,
        0.6161267808999025,
        0.6161267808999025,
        0.6161267808999025,
        0.6161267808999025,
        0.6161267808999025,
        0.6161267808999025,
        0.6161267808999025,
        0.6161267808999025,
        0.6297109223288128,
        0.6297109223288128,
        0.6314273494516426,
        0.6314273494516426,
        0.6319077749931105,
        0.6319077749931105,
        0.6319077749931105,
        0.6319234585505579,
        0.6319234585505579,
        0.6329477172552985,
        0.6329477172552985,
        0.6329477172552985,
        0.6329477172552985,
        0.6329477172552985,
        0.6329477172552985,
        0.6329477172552985,
        0.6329477172552985,
        0.6329477172552985,
        0.636502162106863,
        0.636502162106863,
        0.636502162106863,
        0.636502162106863,
        0.6403133786397156,
        0.6403133786397156,
        0.6403133786397156,
        0.6424849273115819,
        0.6425017933457172,
        0.6425017933457172,
        0.6425017933457172,
        0.6441902545092741,
        0.6441902545092741,
        0.6441902545092741,
        0.6441902545092741,
        0.6441902545092741,
        0.6441902545092741,
        0.6441902545092741,
        0.6441902545092741,
        0.6441902545092741,
        0.6441902545092741,
        0.6441902545092741,
        0.6441902545092741,
        0.6449623462469148,
        0.6449623462469148,
        0.6449623462469148,
        0.6450837158367736,
        0.6467101735219207,
        0.6467101735219207,
        0.6467101735219207,
        0.6467101735219207,
        0.6467101735219207,
        0.6467101735219207,
        0.6467101735219207,
        0.6467101735219207,
        0.6467101735219207,
        0.6467101735219207,
        0.6467101735219207,
        0.6467101735219207,
        0.6467101735219207,
        0.6467101735219207,
        0.6467101735219207,
        0.6467101735219207
    ],