{
    "bestIndiv": [
        [
            50,
            11,
            26,
            25,
            27,
            24,
            33,
            47,
            45,
            23,
            4,
            5,
            14,
            37,
            39,
            36,
            38,
            35,
            34,
            0,
            22,
            30,
            16,
            17,
            21,
            31,
            48,
            49,
            19,
            29,
            6,
            1,
            41,
            20,
            2,
            18,
            9,
            8,
            7,
            40,
            44,
            43,
            15,
            28,
            46,
            12,
            13,
            51,
            10,
            32,
            42,
            3
        ],
        0.7423450962698274
    ],
    "best": [
        0.284757160386086,
        0.29760133833213226,
        0.325518527687335,
        0.32843833831486147,
        0.330894320810492,
        0.3472829016037411,
        0.35461772442244943,
        0.35461772442244943,
        0.3640774107525088,
        0.3640774107525088,
        0.3841189458050724,
        0.3841189458050724,
        0.3841189458050724,
        0.3841189458050724,
        0.3841189458050724,
        0.3978746239075565,
        0.4026726893992131,
        0.4077978483924573,
        0.41297086287538093,
        0.4247126309685408,
        0.4520604382451219,
        0.4520604382451219,
        0.4520604382451219,
        0.4594311607604602,
        0.4594311607604602,
        0.46730198703813325,
        0.46730198703813325,
        0.46730198703813325,
        0.4857953386456015,
        0.4857953386456015,
        0.490843092043129,
        0.490843092043129,
        0.5080484999192236,
        0.5174108143136751,
        0.5174108143136751,
        0.5286854027779555,
        0.5286854027779555,
        0.5286854027779555,
        0.5308524527726024,
        0.5441819867403163,
        0.5441819867403163,
        0.5441819867403163,
        0.5509402600033434,
        0.5509402600033434,
        0.5509402600033434,
        0.5509402600033434,
        0.5575058772130709,
        0.5575058772130709,
        0.5575058772130709,
        0.5722638603474569,
        0.5722638603474569,
        0.5722638603474569,
        0.5722638603474569,
        0.5724218155487325,
        0.5739644171553605,
        0.5739644171553605,
        0.5739644171553605,
        0.5755416743274928,
        0.5755416743274928,
        0.5776991592767734,
        0.5776991592767734,
        0.5776991592767734,
        0.584912873843652,
        0.5911382930906826,
        0.5911382930906826,
        0.6092713165015584,
        0.6092713165015584,
        0.6092713165015584,
        0.6102545322812638,
        0.6108106012001667,
        0.6108826988061056,
        0.6108826988061057,
        0.6108826988061057,
        0.6108826988061057,
        0.6243772527695547,
        0.6243772527695547,
        0.6268052337579172,
        0.6268052337579172,
        0.6268052337579172,
        0.6268052337579172,
        0.6268052337579172,
        0.6268052337579172,
        0.6392076743990406,
        0.6392076743990406,
        0.6392076743990406,
        0.6392076743990406,
        0.6392076743990406,
        0.6392076743990406,
        0.6407511864725917,
        0.6407511864725917,
        0.6407511864725917,
        0.6407511864725917,
        0.6467019051012981,
        0.6467019051012981,
        0.6467019051012981,
        0.6467019051012981,
        0.6467019051012981,
        0.6810750153710884,
        0.6818611626494641,
        0.6818611626494641,
        0.6836086138345631,
        0.7201841406817784,
        0.720204512312442,
        0.720204512312442,
        0.720204512312442,
        0.720204512312442,
        0.720204512312442,
        0.720204512312442,
        0.720204512312442,
        0.720204512312442,
        0.720204512312442,
        0.720204512312442,
        0.720204512312442,
        0.720204512312442,
        0.720204512312442,
        0.720204512312442,
        0.720204512312442,
        0.720204512312442,
        0.720204512312442,
        0.7217847707064982,
        0.7217847707064982,
        0.7237925375537614,
        0.7237925375537614,
        0.7238131138380078,
        0.7238131138380078,
        0.7241826515642215,
        0.7241826515642215,
        0.7369094082453355,
        0.7369094082453355,
        0.7369094082453355,
        0.7369094082453355,
        0.7369094082453355,
        0.7369094082453355,
        0.7369094082453355,
        0.7369094082453355,
        0.7369094082453355,
        0.7369094082453355,
        0.7423450962698274,
        0.7423450962698274,
        0.7423450962698274,
        0.7423450962698274,
        0.7423450962698274,
        0.7423450962698274,
        0.7423450962698274,
        0.7423450962698274,
        0.7423450962698274,
        0.7423450962698274,
        0.7423450962698274,
        0.7423450962698274,
        0.7423450962698274,
        0.7423450962698274,
        0.7423450962698274,
        0.7423450962698274,
        0.7423450962698274,
        0.7423450962698274,
        0.7423450962698274,
        0.7423450962698274,
        0.7423450962698274,
        0.7423450962698274,
        0.7423450962698274,
        0.7423450962698274,
        0.7423450962698274,
        0.7423450962698274,
        0.7423450962698274,
        0.7423450962698274,
        0.7423450962698274,
        0.7423450962698274,
        0.7423450962698274,
        0.7423450962698274,
        0.7423450962698274,
        0.7423450962698274,
        0.7423450962698274,
        0.7423450962698274,
        0.7423450962698274,
        0.7423450962698274,
        0.7423450962698274,
        0.7423450962698274,
        0.7423450962698274,
        0.7423450962698274,
        0.7423450962698274,
        0.7423450962698274,
        0.7423450962698274,
        0.7423450962698274,
        0.7423450962698274,
        0.7423450962698274,
        0.7423450962698274,
        0.7423450962698274,
        0.7423450962698274,
        0.7423450962698274,
        0.7423450962698274,
        0.7423450962698274,
        0.7423450962698274,
        0.7423450962698274,
        0.7423450962698274,
        0.7423450962698274,
        0.7423450962698274,
        0.7423450962698274,
        0.7423450962698274,
        0.7423450962698274,
        0.7423450962698274,
        0.7423450962698274
    ],