{
    "bestIndiv": [
        [
            23,
            35,
            0,
            48,
            34,
            38,
            42,
            7,
            40,
            16,
            20,
            30,
            17,
            2,
            18,
            8,
            9,
            44,
            31,
            21,
            19,
            49,
            43,
            39,
            36,
            45,
            15,
            28,
            1,
            6,
            41,
            29,
            22,
            33,
            37,
            47,
            5,
            14,
            4,
            3,
            24,
            32,
            50,
            10,
            12,
            13,
            51,
            46,
            25,
            26,
            27,
            11
        ],
        0.7146818593122556
    ],
    "best": [
        0.28178294217625266,
        0.28822377251056697,
        0.3046581660519627,
        0.3263557433376206,
        0.3263557433376206,
        0.3301795321633156,
        0.33593829106626055,
        0.3525532359996407,
        0.36913494255575025,
        0.36913494255575025,
        0.3735369749080265,
        0.3829280256658263,
        0.3950106859367887,
        0.413991043236742,
        0.413991043236742,
        0.4179485628255097,
        0.4260711142879237,
        0.4260711142879237,
        0.4364949986957397,
        0.45381214748495236,
        0.45381214748495236,
        0.45381214748495236,
        0.45381214748495236,
        0.45381214748495236,
        0.45381214748495236,
        0.4773218983433892,
        0.4773218983433892,
        0.4773218983433892,
        0.4782660475688237,
        0.49219035772704156,
        0.4987853149872052,
        0.5006004761799329,
        0.5031241836452005,
        0.5079440839367452,
        0.5105824597365098,
        0.5277205828395626,
        0.5277205828395626,
        0.5277205828395626,
        0.5277205828395626,
        0.5304228217165577,
        0.5304228217165577,
        0.5304228217165577,
        0.5360014391738237,
        0.5447526636008208,
        0.5447526636008208,
        0.5512434114945429,
        0.5512434114945429,
        0.5512434114945429,
        0.5645345909382149,
        0.5645345909382151,
        0.5645345909382151,
        0.5660735719691434,
        0.5660735719691434,
        0.5660735719691434,
        0.5660735719691434,
        0.5794759233148096,
        0.5794759233148096,
        0.6021063704717108,
        0.6098518462144117,
        0.6098518462144117,
        0.6098518462144117,
        0.6212527946983439,
        0.6212527946983439,
        0.6231629955559983,
        0.6231629955559983,
        0.6231629955559983,
        0.6291576210800823,
        0.6301976222880944,
        0.6301976222880944,
        0.6301976222880944,
        0.6301976222880944,
        0.6301976222880944,
        0.6301976222880944,
        0.6301976222880944,
        0.6301976222880944,
        0.6301976222880944,
        0.6301976222880944,
        0.6301976222880944,
        0.6301976222880944,
        0.6301976222880944,
        0.6301976222880944,
        0.6449149949187815,
        0.6545594665820731,
        0.6545594665820731,
        0.6545594665820731,
        0.656451159807563,
        0.656451159807563,
        0.656451159807563,
        0.656451159807563,
        0.656451159807563,
        0.656451159807563,
        0.656451159807563,
        0.656451159807563,
        0.66250873849491,
        0.66250873849491,
        0.66250873849491,
        0.66250873849491,
        0.66250873849491,
        0.66250873849491,
        0.66250873849491,
        0.66250873849491,
        0.66250873849491,
        0.66250873849491,
        0.6636664064255176,
        0.6636664064255176,
        0.6674996616133222,
        0.6674996616133223,
        0.6715848727094655,
        0.6715848727094655,
        0.675440106931702,
        0.6802515682204217,
        0.6848765326067188,
        0.6848765326067188,
        0.6848765326067188,
        0.6848765326067188,
        0.6890395223406035,
        0.6890395223406035,
        0.6890395223406035,
        0.6890395223406035,
        0.6890395223406035,
        0.6890395223406035,
        0.6890395223406035,
        0.6895101406525531,
        0.6895101406525531,
        0.6895101406525531,
        0.6895101406525531,
        0.6895101406525531,
        0.6895101406525531,
        0.6895101406525531,
        0.6895101406525531,
        0.6943794956555102,
        0.6962749230280888,
        0.6962749230280888,
        0.6962749230280888,
        0.6962749230280888,
        0.6962749230280888,
        0.6962749230280888,
        0.6962749230280888,
        0.6962749230280888,
        0.6962749230280888,
        0.6962749230280888,
        0.6962749230280888,
        0.6962749230280888,
        0.6962749230280888,
        0.6962749230280888,
        0.6962749230280888,
        0.6962749230280888,
        0.6968486518003421,
        0.6968486518003421,
        0.6968486518003421,
        0.6978176775181949,
        0.6978176775181949,
        0.6978176775181949,
        0.7050114070058238,
        0.706003283816966,
        0.706003283816966,
        0.706003283816966,
        0.706003283816966,
        0.7091563820098842,
        0.7091563820098842,
        0.7091563820098842,
        0.7091563820098842,
        0.7091563820098842,
        0.7091563820098842,
        0.7091563820098842,
        0.7091563820098842,
        0.7091563820098842,
        0.7091563820098842,
        0.7091563820098842,
        0.7091563820098842,
        0.7091563820098842,
        0.7091563820098842,
        0.7091563820098842,
        0.7091563820098842,
        0.7091563820098842,
        0.7091563820098842,
        0.7091563820098842,
        0.7091563820098842,
        0.7091563820098842,
        0.7091563820098842,
        0.709817152603812,
        0.709817152603812,
        0.714012004819846,
        0.714012004819846,
        0.714012004819846,
        0.714012004819846,
        0.7146818593122556,
        0.7146818593122556,
        0.7146818593122556,
        0.7146818593122556,
        0.7146818593122556,
        0.7146818593122556,
        0.7146818593122556,
        0.7146818593122556,
        0.7146818593122556,
        0.7146818593122556,
        0.7146818593122556,
        0.7146818593122556,
        0.7146818593122556,
        0.7146818593122556,
        0.7146818593122556
    ],