{
    "bestIndiv": [
        [
            29,
            22,
            44,
            18,
            7,
            40,
            2,
            17,
            31,
            35,
            33,
            34,
            38,
            39,
            37,
            3,
            42,
            14,
            4,
            5,
            24,
            25,
            46,
            13,
            51,
            12,
            26,
            10,
            32,
            9,
            8,
            48,
            36,
            47,
            23,
            50,
            11,
            27,
            45,
            43,
            49,
            19,
            28,
            15,
            0,
            21,
            30,
            16,
            20,
            41,
            1,
            6
        ],
        0.7100202616728007
    ],
    "best": [
        0.2843134709142403,
        0.2843134709142403,
        0.31528137053604527,
        0.31528137053604527,
        0.31528137053604527,
        0.32587740330645315,
        0.3394368836231538,
        0.3477795791218626,
        0.35576599451221996,
        0.35576599451221996,
        0.35576599451221996,
        0.37616404255927505,
        0.37616404255927505,
        0.37616404255927505,
        0.3826414415367872,
        0.3826414415367872,
        0.39317656157974334,
        0.39317656157974334,
        0.40378629446635506,
        0.40923594048269524,
        0.40923594048269524,
        0.40923594048269524,
        0.4143147843798319,
        0.4143147843798319,
        0.4226655667237586,
        0.4226655667237586,
        0.4226655667237586,
        0.42512629950868003,
        0.42512629950868003,
        0.4251442327791808,
        0.4376312404760339,
        0.44285222826591525,
        0.4665488604056014,
        0.4665488604056014,
        0.4665488604056014,
        0.4750779998010361,
        0.4750779998010361,
        0.4750779998010361,
        0.4845534703546714,
        0.4845534703546714,
        0.49370141073110685,
        0.4943306463586505,
        0.4943306463586505,
        0.5038712289565004,
        0.5042079342135369,
        0.5080788884783135,
        0.512786331977968,
        0.512786331977968,
        0.512786331977968,
        0.512786331977968,
        0.5492494884775632,
        0.5492494884775632,
        0.5515062277119612,
        0.5546983222600286,
        0.5546983222600286,
        0.5608739875751797,
        0.5608739875751797,
        0.561592456561068,
        0.5705201965733364,
        0.5705201965733364,
        0.5705201965733364,
        0.5705201965733364,
        0.5705201965733364,
        0.5705201965733364,
        0.5705201965733364,
        0.5705201965733364,
        0.5705201965733364,
        0.5705201965733364,
        0.5705201965733364,
        0.5705201965733364,
        0.5705201965733364,
        0.5705201965733364,
        0.5705201965733364,
        0.5705201965733364,
        0.5705201965733364,
        0.5705201965733364,
        0.5705201965733364,
        0.5705201965733364,
        0.5924424397225884,
        0.5924424397225884,
        0.5924424397225884,
        0.5924424397225884,
        0.5924424397225884,
        0.5924424397225884,
        0.595641251258263,
        0.6137249930465273,
        0.6137249930465273,
        0.6174519298171101,
        0.61878705451664,
        0.6222258813822087,
        0.6224427712117516,
        0.6284073985782856,
        0.6284073985782856,
        0.6327305714158776,
        0.6376838104580419,
        0.6376838104580419,
        0.6376838104580419,
        0.6376838104580419,
        0.6480527449436597,
        0.6480527449436597,
        0.6625171869218368,
        0.6625171869218368,
        0.6625171869218368,
        0.6625171869218368,
        0.6625501003519035,
        0.6625501003519035,
        0.6625501003519036,
        0.6625501003519036,
        0.6683081730223756,
        0.6683081730223756,
        0.6683081730223756,
        0.6683081730223756,
        0.6683081730223756,
        0.6692640307933351,
        0.6692640307933351,
        0.6692640307933351,
        0.6692640307933351,
        0.6692640307933351,
        0.6692640307933351,
        0.6692640307933351,
        0.6692640307933351,
        0.6720301411468887,
        0.6720301411468887,
        0.6729740424328438,
        0.6789079052272676,
        0.6789079052272676,
        0.6789079052272676,
        0.6789079052272676,
        0.6789079052272676,
        0.6789079052272676,
        0.6789079052272676,
        0.6789079052272676,
        0.6789079052272676,
        0.6824787370685254,
        0.6824787370685254,
        0.6824787370685254,
        0.6834003121834804,
        0.6834003121834804,
        0.6834003121834805,
        0.6834003121834805,
        0.6834003121834805,
        0.6834003121834805,
        0.6834003121834805,
        0.6834003121834805,
        0.6834003121834805,
        0.6834003121834805,
        0.6834003121834805,
        0.6834003121834805,
        0.6834003121834805,
        0.6834003121834805,
        0.6834003121834805,
        0.6834003121834805,
        0.6834003121834805,
        0.6834003121834805,
        0.6834003121834805,
        0.6834003121834805,
        0.6834003121834805,
        0.6834003121834805,
        0.6834003121834805,
        0.6834003121834805,
        0.6834003121834805,
        0.6834003121834805,
        0.6834003121834805,
        0.6834003121834805,
        0.6843764468578801,
        0.6843764468578801,
        0.6843764468578801,
        0.6871502808138499,
        0.6899433628891525,
        0.6923965570275904,
        0.695235919111895,
        0.695235919111895,
        0.7014290180712779,
        0.7014290180712779,
        0.7014290180712779,
        0.7014290180712779,
        0.7014290180712779,
        0.7014290180712779,
        0.7041260284549233,
        0.7041260284549233,
        0.7041260284549233,
        0.7041260284549233,
        0.7041260284549233,
        0.7041260284549233,
        0.7041260284549233,
        0.7041260284549233,
        0.7041260284549233,
        0.7041260284549233,
        0.7041260284549233,
        0.7041260284549233,
        0.7041260284549233,
        0.7041260284549233,
        0.7041260284549233,
        0.7041260284549233,
        0.7041260284549233,
        0.7100202616728007,
        0.7100202616728007,
        0.7100202616728007,
        0.7100202616728007,
        0.7100202616728007,
        0.7100202616728007
    ],