{
    "bestIndiv": [
        [
            20,
            30,
            22,
            19,
            43,
            37,
            32,
            8,
            9,
            31,
            48,
            0,
            21,
            17,
            33,
            34,
            35,
            38,
            39,
            36,
            15,
            28,
            29,
            1,
            41,
            49,
            45,
            47,
            4,
            23,
            5,
            14,
            3,
            24,
            11,
            27,
            12,
            13,
            46,
            25,
            26,
            51,
            10,
            50,
            42,
            7,
            40,
            18,
            44,
            2,
            16,
            6
        ],
        0.6994652882250522
    ],
    "best": [
        0.28629774866658764,
        0.30023165621063524,
        0.30719105035757993,
        0.31020948949366006,
        0.32207112536004634,
        0.32207112536004634,
        0.32575306612083343,
        0.33020489688727256,
        0.3436463717668213,
        0.3542679079271527,
        0.3542679079271527,
        0.3542679079271527,
        0.3856829808201966,
        0.38928349816057795,
        0.38928349816057795,
        0.3953132003732951,
        0.3953132003732951,
        0.39659290185064894,
        0.4096644883630396,
        0.40966448836303965,
        0.4158713023559518,
        0.42620080329588705,
        0.42620080329588705,
        0.42620080329588705,
        0.42869274666786317,
        0.43783904167278054,
        0.43783904167278054,
        0.43783904167278054,
        0.4411127121894461,
        0.457024163163598,
        0.46267790791251423,
        0.47445856106538503,
        0.47445856106538503,
        0.48594652344589084,
        0.4872193271266274,
        0.4872193271266274,
        0.4872193271266274,
        0.48905028664306704,
        0.49303426269783096,
        0.5007534579348732,
        0.5007534579348732,
        0.5087722400720263,
        0.5097002941473584,
        0.510132511134731,
        0.5111167620970714,
        0.5111167620970714,
        0.5111167620970714,
        0.5326216000731393,
        0.5326216000731393,
        0.5326216000731393,
        0.5326216000731393,
        0.5326216000731393,
        0.5430140167858991,
        0.5430140167858991,
        0.5430140167858991,
        0.5430140167858991,
        0.5593431557039421,
        0.5701784070262058,
        0.5711801111744547,
        0.5933113239718905,
        0.5933113239718905,
        0.5944675830511947,
        0.5999308799200264,
        0.5999308799200264,
        0.610893091343476,
        0.610893091343476,
        0.6262584149443384,
        0.6262584149443384,
        0.6262584149443384,
        0.6262584149443385,
        0.6262584149443385,
        0.6262584149443385,
        0.6333165059144493,
        0.6333165059144493,
        0.6407578485900104,
        0.6407578485900104,
        0.6407578485900104,
        0.6407578485900104,
        0.6407578485900104,
        0.6407578485900104,
        0.6407578485900104,
        0.6407578485900104,
        0.6407578485900104,
        0.6407578485900104,
        0.6407578485900104,
        0.6407578485900104,
        0.6407578485900104,
        0.6407578485900104,
        0.6407578485900104,
        0.6407578485900104,
        0.6407578485900104,
        0.6407578485900104,
        0.6407578485900104,
        0.6407578485900104,
        0.6407578485900104,
        0.6407578485900104,
        0.6407578485900104,
        0.6407578485900104,
        0.6407578485900104,
        0.6407578485900104,
        0.6407578485900104,
        0.6407578485900104,
        0.6407578485900104,
        0.6407578485900104,
        0.6407578485900104,
        0.6407578485900104,
        0.6407578485900104,
        0.6407578485900104,
        0.6415166715929518,
        0.6415166715929518,
        0.6415166715929518,
        0.6415166715929518,
        0.6415166715929518,
        0.6415166715929518,
        0.6415166715929518,
        0.6415166715929518,
        0.6415166715929518,
        0.6415166715929518,
        0.6415166715929518,
        0.6415166715929518,
        0.6415166715929518,
        0.6415166715929518,
        0.6415166715929518,
        0.6480998421604597,
        0.6480998421604597,
        0.6480998421604597,
        0.6480998421604597,
        0.6480998421604597,
        0.6480998421604597,
        0.6480998421604597,
        0.6480998421604597,
        0.6480998421604597,
        0.6480998421604597,
        0.6480998421604597,
        0.6480998421604597,
        0.6480998421604597,
        0.6480998421604597,
        0.6480998421604597,
        0.6480998421604597,
        0.6541453207638215,
        0.6541453207638215,
        0.6550209294939168,
        0.6550209294939168,
        0.6550209294939168,
        0.6594445011665692,
        0.6594445011665692,
        0.6594445011665692,
        0.6594445011665692,
        0.6594445011665692,
        0.6594445011665692,
        0.6594445011665692,
        0.6594445011665692,
        0.6594445011665692,
        0.6614684078659044,
        0.6614684078659044,
        0.6614684078659044,
        0.6614684078659044,
        0.6614684078659044,
        0.6614684078659044,
        0.6614684078659044,
        0.6668600302568337,
        0.6673299114557499,
        0.6710405442369863,
        0.6710405442369863,
        0.6710405442369863,
        0.6776395388985865,
        0.6776395388985865,
        0.6776395388985865,
        0.6776395388985865,
        0.6945689028218637,
        0.6945689028218637,
        0.6945689028218637,
        0.6945689028218637,
        0.6945689028218637,
        0.6945689028218637,
        0.6945689028218637,
        0.6945689028218637,
        0.6961620173651429,
        0.6961620173651429,
        0.6961620173651429,
        0.6961620173651429,
        0.6961620173651429,
        0.6961620173651429,
        0.6961620173651429,
        0.6961620173651429,
        0.6961620173651429,
        0.6961620173651429,
        0.6961620173651429,
        0.6961620173651429,
        0.6961620173651429,
        0.6961620173651429,
        0.6961620173651429,
        0.6961620173651429,
        0.6961620173651429,
        0.6961620173651429,
        0.6961620173651429,
        0.6961620173651429,
        0.6961620173651429,
        0.6961620173651429,
        0.6961620173651429,
        0.6994652882250522
    ],