{
    "bestIndiv": [
        [
            37,
            23,
            43,
            38,
            7,
            8,
            9,
            40,
            17,
            30,
            19,
            15,
            45,
            24,
            11,
            10,
            51,
            50,
            32,
            42,
            48,
            0,
            22,
            29,
            41,
            1,
            6,
            16,
            21,
            47,
            4,
            14,
            5,
            3,
            27,
            26,
            25,
            12,
            13,
            46,
            28,
            49,
            20,
            2,
            44,
            18,
            31,
            35,
            34,
            33,
            36,
            39
        ],
        0.6759234705892795
    ],
    "best": [
        0.3000830371845322,
        0.3051533602717292,
        0.3051533602717292,
        0.3108915691587723,
        0.32738989196975943,
        0.3324563312669881,
        0.3544025317532684,
        0.38222236751762023,
        0.38222236751762023,
        0.38222236751762023,
        0.38349890795770863,
        0.384113388606293,
        0.39930104396913163,
        0.39930104396913163,
        0.40643799485202475,
        0.4093079627945561,
        0.4211629790749977,
        0.4211629790749977,
        0.42852191836479975,
        0.42852191836479975,
        0.43544435178524893,
        0.43798018950627055,
        0.47927622052646696,
        0.4798328207709639,
        0.4798328207709639,
        0.48261533687644753,
        0.48261533687644753,
        0.4898157359853144,
        0.4960924910539719,
        0.5036167288942642,
        0.5068661662540678,
        0.5195166420340628,
        0.5195166420340628,
        0.5274274177699922,
        0.5321049557102207,
        0.5321049557102207,
        0.5321049557102207,
        0.5353817911974923,
        0.540753462293424,
        0.540753462293424,
        0.5448180956114376,
        0.5478353381595885,
        0.5490662286894532,
        0.5598867045341235,
        0.5691320505223678,
        0.5692900214737786,
        0.5692900214737786,
        0.5709220493382452,
        0.5709220493382452,
        0.5747159367085692,
        0.5747159367085692,
        0.5784903758663432,
        0.5784903758663432,
        0.5787642474330019,
        0.5801788096165793,
        0.5844637829119927,
        0.5844637829119927,
        0.5844637829119927,
        0.5886510865876377,
        0.5886510865876377,
        0.5886510865876377,
        0.5954857388202129,
        0.6013526100960249,
        0.6013526100960249,
        0.6013526100960249,
        0.6013526100960249,
        0.6034643152741357,
        0.6034643152741357,
        0.6049140873055838,
        0.6061680054658332,
        0.608569181375598,
        0.621329016658454,
        0.6326778723646431,
        0.6326778723646431,
        0.6404083437553746,
        0.6420439369333313,
        0.6420439369333313,
        0.6462478023200664,
        0.6462478023200664,
        0.647185026237511,
        0.647185026237511,
        0.6482672716454058,
        0.6482672716454058,
        0.6487618373225319,
        0.6502085847433807,
        0.650445798998872,
        0.6504457989988721,
        0.6515911278709785,
        0.6531961109547167,
        0.6531961109547167,
        0.654896564499455,
        0.654896564499455,
        0.654896564499455,
        0.654896564499455,
        0.654896564499455,
        0.654896564499455,
        0.654896564499455,
        0.654896564499455,
        0.654896564499455,
        0.654896564499455,
        0.654896564499455,
        0.654896564499455,
        0.654896564499455,
        0.654896564499455,
        0.654896564499455,
        0.654896564499455,
        0.654896564499455,
        0.654896564499455,
        0.654896564499455,
        0.654896564499455,
        0.654896564499455,
        0.654896564499455,
        0.654896564499455,
        0.654896564499455,
        0.654896564499455,
        0.654896564499455,
        0.654896564499455,
        0.654896564499455,
        0.654896564499455,
        0.654896564499455,
        0.654896564499455,
        0.654896564499455,
        0.654896564499455,
        0.654896564499455,
        0.654896564499455,
        0.654896564499455,
        0.654896564499455,
        0.654896564499455,
        0.654896564499455,
        0.654896564499455,
        0.654896564499455,
        0.654896564499455,
        0.655989839138475,
        0.655989839138475,
        0.655989839138475,
        0.655989839138475,
        0.655989839138475,
        0.655989839138475,
        0.655989839138475,
        0.655989839138475,
        0.655989839138475,
        0.655989839138475,
        0.655989839138475,
        0.655989839138475,
        0.655989839138475,
        0.655989839138475,
        0.655989839138475,
        0.655989839138475,
        0.655989839138475,
        0.655989839138475,
        0.655989839138475,
        0.655989839138475,
        0.655989839138475,
        0.655989839138475,
        0.655989839138475,
        0.655989839138475,
        0.655989839138475,
        0.655989839138475,
        0.655989839138475,
        0.655989839138475,
        0.655989839138475,
        0.655989839138475,
        0.655989839138475,
        0.655989839138475,
        0.655989839138475,
        0.655989839138475,
        0.655989839138475,
        0.655989839138475,
        0.655989839138475,
        0.655989839138475,
        0.6673671436031453,
        0.6673671436031453,
        0.6673671436031453,
        0.6673671436031454,
        0.6673671436031454,
        0.6673671436031454,
        0.6673671436031454,
        0.6673671436031454,
        0.6673671436031454,
        0.6673671436031454,
        0.6718391971326632,
        0.6718391971326632,
        0.6718391971326632,
        0.6718391971326632,
        0.6718391971326632,
        0.6718391971326632,
        0.6718391971326632,
        0.6718391971326632,
        0.6718391971326632,
        0.6718391971326632,
        0.6718391971326632,
        0.6718391971326632,
        0.6718391971326632,
        0.6735705974256103,
        0.6735705974256103,
        0.6735705974256103,
        0.6735705974256103,
        0.6735705974256103,
        0.6735705974256103,
        0.6759234705892795,
        0.6759234705892795
    ],