{
    "bestIndiv": [
        [
            40,
            7,
            9,
            8,
            42,
            32,
            10,
            50,
            11,
            27,
            26,
            51,
            12,
            13,
            46,
            25,
            24,
            3,
            5,
            14,
            45,
            43,
            0,
            21,
            30,
            17,
            22,
            20,
            16,
            41,
            6,
            1,
            29,
            19,
            49,
            28,
            15,
            36,
            39,
            37,
            47,
            23,
            4,
            33,
            38,
            35,
            34,
            48,
            31,
            44,
            2,
            18
        ],
        0.8321258076008968
    ],
    "best": [
        0.2878499221581428,
        0.2993458379567559,
        0.3430334843456865,
        0.3454066028189604,
        0.3476289698241391,
        0.3551658054773011,
        0.3725426949571155,
        0.3738638913802713,
        0.3738638913802713,
        0.40157472863561056,
        0.40157472863561056,
        0.40157472863561056,
        0.40157472863561056,
        0.40157472863561056,
        0.4120939207045187,
        0.41529187034984816,
        0.41529187034984816,
        0.42769170203185114,
        0.42769170203185114,
        0.4378674790590016,
        0.45089411124955653,
        0.45428135161950606,
        0.45428135161950606,
        0.46254813099670306,
        0.46366245886291124,
        0.4674073415124685,
        0.4674073415124685,
        0.4784485623051559,
        0.47962378711278675,
        0.48072703219376023,
        0.4830136999610673,
        0.48724277761363477,
        0.4925682474293603,
        0.4935657423795361,
        0.5007347975584631,
        0.5007347975584631,
        0.5022737749367496,
        0.5197081208066211,
        0.5197081208066211,
        0.5218769824109252,
        0.5218769824109252,
        0.5486196682534381,
        0.555194826926831,
        0.555194826926831,
        0.5635445605430339,
        0.5668021843364663,
        0.5668021843364663,
        0.5693828998353103,
        0.5693828998353103,
        0.5835082500448713,
        0.5835082500448713,
        0.5835082500448713,
        0.5894692051517428,
        0.5936845597704566,
        0.5959167702920155,
        0.5990423035403087,
        0.6079348171679932,
        0.6146702726019424,
        0.6205634293675496,
        0.6302289560694655,
        0.6387443615258085,
        0.6387443615258085,
        0.6387443615258085,
        0.6387443615258085,
        0.6437573630696553,
        0.6467665750512839,
        0.6522240365747727,
        0.6522240365747727,
        0.652870354739143,
        0.6578864101298447,
        0.668788166344455,
        0.668788166344455,
        0.668788166344455,
        0.674650203138967,
        0.674650203138967,
        0.6775802993204965,
        0.6785376063237036,
        0.6792589849001477,
        0.6873854786312238,
        0.6873854786312238,
        0.6873854786312238,
        0.6873854786312238,
        0.6901428341306194,
        0.6901428341306194,
        0.6901428341306194,
        0.6901428341306194,
        0.6920630709555495,
        0.6920630709555495,
        0.6956208722287578,
        0.6956208722287578,
        0.6956208722287578,
        0.6956208722287578,
        0.6956208722287578,
        0.6960554321878818,
        0.6960554321878818,
        0.6960554321878818,
        0.69788048440912,
        0.69788048440912,
        0.7013050273801624,
        0.7017467204848875,
        0.7017467204848875,
        0.7046821344310843,
        0.7098716337597758,
        0.7098716337597758,
        0.7098716337597758,
        0.7133906262984361,
        0.7133906262984361,
        0.7133906262984361,
        0.7133906262984361,
        0.7153669321197402,
        0.7153669321197402,
        0.7153669321197402,
        0.7171601253561858,
        0.7198600743498259,
        0.7198600743498259,
        0.7301654971919541,
        0.7301654971919541,
        0.7301654971919541,
        0.7301654971919541,
        0.7301654971919541,
        0.7350893047846345,
        0.7350893047846345,
        0.7350893047846345,
        0.7393901678748068,
        0.7787246470690125,
        0.7787246470690125,
        0.7787246470690125,
        0.7930529011582835,
        0.7930529011582835,
        0.7972716070407885,
        0.802113977884615,
        0.802113977884615,
        0.802113977884615,
        0.8040910927335759,
        0.8082852274713737,
        0.8098999184061165,
        0.8098999184061165,
        0.8098999184061165,
        0.8098999184061165,
        0.817879653234097,
        0.817879653234097,
        0.817879653234097,
        0.817879653234097,
        0.817879653234097,
        0.817879653234097,
        0.817879653234097,
        0.8178796532340972,
        0.8178796532340972,
        0.8178796532340972,
        0.8178796532340972,
        0.8178796532340972,
        0.8178796532340972,
        0.8178796532340972,
        0.8178796532340972,
        0.8178796532340972,
        0.8178796532340972,
        0.8178796532340972,
        0.8178796532340972,
        0.8178796532340972,
        0.8178796532340972,
        0.8178796532340972,
        0.8178796532340972,
        0.8178796532340972,
        0.8178796532340972,
        0.8178796532340972,
        0.8178796532340972,
        0.8178796532340972,
        0.8197908265402577,
        0.8301567577497979,
        0.8301567577497979,
        0.8321258076008968,
        0.8321258076008968,
        0.8321258076008968,
        0.8321258076008968,
        0.8321258076008968,
        0.8321258076008968,
        0.8321258076008968,
        0.8321258076008968,
        0.8321258076008968,
        0.8321258076008968,
        0.8321258076008968,
        0.8321258076008968,
        0.8321258076008968,
        0.8321258076008968,
        0.8321258076008968,
        0.8321258076008968,
        0.8321258076008968,
        0.8321258076008968,
        0.8321258076008968,
        0.8321258076008968,
        0.8321258076008968,
        0.8321258076008968,
        0.8321258076008968,
        0.8321258076008968,
        0.8321258076008968,
        0.8321258076008968,
        0.8321258076008968,
        0.8321258076008968,
        0.8321258076008968,
        0.8321258076008968,
        0.8321258076008968
    ],