{
    "bestIndiv": [
        [
            19,
            22,
            21,
            0,
            17,
            2,
            30,
            20,
            29,
            1,
            6,
            41,
            16,
            44,
            38,
            39,
            36,
            37,
            14,
            4,
            23,
            5,
            27,
            12,
            51,
            13,
            46,
            25,
            26,
            10,
            50,
            11,
            24,
            47,
            33,
            43,
            35,
            34,
            48,
            31,
            18,
            7,
            40,
            8,
            9,
            32,
            42,
            3,
            45,
            15,
            28,
            49
        ],
        0.7899923257143446
    ],
    "best": [
        0.28369523086062,
        0.2937479530196501,
        0.3033009626744126,
        0.3224188710369407,
        0.3224188710369407,
        0.3266647075543135,
        0.3367654659898073,
        0.3530894140823202,
        0.3530894140823202,
        0.37488839839867716,
        0.37840514958110166,
        0.37840514958110166,
        0.3923144211711371,
        0.3923144211711371,
        0.3923144211711371,
        0.4005049662479607,
        0.40730336106911263,
        0.4174019946703404,
        0.41789395939763424,
        0.4442954093719894,
        0.4442954093719894,
        0.4495665188197211,
        0.45615619216861325,
        0.45615619216861325,
        0.4708676862015955,
        0.4708676862015955,
        0.4708676862015955,
        0.4708676862015957,
        0.48823459054499657,
        0.48823459054499657,
        0.48823459054499657,
        0.4915765112316893,
        0.4973302220811748,
        0.4973741400823598,
        0.4995426136591126,
        0.49976779765299956,
        0.5162549223033293,
        0.5162549223033293,
        0.5216595854943602,
        0.5216595854943602,
        0.5463211488334767,
        0.5463211488334767,
        0.5463211488334767,
        0.5463211488334767,
        0.5463211488334767,
        0.5517792076208352,
        0.5517792076208352,
        0.5517792076208352,
        0.5521194682486864,
        0.5521194682486864,
        0.5797766082808311,
        0.5797766082808311,
        0.5900730711492495,
        0.5989883629976337,
        0.5989883629976337,
        0.5989883629976337,
        0.6027934665762925,
        0.6027934665762925,
        0.6253877099468511,
        0.6253877099468511,
        0.6253877099468511,
        0.6265849777064229,
        0.6265849777064229,
        0.6265849777064229,
        0.6417525567556618,
        0.6486696560073113,
        0.6486696560073113,
        0.6486696560073113,
        0.6486696560073113,
        0.6537028441680413,
        0.6537028441680414,
        0.6537028441680414,
        0.6586291202473037,
        0.6586291202473037,
        0.6586291202473037,
        0.6598150211552154,
        0.6598150211552154,
        0.6790056024557924,
        0.6790056024557924,
        0.6790056024557924,
        0.6790056024557924,
        0.6795286533665724,
        0.6847148916261181,
        0.6847148916261181,
        0.6847148916261181,
        0.6879498192975136,
        0.6879498192975136,
        0.6923092220862848,
        0.6929003064757792,
        0.6933238257239853,
        0.694412660801339,
        0.6972701889325889,
        0.6973228772010851,
        0.6990134132092725,
        0.6990134132092725,
        0.7011578508736445,
        0.7044883015432193,
        0.7078799913977113,
        0.710079261557758,
        0.710079261557758,
        0.710079261557758,
        0.710079261557758,
        0.7409398486138624,
        0.7409398486138624,
        0.7433496887429347,
        0.7433496887429347,
        0.7501617740734668,
        0.7501617740734668,
        0.7549947302542667,
        0.7549947302542667,
        0.7549947302542667,
        0.7549947302542667,
        0.7549947302542667,
        0.7549947302542667,
        0.7558576700309756,
        0.7558576700309756,
        0.7558576700309756,
        0.7558576700309756,
        0.7558576700309756,
        0.7558576700309756,
        0.7558576700309756,
        0.7558576700309756,
        0.7558576700309756,
        0.7558576700309756,
        0.7558576700309756,
        0.7558576700309756,
        0.7558576700309756,
        0.7558576700309756,
        0.7558576700309756,
        0.7558576700309756,
        0.7558576700309756,
        0.7558576700309756,
        0.7558576700309756,
        0.7558576700309756,
        0.7558576700309756,
        0.7558576700309756,
        0.7558576700309756,
        0.7558576700309756,
        0.7558576700309756,
        0.7558576700309756,
        0.7558576700309756,
        0.7558576700309756,
        0.7558576700309756,
        0.7558576700309756,
        0.7676890282961994,
        0.7676890282961994,
        0.7676890282961994,
        0.7676890282961994,
        0.7676890282961994,
        0.7676890282961994,
        0.7676890282961994,
        0.7676890282961994,
        0.7676890282961994,
        0.7676890282961994,
        0.7676890282961994,
        0.7676890282961994,
        0.7676890282961994,
        0.7676890282961994,
        0.7676890282961994,
        0.7676890282961994,
        0.7676890282961994,
        0.7676890282961994,
        0.7676890282961994,
        0.7676890282961994,
        0.7676890282961994,
        0.7676890282961994,
        0.7676890282961994,
        0.7676890282961994,
        0.7676890282961994,
        0.7676890282961994,
        0.7676890282961994,
        0.7676890282961994,
        0.7676890282961994,
        0.7676890282961994,
        0.7676890282961994,
        0.7684011541207018,
        0.7797027607728901,
        0.7797027607728901,
        0.7797027607728901,
        0.7804373600830938,
        0.7804373600830938,
        0.7812683683785485,
        0.7812683683785485,
        0.7899923257143446,
        0.7899923257143446,
        0.7899923257143446,
        0.7899923257143446,
        0.7899923257143446,
        0.7899923257143446,
        0.7899923257143446,
        0.7899923257143446,
        0.7899923257143446,
        0.7899923257143446,
        0.7899923257143446,
        0.7899923257143446,
        0.7899923257143446,
        0.7899923257143446,
        0.7899923257143446,
        0.7899923257143446,
        0.7899923257143446,
        0.7899923257143446
    ],