{
    "bestIndiv": [
        [
            34,
            48,
            31,
            21,
            30,
            16,
            20,
            1,
            6,
            41,
            29,
            28,
            49,
            33,
            43,
            15,
            24,
            11,
            27,
            10,
            50,
            42,
            32,
            8,
            9,
            37,
            4,
            14,
            39,
            36,
            45,
            25,
            46,
            13,
            51,
            12,
            26,
            3,
            5,
            35,
            0,
            19,
            22,
            17,
            2,
            18,
            40,
            7,
            44,
            38,
            23,
            47
        ],
        0.691935901516044
    ],
    "best": [
        0.2938599743734584,
        0.31655391838602787,
        0.31655391838602787,
        0.3295135577760576,
        0.3295135577760576,
        0.3415419107799792,
        0.35344759341540016,
        0.35344759341540016,
        0.3677403136319284,
        0.37754934783971666,
        0.3871090542785766,
        0.3871090542785766,
        0.39512712860626403,
        0.40511793475613933,
        0.40511793475613933,
        0.4178808746948313,
        0.42105487794713353,
        0.4276135295129839,
        0.4371754612108059,
        0.4371754612108059,
        0.4371754612108059,
        0.43950991596248035,
        0.4510713360768735,
        0.4510713360768735,
        0.46171973912856173,
        0.4771884141602075,
        0.47967889313503104,
        0.47967889313503104,
        0.4928284565547841,
        0.4928284565547841,
        0.4928284565547841,
        0.5033186647321335,
        0.5033186647321335,
        0.5044004086539973,
        0.5047401002697761,
        0.5107296583212788,
        0.5108011652224674,
        0.5108011652224674,
        0.5160163315424001,
        0.5160163315424001,
        0.5184101322369078,
        0.5216053910077711,
        0.5332259451280853,
        0.5470299228178931,
        0.5470299228178931,
        0.5474701905700229,
        0.5475509176967553,
        0.5475509176967553,
        0.5475509176967556,
        0.5475509176967556,
        0.5480268672193441,
        0.5510522387571108,
        0.5510522387571108,
        0.5510522387571108,
        0.5510522387571108,
        0.5510522387571108,
        0.5510522387571108,
        0.5510522387571108,
        0.5510522387571108,
        0.5510522387571108,
        0.5510522387571108,
        0.5510522387571108,
        0.5510522387571108,
        0.5510522387571108,
        0.5510522387571108,
        0.5510522387571108,
        0.5510522387571108,
        0.5510522387571108,
        0.5510522387571108,
        0.5510522387571108,
        0.5510522387571108,
        0.5510522387571108,
        0.5510522387571108,
        0.5510522387571108,
        0.5543095087309384,
        0.5543095087309384,
        0.5543095087309384,
        0.5543095087309384,
        0.5719842669760312,
        0.5754944834842105,
        0.5813181532387403,
        0.5813181532387403,
        0.5881632833919188,
        0.5881632833919188,
        0.5881632833919188,
        0.5886938031051162,
        0.5886938031051162,
        0.5886938031051162,
        0.5886938031051162,
        0.5926729376399547,
        0.5926729376399547,
        0.5926729376399547,
        0.5926729376399547,
        0.5926729376399547,
        0.5926729376399547,
        0.5926729376399547,
        0.6006338132041711,
        0.6006338132041711,
        0.6006338132041711,
        0.6006338132041711,
        0.6006338132041712,
        0.6006338132041712,
        0.6006338132041712,
        0.6068995312955652,
        0.6068995312955652,
        0.6068995312955652,
        0.607235167653468,
        0.607241124666481,
        0.607241124666481,
        0.6084515542914254,
        0.6084515542914254,
        0.613646188889964,
        0.6139893311033265,
        0.615232955220966,
        0.615232955220966,
        0.615232955220966,
        0.6193818488667597,
        0.6193818488667597,
        0.6193818488667597,
        0.6193818488667597,
        0.6193818488667597,
        0.6221994915660115,
        0.6221994915660115,
        0.6221994915660115,
        0.6221994915660115,
        0.6221994915660115,
        0.6227568600834866,
        0.6228635525898144,
        0.6228635525898144,
        0.6228635525898144,
        0.6228635525898144,
        0.6228635525898144,
        0.6228635525898144,
        0.6228635525898144,
        0.6228635525898144,
        0.6253514584889662,
        0.6253514584889662,
        0.6253514584889662,
        0.6253514584889662,
        0.6253514584889662,
        0.6253514584889662,
        0.6253514584889662,
        0.6253514584889662,
        0.6253514584889662,
        0.6253514584889662,
        0.6253514584889662,
        0.6253514584889662,
        0.6253514584889662,
        0.6253514584889662,
        0.6253514584889662,
        0.6253514584889662,
        0.6253514584889662,
        0.6253514584889662,
        0.6253514584889662,
        0.6253514584889662,
        0.6253514584889662,
        0.6255883321192293,
        0.6255883321192293,
        0.6331778646509437,
        0.6331778646509437,
        0.6331778646509437,
        0.6390029292462813,
        0.6390029292462813,
        0.6390029292462813,
        0.6390029292462813,
        0.6390029292462813,
        0.6390029292462813,
        0.6390029292462813,
        0.6390029292462813,
        0.6390029292462813,
        0.6390029292462813,
        0.6390029292462813,
        0.6390029292462813,
        0.647763353470755,
        0.647763353470755,
        0.647763353470755,
        0.647763353470755,
        0.647763353470755,
        0.647763353470755,
        0.647763353470755,
        0.647763353470755,
        0.647763353470755,
        0.647763353470755,
        0.647763353470755,
        0.647763353470755,
        0.688083399478927,
        0.688083399478927,
        0.688083399478927,
        0.691935901516044,
        0.691935901516044,
        0.691935901516044,
        0.691935901516044,
        0.691935901516044,
        0.691935901516044,
        0.691935901516044,
        0.691935901516044,
        0.691935901516044,
        0.691935901516044,
        0.691935901516044,
        0.691935901516044,
        0.691935901516044
    ],