{
    "bestIndiv": [
        [
            38,
            36,
            14,
            5,
            4,
            47,
            35,
            48,
            31,
            21,
            34,
            33,
            49,
            15,
            43,
            45,
            27,
            25,
            46,
            12,
            10,
            51,
            13,
            26,
            42,
            18,
            44,
            30,
            22,
            19,
            28,
            29,
            6,
            1,
            41,
            20,
            16,
            2,
            39,
            37,
            23,
            3,
            24,
            11,
            50,
            32,
            9,
            8,
            7,
            40,
            17,
            0
        ],
        0.701999620194358
    ],
    "best": [
        0.29083059519524995,
        0.30732207312234444,
        0.3221818397596808,
        0.32292130972332417,
        0.3313688313278552,
        0.3375516851381957,
        0.3494756214559424,
        0.357209579047951,
        0.37302917658650525,
        0.3747210380237644,
        0.37660088475135856,
        0.3815008258420641,
        0.3919711194932838,
        0.40268625232948535,
        0.4063734451277251,
        0.43144352179206,
        0.43144352179206,
        0.4333265597744939,
        0.4333265597744939,
        0.4448383044505793,
        0.449343769355075,
        0.449343769355075,
        0.456329658574103,
        0.47579199579586473,
        0.47579199579586473,
        0.47579199579586473,
        0.4846108690263091,
        0.5129734857957015,
        0.5129734857957015,
        0.5129734857957015,
        0.5129734857957015,
        0.5137146807334236,
        0.5137146807334236,
        0.5458291991325611,
        0.5466684587580106,
        0.5528944727852905,
        0.5528944727852905,
        0.5528944727852905,
        0.5528944727852905,
        0.5528944727852905,
        0.5528944727852905,
        0.5585187168840301,
        0.5687986130760754,
        0.5687986130760754,
        0.5687986130760754,
        0.5742834738737265,
        0.5742834738737265,
        0.580356134643494,
        0.580356134643494,
        0.5810089944205885,
        0.5857811794354867,
        0.6029423042717698,
        0.6029423042717698,
        0.6090891413054896,
        0.6128559412487051,
        0.6128559412487052,
        0.6151738868145264,
        0.6151738868145264,
        0.6241061010823075,
        0.6241061010823075,
        0.6282208280960756,
        0.6325762780166093,
        0.6325762780166093,
        0.6325762780166093,
        0.6370564742868416,
        0.6370564742868416,
        0.6445904234571828,
        0.6445904234571828,
        0.6445904234571828,
        0.6474316947052355,
        0.6545726758712982,
        0.6545726758712982,
        0.6545726758712982,
        0.6545726758712982,
        0.6545726758712982,
        0.6545726758712982,
        0.6545726758712982,
        0.6545726758712982,
        0.6545726758712982,
        0.6545726758712982,
        0.6545726758712982,
        0.6545726758712982,
        0.6545726758712982,
        0.6545726758712982,
        0.6545726758712982,
        0.6545726758712982,
        0.6545726758712982,
        0.6545726758712982,
        0.6545726758712982,
        0.6545726758712982,
        0.6545726758712982,
        0.6545726758712982,
        0.6545726758712982,
        0.6545726758712982,
        0.6545726758712982,
        0.6545726758712982,
        0.6545726758712982,
        0.6545726758712982,
        0.6606806626885601,
        0.6606806626885601,
        0.6612787855052226,
        0.6612787855052226,
        0.6612787855052226,
        0.6612787855052226,
        0.6612787855052226,
        0.6612787855052226,
        0.6612787855052226,
        0.6612787855052226,
        0.6612787855052226,
        0.6612787855052226,
        0.6612787855052226,
        0.6620880719862652,
        0.6620880719862652,
        0.6620880719862652,
        0.6729575198084057,
        0.6729575198084057,
        0.6729575198084057,
        0.6729575198084057,
        0.6729575198084057,
        0.6729575198084057,
        0.6729575198084057,
        0.6729575198084057,
        0.6729575198084057,
        0.6729575198084057,
        0.6729575198084057,
        0.6729575198084057,
        0.6729575198084057,
        0.6729575198084057,
        0.6750081082946112,
        0.6750081082946112,
        0.6750081082946112,
        0.6750081082946112,
        0.6754715515664029,
        0.6754715515664029,
        0.6754715515664029,
        0.6754715515664029,
        0.6754715515664029,
        0.6754715515664029,
        0.6754715515664029,
        0.6754715515664029,
        0.6754715515664029,
        0.6754715515664029,
        0.6754715515664029,
        0.6754715515664029,
        0.6754715515664029,
        0.6754715515664029,
        0.6754715515664029,
        0.6754715515664029,
        0.6754715515664029,
        0.6754715515664029,
        0.6754715515664029,
        0.6754715515664029,
        0.6754715515664029,
        0.6754715515664029,
        0.6754715515664029,
        0.6754715515664029,
        0.6754715515664029,
        0.6754715515664029,
        0.6754715515664029,
        0.6754715515664029,
        0.6754715515664029,
        0.6754715515664029,
        0.6754715515664029,
        0.6754715515664029,
        0.6754715515664029,
        0.6754715515664029,
        0.6754715515664029,
        0.6754715515664029,
        0.6754715515664029,
        0.6754715515664029,
        0.6754715515664029,
        0.6754715515664029,
        0.6754715515664029,
        0.6754715515664029,
        0.6754715515664029,
        0.6754715515664029,
        0.6754715515664029,
        0.6754715515664029,
        0.6754715515664029,
        0.6754715515664029,
        0.6754715515664029,
        0.68528655337199,
        0.6903749344924703,
        0.6903749344924703,
        0.7006311123745744,
        0.7006311123745744,
        0.7006311123745744,
        0.7006311123745744,
        0.7014850243052391,
        0.7014850243052391,
        0.7014850243052391,
        0.7014850243052391,
        0.7014850243052391,
        0.7014850243052391,
        0.7014850243052391,
        0.701999620194358,
        0.701999620194358,
        0.701999620194358,
        0.701999620194358,
        0.701999620194358,
        0.701999620194358
    ],