{
    "bestIndiv": [
        [
            39,
            37,
            47,
            23,
            7,
            44,
            2,
            30,
            20,
            22,
            19,
            49,
            28,
            46,
            26,
            13,
            51,
            10,
            15,
            0,
            21,
            31,
            18,
            40,
            8,
            9,
            3,
            11,
            27,
            25,
            12,
            50,
            32,
            42,
            48,
            17,
            16,
            6,
            1,
            41,
            29,
            36,
            4,
            14,
            5,
            24,
            45,
            43,
            33,
            34,
            38,
            35
        ],
        0.6463952923475376
    ],
    "best": [
        0.29677378681497585,
        0.29677378681497585,
        0.3306741267104718,
        0.338638377222903,
        0.338638377222903,
        0.33993007689078714,
        0.34615948361076015,
        0.3582111725721279,
        0.3623935680024713,
        0.36496323937166575,
        0.3774529374376874,
        0.3884807558148108,
        0.3884807558148108,
        0.39448800219085495,
        0.39448800219085495,
        0.39448800219085495,
        0.40181983135704274,
        0.408205964106619,
        0.408205964106619,
        0.40866470093346385,
        0.42207575065035396,
        0.42207575065035396,
        0.43048044249639056,
        0.43048044249639056,
        0.44613411886974474,
        0.4514886029308399,
        0.45944982345401353,
        0.4664613783650958,
        0.47094055510586497,
        0.4711079219023299,
        0.4711079219023299,
        0.4781488536209452,
        0.4781488536209452,
        0.479079069228765,
        0.4847295782488977,
        0.48720581646152306,
        0.49140828121512536,
        0.4927384049377319,
        0.5044222344981878,
        0.5051221754683465,
        0.5066530563451438,
        0.5186660466957541,
        0.5324089890508,
        0.5324089890508,
        0.5324089890508,
        0.5324089890508,
        0.5324089890508,
        0.5324089890508,
        0.5324089890508,
        0.5351449753186164,
        0.5351449753186164,
        0.5351449753186164,
        0.5369290792729817,
        0.5369290792729817,
        0.5375574374670063,
        0.5381427815459328,
        0.5381427815459328,
        0.5381427815459328,
        0.5381427815459328,
        0.5390326959440795,
        0.5390326959440795,
        0.5416731044556562,
        0.546890642212165,
        0.5478097487476581,
        0.5478097487476581,
        0.5531255973390011,
        0.5531255973390011,
        0.5531255973390011,
        0.5531888895581574,
        0.5531888895581574,
        0.5531888895581574,
        0.5549528243895692,
        0.5549528243895692,
        0.5549528243895692,
        0.5550165354898519,
        0.5550165354898519,
        0.5550165354898519,
        0.5550165354898519,
        0.5550165354898519,
        0.5550165354898519,
        0.5561704295183987,
        0.5561704295183987,
        0.5561704295183987,
        0.5561704295183987,
        0.5561704295183987,
        0.5561704295183987,
        0.5561704295183987,
        0.5561704295183987,
        0.5561704295183987,
        0.5561704295183987,
        0.5561704295183987,
        0.5561704295183987,
        0.5561704295183987,
        0.5561704295183987,
        0.5561704295183987,
        0.5561704295183987,
        0.5630192583326729,
        0.5630192583326729,
        0.5630192583326729,
        0.5642110200589873,
        0.5642110200589873,
        0.5642110200589873,
        0.5642110200589873,
        0.5642110200589873,
        0.5642110200589873,
        0.5642110200589873,
        0.5642110200589873,
        0.5642110200589873,
        0.5642110200589873,
        0.5646204676623475,
        0.5646602486200012,
        0.5703036747417055,
        0.5703036747417055,
        0.5747612244597343,
        0.5747612244597343,
        0.5747612244597343,
        0.5747612244597343,
        0.581085139990302,
        0.581085139990302,
        0.5941323954612127,
        0.5941323954612127,
        0.606030430056125,
        0.6060669360376766,
        0.6095634518399542,
        0.6095634518399542,
        0.6095634518399542,
        0.610186212186433,
        0.6161674594429998,
        0.6168721564439793,
        0.6168721564439793,
        0.6233504930866003,
        0.6234824497995268,
        0.6234824497995268,
        0.6308380642590039,
        0.6308380642590039,
        0.6308380642590039,
        0.6312944091134611,
        0.6420926586103739,
        0.6420926586103739,
        0.6420926586103739,
        0.6439716779112975,
        0.6439716779112975,
        0.6439716779112975,
        0.6439716779112976,
        0.6439716779112976,
        0.6439716779112976,
        0.6439716779112976,
        0.6439716779112976,
        0.6439716779112976,
        0.6439716779112976,
        0.6439716779112976,
        0.6439716779112976,
        0.6439716779112976,
        0.6439716779112976,
        0.6439716779112976,
        0.6439716779112976,
        0.6439716779112976,
        0.6439716779112976,
        0.6439716779112976,
        0.6439716779112976,
        0.6439716779112976,
        0.6439716779112976,
        0.6439716779112976,
        0.6439716779112976,
        0.6439716779112976,
        0.6439716779112976,
        0.6439716779112976,
        0.6451584169478338,
        0.6451584169478338,
        0.6451584169478338,
        0.6451584169478338,
        0.6451584169478338,
        0.6451584169478338,
        0.6451584169478338,
        0.6451584169478338,
        0.6451584169478338,
        0.6451584169478338,
        0.6451584169478338,
        0.6451584169478338,
        0.6451584169478338,
        0.6451584169478338,
        0.6451584169478338,
        0.6451584169478338,
        0.6451584169478338,
        0.6451584169478338,
        0.6451584169478338,
        0.6451584169478338,
        0.6463952923475376,
        0.6463952923475376,
        0.6463952923475376,
        0.6463952923475376,
        0.6463952923475376,
        0.6463952923475376,
        0.6463952923475376,
        0.6463952923475376,
        0.6463952923475376,
        0.6463952923475376,
        0.6463952923475376,
        0.6463952923475376,
        0.6463952923475376,
        0.6463952923475376
    ],