{
    "bestIndiv": [
        [
            42,
            9,
            8,
            7,
            40,
            18,
            2,
            44,
            17,
            30,
            16,
            20,
            41,
            6,
            1,
            29,
            22,
            34,
            33,
            47,
            23,
            37,
            36,
            45,
            15,
            28,
            19,
            35,
            38,
            32,
            50,
            10,
            27,
            26,
            51,
            13,
            12,
            46,
            25,
            11,
            24,
            3,
            43,
            49,
            0,
            21,
            31,
            48,
            39,
            4,
            5,
            14
        ],
        0.7456753342767886
    ],
    "best": [
        0.29317376744304846,
        0.29742701167362656,
        0.3215498876790156,
        0.3225248357125735,
        0.3281579609952785,
        0.3432312987742405,
        0.354534451003433,
        0.354534451003433,
        0.35652631231470633,
        0.3652456910700722,
        0.3692113743260737,
        0.3746978802491506,
        0.3864988328018049,
        0.3909190665032868,
        0.399465655985164,
        0.40049174699344736,
        0.40059579499023884,
        0.4153393366957767,
        0.4354699970364093,
        0.4354699970364093,
        0.44621458898131516,
        0.44621458898131516,
        0.4547296834427997,
        0.4588209972718031,
        0.4663300264102494,
        0.4663300264102494,
        0.468940452406227,
        0.47379287293808087,
        0.47379287293808087,
        0.4953104843240646,
        0.4992124121343993,
        0.5044256572275502,
        0.5074342734014884,
        0.5320775798507995,
        0.5320775798507995,
        0.5320775798507995,
        0.5320775798507995,
        0.534965497901752,
        0.557632488524167,
        0.5586050084755083,
        0.5737056641033005,
        0.5737056641033005,
        0.5871585120185779,
        0.5871585120185779,
        0.5883771458498697,
        0.5883771458498697,
        0.5909406058814719,
        0.5942786762324378,
        0.5998908126953509,
        0.5998908126953509,
        0.5998908126953509,
        0.5998908126953509,
        0.5998908126953509,
        0.5999553790230674,
        0.5999553790230674,
        0.6025558077639351,
        0.6038446218087351,
        0.6038446218087351,
        0.6038446218087351,
        0.6040341980532309,
        0.6067378523023795,
        0.6127194116763651,
        0.6127194116763651,
        0.6127194116763651,
        0.6152918855922466,
        0.6168015932929457,
        0.6404657031781615,
        0.6404657031781615,
        0.6404657031781615,
        0.6516897545478405,
        0.6516897545478405,
        0.6537393691814017,
        0.6696016719808406,
        0.6696016719808406,
        0.6696016719808406,
        0.6811388524049299,
        0.6811388524049299,
        0.6811388524049299,
        0.6858240844727801,
        0.6858240844727801,
        0.6858240844727801,
        0.6894377264722639,
        0.6894377264722639,
        0.6894377264722639,
        0.698120792107909,
        0.6993558515111763,
        0.6993558515111763,
        0.6999406964912155,
        0.7041706902116217,
        0.7079757404784942,
        0.7079757404784942,
        0.7171351366626408,
        0.7221987826912278,
        0.7239135411481714,
        0.7239135411481714,
        0.728666800890492,
        0.728666800890492,
        0.728666800890492,
        0.729217927995343,
        0.729217927995343,
        0.729217927995343,
        0.729217927995343,
        0.729217927995343,
        0.729217927995343,
        0.729217927995343,
        0.729217927995343,
        0.729217927995343,
        0.729217927995343,
        0.729217927995343,
        0.729217927995343,
        0.729217927995343,
        0.729217927995343,
        0.729217927995343,
        0.729217927995343,
        0.729217927995343,
        0.729217927995343,
        0.729217927995343,
        0.729217927995343,
        0.729217927995343,
        0.729217927995343,
        0.729217927995343,
        0.729217927995343,
        0.729217927995343,
        0.729217927995343,
        0.729217927995343,
        0.729217927995343,
        0.729217927995343,
        0.729217927995343,
        0.729217927995343,
        0.729217927995343,
        0.729217927995343,
        0.729217927995343,
        0.729217927995343,
        0.729217927995343,
        0.729217927995343,
        0.729217927995343,
        0.729217927995343,
        0.729217927995343,
        0.729217927995343,
        0.729217927995343,
        0.729217927995343,
        0.729217927995343,
        0.729217927995343,
        0.729217927995343,
        0.729217927995343,
        0.729217927995343,
        0.729217927995343,
        0.729217927995343,
        0.729217927995343,
        0.729217927995343,
        0.729217927995343,
        0.729217927995343,
        0.729217927995343,
        0.729217927995343,
        0.729217927995343,
        0.729217927995343,
        0.729217927995343,
        0.729217927995343,
        0.729217927995343,
        0.729217927995343,
        0.729217927995343,
        0.729217927995343,
        0.729217927995343,
        0.729217927995343,
        0.729217927995343,
        0.729217927995343,
        0.7294645078587421,
        0.7294645078587421,
        0.7294645078587421,
        0.7294645078587421,
        0.7301821630344258,
        0.7301821630344258,
        0.7301821630344258,
        0.7301821630344258,
        0.7301821630344258,
        0.7301821630344258,
        0.7301821630344258,
        0.7301821630344258,
        0.7301821630344258,
        0.7301821630344258,
        0.7301821630344258,
        0.7301821630344258,
        0.7301821630344258,
        0.7301821630344258,
        0.7301821630344258,
        0.7301821630344258,
        0.7301821630344258,
        0.7301821630344258,
        0.7301821630344258,
        0.736258014551395,
        0.736258014551395,
        0.736258014551395,
        0.736258014551395,
        0.736258014551395,
        0.7456753342767886,
        0.7456753342767886,
        0.7456753342767886,
        0.7456753342767886,
        0.7456753342767886,
        0.7456753342767886,
        0.7456753342767886
    ],