{
    "bestIndiv": [
        [
            27,
            25,
            46,
            13,
            51,
            12,
            26,
            24,
            45,
            43,
            33,
            0,
            49,
            19,
            15,
            28,
            29,
            22,
            20,
            41,
            1,
            6,
            16,
            2,
            7,
            9,
            8,
            40,
            17,
            30,
            21,
            44,
            18,
            42,
            5,
            4,
            14,
            39,
            38,
            31,
            48,
            34,
            35,
            36,
            37,
            47,
            23,
            3,
            50,
            32,
            10,
            11
        ],
        0.7532573393538505
    ],
    "best": [
        0.2982676061331995,
        0.2982676061331995,
        0.3202472931114916,
        0.3202472931114916,
        0.3349192853644011,
        0.34750313597056637,
        0.3514052225770198,
        0.37561801044180815,
        0.37561801044180815,
        0.3821760447661282,
        0.38456268220558193,
        0.41197060668784835,
        0.41197060668784835,
        0.4219289055895864,
        0.4219289055895864,
        0.4245706977896619,
        0.4245706977896619,
        0.43304250191441457,
        0.43448228642705794,
        0.4389521292283564,
        0.449865621485095,
        0.46048290442504203,
        0.471643093521533,
        0.471643093521533,
        0.4823292040224027,
        0.4870180507642052,
        0.4997389313285592,
        0.5084587976727404,
        0.5178263688220118,
        0.5178263688220118,
        0.5199833952926661,
        0.5251014301085244,
        0.5303918319709257,
        0.5303918319709257,
        0.5303918319709257,
        0.5402808081508951,
        0.5418099798542133,
        0.5565081329460808,
        0.5633441317274501,
        0.5633441317274501,
        0.5842400941779134,
        0.5891642602031235,
        0.5891642602031235,
        0.5893217140749517,
        0.6065952461705547,
        0.6065952461705547,
        0.6065952461705547,
        0.6164473519720343,
        0.6205291107986107,
        0.6250276746690702,
        0.6300259791244033,
        0.6300259791244033,
        0.6300259791244033,
        0.6320467169233954,
        0.6416582229445271,
        0.6416582229445271,
        0.6416582229445271,
        0.6466754842410609,
        0.6597833422216415,
        0.6802478196839937,
        0.6802478196839937,
        0.6802478196839937,
        0.6900868992380172,
        0.6900868992380172,
        0.6943434148209944,
        0.6962294570348324,
        0.6985228747619863,
        0.6985228747619863,
        0.7005623234035999,
        0.7028844229528078,
        0.7050403464034393,
        0.7050403464034393,
        0.7083164339511563,
        0.7083164339511563,
        0.7083164339511563,
        0.7106903089683896,
        0.7106903089683896,
        0.7129785181669775,
        0.7129785181669775,
        0.7129785181669775,
        0.7129785181669775,
        0.7129785181669775,
        0.7129785181669775,
        0.7129785181669775,
        0.7129785181669775,
        0.7129785181669775,
        0.7129785181669775,
        0.7129785181669775,
        0.7129785181669775,
        0.7129785181669775,
        0.7131098840282174,
        0.7131098840282174,
        0.7131098840282174,
        0.7131098840282174,
        0.7131098840282174,
        0.7131098840282174,
        0.7131098840282174,
        0.7131098840282174,
        0.7131098840282174,
        0.7131098840282174,
        0.7131098840282174,
        0.7131098840282174,
        0.7131098840282174,
        0.7131098840282174,
        0.7131098840282174,
        0.7131098840282174,
        0.7131098840282174,
        0.7131098840282174,
        0.7131098840282174,
        0.7131098840282174,
        0.7131098840282174,
        0.7131098840282174,
        0.7131098840282174,
        0.7131098840282174,
        0.7131098840282174,
        0.7131098840282174,
        0.7131098840282174,
        0.7131098840282174,
        0.7131098840282174,
        0.7131098840282174,
        0.7131098840282174,
        0.7131098840282174,
        0.7131098840282174,
        0.7131098840282174,
        0.7131098840282174,
        0.7131098840282174,
        0.7131098840282174,
        0.7131098840282174,
        0.7131098840282174,
        0.7131098840282174,
        0.7131098840282174,
        0.7131098840282174,
        0.7131098840282174,
        0.7131098840282174,
        0.7131098840282174,
        0.7131098840282174,
        0.7151551789496484,
        0.7151551789496484,
        0.7168964368460146,
        0.7168964368460146,
        0.7168964368460146,
        0.7168964368460146,
        0.7168964368460146,
        0.7168964368460146,
        0.7168964368460146,
        0.7168964368460146,
        0.7168964368460146,
        0.7168964368460146,
        0.7168964368460146,
        0.7168964368460146,
        0.7168964368460146,
        0.7168964368460146,
        0.7168964368460146,
        0.7168964368460146,
        0.7168964368460146,
        0.7168964368460146,
        0.7168964368460146,
        0.7168964368460146,
        0.7168964368460146,
        0.7168964368460146,
        0.7168964368460146,
        0.7168964368460146,
        0.7168964368460146,
        0.7168964368460146,
        0.7168964368460146,
        0.7168964368460146,
        0.7168964368460146,
        0.7168964368460146,
        0.7168964368460146,
        0.7168964368460146,
        0.7168964368460146,
        0.7243872868309096,
        0.7243872868309096,
        0.7272664297756287,
        0.7272664297756287,
        0.7337275670327135,
        0.7337275670327135,
        0.7359055007057016,
        0.7427729658671267,
        0.7427729658671267,
        0.751786646058909,
        0.7523486510750501,
        0.7523486510750501,
        0.7523486510750501,
        0.7523486510750501,
        0.7523486510750501,
        0.7523486510750501,
        0.7523486510750501,
        0.7523486510750501,
        0.7523486510750501,
        0.7523486510750501,
        0.7523486510750501,
        0.7532573393538505,
        0.7532573393538505,
        0.7532573393538505,
        0.7532573393538505,
        0.7532573393538505,
        0.7532573393538505,
        0.7532573393538505,
        0.7532573393538505,
        0.7532573393538505
    ],