{
    "bestIndiv": [
        [
            37,
            23,
            5,
            24,
            11,
            50,
            10,
            51,
            13,
            12,
            46,
            25,
            26,
            27,
            3,
            32,
            42,
            14,
            4,
            47,
            45,
            43,
            15,
            28,
            49,
            19,
            22,
            6,
            41,
            1,
            20,
            30,
            17,
            2,
            7,
            18,
            44,
            31,
            48,
            34,
            35,
            33,
            8,
            9,
            40,
            16,
            29,
            21,
            0,
            38,
            39,
            36
        ],
        0.7566867074232665
    ],
    "best": [
        0.29923997976019284,
        0.31356726654902883,
        0.3220677987135448,
        0.3220677987135448,
        0.3220677987135448,
        0.3292538159477111,
        0.34646762357982547,
        0.35481079305072016,
        0.3578674115628974,
        0.36384112056109863,
        0.36384112056109863,
        0.3690541073393905,
        0.3848829008632978,
        0.389226170587143,
        0.389226170587143,
        0.40740506786508207,
        0.40740506786508207,
        0.4196448539421741,
        0.42018061606428264,
        0.4269107772701212,
        0.4269107772701212,
        0.43926985603866947,
        0.43926985603866947,
        0.44271761673829213,
        0.44271761673829213,
        0.4548706239546873,
        0.4548706239546873,
        0.4548706239546873,
        0.4548706239546873,
        0.4548706239546873,
        0.4821582505519528,
        0.4821582505519528,
        0.4821582505519528,
        0.4821582505519528,
        0.4821582505519528,
        0.4821582505519528,
        0.4821582505519528,
        0.4834163010457968,
        0.4872429530879732,
        0.48880303060650687,
        0.4891365395064144,
        0.49335274876069324,
        0.49335274876069324,
        0.4985001842286235,
        0.509937576154387,
        0.5099375761543871,
        0.5099375761543871,
        0.5157092972462275,
        0.5157092972462275,
        0.5157092972462275,
        0.5157092972462276,
        0.5185320349209226,
        0.5185320349209226,
        0.5290443437954463,
        0.5290443437954463,
        0.5290443437954463,
        0.5298299364403379,
        0.5338880593233494,
        0.5359874853467693,
        0.5359874853467693,
        0.5516132681850106,
        0.5516132681850106,
        0.5516132681850106,
        0.5516132681850106,
        0.5915201622907009,
        0.5915201622907009,
        0.5915201622907009,
        0.5915201622907009,
        0.5915201622907009,
        0.5988418028704816,
        0.5988418028704816,
        0.5988418028704816,
        0.5988418028704816,
        0.5988418028704816,
        0.6044148457509996,
        0.6044148457509996,
        0.6044148457509996,
        0.6064824235810713,
        0.6078930553044348,
        0.6078930553044348,
        0.6078930553044348,
        0.6093636120173329,
        0.6093636120173329,
        0.6119545724155899,
        0.6119545724155899,
        0.6119545724155899,
        0.6139381434278212,
        0.6141500962823342,
        0.6141500962823342,
        0.6141500962823342,
        0.6141500962823342,
        0.6162127771000991,
        0.6162127771000991,
        0.6162127771000991,
        0.6162127771000991,
        0.6162127771000991,
        0.6162127771000991,
        0.6162127771000991,
        0.6162127771000991,
        0.6162127771000991,
        0.6162127771000991,
        0.6163196765837181,
        0.6163196765837181,
        0.6163196765837181,
        0.6180407479939019,
        0.6180407479939019,
        0.6267994061385733,
        0.6267994061385733,
        0.6267994061385733,
        0.6277944221728741,
        0.6277944221728741,
        0.6277944221728741,
        0.6277944221728741,
        0.6277944221728741,
        0.6277944221728741,
        0.6277944221728741,
        0.6277944221728741,
        0.6277944221728741,
        0.6277944221728741,
        0.6277944221728741,
        0.6277944221728741,
        0.6277944221728741,
        0.6277944221728741,
        0.6277944221728741,
        0.6277944221728741,
        0.6277944221728741,
        0.6277944221728741,
        0.6277944221728741,
        0.6277944221728741,
        0.6277944221728741,
        0.6277944221728741,
        0.6277944221728741,
        0.6277944221728741,
        0.6277944221728741,
        0.6277944221728741,
        0.6277944221728741,
        0.6277944221728741,
        0.630031542465692,
        0.630031542465692,
        0.6308946329161526,
        0.6308946329161526,
        0.6308946329161526,
        0.6308946329161526,
        0.6373520306645859,
        0.638235308609105,
        0.638235308609105,
        0.638235308609105,
        0.638235308609105,
        0.638235308609105,
        0.638235308609105,
        0.638235308609105,
        0.638235308609105,
        0.638235308609105,
        0.638235308609105,
        0.638235308609105,
        0.638235308609105,
        0.638235308609105,
        0.638235308609105,
        0.638235308609105,
        0.638235308609105,
        0.638235308609105,
        0.638235308609105,
        0.638235308609105,
        0.6464632194743062,
        0.6464632194743062,
        0.6464632194743062,
        0.6464632194743062,
        0.6497056316434408,
        0.6550619694269207,
        0.6639028837154466,
        0.6639028837154466,
        0.6639028837154467,
        0.686329167411872,
        0.686329167411872,
        0.686329167411872,
        0.7034916497353688,
        0.7046577957095602,
        0.7074541451408968,
        0.7074541451408968,
        0.7074541451408968,
        0.7255221622186667,
        0.7255221622186667,
        0.7255221622186667,
        0.7255221622186667,
        0.7255221622186667,
        0.7303750094059673,
        0.7303750094059673,
        0.7357927205587187,
        0.7357927205587187,
        0.7357927205587187,
        0.7357927205587187,
        0.740870517431422,
        0.7513905684994253,
        0.7513905684994253,
        0.7513905684994253,
        0.7566867074232665,
        0.7566867074232665,
        0.7566867074232665,
        0.7566867074232665,
        0.7566867074232665,
        0.7566867074232665
    ],