{
    "bestIndiv": [
        [
            19,
            49,
            21,
            30,
            17,
            44,
            18,
            40,
            7,
            8,
            9,
            47,
            39,
            38,
            48,
            35,
            33,
            34,
            31,
            0,
            43,
            15,
            45,
            36,
            23,
            14,
            4,
            37,
            42,
            5,
            3,
            24,
            25,
            46,
            13,
            51,
            12,
            26,
            27,
            11,
            10,
            50,
            32,
            2,
            16,
            20,
            22,
            29,
            41,
            6,
            1,
            28
        ],
        0.7514236866543896
    ],
    "best": [
        0.2965246587783425,
        0.30101670851875584,
        0.3051793298258264,
        0.32556525084607446,
        0.32556525084607446,
        0.32556525084607446,
        0.33100906338577574,
        0.3456466007301968,
        0.3456466007301968,
        0.37002431495233823,
        0.37002431495233823,
        0.3702752698642985,
        0.38176191912457086,
        0.38176191912457086,
        0.3885599068839066,
        0.393198630011302,
        0.393198630011302,
        0.40610966387629244,
        0.41599893599212495,
        0.4246317196712854,
        0.4246317196712854,
        0.45569784155912013,
        0.45569784155912013,
        0.45847573680763065,
        0.4639918138431014,
        0.4862163935121282,
        0.4862163935121282,
        0.4862163935121282,
        0.494134205593617,
        0.49580418656554187,
        0.5108024099984538,
        0.5108024099984538,
        0.5108024099984538,
        0.5108024099984538,
        0.5341122647335539,
        0.5341122647335539,
        0.536176266393997,
        0.536176266393997,
        0.5450976750311809,
        0.5456834118651308,
        0.5542126240419245,
        0.554558022234034,
        0.5569468878147921,
        0.5664596438781963,
        0.5697403663541929,
        0.5751461669950606,
        0.5760734793920692,
        0.5815681210505914,
        0.5827684738146302,
        0.5832224762536291,
        0.5832224762536291,
        0.5863089602974868,
        0.5863089602974868,
        0.5919039679835322,
        0.5919039679835322,
        0.6050125540756697,
        0.6050125540756697,
        0.6050125540756697,
        0.6056892211596333,
        0.6310537941078282,
        0.6310537941078282,
        0.6310537941078282,
        0.6346126534166026,
        0.6433512369761314,
        0.6433512369761314,
        0.6507033279601839,
        0.6507033279601839,
        0.6637864595037312,
        0.6664023975044508,
        0.6664023975044508,
        0.6726214095605999,
        0.6814944208155587,
        0.6854617120659914,
        0.6854617120659914,
        0.6904515893502682,
        0.6904515893502682,
        0.6919659438177886,
        0.6943965050605688,
        0.6943965050605688,
        0.6963507986228769,
        0.6963507986228769,
        0.7057852166770701,
        0.7057852166770701,
        0.7117540095036953,
        0.7150565500187297,
        0.7150565500187297,
        0.7150565500187297,
        0.7150565500187297,
        0.7161647001146089,
        0.7161647001146089,
        0.7161647001146089,
        0.7161647001146089,
        0.7161647001146089,
        0.7161647001146089,
        0.7161647001146089,
        0.7161647001146089,
        0.7161647001146089,
        0.7161647001146089,
        0.7161647001146089,
        0.7161647001146089,
        0.7161647001146089,
        0.7161647001146089,
        0.7161647001146089,
        0.7161647001146089,
        0.7161647001146089,
        0.7161647001146089,
        0.7161647001146089,
        0.7161647001146089,
        0.7161647001146089,
        0.7161647001146089,
        0.7161647001146089,
        0.7166324028015562,
        0.7166324028015562,
        0.7254496163679619,
        0.7254496163679619,
        0.7254496163679619,
        0.7254496163679619,
        0.7254496163679619,
        0.7254496163679619,
        0.7254496163679619,
        0.7254496163679619,
        0.7254496163679619,
        0.7254496163679619,
        0.7254496163679619,
        0.7254496163679619,
        0.7254496163679619,
        0.7254496163679619,
        0.7254496163679619,
        0.7254496163679619,
        0.7254496163679619,
        0.7254496163679619,
        0.7254496163679619,
        0.7254496163679619,
        0.7254496163679619,
        0.7254496163679619,
        0.7254496163679619,
        0.7254496163679619,
        0.7254496163679619,
        0.7267016420402382,
        0.7267016420402382,
        0.7315919556005468,
        0.7319706649839687,
        0.7319706649839687,
        0.7319706649839687,
        0.734599269147398,
        0.734599269147398,
        0.7351785192175969,
        0.7351785192175969,
        0.736276286194502,
        0.736276286194502,
        0.7397026170037051,
        0.7400897721404364,
        0.7400897721404364,
        0.7400897721404364,
        0.7400897721404364,
        0.7400897721404364,
        0.7445438135672297,
        0.7445438135672297,
        0.7445438135672297,
        0.7445438135672297,
        0.7445438135672297,
        0.7445438135672297,
        0.7474132996926954,
        0.7474132996926954,
        0.7474132996926954,
        0.7474132996926954,
        0.7474132996926954,
        0.7502929044410556,
        0.7502929044410556,
        0.7502929044410556,
        0.750507578281774,
        0.750507578281774,
        0.750507578281774,
        0.750507578281774,
        0.750507578281774,
        0.750507578281774,
        0.750507578281774,
        0.750507578281774,
        0.750507578281774,
        0.750507578281774,
        0.750507578281774,
        0.750507578281774,
        0.750507578281774,
        0.750507578281774,
        0.750507578281774,
        0.750507578281774,
        0.750507578281774,
        0.7514236866543896,
        0.7514236866543896,
        0.7514236866543896,
        0.7514236866543896,
        0.7514236866543896,
        0.7514236866543896,
        0.7514236866543896,
        0.7514236866543896,
        0.7514236866543896,
        0.7514236866543896,
        0.7514236866543896,
        0.7514236866543896,
        0.7514236866543896,
        0.7514236866543896
    ],