{
    "bestIndiv": [
        [
            9,
            8,
            7,
            18,
            44,
            43,
            15,
            28,
            29,
            22,
            20,
            6,
            1,
            41,
            30,
            21,
            48,
            39,
            37,
            14,
            5,
            4,
            23,
            38,
            34,
            33,
            45,
            49,
            19,
            46,
            25,
            26,
            27,
            24,
            3,
            42,
            32,
            50,
            11,
            10,
            51,
            13,
            12,
            47,
            36,
            35,
            31,
            0,
            17,
            16,
            2,
            40
        ],
        0.7316488931440042
    ],
    "best": [
        0.28736496189655236,
        0.28898571636424364,
        0.29388342939240153,
        0.30104156924761255,
        0.3089042323844888,
        0.3198598707876614,
        0.33618206363051417,
        0.33618206363051417,
        0.3446159597584825,
        0.3446159597584825,
        0.34976725848363327,
        0.3614805127942511,
        0.3692777437144803,
        0.3699876722314408,
        0.37742845141695097,
        0.3834222397059363,
        0.3834222397059363,
        0.386765068883295,
        0.386765068883295,
        0.4041171266603738,
        0.4143229861977361,
        0.4143229861977361,
        0.41834959356458473,
        0.4219347628184547,
        0.4368971263850012,
        0.4458320660874214,
        0.4458320660874214,
        0.4458320660874214,
        0.4458320660874214,
        0.4458320660874214,
        0.44969994890443277,
        0.4603352077763145,
        0.4640870353335194,
        0.46727430285550947,
        0.47396229470285545,
        0.47396229470285545,
        0.48382518029895455,
        0.49738771689921474,
        0.512510763749001,
        0.512510763749001,
        0.524833073406689,
        0.524833073406689,
        0.5377037299996402,
        0.5377037299996402,
        0.5377037299996402,
        0.546092497264317,
        0.5470219218827119,
        0.5619009466242266,
        0.5631757065577879,
        0.5631757065577879,
        0.5691550082256098,
        0.5808527245005594,
        0.5808527245005594,
        0.5882885584837051,
        0.5882885584837051,
        0.5882885584837053,
        0.6033922324800544,
        0.6033922324800544,
        0.6041611156212515,
        0.6165925412783019,
        0.6242138311963107,
        0.6242138311963107,
        0.6296095481413105,
        0.6296095481413105,
        0.6340129312012908,
        0.6340129312012908,
        0.6340129312012908,
        0.6344151470318634,
        0.6346501685521077,
        0.6398313535846625,
        0.6495199861545092,
        0.6550015572241389,
        0.6550015572241389,
        0.6550015572241389,
        0.6590874622851989,
        0.6590874622851989,
        0.6649318329822229,
        0.6649318329822229,
        0.6658276157000215,
        0.6733481625858205,
        0.6758852676394728,
        0.6799426626127326,
        0.6799426626127326,
        0.6824389942156395,
        0.6833826019737906,
        0.6859181081156486,
        0.6875307866527074,
        0.6901761044864557,
        0.6963335842140101,
        0.6963335842140101,
        0.6993594530627776,
        0.6993594530627776,
        0.6993594530627776,
        0.7044538424362723,
        0.7046398949338915,
        0.7047176829670374,
        0.706081473200861,
        0.706081473200861,
        0.706081473200861,
        0.7115436035550865,
        0.7115436035550865,
        0.7115436035550865,
        0.7115436035550865,
        0.7115436035550865,
        0.7142108564294425,
        0.7142108564294425,
        0.7142108564294425,
        0.7142108564294425,
        0.7142108564294425,
        0.7142108564294425,
        0.7142108564294425,
        0.7142108564294425,
        0.7142108564294425,
        0.7142108564294425,
        0.7142108564294425,
        0.7142108564294425,
        0.7142108564294425,
        0.7142108564294425,
        0.7142108564294425,
        0.7142108564294425,
        0.7142108564294425,
        0.7142108564294425,
        0.7142108564294425,
        0.7142108564294425,
        0.7142108564294425,
        0.7142108564294425,
        0.7142108564294425,
        0.7142108564294425,
        0.7142108564294425,
        0.7142108564294425,
        0.7142108564294425,
        0.7142108564294425,
        0.7142108564294425,
        0.7142108564294425,
        0.7142108564294425,
        0.7142108564294425,
        0.7142108564294425,
        0.7142108564294425,
        0.7186920293875978,
        0.7186920293875978,
        0.7186920293875978,
        0.7186920293875978,
        0.7186920293875978,
        0.7186920293875978,
        0.7186920293875978,
        0.7186920293875978,
        0.7186920293875978,
        0.7186920293875978,
        0.7186920293875978,
        0.7186920293875978,
        0.7186920293875978,
        0.7186920293875978,
        0.7186920293875978,
        0.7186920293875978,
        0.7186920293875978,
        0.7186920293875978,
        0.7186920293875978,
        0.7186920293875978,
        0.7186920293875978,
        0.719239300969291,
        0.719239300969291,
        0.719239300969291,
        0.719239300969291,
        0.719239300969291,
        0.719541328409517,
        0.719541328409517,
        0.719541328409517,
        0.719541328409517,
        0.719541328409517,
        0.719541328409517,
        0.719541328409517,
        0.719541328409517,
        0.719541328409517,
        0.719541328409517,
        0.719541328409517,
        0.719541328409517,
        0.719541328409517,
        0.719541328409517,
        0.719541328409517,
        0.719541328409517,
        0.719541328409517,
        0.719541328409517,
        0.719541328409517,
        0.719541328409517,
        0.719541328409517,
        0.719541328409517,
        0.719541328409517,
        0.719541328409517,
        0.719541328409517,
        0.719541328409517,
        0.719541328409517,
        0.7305913931263722,
        0.7305913931263722,
        0.7305913931263722,
        0.7305913931263722,
        0.7305913931263722,
        0.7305913931263722,
        0.7316488931440042,
        0.7316488931440042,
        0.7316488931440042,
        0.7316488931440042
    ],