{
    "bestIndiv": [
        [
            34,
            33,
            22,
            49,
            29,
            28,
            15,
            45,
            43,
            21,
            2,
            40,
            18,
            44,
            7,
            8,
            9,
            32,
            42,
            3,
            23,
            4,
            5,
            14,
            36,
            39,
            37,
            48,
            31,
            0,
            30,
            17,
            16,
            41,
            1,
            6,
            20,
            19,
            46,
            25,
            27,
            13,
            12,
            51,
            10,
            50,
            11,
            26,
            24,
            47,
            38,
            35
        ],
        0.7437424279781794
    ],
    "best": [
        0.2953321428489969,
        0.2965231171893405,
        0.3071124756699148,
        0.32614890061060514,
        0.35965705777934664,
        0.35965705777934664,
        0.36196810505863286,
        0.36196810505863286,
        0.37932085294808754,
        0.38008714935247134,
        0.39122745874313014,
        0.39122745874313014,
        0.4000078027946846,
        0.4006839915502211,
        0.4107536063611988,
        0.4153630764953951,
        0.4153630764953951,
        0.42479326075830226,
        0.42479326075830226,
        0.4356303003751795,
        0.4356303003751795,
        0.4356303003751795,
        0.4414281232984548,
        0.45107631271443943,
        0.45107631271443943,
        0.457676094116136,
        0.457676094116136,
        0.47198343851440955,
        0.47981251339425923,
        0.47981251339425923,
        0.4840904624069575,
        0.4965108650180569,
        0.4965108650180569,
        0.502420803587576,
        0.5025303225550126,
        0.5068615634775577,
        0.5119690166107663,
        0.5228630687981589,
        0.5238129280523032,
        0.5373370613345619,
        0.5373370613345619,
        0.5373370613345619,
        0.5579774019496708,
        0.5579774019496708,
        0.5579774019496708,
        0.5669988322635302,
        0.5721989486136729,
        0.5721989486136729,
        0.5726898958695545,
        0.583422095536881,
        0.5870104098015622,
        0.5870104098015622,
        0.5870104098015622,
        0.5870104098015622,
        0.6020557401250035,
        0.6020557401250035,
        0.6040338660680865,
        0.6044784703091977,
        0.6155825562771605,
        0.6203879121386551,
        0.6203879121386551,
        0.6221238944547658,
        0.6221238944547658,
        0.624451331715919,
        0.624451331715919,
        0.624451331715919,
        0.6245265232055706,
        0.6294766548639463,
        0.6294766548639463,
        0.6335257493712972,
        0.6335257493712972,
        0.6427061388636742,
        0.6427061388636742,
        0.6471489422476263,
        0.6490274735754576,
        0.6501755471199798,
        0.6535584091627676,
        0.6622612460412135,
        0.6622612460412135,
        0.6627198844001394,
        0.6627198844001394,
        0.6669740471831637,
        0.6674392386094622,
        0.6674392386094622,
        0.6674392386094622,
        0.6674392386094622,
        0.6674392386094622,
        0.6674392386094622,
        0.6674392386094622,
        0.6696532403963609,
        0.6696532403963609,
        0.6696532403963609,
        0.6696532403963609,
        0.6810582376587527,
        0.6810582376587527,
        0.6810582376587527,
        0.6810582376587527,
        0.6849078739822132,
        0.6849078739822132,
        0.6864336787269281,
        0.6882120241419851,
        0.6887811222944168,
        0.690344497987187,
        0.690588568741403,
        0.6937789313417053,
        0.6937789313417053,
        0.6953911880736756,
        0.6978176610972135,
        0.6981351926422312,
        0.7177720692298809,
        0.7177720692298809,
        0.7181541212560086,
        0.7181541212560086,
        0.7256118073858439,
        0.7256118073858439,
        0.7256118073858439,
        0.7270181907194119,
        0.7270181907194119,
        0.7350623398275666,
        0.7350623398275666,
        0.7350623398275666,
        0.7350623398275666,
        0.7350623398275666,
        0.7350623398275666,
        0.7350623398275666,
        0.7350623398275666,
        0.7350623398275666,
        0.7350623398275666,
        0.7350623398275666,
        0.7350623398275666,
        0.7350623398275666,
        0.7350623398275666,
        0.7350623398275666,
        0.7350623398275666,
        0.7350623398275666,
        0.7350623398275666,
        0.7350623398275666,
        0.7350623398275666,
        0.7350623398275666,
        0.7350623398275666,
        0.7350623398275666,
        0.7350623398275666,
        0.7350623398275666,
        0.7350623398275666,
        0.7350623398275666,
        0.7350623398275666,
        0.7350623398275666,
        0.7350623398275666,
        0.7350623398275666,
        0.7350623398275666,
        0.7350623398275666,
        0.7350623398275666,
        0.7350623398275666,
        0.7350623398275666,
        0.7350623398275666,
        0.7350623398275666,
        0.7350623398275666,
        0.7350623398275666,
        0.7353700409456666,
        0.7353700409456666,
        0.7353700409456666,
        0.7353700409456666,
        0.7353700409456666,
        0.7353700409456666,
        0.7353700409456666,
        0.7353700409456666,
        0.7353700409456666,
        0.7353700409456666,
        0.7353700409456666,
        0.7353700409456666,
        0.7353700409456666,
        0.7353700409456666,
        0.7353700409456666,
        0.7353700409456666,
        0.7353700409456666,
        0.7353700409456666,
        0.7353700409456666,
        0.7353700409456666,
        0.7362427804666377,
        0.7428518285437359,
        0.7428518285437359,
        0.7428518285437359,
        0.7437424279781794,
        0.7437424279781794,
        0.7437424279781794,
        0.7437424279781794,
        0.7437424279781794,
        0.7437424279781794,
        0.7437424279781794,
        0.7437424279781794,
        0.7437424279781794,
        0.7437424279781794,
        0.7437424279781794,
        0.7437424279781794,
        0.7437424279781794,
        0.7437424279781794,
        0.7437424279781794,
        0.7437424279781794,
        0.7437424279781794,
        0.7437424279781794,
        0.7437424279781794
    ],