{
    "bestIndiv": [
        [
            19,
            49,
            22,
            30,
            17,
            2,
            16,
            29,
            28,
            45,
            24,
            4,
            3,
            11,
            10,
            51,
            13,
            12,
            27,
            26,
            46,
            25,
            50,
            32,
            42,
            8,
            9,
            7,
            40,
            18,
            44,
            20,
            41,
            6,
            1,
            21,
            0,
            31,
            48,
            35,
            38,
            34,
            33,
            36,
            37,
            39,
            14,
            5,
            23,
            47,
            43,
            15
        ],
        0.7799177315936139
    ],
    "best": [
        0.28990787091869336,
        0.29638393295039533,
        0.3033314717913347,
        0.3240447292164569,
        0.3240447292164569,
        0.33255742493937956,
        0.33255742493937956,
        0.34497222101293745,
        0.36637057403630896,
        0.36637057403630896,
        0.36637057403630896,
        0.36637057403630896,
        0.36787015297050957,
        0.3735119214917752,
        0.39034429243828817,
        0.3986779662969218,
        0.3986779662969218,
        0.4133979444432634,
        0.4133979444432634,
        0.4135309643257077,
        0.4204242589915246,
        0.42079977164142446,
        0.43268594950914246,
        0.43268594950914246,
        0.4376537603617814,
        0.4376537603617815,
        0.4485494559139062,
        0.4485494559139062,
        0.4692948604152591,
        0.48113327465795674,
        0.4846196208225314,
        0.4846196208225314,
        0.4846196208225314,
        0.4846196208225314,
        0.5219363922495363,
        0.5219363922495363,
        0.5219363922495363,
        0.5349622251634684,
        0.5349622251634684,
        0.5410293941817987,
        0.5410293941817987,
        0.5410293941817987,
        0.5461703632340198,
        0.5535143274687995,
        0.5536142672303178,
        0.5716571790031001,
        0.5725637072043139,
        0.5955186633420211,
        0.6148368818827622,
        0.6148368818827622,
        0.6148368818827622,
        0.6148368818827622,
        0.6230720332398886,
        0.6230720332398886,
        0.6262993864279536,
        0.6262993864279536,
        0.6265819934015513,
        0.6504334403681321,
        0.6504334403681321,
        0.6504334403681321,
        0.6532409926284936,
        0.6532409926284936,
        0.6532409926284936,
        0.6532409926284936,
        0.6532409926284936,
        0.6532409926284936,
        0.6697286173073438,
        0.6697286173073438,
        0.6697286173073438,
        0.6727055941306,
        0.6727055941306,
        0.6729651363073829,
        0.6755351694230938,
        0.6755351694230938,
        0.6759710201981438,
        0.6799477635588853,
        0.6799477635588853,
        0.6850172553426578,
        0.6884036017617942,
        0.6884036017617942,
        0.6884036017617942,
        0.6884036017617942,
        0.6940750213992642,
        0.6955121818248178,
        0.6955121818248178,
        0.6955121818248178,
        0.7035941475928618,
        0.7035941475928618,
        0.7071471187092965,
        0.7071471187092965,
        0.7071471187092965,
        0.7143216444629014,
        0.720386927605335,
        0.7203869276053352,
        0.7230670172677428,
        0.7230670172677428,
        0.7230670172677428,
        0.7230670172677428,
        0.7261875944856583,
        0.7446603114409504,
        0.7446603114409504,
        0.7446603114409504,
        0.7526000676825683,
        0.7526000676825683,
        0.7526000676825683,
        0.754118186594287,
        0.754118186594287,
        0.754118186594287,
        0.754118186594287,
        0.754118186594287,
        0.754118186594287,
        0.754118186594287,
        0.754118186594287,
        0.754118186594287,
        0.754118186594287,
        0.754118186594287,
        0.754118186594287,
        0.754118186594287,
        0.754118186594287,
        0.754118186594287,
        0.754118186594287,
        0.754118186594287,
        0.754118186594287,
        0.754118186594287,
        0.754118186594287,
        0.754118186594287,
        0.754118186594287,
        0.754118186594287,
        0.754118186594287,
        0.754118186594287,
        0.754118186594287,
        0.754118186594287,
        0.754118186594287,
        0.754118186594287,
        0.754118186594287,
        0.754118186594287,
        0.754118186594287,
        0.754118186594287,
        0.754118186594287,
        0.7602409009907428,
        0.7602409009907428,
        0.7602409009907428,
        0.7602409009907428,
        0.7777154635861576,
        0.7777154635861576,
        0.7777154635861576,
        0.7777154635861576,
        0.7799177315936139,
        0.7799177315936139,
        0.7799177315936139,
        0.7799177315936139,
        0.7799177315936139,
        0.7799177315936139,
        0.7799177315936139,
        0.7799177315936139,
        0.7799177315936139,
        0.7799177315936139,
        0.7799177315936139,
        0.7799177315936139,
        0.7799177315936139,
        0.7799177315936139,
        0.7799177315936139,
        0.7799177315936139,
        0.7799177315936139,
        0.7799177315936139,
        0.7799177315936139,
        0.7799177315936139,
        0.7799177315936139,
        0.7799177315936139,
        0.7799177315936139,
        0.7799177315936139,
        0.7799177315936139,
        0.7799177315936139,
        0.7799177315936139,
        0.7799177315936139,
        0.7799177315936139,
        0.7799177315936139,
        0.7799177315936139,
        0.7799177315936139,
        0.7799177315936139,
        0.7799177315936139,
        0.7799177315936139,
        0.7799177315936139,
        0.7799177315936139,
        0.7799177315936139,
        0.7799177315936139,
        0.7799177315936139,
        0.7799177315936139,
        0.7799177315936139,
        0.7799177315936139,
        0.7799177315936139,
        0.7799177315936139,
        0.7799177315936139,
        0.7799177315936139,
        0.7799177315936139,
        0.7799177315936139,
        0.7799177315936139,
        0.7799177315936139,
        0.7799177315936139,
        0.7799177315936139,
        0.7799177315936139
    ],