{
    "bestIndiv": [
        [
            20,
            16,
            2,
            22,
            19,
            49,
            43,
            33,
            38,
            36,
            39,
            37,
            23,
            47,
            45,
            34,
            35,
            48,
            44,
            40,
            7,
            9,
            8,
            32,
            42,
            18,
            31,
            21,
            17,
            30,
            41,
            6,
            1,
            0,
            4,
            14,
            5,
            3,
            24,
            46,
            12,
            13,
            51,
            10,
            50,
            11,
            27,
            26,
            25,
            15,
            28,
            29
        ],
        0.7516871846754769
    ],
    "best": [
        0.2990230781085101,
        0.3085141784697704,
        0.3129649668895289,
        0.31814773311305705,
        0.3404681723871958,
        0.3404681723871958,
        0.3404681723871958,
        0.3406915519108595,
        0.35320087212810436,
        0.3714417874720822,
        0.3817680927277273,
        0.3817680927277273,
        0.3902722507087541,
        0.3902722507087541,
        0.3902722507087541,
        0.3942575216804752,
        0.3969152966125059,
        0.4004163423845926,
        0.4266857713766333,
        0.4266857713766333,
        0.4266857713766333,
        0.44289097755777607,
        0.44289097755777607,
        0.4550252556226695,
        0.4550252556226695,
        0.45807083699177686,
        0.47059376966426425,
        0.47059376966426425,
        0.47690705946109446,
        0.47690705946109446,
        0.4885942151211046,
        0.4971445235677574,
        0.4971445235677574,
        0.4971445235677574,
        0.4972642457419391,
        0.5089114294192723,
        0.5120502687307393,
        0.5223098457165215,
        0.5223098457165215,
        0.5223098457165215,
        0.5292620747839988,
        0.5292620747839988,
        0.5292620747839988,
        0.5527905035578954,
        0.5527905035578954,
        0.5527905035578954,
        0.5527905035578954,
        0.5652508372124083,
        0.5748392786588773,
        0.5748392786588773,
        0.5748392786588773,
        0.5748392786588773,
        0.5819817614086031,
        0.5819817614086031,
        0.587715755331609,
        0.5888654585557015,
        0.5901814411525438,
        0.5901814411525438,
        0.5978972670630163,
        0.5978972670630163,
        0.6029678810745276,
        0.6093890390143598,
        0.6098111102157074,
        0.6161509505280786,
        0.6161509505280786,
        0.6161509505280786,
        0.6199410190532297,
        0.6199410190532297,
        0.6199410190532297,
        0.6199410190532297,
        0.6199410190532297,
        0.6279101643498978,
        0.6279101643498978,
        0.6332835978958505,
        0.6358262215951958,
        0.6358262215951958,
        0.6358262215951958,
        0.6358713114691679,
        0.6488432047012263,
        0.6488432047012263,
        0.651387148399655,
        0.651387148399655,
        0.6740096266513912,
        0.6740096266513912,
        0.6834639993274362,
        0.6834639993274362,
        0.6834639993274362,
        0.6945681869679353,
        0.6945681869679353,
        0.6945681869679353,
        0.6945681869679353,
        0.6945681869679353,
        0.6945681869679353,
        0.6999773166665368,
        0.6999773166665368,
        0.7047888168754595,
        0.7047888168754595,
        0.710358947762901,
        0.710358947762901,
        0.7104913077546406,
        0.7134349836886252,
        0.7161523018515511,
        0.7161523018515511,
        0.7192788261973697,
        0.7192788261973697,
        0.7192788261973697,
        0.7192788261973697,
        0.7200746049087928,
        0.7200746049087928,
        0.7268604562384822,
        0.7268604562384822,
        0.7268604562384822,
        0.7268604562384822,
        0.7286030020567499,
        0.7324349389135807,
        0.7335923272055935,
        0.738393172619396,
        0.738393172619396,
        0.738393172619396,
        0.7443183331942999,
        0.7457799960383215,
        0.7457799960383215,
        0.7470272357802914,
        0.7470272357802914,
        0.7470272357802914,
        0.748499567778633,
        0.7501801940691516,
        0.7501801940691516,
        0.7501801940691516,
        0.751664993113426,
        0.751664993113426,
        0.751664993113426,
        0.751664993113426,
        0.751664993113426,
        0.751664993113426,
        0.751664993113426,
        0.751664993113426,
        0.751664993113426,
        0.751664993113426,
        0.751664993113426,
        0.751664993113426,
        0.751664993113426,
        0.751664993113426,
        0.751664993113426,
        0.751664993113426,
        0.751664993113426,
        0.751664993113426,
        0.751664993113426,
        0.751664993113426,
        0.751664993113426,
        0.751664993113426,
        0.751664993113426,
        0.751664993113426,
        0.751664993113426,
        0.751664993113426,
        0.751664993113426,
        0.751664993113426,
        0.751664993113426,
        0.751664993113426,
        0.751664993113426,
        0.751664993113426,
        0.751664993113426,
        0.7516871846754769,
        0.7516871846754769,
        0.7516871846754769,
        0.7516871846754769,
        0.7516871846754769,
        0.7516871846754769,
        0.7516871846754769,
        0.7516871846754769,
        0.7516871846754769,
        0.7516871846754769,
        0.7516871846754769,
        0.7516871846754769,
        0.7516871846754769,
        0.7516871846754769,
        0.7516871846754769,
        0.7516871846754769,
        0.7516871846754769,
        0.7516871846754769,
        0.7516871846754769,
        0.7516871846754769,
        0.7516871846754769,
        0.7516871846754769,
        0.7516871846754769,
        0.7516871846754769,
        0.7516871846754769,
        0.7516871846754769,
        0.7516871846754769,
        0.7516871846754769,
        0.7516871846754769,
        0.7516871846754769,
        0.7516871846754769,
        0.7516871846754769,
        0.7516871846754769,
        0.7516871846754769,
        0.7516871846754769,
        0.7516871846754769,
        0.7516871846754769,
        0.7516871846754769,
        0.7516871846754769
    ],