{
    "bestIndiv": [
        [
            32,
            42,
            40,
            7,
            8,
            9,
            14,
            5,
            4,
            23,
            47,
            36,
            37,
            15,
            28,
            43,
            34,
            35,
            0,
            41,
            6,
            1,
            29,
            49,
            19,
            22,
            30,
            31,
            48,
            38,
            33,
            45,
            39,
            21,
            20,
            16,
            2,
            17,
            18,
            44,
            3,
            24,
            11,
            10,
            51,
            13,
            12,
            46,
            25,
            27,
            26,
            50
        ],
        0.7279851487881897
    ],
    "best": [
        0.29923997976019284,
        0.31356726654902883,
        0.31848629959197355,
        0.3253466619825653,
        0.33675030395489636,
        0.34997805325108733,
        0.34997805325108733,
        0.34997805325108733,
        0.3568745452345442,
        0.36736330671042333,
        0.38562232609230906,
        0.38893131409298926,
        0.38893131409298926,
        0.39645171938005086,
        0.39645171938005086,
        0.39645171938005086,
        0.40466211520204304,
        0.407938436928929,
        0.41556564773154314,
        0.41556564773154314,
        0.42735280595888314,
        0.42735280595888314,
        0.42995789713470783,
        0.4330455525129719,
        0.45658824160003325,
        0.45658824160003325,
        0.4612080475179982,
        0.4612080475179982,
        0.4612080475179982,
        0.47020002348410295,
        0.48003472999190794,
        0.48003472999190794,
        0.48038913540782235,
        0.5029758694873098,
        0.5103306220657854,
        0.5103306220657854,
        0.5103306220657854,
        0.5134719759794067,
        0.5295711066583891,
        0.5315047834230151,
        0.5328961218259618,
        0.5534122787992537,
        0.5534122787992537,
        0.5534122787992537,
        0.5534122787992537,
        0.5534122787992537,
        0.5549039791284782,
        0.5563279426288095,
        0.5645639442401647,
        0.5650241627958891,
        0.5923376781932508,
        0.5923376781932508,
        0.5923376781932508,
        0.5923376781932508,
        0.5923376781932508,
        0.6187152774911672,
        0.6187152774911672,
        0.6187152774911672,
        0.6187152774911672,
        0.6187152774911672,
        0.6224802013710271,
        0.6224802013710271,
        0.6304916597204344,
        0.6304916597204344,
        0.6310122573764773,
        0.6310122573764773,
        0.6321695817147103,
        0.6431251306340249,
        0.6431251306340249,
        0.6434511487493236,
        0.6520164278761592,
        0.6520164278761592,
        0.6610787301541329,
        0.6610787301541329,
        0.6635913005585102,
        0.6635913005585102,
        0.6635913005585102,
        0.6635913005585102,
        0.6637700927872019,
        0.6637700927872019,
        0.6637700927872019,
        0.6637700927872019,
        0.6637700927872019,
        0.6637700927872019,
        0.6637700927872019,
        0.6637700927872019,
        0.6637700927872019,
        0.6637700927872019,
        0.6637700927872019,
        0.6637700927872019,
        0.6637700927872019,
        0.6637700927872019,
        0.6637700927872019,
        0.6637700927872019,
        0.6637700927872019,
        0.6658581117006598,
        0.6658581117006598,
        0.6658581117006598,
        0.6691851632264064,
        0.6751081167462982,
        0.6751081167462982,
        0.6751081167462982,
        0.6751081167462982,
        0.6751081167462982,
        0.6757323215440609,
        0.676444347405488,
        0.676444347405488,
        0.676444347405488,
        0.6770710267525393,
        0.6813614441203946,
        0.6813614441203946,
        0.6813614441203946,
        0.681997271568797,
        0.6835812941816375,
        0.6835812941816375,
        0.6835812941816375,
        0.6842212733286237,
        0.6842212733286237,
        0.6842212733286237,
        0.6842212733286237,
        0.6842212733286237,
        0.6842212733286237,
        0.6842212733286237,
        0.6842212733286237,
        0.6842212733286237,
        0.6842212733286237,
        0.6842212733286237,
        0.6842212733286237,
        0.6842212733286237,
        0.6842212733286237,
        0.6842212733286237,
        0.6842212733286237,
        0.6842212733286237,
        0.6856282514367792,
        0.6856282514367792,
        0.6856282514367792,
        0.6867069777125285,
        0.6867069777125285,
        0.6867069777125285,
        0.7002728456335587,
        0.7013981837151411,
        0.7013981837151411,
        0.7013981837151411,
        0.7013981837151411,
        0.7013981837151411,
        0.7013981837151411,
        0.7013981837151411,
        0.7013981837151411,
        0.7013981837151411,
        0.7013981837151411,
        0.7013981837151411,
        0.7013981837151411,
        0.7013981837151411,
        0.7013981837151411,
        0.7013981837151411,
        0.7013981837151411,
        0.7211157965334011,
        0.7211157965334011,
        0.7211157965334011,
        0.7211157965334011,
        0.7211157965334011,
        0.7211157965334011,
        0.7211157965334011,
        0.7211157965334011,
        0.7211157965334011,
        0.7211157965334011,
        0.7211157965334011,
        0.7211157965334011,
        0.7211157965334011,
        0.7211157965334011,
        0.7211157965334011,
        0.7211157965334011,
        0.7211157965334011,
        0.7211157965334011,
        0.7211157965334011,
        0.7211157965334011,
        0.7211157965334011,
        0.7211157965334011,
        0.7211157965334011,
        0.7211157965334011,
        0.7228446592780358,
        0.7228446592780358,
        0.7228446592780358,
        0.7228446592780358,
        0.7228446592780358,
        0.7228446592780358,
        0.7228446592780358,
        0.7228446592780358,
        0.7228446592780358,
        0.7279851487881897,
        0.7279851487881897,
        0.7279851487881897,
        0.7279851487881897,
        0.7279851487881897,
        0.7279851487881897,
        0.7279851487881897,
        0.7279851487881897,
        0.7279851487881897,
        0.7279851487881897,
        0.7279851487881897,
        0.7279851487881897
    ],