{
    "bestIndiv": [
        [
            1,
            6,
            41,
            20,
            30,
            0,
            43,
            35,
            36,
            23,
            39,
            48,
            21,
            31,
            18,
            9,
            8,
            7,
            40,
            37,
            4,
            25,
            46,
            13,
            12,
            26,
            11,
            50,
            10,
            51,
            27,
            24,
            3,
            5,
            47,
            33,
            34,
            38,
            42,
            32,
            14,
            45,
            15,
            28,
            49,
            19,
            16,
            2,
            44,
            17,
            22,
            29
        ],
        0.6950182042742482
    ],
    "best": [
        0.29415596602819777,
        0.3016369884755416,
        0.309725944783732,
        0.32071068799683033,
        0.3437588738913275,
        0.3485099553404869,
        0.3485099553404869,
        0.35354133546333083,
        0.36045251315221827,
        0.364522982712789,
        0.38515615850143814,
        0.3860394622054135,
        0.40818859973159904,
        0.40818859973159904,
        0.4092101959410375,
        0.42018461093250675,
        0.4340948114553253,
        0.4340948114553253,
        0.4340948114553253,
        0.4484052855217933,
        0.4532565589604633,
        0.4532565589604633,
        0.4532565589604633,
        0.45638534009756665,
        0.47785862502111165,
        0.4966671721541411,
        0.4966671721541411,
        0.5007604837366614,
        0.5354298901605968,
        0.5354298901605968,
        0.5354298901605968,
        0.5403836492340675,
        0.5403836492340675,
        0.5540623560087669,
        0.5550436530676348,
        0.5674121326828281,
        0.5674121326828281,
        0.5952112190242498,
        0.5952112190242498,
        0.5952112190242498,
        0.5952112190242498,
        0.5952112190242498,
        0.5960131226716096,
        0.6007960401642277,
        0.6053505746171877,
        0.6053505746171877,
        0.6053505746171877,
        0.6105005544499947,
        0.6168504398831947,
        0.6210541725944134,
        0.6210541725944134,
        0.6210541725944134,
        0.6210541725944134,
        0.6210541725944134,
        0.627012268779773,
        0.627012268779773,
        0.6298925260498313,
        0.6421800939575771,
        0.6421800939575771,
        0.6421800939575771,
        0.6511702735838572,
        0.6511702735838572,
        0.656297482856964,
        0.656297482856964,
        0.656297482856964,
        0.656297482856964,
        0.656297482856964,
        0.656297482856964,
        0.656297482856964,
        0.656297482856964,
        0.6565352488096927,
        0.6565352488096927,
        0.6565352488096927,
        0.6565352488096927,
        0.6565352488096927,
        0.6565352488096927,
        0.6565352488096927,
        0.6565352488096927,
        0.6565352488096927,
        0.6565352488096927,
        0.6565352488096927,
        0.6565352488096927,
        0.6565352488096927,
        0.6565352488096927,
        0.6565352488096927,
        0.6565352488096927,
        0.6565352488096927,
        0.6565352488096927,
        0.6565352488096927,
        0.6565352488096927,
        0.6565352488096927,
        0.6565352488096927,
        0.6565352488096927,
        0.6565352488096927,
        0.6565352488096927,
        0.6589063849291518,
        0.6589063849291518,
        0.6589063849291518,
        0.6589063849291518,
        0.6590755216032514,
        0.6590755216032514,
        0.6590755216032514,
        0.6626968795204738,
        0.6626968795204738,
        0.6669746143376843,
        0.6669746143376843,
        0.6669746143376843,
        0.6669746143376843,
        0.6704606708860182,
        0.6704606708860184,
        0.6704606708860184,
        0.6769523181430174,
        0.6769523181430174,
        0.6782610859180114,
        0.6782610859180114,
        0.6782610859180114,
        0.6782610859180114,
        0.6807940595045014,
        0.6807940595045014,
        0.6807940595045014,
        0.684162811932911,
        0.684162811932911,
        0.684162811932911,
        0.684162811932911,
        0.684162811932911,
        0.6860779379079293,
        0.6860779379079293,
        0.6860779379079293,
        0.6864556735888308,
        0.6864556735888308,
        0.6864556735888308,
        0.6864556735888308,
        0.6864556735888308,
        0.6864556735888308,
        0.6864556735888308,
        0.6864556735888308,
        0.6864556735888308,
        0.687634192687731,
        0.687634192687731,
        0.687634192687731,
        0.687634192687731,
        0.687634192687731,
        0.687634192687731,
        0.687634192687731,
        0.687634192687731,
        0.687634192687731,
        0.690811640229931,
        0.690811640229931,
        0.690811640229931,
        0.690811640229931,
        0.690811640229931,
        0.690811640229931,
        0.690811640229931,
        0.690811640229931,
        0.6924624843109867,
        0.6924624843109867,
        0.6924624843109867,
        0.6924624843109867,
        0.6924624843109867,
        0.6924624843109867,
        0.6924624843109867,
        0.6924624843109867,
        0.6924624843109867,
        0.6924624843109867,
        0.6924624843109867,
        0.6924624843109867,
        0.6924624843109867,
        0.6924624843109867,
        0.6924624843109867,
        0.6924624843109867,
        0.6924624843109867,
        0.6924624843109867,
        0.6924624843109867,
        0.6924624843109867,
        0.6924624843109867,
        0.6924624843109867,
        0.6924624843109867,
        0.6924624843109867,
        0.6924624843109867,
        0.6924624843109867,
        0.6924624843109867,
        0.6924624843109867,
        0.6924624843109867,
        0.6924624843109867,
        0.6924624843109867,
        0.6924624843109867,
        0.6924624843109867,
        0.6924624843109867,
        0.6924624843109867,
        0.6924624843109867,
        0.6940939335841317,
        0.6940939335841317,
        0.6940939335841317,
        0.6940939335841317,
        0.6940939335841317,
        0.6950182042742482,
        0.6950182042742482,
        0.6950182042742482,
        0.6950182042742482,
        0.6950182042742482,
        0.6950182042742482
    ],