{
    "bestIndiv": [
        [
            34,
            33,
            43,
            48,
            21,
            31,
            18,
            44,
            40,
            7,
            8,
            9,
            32,
            42,
            37,
            38,
            0,
            30,
            22,
            20,
            2,
            17,
            16,
            41,
            6,
            1,
            29,
            28,
            15,
            19,
            49,
            45,
            27,
            26,
            25,
            46,
            12,
            13,
            51,
            10,
            50,
            11,
            24,
            3,
            5,
            23,
            4,
            14,
            47,
            36,
            39,
            35
        ],
        0.834276593824407
    ],
    "best": [
        0.29677378681497585,
        0.29677378681497585,
        0.3002497242837764,
        0.3189489467524941,
        0.3294452895446956,
        0.3355881263886073,
        0.3385192469211144,
        0.341751823257594,
        0.36333130480246484,
        0.36333130480246484,
        0.39189369218528075,
        0.39189369218528075,
        0.39423038649773734,
        0.39764293411707097,
        0.4077604646283052,
        0.41119302284510234,
        0.41119302284510234,
        0.42152050368230154,
        0.4323928784548092,
        0.4323928784548092,
        0.44042470047188575,
        0.4505018676288867,
        0.46015157526900985,
        0.4674259570760756,
        0.46927696141099273,
        0.4750747063902603,
        0.478419816318017,
        0.4984266528005282,
        0.5035904001776168,
        0.5175536219076193,
        0.5175536219076193,
        0.5474880399426575,
        0.5523845158958955,
        0.5523845158958955,
        0.5579485723217678,
        0.5763040208306452,
        0.5763040208306452,
        0.5763040208306452,
        0.582776478883791,
        0.582776478883791,
        0.582776478883791,
        0.5854327413162731,
        0.5865355406044342,
        0.5865355406044342,
        0.5977069486796908,
        0.5984036978540681,
        0.6130379656680996,
        0.6130379656680996,
        0.6164577681421507,
        0.6199536619241606,
        0.6283996036348322,
        0.6283996036348322,
        0.6283996036348322,
        0.6295419522572452,
        0.6295419522572452,
        0.6331492717265355,
        0.6331492717265355,
        0.6331492717265355,
        0.6342114352897734,
        0.6368032495818609,
        0.6368032495818609,
        0.6404136787926926,
        0.6404136787926926,
        0.6433353724359018,
        0.6444320166681796,
        0.6444320166681796,
        0.6444320166681796,
        0.6461630203238216,
        0.6465631083673915,
        0.6465631083673915,
        0.6465631083673915,
        0.653650541394643,
        0.6582954752201488,
        0.6582954752201488,
        0.6617927253779686,
        0.6617927253779686,
        0.6643341944084847,
        0.6652358578306787,
        0.6655498058663093,
        0.6681202693266431,
        0.668346116375414,
        0.6771913434563245,
        0.6771913434563245,
        0.6771913434563245,
        0.6774233658558064,
        0.6774233658558064,
        0.6845226399398744,
        0.6847597141772054,
        0.6925025269299724,
        0.6945395146051172,
        0.6974745224135408,
        0.7048201480116566,
        0.7084863353161505,
        0.7084863353161505,
        0.7119950475883718,
        0.7147639107911509,
        0.7147639107911509,
        0.7147639107911509,
        0.7147639107911509,
        0.7151541745532892,
        0.7163302419317409,
        0.7171681114137255,
        0.7171681114137255,
        0.7503747338508506,
        0.7503747338508506,
        0.7516695986566867,
        0.7516695986566867,
        0.7599475432897528,
        0.7599475432897528,
        0.7599475432897528,
        0.7599475432897528,
        0.7599475432897528,
        0.7599475432897528,
        0.7599475432897528,
        0.7599475432897528,
        0.7599475432897528,
        0.7599475432897528,
        0.7599475432897528,
        0.7599475432897528,
        0.7599475432897528,
        0.7599475432897528,
        0.7599475432897528,
        0.7599475432897528,
        0.7599475432897528,
        0.7599475432897528,
        0.7599475432897528,
        0.7599475432897528,
        0.7599475432897528,
        0.7599475432897528,
        0.762404625379407,
        0.762404625379407,
        0.762404625379407,
        0.762404625379407,
        0.762404625379407,
        0.762404625379407,
        0.762404625379407,
        0.762404625379407,
        0.762404625379407,
        0.762404625379407,
        0.762404625379407,
        0.762404625379407,
        0.762404625379407,
        0.7719760884632261,
        0.7719760884632261,
        0.7719760884632261,
        0.7723522163712594,
        0.7723522163712594,
        0.7723522163712594,
        0.7723522163712594,
        0.7727582276745902,
        0.7727582276745902,
        0.8018475046508486,
        0.8018475046508486,
        0.8018475046508486,
        0.8018475046508486,
        0.802285127120673,
        0.802285127120673,
        0.802285127120673,
        0.802285127120673,
        0.802285127120673,
        0.8123883304655595,
        0.8123883304655595,
        0.8123883304655595,
        0.8128375374677613,
        0.8128375374677613,
        0.8128375374677613,
        0.817374926061019,
        0.817374926061019,
        0.817374926061019,
        0.817374926061019,
        0.817374926061019,
        0.817374926061019,
        0.817374926061019,
        0.817374926061019,
        0.817374926061019,
        0.834276593824407,
        0.834276593824407,
        0.834276593824407,
        0.834276593824407,
        0.834276593824407,
        0.834276593824407,
        0.834276593824407,
        0.834276593824407,
        0.834276593824407,
        0.834276593824407,
        0.834276593824407,
        0.834276593824407,
        0.834276593824407,
        0.834276593824407,
        0.834276593824407,
        0.834276593824407,
        0.834276593824407,
        0.834276593824407,
        0.834276593824407,
        0.834276593824407,
        0.834276593824407,
        0.834276593824407,
        0.834276593824407,
        0.834276593824407,
        0.834276593824407,
        0.834276593824407
    ],