{
    "bestIndiv": [
        [
            39,
            37,
            14,
            3,
            24,
            5,
            4,
            43,
            49,
            29,
            28,
            46,
            12,
            13,
            51,
            10,
            11,
            50,
            32,
            42,
            8,
            9,
            44,
            7,
            40,
            18,
            16,
            22,
            19,
            25,
            26,
            27,
            45,
            15,
            41,
            1,
            6,
            20,
            30,
            21,
            0,
            23,
            47,
            36,
            33,
            34,
            35,
            48,
            31,
            2,
            17,
            38
        ],
        0.695386216081773
    ],
    "best": [
        0.28990787091869336,
        0.29638393295039533,
        0.31703440807351346,
        0.32623842064730174,
        0.33488272784885376,
        0.33593548171508264,
        0.3440759319064993,
        0.3509400301781624,
        0.3545370333335911,
        0.37352937421694626,
        0.38496770182146123,
        0.38496770182146123,
        0.3874313489120514,
        0.40260562500011204,
        0.4093168303278562,
        0.4093168303278562,
        0.409463560793056,
        0.409463560793056,
        0.41416616815880536,
        0.4237082044954269,
        0.4279873537079289,
        0.4282587628204437,
        0.43348798702502833,
        0.43757213751621243,
        0.43757213751621243,
        0.4444886041812703,
        0.4445075461200883,
        0.4511020129886194,
        0.4511020129886194,
        0.45557756528035975,
        0.4564616237948785,
        0.481084720500994,
        0.48251612635533686,
        0.5060750483029945,
        0.5060750483029945,
        0.5110354488450458,
        0.5110354488450458,
        0.5110354488450458,
        0.5125438206272283,
        0.5244909727978297,
        0.5263203530410594,
        0.5263203530410594,
        0.5366893520152908,
        0.5371400417915753,
        0.5482411763921686,
        0.5501557756257042,
        0.5558329559910277,
        0.5578418558248599,
        0.5616631699582177,
        0.5780938654927514,
        0.5780938654927514,
        0.5780938654927514,
        0.578633067808867,
        0.5839469957671871,
        0.5839469957671871,
        0.5868439428084784,
        0.58795484481417,
        0.5900467162880587,
        0.5915561628666203,
        0.5971855071042084,
        0.602970802793584,
        0.602970802793584,
        0.6096387973976851,
        0.6096387973976851,
        0.6133739351827949,
        0.6133739351827949,
        0.6133739351827949,
        0.6133739351827949,
        0.6216144974157579,
        0.6226697187297364,
        0.6247796495475075,
        0.6261413172478013,
        0.6261413172478013,
        0.6261413172478013,
        0.6261413172478013,
        0.6261413172478013,
        0.6261413172478013,
        0.6261413172478013,
        0.628038003827086,
        0.628038003827086,
        0.628038003827086,
        0.6280380038270861,
        0.6280380038270861,
        0.6346705893164389,
        0.6346705893164389,
        0.639348991114238,
        0.639348991114238,
        0.639348991114238,
        0.639348991114238,
        0.639348991114238,
        0.6406702683015993,
        0.6418880332363853,
        0.6449620024536281,
        0.6449620024536281,
        0.6449620024536281,
        0.6475459121859418,
        0.6475459121859418,
        0.6475459121859418,
        0.6475459121859418,
        0.6618202961586201,
        0.66640108093433,
        0.66640108093433,
        0.6678366607090606,
        0.6678366607090606,
        0.6678366607090606,
        0.6866125529659625,
        0.6866125529659625,
        0.6866125529659625,
        0.6866125529659625,
        0.6866125529659625,
        0.6866125529659625,
        0.6866125529659625,
        0.6866125529659625,
        0.6866125529659625,
        0.6866125529659625,
        0.6883208931891223,
        0.6883208931891223,
        0.6883208931891223,
        0.6883208931891223,
        0.693074094300427,
        0.693074094300427,
        0.693074094300427,
        0.693074094300427,
        0.693074094300427,
        0.693074094300427,
        0.693074094300427,
        0.693074094300427,
        0.693074094300427,
        0.693074094300427,
        0.693074094300427,
        0.6949060642194937,
        0.6949060642194937,
        0.6949060642194937,
        0.6949060642194937,
        0.6949060642194937,
        0.6949060642194937,
        0.6949060642194937,
        0.6949060642194937,
        0.6949060642194937,
        0.6949060642194937,
        0.6949060642194937,
        0.6949060642194937,
        0.6949060642194937,
        0.6949060642194937,
        0.6949060642194937,
        0.6949060642194937,
        0.6949060642194937,
        0.6949060642194937,
        0.6949060642194937,
        0.6949060642194937,
        0.6949060642194937,
        0.6949060642194937,
        0.6949060642194937,
        0.6949060642194937,
        0.6949060642194937,
        0.6949060642194937,
        0.6949060642194937,
        0.6949060642194937,
        0.6949060642194937,
        0.6949060642194937,
        0.6949060642194937,
        0.6949060642194937,
        0.6949060642194937,
        0.6949060642194937,
        0.6949060642194937,
        0.6949060642194937,
        0.6949060642194937,
        0.6949060642194937,
        0.6949060642194937,
        0.6949060642194937,
        0.6949060642194937,
        0.6949060642194937,
        0.6949060642194937,
        0.6949060642194937,
        0.6949060642194937,
        0.6949060642194937,
        0.6949060642194937,
        0.6949060642194937,
        0.6949060642194937,
        0.6949060642194937,
        0.6949060642194937,
        0.6949060642194937,
        0.6949060642194937,
        0.6949060642194937,
        0.6949060642194937,
        0.6949060642194937,
        0.6949060642194937,
        0.6949060642194937,
        0.6949060642194937,
        0.6949060642194937,
        0.6949060642194937,
        0.6949060642194937,
        0.6949060642194937,
        0.6949060642194937,
        0.6949060642194937,
        0.6949060642194937,
        0.6949060642194937,
        0.6949060642194937,
        0.695386216081773,
        0.695386216081773,
        0.695386216081773
    ],