{
    "bestIndiv": [
        [
            4,
            14,
            5,
            24,
            27,
            10,
            50,
            11,
            51,
            13,
            12,
            26,
            25,
            46,
            43,
            33,
            35,
            48,
            31,
            44,
            21,
            0,
            17,
            30,
            20,
            6,
            1,
            41,
            29,
            22,
            19,
            28,
            49,
            15,
            45,
            36,
            3,
            32,
            42,
            7,
            18,
            9,
            8,
            40,
            2,
            16,
            34,
            38,
            39,
            47,
            23,
            37
        ],
        0.7433972076852301
    ],
    "best": [
        0.3040573944085855,
        0.3040573944085855,
        0.30587450547028316,
        0.33026417462808033,
        0.33026417462808033,
        0.3406455066169091,
        0.3564062427865825,
        0.3564062427865825,
        0.39283127086098707,
        0.39283127086098707,
        0.40029008397204946,
        0.40029008397204946,
        0.40118177980240793,
        0.4119426390030148,
        0.4119426390030148,
        0.43937755240902626,
        0.43937755240902626,
        0.4407952521602963,
        0.4407952521602963,
        0.4407952521602963,
        0.45609382058708786,
        0.45609382058708786,
        0.45609382058708786,
        0.4727475030420457,
        0.4727475030420457,
        0.48418586042704354,
        0.48418586042704354,
        0.4846485671992394,
        0.4975489846756801,
        0.49842815038227667,
        0.5017050485713206,
        0.5112437298004752,
        0.5135852461001309,
        0.5135852461001311,
        0.5171802317786486,
        0.5171802317786486,
        0.523753780324271,
        0.5250924793925081,
        0.5250924793925081,
        0.5254005472420569,
        0.5314537107517581,
        0.5325946109719338,
        0.5325946109719338,
        0.5384354102689561,
        0.5474697745454632,
        0.5474697745454632,
        0.5474697745454632,
        0.5656896776899325,
        0.5656896776899325,
        0.5673911695937651,
        0.5674763062922912,
        0.5759117520591559,
        0.5804667080458741,
        0.5906448457267345,
        0.5906448457267345,
        0.591201846871405,
        0.6031092812714804,
        0.6031092812714804,
        0.6089319252690424,
        0.6089319252690424,
        0.609647520197142,
        0.6198198909690747,
        0.6198198909690747,
        0.6198198909690749,
        0.6198198909690749,
        0.6214532633470858,
        0.6214532633470858,
        0.6222090550955307,
        0.62582266908075,
        0.6278859823603267,
        0.6339450337165677,
        0.6381957053911872,
        0.6386489405583956,
        0.6439969453692754,
        0.6588348616001116,
        0.6588348616001116,
        0.6588348616001116,
        0.6626772128217319,
        0.6626772128217319,
        0.6626772128217319,
        0.6673893693890475,
        0.6673893693890475,
        0.6673893693890475,
        0.6673893693890475,
        0.6673893693890475,
        0.6682324858307591,
        0.6718818662599508,
        0.6769481905580458,
        0.6769481905580458,
        0.6774833215794414,
        0.6805794204223897,
        0.6805794204223897,
        0.6844176691946954,
        0.6850122456163871,
        0.6854331528555494,
        0.6916247489737002,
        0.6916247489737002,
        0.6948969249074805,
        0.6948969249074805,
        0.6948969249074805,
        0.6999577828784106,
        0.7006437879475697,
        0.7006437879475697,
        0.7006437879475697,
        0.7006437879475697,
        0.7006437879475697,
        0.7006437879475697,
        0.7006437879475697,
        0.7006437879475697,
        0.7006437879475697,
        0.7006437879475697,
        0.7006437879475697,
        0.7006437879475697,
        0.7006437879475697,
        0.7006437879475697,
        0.7006437879475697,
        0.7006437879475697,
        0.7006437879475697,
        0.7006437879475697,
        0.7023900450282077,
        0.7023900450282077,
        0.7023900450282077,
        0.7023900450282077,
        0.7023900450282077,
        0.7042207522911724,
        0.7072821819690053,
        0.7072821819690053,
        0.7072821819690053,
        0.7105571889432355,
        0.7105571889432355,
        0.7174642790280579,
        0.7185813249663808,
        0.7185813249663808,
        0.7185813249663808,
        0.7185813249663808,
        0.7185813249663808,
        0.7185813249663808,
        0.7185813249663808,
        0.7185813249663808,
        0.7185813249663808,
        0.7185813249663808,
        0.7185813249663808,
        0.7231170960031841,
        0.7231170960031841,
        0.7231170960031841,
        0.7231170960031841,
        0.7231170960031841,
        0.7231170960031841,
        0.7231170960031841,
        0.7246355698409621,
        0.7246355698409621,
        0.7246355698409621,
        0.7246355698409621,
        0.7246355698409621,
        0.7246355698409621,
        0.7246355698409621,
        0.7246355698409621,
        0.7246355698409621,
        0.7246355698409621,
        0.7246355698409621,
        0.7246355698409621,
        0.7246355698409621,
        0.7246355698409621,
        0.7246355698409621,
        0.7254939765603929,
        0.7254939765603929,
        0.7254939765603929,
        0.7385760161724373,
        0.7385760161724373,
        0.7385760161724373,
        0.7419378237574009,
        0.7419378237574009,
        0.7419378237574009,
        0.7419378237574009,
        0.7419378237574009,
        0.7419378237574009,
        0.7419378237574009,
        0.7419378237574009,
        0.7419378237574009,
        0.7419378237574009,
        0.7419378237574009,
        0.7419378237574009,
        0.7419378237574009,
        0.7433972076852301,
        0.7433972076852301,
        0.7433972076852301,
        0.7433972076852301,
        0.7433972076852301,
        0.7433972076852301,
        0.7433972076852301,
        0.7433972076852301,
        0.7433972076852301,
        0.7433972076852301,
        0.7433972076852301,
        0.7433972076852301,
        0.7433972076852301,
        0.7433972076852301,
        0.7433972076852301,
        0.7433972076852301,
        0.7433972076852301,
        0.7433972076852301
    ],