{
    "bestIndiv": [
        [
            19,
            22,
            0,
            35,
            38,
            39,
            14,
            4,
            37,
            36,
            47,
            23,
            27,
            11,
            50,
            10,
            51,
            13,
            12,
            26,
            25,
            46,
            24,
            45,
            34,
            48,
            31,
            17,
            2,
            16,
            20,
            30,
            21,
            18,
            44,
            40,
            7,
            9,
            8,
            32,
            42,
            3,
            5,
            33,
            43,
            15,
            28,
            29,
            1,
            6,
            41,
            49
        ],
        0.8010912722744682
    ],
    "best": [
        0.29923997976019284,
        0.31356726654902883,
        0.31848629959197355,
        0.3253466619825653,
        0.33675030395489636,
        0.34997805325108733,
        0.34997805325108733,
        0.3563222423370286,
        0.37217214244962704,
        0.39565529753203826,
        0.39565529753203826,
        0.41191128309371944,
        0.41191128309371944,
        0.41191128309371944,
        0.42655121431452103,
        0.42655121431452103,
        0.4465565138606584,
        0.4465565138606584,
        0.4465565138606584,
        0.45214959119285997,
        0.45214959119285997,
        0.4808814886210128,
        0.4908029788450671,
        0.4908029788450671,
        0.4908029788450671,
        0.4947717886894689,
        0.4992983606966646,
        0.5173598255681168,
        0.5249085136763273,
        0.5342892715476328,
        0.5342892715476328,
        0.5396727564118363,
        0.5567241296646264,
        0.5567241296646264,
        0.5567241296646264,
        0.5598763600150322,
        0.5644347308016309,
        0.5667831653883484,
        0.5710782481953208,
        0.576652994389808,
        0.5831372611924333,
        0.6043535063724842,
        0.6043535063724842,
        0.6043535063724842,
        0.6202324853490357,
        0.6202324853490357,
        0.6202324853490357,
        0.6202324853490357,
        0.6202324853490357,
        0.623740301622116,
        0.633065389338365,
        0.633065389338365,
        0.633065389338365,
        0.6418756911031978,
        0.6519508916033036,
        0.6519508916033036,
        0.6519508916033036,
        0.6612985697734042,
        0.6682486107743487,
        0.6682486107743487,
        0.6682486107743487,
        0.6682486107743487,
        0.6682486107743487,
        0.6682486107743487,
        0.6682486107743487,
        0.6682486107743487,
        0.6682486107743487,
        0.6682486107743487,
        0.6682486107743487,
        0.6682486107743487,
        0.6682486107743487,
        0.6748881207244787,
        0.6748881207244787,
        0.6748881207244787,
        0.6748881207244787,
        0.6748881207244787,
        0.6748881207244787,
        0.6748881207244787,
        0.6748881207244787,
        0.6748881207244787,
        0.6748881207244787,
        0.6748881207244787,
        0.6758576097072329,
        0.6797999075724762,
        0.6797999075724762,
        0.6797999075724762,
        0.679877806425746,
        0.679877806425746,
        0.679877806425746,
        0.679877806425746,
        0.679877806425746,
        0.679877806425746,
        0.679877806425746,
        0.679877806425746,
        0.679877806425746,
        0.679877806425746,
        0.679877806425746,
        0.679877806425746,
        0.679877806425746,
        0.679877806425746,
        0.6805747279866855,
        0.6805747279866855,
        0.6805747279866855,
        0.6805747279866855,
        0.6805747279866855,
        0.6805747279866855,
        0.6809756453460671,
        0.6809756453460671,
        0.6809756453460671,
        0.6809756453460671,
        0.6809757343260283,
        0.6809757343260283,
        0.6809757343260283,
        0.6857827987809645,
        0.6857827987809645,
        0.6857827987809645,
        0.6946461801000794,
        0.6946461801000794,
        0.7027166024176937,
        0.7027166024176937,
        0.7078366616833519,
        0.7078366616833519,
        0.7111274997823313,
        0.7111274997823313,
        0.7111274997823314,
        0.7177438929992419,
        0.7177438929992419,
        0.7376991110079241,
        0.7376991110079241,
        0.7376991110079241,
        0.7433479859483813,
        0.7448216673032346,
        0.7448216673032346,
        0.7448216673032346,
        0.7484547913430865,
        0.7611150207855782,
        0.7611150207855782,
        0.7724301301830458,
        0.7724301301830458,
        0.7730228053479296,
        0.7730228053479296,
        0.7773968853122861,
        0.7773968853122861,
        0.7773968853122861,
        0.7774015969830362,
        0.7779972097910896,
        0.7779972097910896,
        0.7779972097910896,
        0.7779972097910896,
        0.7779972097910896,
        0.7779972097910896,
        0.7779972097910896,
        0.7779972097910896,
        0.7779972097910896,
        0.7779972097910896,
        0.7779972097910896,
        0.7779972097910896,
        0.7779972097910896,
        0.7779972097910896,
        0.7779972097910896,
        0.7779972097910896,
        0.7779972097910896,
        0.7779972097910896,
        0.7779972097910896,
        0.7779972097910896,
        0.7779972097910896,
        0.7779972097910896,
        0.7779972097910896,
        0.7779972097910896,
        0.7779972097910896,
        0.7779972097910896,
        0.7779972097910896,
        0.7779972097910896,
        0.7779972097910896,
        0.7779972097910896,
        0.7779972097910896,
        0.7779972097910896,
        0.7779972097910896,
        0.7779972097910896,
        0.7779972097910896,
        0.7779972097910896,
        0.7779972097910896,
        0.7779972097910896,
        0.7779972097910896,
        0.7779972097910896,
        0.7779972097910896,
        0.7779972097910896,
        0.7779972097910896,
        0.7779972097910896,
        0.7779972097910896,
        0.7779972097910896,
        0.7779972097910896,
        0.7779972097910896,
        0.7779972097910896,
        0.7779972097910896,
        0.7885309664809058,
        0.7885309664809058,
        0.7938885717008812,
        0.7938885717008812,
        0.7956363443184991,
        0.8010912722744682
    ],