{
    "bestIndiv": [
        [
            49,
            19,
            29,
            28,
            15,
            43,
            34,
            31,
            2,
            30,
            21,
            48,
            44,
            18,
            42,
            50,
            25,
            46,
            13,
            51,
            12,
            26,
            27,
            11,
            10,
            32,
            9,
            8,
            7,
            40,
            0,
            22,
            20,
            6,
            1,
            41,
            16,
            17,
            39,
            37,
            14,
            24,
            3,
            5,
            4,
            38,
            35,
            33,
            36,
            23,
            47,
            45
        ],
        0.7246080445246379
    ],
    "best": [
        0.284757160386086,
        0.3040361188101609,
        0.31827959696969754,
        0.31827959696969754,
        0.3251483716285605,
        0.3357197146603205,
        0.351629427298505,
        0.351629427298505,
        0.3682594488009858,
        0.3682594488009858,
        0.36993839735045814,
        0.38213364026448354,
        0.3841506196693749,
        0.3942642522934815,
        0.3986744776946881,
        0.40452644418030065,
        0.4154141964479994,
        0.4190150031836871,
        0.4325204768520273,
        0.4325204768520273,
        0.43397433658189055,
        0.4489265357043756,
        0.4489265357043756,
        0.45524832128301856,
        0.46187213617780076,
        0.46187213617780076,
        0.46187213617780076,
        0.4704436875746396,
        0.4704436875746396,
        0.47049175216687694,
        0.47869207162126876,
        0.48203816363034296,
        0.49375846373042653,
        0.49375846373042653,
        0.49681258307656995,
        0.5141856903276557,
        0.5252641586687882,
        0.5252641586687882,
        0.5260717574050844,
        0.5268323052049603,
        0.527089030705156,
        0.527089030705156,
        0.530653866431371,
        0.5318803557274014,
        0.5488318024679459,
        0.5488318024679459,
        0.5488318024679459,
        0.5603738123167559,
        0.5603738123167559,
        0.5603738123167559,
        0.5604495981629438,
        0.5774037284128183,
        0.5774037284128183,
        0.5774037284128183,
        0.5785440731417489,
        0.5845692932032243,
        0.5845692932032243,
        0.5931754841341307,
        0.5931754841341307,
        0.6086145146093029,
        0.6086145146093029,
        0.6187827362435036,
        0.6187827362435036,
        0.6187827362435036,
        0.6237088831196851,
        0.6237088831196852,
        0.6237088831196852,
        0.62819053316759,
        0.6338590979202785,
        0.6390292186270045,
        0.6390292186270045,
        0.6390292186270045,
        0.6390292186270045,
        0.6454665173573028,
        0.6454665173573028,
        0.6461889007065414,
        0.6461889007065414,
        0.6461889007065414,
        0.6461889007065414,
        0.6461889007065414,
        0.6508083912718834,
        0.6508083912718834,
        0.6512064883563723,
        0.6520423335920417,
        0.664357192650513,
        0.664357192650513,
        0.664357192650513,
        0.664357192650513,
        0.664357192650513,
        0.6679024370149425,
        0.6710397315977806,
        0.6710397315977806,
        0.6710397315977806,
        0.6710397315977806,
        0.6710397315977806,
        0.6723879115622426,
        0.6723879115622426,
        0.6755349987606185,
        0.6758155732311234,
        0.6758155732311234,
        0.679630821663481,
        0.684647607356339,
        0.689796061482571,
        0.6949646122860772,
        0.6949646122860772,
        0.6949646122860772,
        0.6949646122860772,
        0.7001195180528501,
        0.7001195180528501,
        0.7001195180528501,
        0.7004822847214265,
        0.7004822847214265,
        0.7004822847214265,
        0.7004822847214265,
        0.7004822847214265,
        0.7004822847214265,
        0.7004822847214265,
        0.7004822847214265,
        0.7004822847214265,
        0.7004822847214265,
        0.711266405966013,
        0.711266405966013,
        0.711266405966013,
        0.7128165226949468,
        0.7128165226949468,
        0.7128165226949468,
        0.7128165226949468,
        0.7128165226949468,
        0.7128165226949468,
        0.7128165226949468,
        0.7128165226949468,
        0.7128165226949468,
        0.7128165226949468,
        0.7128165226949468,
        0.7128165226949468,
        0.7128165226949468,
        0.7128165226949468,
        0.7128165226949468,
        0.7128165226949468,
        0.7128165226949468,
        0.7128165226949468,
        0.7128165226949468,
        0.7128165226949468,
        0.7128165226949468,
        0.7128165226949468,
        0.7128165226949468,
        0.7128165226949468,
        0.7128165226949468,
        0.7128165226949468,
        0.7128165226949468,
        0.7128165226949468,
        0.7128165226949468,
        0.7128165226949468,
        0.7128165226949468,
        0.7128165226949468,
        0.7128165226949468,
        0.7128165226949468,
        0.7128165226949468,
        0.7128165226949468,
        0.7128165226949468,
        0.7128165226949468,
        0.7128165226949468,
        0.7128165226949468,
        0.7128165226949468,
        0.7128165226949468,
        0.7128165226949468,
        0.7128165226949468,
        0.7128165226949468,
        0.7128165226949468,
        0.7128165226949468,
        0.7128165226949468,
        0.7128165226949468,
        0.7128165226949468,
        0.7128165226949468,
        0.7128165226949468,
        0.7128165226949468,
        0.7128165226949468,
        0.7128165226949468,
        0.7128165226949468,
        0.7128165226949468,
        0.7128165226949468,
        0.7128165226949468,
        0.7128165226949468,
        0.7128165226949468,
        0.7128165226949468,
        0.7128165226949468,
        0.7128165226949468,
        0.7128165226949468,
        0.7128165226949468,
        0.7128165226949468,
        0.7190597753175684,
        0.7190597753175684,
        0.7246080445246379,
        0.7246080445246379,
        0.7246080445246379,
        0.7246080445246379,
        0.7246080445246379,
        0.7246080445246379,
        0.7246080445246379,
        0.7246080445246379,
        0.7246080445246379
    ],