{
    "bestIndiv": [
        [
            23,
            4,
            24,
            5,
            14,
            37,
            33,
            34,
            48,
            31,
            21,
            30,
            17,
            44,
            18,
            2,
            16,
            6,
            1,
            41,
            29,
            19,
            22,
            20,
            7,
            40,
            8,
            9,
            42,
            32,
            3,
            27,
            26,
            11,
            50,
            10,
            51,
            12,
            13,
            46,
            25,
            45,
            43,
            15,
            28,
            49,
            0,
            36,
            35,
            38,
            39,
            47
        ],
        0.7739460311333223
    ],
    "best": [
        0.2878499221581428,
        0.2993458379567559,
        0.3430334843456865,
        0.3454066028189604,
        0.3476289698241391,
        0.3551658054773011,
        0.3725426949571155,
        0.3738638913802713,
        0.3738638913802713,
        0.40157472863561056,
        0.40157472863561056,
        0.40157472863561056,
        0.4082574933801421,
        0.4097107960494633,
        0.4097107960494633,
        0.43128782375924113,
        0.4505799533850879,
        0.4505799533850879,
        0.4547785692596684,
        0.4547785692596684,
        0.4662232812424367,
        0.4662232812424367,
        0.4738072999843153,
        0.4862428763712605,
        0.4862428763712605,
        0.4966970042265148,
        0.4966970042265148,
        0.500765706196543,
        0.5211661923785408,
        0.5211661923785408,
        0.5284728387410114,
        0.5284728387410114,
        0.5330811922940264,
        0.5608943850919511,
        0.5621953674077557,
        0.5621953674077557,
        0.5718414532218651,
        0.5718414532218651,
        0.5718414532218651,
        0.5792912404672185,
        0.5906666313300019,
        0.607446801797906,
        0.6080594995542391,
        0.6283828112953121,
        0.6283828112953121,
        0.638019655690871,
        0.638019655690871,
        0.6409261228382702,
        0.6517041749405477,
        0.65760952773463,
        0.6577540622949288,
        0.6601723767932217,
        0.6601723767932217,
        0.6676448950679504,
        0.6723630111432477,
        0.6732379826457049,
        0.6818858506306742,
        0.682474574564663,
        0.6906139516140466,
        0.6906139516140466,
        0.6997169932974524,
        0.7001361666394523,
        0.7031847347323728,
        0.703245346781089,
        0.703245346781089,
        0.706258982272547,
        0.706258982272547,
        0.706258982272547,
        0.7069176755919904,
        0.7099285952074124,
        0.712684146256465,
        0.7141401334828578,
        0.7182462561827218,
        0.7182462561827218,
        0.7182462561827218,
        0.7225573586103585,
        0.7239391566182317,
        0.7251701422503376,
        0.7251701422503376,
        0.7251701422503376,
        0.730131061775015,
        0.731139077392555,
        0.731139077392555,
        0.7328154740123559,
        0.7328154740123559,
        0.7328154740123559,
        0.7328154740123559,
        0.7328154740123559,
        0.7328154740123559,
        0.7328154740123559,
        0.7328154740123559,
        0.7328154740123559,
        0.7328154740123559,
        0.7328154740123559,
        0.7378553098329212,
        0.7378553098329212,
        0.7378553098329212,
        0.7378553098329212,
        0.7378553098329212,
        0.7378553098329212,
        0.7378553098329212,
        0.7378553098329212,
        0.7397325371667943,
        0.7543235202013406,
        0.7543235202013406,
        0.7543235202013406,
        0.7562855898317289,
        0.7562855898317289,
        0.7562855898317289,
        0.7562855898317289,
        0.7562855898317289,
        0.7562855898317289,
        0.7562855898317289,
        0.7562855898317289,
        0.7562855898317289,
        0.7562855898317289,
        0.7562855898317289,
        0.7562855898317289,
        0.7562855898317289,
        0.7562855898317289,
        0.7562855898317289,
        0.7562855898317289,
        0.7562855898317289,
        0.7562855898317289,
        0.7562855898317289,
        0.7562855898317289,
        0.7562855898317289,
        0.7562855898317289,
        0.7562855898317289,
        0.7562855898317289,
        0.7562855898317289,
        0.7562855898317289,
        0.7562855898317289,
        0.7562855898317289,
        0.7562855898317289,
        0.7562855898317289,
        0.7562855898317289,
        0.7562855898317289,
        0.7562855898317289,
        0.7562855898317289,
        0.7562855898317289,
        0.7562855898317289,
        0.7562855898317289,
        0.7562855898317289,
        0.7562855898317289,
        0.7562855898317289,
        0.7562855898317289,
        0.7562855898317289,
        0.7562855898317289,
        0.7562855898317289,
        0.7562855898317289,
        0.7562855898317289,
        0.7562855898317289,
        0.7562855898317289,
        0.7562855898317289,
        0.7562855898317289,
        0.7562855898317289,
        0.7562855898317289,
        0.7562855898317289,
        0.7562855898317289,
        0.7562855898317289,
        0.7562855898317289,
        0.7562855898317289,
        0.7562855898317289,
        0.7562855898317289,
        0.7562855898317289,
        0.7562855898317289,
        0.7562855898317289,
        0.7562855898317289,
        0.7562855898317289,
        0.7562855898317289,
        0.7562855898317289,
        0.7562855898317289,
        0.7562855898317289,
        0.7562855898317289,
        0.7562855898317289,
        0.7562855898317289,
        0.7571514846625322,
        0.7725914598709647,
        0.7725914598709647,
        0.773495117716,
        0.773495117716,
        0.7739460311333223,
        0.7739460311333223,
        0.7739460311333223,
        0.7739460311333223,
        0.7739460311333223,
        0.7739460311333223,
        0.7739460311333223,
        0.7739460311333223,
        0.7739460311333223,
        0.7739460311333223,
        0.7739460311333223,
        0.7739460311333223,
        0.7739460311333223,
        0.7739460311333223,
        0.7739460311333223,
        0.7739460311333223,
        0.7739460311333223,
        0.7739460311333223,
        0.7739460311333223
    ],