{
    "bestIndiv": [
        [
            38,
            44,
            18,
            2,
            31,
            48,
            0,
            22,
            19,
            29,
            1,
            41,
            6,
            20,
            16,
            17,
            30,
            21,
            35,
            47,
            24,
            11,
            10,
            51,
            13,
            12,
            46,
            26,
            25,
            27,
            50,
            32,
            8,
            9,
            40,
            7,
            42,
            3,
            5,
            14,
            4,
            23,
            34,
            33,
            45,
            28,
            49,
            15,
            43,
            39,
            37,
            36
        ],
        0.7632285484633472
    ],
    "best": [
        0.3000830371845322,
        0.3051533602717292,
        0.3172661197871895,
        0.3191887183320633,
        0.3271057100397141,
        0.34462505638608804,
        0.3633025014924989,
        0.36973290321538776,
        0.36973290321538776,
        0.38077984928494585,
        0.3889100788909449,
        0.39902047386203515,
        0.4038512710837249,
        0.41374261473970453,
        0.41374261473970453,
        0.4277781616916611,
        0.4296333106903807,
        0.43959361144955555,
        0.439784643231657,
        0.45293908612765743,
        0.45293908612765743,
        0.45293908612765743,
        0.4817905228154887,
        0.4817905228154887,
        0.4817905228154887,
        0.49020186915367375,
        0.49020186915367375,
        0.4958875844496253,
        0.5218429977569494,
        0.5218429977569494,
        0.5218429977569494,
        0.5404547751539783,
        0.5409207979194712,
        0.5478509714355296,
        0.5565491677058811,
        0.5565491677058811,
        0.5565491677058811,
        0.5587397181477094,
        0.5702780384266877,
        0.5702780384266877,
        0.5702780384266877,
        0.5788836171425533,
        0.579032923209367,
        0.5792913842684067,
        0.5895700898758521,
        0.5990313688663877,
        0.5990313688663877,
        0.5990313688663877,
        0.6133865179177354,
        0.6133865179177354,
        0.6133865179177354,
        0.615803847872512,
        0.6228253175938571,
        0.6309109915423566,
        0.6309109915423566,
        0.6337610321629119,
        0.6361367600111528,
        0.6361367600111528,
        0.6403891886520688,
        0.6424785581941929,
        0.6424785581941929,
        0.6493205187067226,
        0.6495459854628117,
        0.6544796124171139,
        0.6544796124171139,
        0.6589816800428947,
        0.6635640691096677,
        0.6635640691096678,
        0.6682495627204951,
        0.673015239996104,
        0.673015239996104,
        0.6744654358699109,
        0.6744654358699109,
        0.6789521015719293,
        0.6789521015719293,
        0.6789521015719293,
        0.6789521015719293,
        0.6818032412437649,
        0.6818032412437649,
        0.6818032412437649,
        0.6818032412437649,
        0.6820375376348148,
        0.6826450058014704,
        0.6826450058014704,
        0.6897825839716716,
        0.6897825839716716,
        0.6897825839716716,
        0.6910291720553543,
        0.6910291720553543,
        0.6930480693860654,
        0.6930480693860654,
        0.6930480693860654,
        0.6930480693860654,
        0.6930480693860654,
        0.6930480693860654,
        0.6930480693860654,
        0.6930480693860654,
        0.6930480693860654,
        0.6930480693860654,
        0.6937201938142064,
        0.694521788005909,
        0.694521788005909,
        0.6978890276164443,
        0.6978890276164443,
        0.6985191911260155,
        0.6993834282598571,
        0.6993834282598571,
        0.6993834282598571,
        0.6993834282598571,
        0.6993834282598571,
        0.6993834282598571,
        0.6993834282598571,
        0.6993834282598571,
        0.6993834282598571,
        0.6993834282598571,
        0.6993834282598571,
        0.6993834282598571,
        0.6993834282598571,
        0.6993834282598571,
        0.6993834282598571,
        0.6993834282598571,
        0.6993834282598571,
        0.6993834282598571,
        0.6993834282598571,
        0.7123146135325165,
        0.7123146135325165,
        0.7123146135325165,
        0.7123146135325165,
        0.7123146135325165,
        0.7123146135325165,
        0.7123146135325165,
        0.7123146135325165,
        0.7123146135325165,
        0.7123146135325165,
        0.7123146135325165,
        0.7123146135325165,
        0.7123146135325165,
        0.7123146135325165,
        0.7208996156139331,
        0.7208996156139331,
        0.7208996156139331,
        0.7208996156139331,
        0.7208996156139331,
        0.7208996156139331,
        0.7208996156139331,
        0.7208996156139331,
        0.7208996156139331,
        0.7208996156139331,
        0.7214183694069576,
        0.7214183694069576,
        0.7214183694069576,
        0.7214183694069576,
        0.7214183694069576,
        0.7214183694069576,
        0.7214183694069576,
        0.7214183694069576,
        0.7214183694069576,
        0.7214183694069576,
        0.7214183694069576,
        0.7214183694069576,
        0.7214183694069576,
        0.7214183694069576,
        0.7287963158800382,
        0.7287963158800382,
        0.7287963158800382,
        0.7287963158800382,
        0.7287963158800382,
        0.7287963158800382,
        0.7287963158800382,
        0.7287963158800382,
        0.7287963158800382,
        0.7287963158800382,
        0.7287963158800382,
        0.7287963158800382,
        0.7287963158800382,
        0.7287963158800382,
        0.7287963158800382,
        0.7287963158800382,
        0.7287963158800382,
        0.7287963158800382,
        0.7295020067985782,
        0.7295020067985782,
        0.7295020067985782,
        0.7295020067985782,
        0.7295020067985782,
        0.7295020067985782,
        0.7295020067985782,
        0.7295020067985782,
        0.7295020067985782,
        0.7295020067985782,
        0.7295020067985782,
        0.7295020067985782,
        0.7295020067985782,
        0.7295020067985782,
        0.7295020067985782,
        0.7295020067985782,
        0.7295020067985782,
        0.7590154881726833,
        0.7590154881726833,
        0.7590154881726833,
        0.7632285484633472
    ],