{
    "bestIndiv": [
        [
            28,
            15,
            33,
            35,
            44,
            18,
            40,
            7,
            8,
            9,
            2,
            16,
            20,
            6,
            1,
            41,
            29,
            49,
            19,
            22,
            0,
            31,
            48,
            34,
            36,
            3,
            27,
            13,
            51,
            10,
            50,
            24,
            5,
            4,
            37,
            39,
            38,
            47,
            23,
            45,
            43,
            21,
            30,
            17,
            14,
            42,
            32,
            11,
            26,
            12,
            25,
            46
        ],
        0.7240315972108318
    ],
    "best": [
        0.28736496189655236,
        0.28898571636424364,
        0.2953336439887927,
        0.3165381878228617,
        0.3165381878228617,
        0.32173967947570276,
        0.3296753645343767,
        0.3369824304486868,
        0.3388926321050541,
        0.34343350977739184,
        0.3550625239003969,
        0.35625429972642053,
        0.3762946928611069,
        0.38227200160251057,
        0.38227200160251057,
        0.38227200160251057,
        0.3929590204086092,
        0.4034083621546492,
        0.43815866478710397,
        0.4460477168718044,
        0.4467689111370539,
        0.45041834759925153,
        0.4678852132414715,
        0.4678852132414715,
        0.4678852132414715,
        0.47406767127130683,
        0.47406767127130683,
        0.49639545595252166,
        0.49639545595252166,
        0.5024909990956776,
        0.5024909990956776,
        0.5072192769767164,
        0.5133078926242881,
        0.5133078926242881,
        0.5133078926242882,
        0.5133078926242882,
        0.5153707422283903,
        0.5162684905036514,
        0.5216578422166238,
        0.5216578422166238,
        0.5235747601684051,
        0.5235747601684051,
        0.5322648987100876,
        0.5322648987100876,
        0.5322648987100876,
        0.5337464791361451,
        0.5337464791361451,
        0.5432095417487341,
        0.5461561285189978,
        0.5461561285189978,
        0.553523006024491,
        0.553523006024491,
        0.553523006024491,
        0.553523006024491,
        0.5596688571549324,
        0.5596688571549324,
        0.5596688571549324,
        0.5686265733209416,
        0.5686265733209416,
        0.5720713643054869,
        0.5720713643054869,
        0.572071364305487,
        0.572071364305487,
        0.5797922535918693,
        0.5797922535918694,
        0.5797922535918694,
        0.5832554758362278,
        0.5845899354288945,
        0.5845899354288945,
        0.5864038351957925,
        0.5864038351957925,
        0.589798732132942,
        0.589798732132942,
        0.589798732132942,
        0.589798732132942,
        0.589798732132942,
        0.589798732132942,
        0.589798732132942,
        0.589798732132942,
        0.589798732132942,
        0.589798732132942,
        0.5957057493248417,
        0.5957057493248417,
        0.5961004118960435,
        0.5961004118960435,
        0.5961004118960435,
        0.5961004118960435,
        0.5961004118960435,
        0.5961004118960435,
        0.5961004118960435,
        0.5961004118960435,
        0.5979851709881405,
        0.5979851709881405,
        0.5979851709881405,
        0.5979851709881405,
        0.5979851709881405,
        0.598243918030499,
        0.598243918030499,
        0.598243918030499,
        0.5996662779691102,
        0.5999264821965185,
        0.5999264821965185,
        0.6210516564181832,
        0.6210516564181832,
        0.6210516564181832,
        0.6256835880891445,
        0.6545125531834378,
        0.6545125531834378,
        0.6545125531834378,
        0.66428821078198,
        0.66428821078198,
        0.66428821078198,
        0.66428821078198,
        0.66428821078198,
        0.66428821078198,
        0.66428821078198,
        0.66428821078198,
        0.66428821078198,
        0.66428821078198,
        0.66428821078198,
        0.66428821078198,
        0.66428821078198,
        0.66428821078198,
        0.66428821078198,
        0.6656377983464408,
        0.6656377983464408,
        0.6722842417588757,
        0.6722842417588757,
        0.6725083208305914,
        0.6725083208305914,
        0.6725083208305914,
        0.6725083208305914,
        0.6732776834740847,
        0.6732776834740847,
        0.6732776834740847,
        0.6747821739759543,
        0.6747821739759543,
        0.6836129648270282,
        0.6836129648270282,
        0.6846949227501601,
        0.6850782853811913,
        0.6857810558430177,
        0.6857810558430177,
        0.6857810558430177,
        0.6857810558430177,
        0.6857810558430177,
        0.6857810558430177,
        0.6857810558430177,
        0.6857810558430177,
        0.6857810558430177,
        0.6873062947963591,
        0.6873062947963591,
        0.6873062947963591,
        0.6990047047254352,
        0.6997377867191087,
        0.6997377867191087,
        0.7032230086113499,
        0.7037534036267153,
        0.7039328361696944,
        0.7039328361696944,
        0.7039328361696944,
        0.7046430672584569,
        0.7046430672584569,
        0.7046430672584569,
        0.7077197605255209,
        0.7078359480545353,
        0.7117155317682992,
        0.7117155317682992,
        0.7117155317682992,
        0.7120351370752827,
        0.7120351370752827,
        0.7120351370752827,
        0.7120351370752827,
        0.7120351370752828,
        0.7120351370752828,
        0.7123017108837189,
        0.7123017108837189,
        0.7123017108837189,
        0.7123017108837189,
        0.7224310997582531,
        0.7224310997582531,
        0.7224310997582531,
        0.7224310997582531,
        0.7224310997582531,
        0.7224310997582531,
        0.7224310997582531,
        0.7224310997582531,
        0.7224310997582531,
        0.7224310997582531,
        0.7224310997582531,
        0.7224310997582531,
        0.7224310997582531,
        0.7224310997582531,
        0.7224310997582531,
        0.7224310997582531,
        0.7224310997582531,
        0.7224310997582531,
        0.7235026762799374,
        0.7235026762799374,
        0.7235026762799374,
        0.7240315972108318
    ],