{
    "bestIndiv": [
        [
            41,
            1,
            6,
            29,
            28,
            19,
            49,
            22,
            0,
            34,
            38,
            39,
            14,
            4,
            23,
            37,
            45,
            5,
            3,
            11,
            27,
            15,
            43,
            33,
            35,
            31,
            9,
            8,
            42,
            32,
            50,
            12,
            13,
            51,
            10,
            46,
            25,
            26,
            24,
            47,
            36,
            30,
            17,
            2,
            7,
            40,
            18,
            44,
            48,
            21,
            20,
            16
        ],
        0.7011551921612819
    ],
    "best": [
        0.29923997976019284,
        0.31356726654902883,
        0.31848629959197355,
        0.3253466619825653,
        0.33675030395489636,
        0.34997805325108733,
        0.34997805325108733,
        0.3563222423370286,
        0.37217214244962704,
        0.39565529753203826,
        0.39565529753203826,
        0.41191128309371944,
        0.41191128309371944,
        0.4285672296467629,
        0.4285672296467629,
        0.4285672296467629,
        0.4285672296467631,
        0.4449181619523845,
        0.4449181619523845,
        0.4449181619523845,
        0.45072584112927827,
        0.45072584112927827,
        0.45565168465787265,
        0.4720900432478014,
        0.4720900432478014,
        0.48911017528293066,
        0.48911017528293066,
        0.48932892928637456,
        0.48932892928637456,
        0.508026546348341,
        0.508026546348341,
        0.508026546348341,
        0.5231011184203755,
        0.5231011184203755,
        0.5316015483995492,
        0.5503192767050361,
        0.5553551677921812,
        0.5553551677921812,
        0.5686713863716424,
        0.5786742574854954,
        0.5786742574854954,
        0.5786742574854954,
        0.5786742574854954,
        0.5786742574854954,
        0.5786742574854954,
        0.5863231305620472,
        0.5863231305620472,
        0.5978276072997741,
        0.6176727817963341,
        0.6176727817963341,
        0.6194666369635593,
        0.6194666369635593,
        0.6274466841778051,
        0.6385068333595236,
        0.6385068333595236,
        0.6385068333595236,
        0.6480326315255505,
        0.6480326315255505,
        0.6480326315255505,
        0.6515820512728391,
        0.6515820512728391,
        0.6515820512728391,
        0.6519305591531043,
        0.6519305591531043,
        0.6519305591531043,
        0.6519305591531043,
        0.6519305591531043,
        0.6519305591531043,
        0.6519305591531043,
        0.6519305591531043,
        0.6519305591531043,
        0.6524405806386054,
        0.6524405806386054,
        0.6524405806386054,
        0.6524405806386054,
        0.6524405806386054,
        0.6524405806386054,
        0.6524405806386054,
        0.6524405806386054,
        0.6524405806386054,
        0.6524405806386054,
        0.6524405806386054,
        0.6524405806386054,
        0.6524405806386054,
        0.6524405806386054,
        0.6524405806386054,
        0.6524405806386054,
        0.6530918930830311,
        0.6530918930830311,
        0.6589316738572107,
        0.6589316738572107,
        0.6589316738572107,
        0.6721224053497782,
        0.6721224053497782,
        0.6721224053497782,
        0.6809095847523309,
        0.6820969461407486,
        0.6820969461407486,
        0.6820969461407486,
        0.6820969461407486,
        0.6820969461407486,
        0.6820969461407486,
        0.6820969461407486,
        0.6820969461407486,
        0.6820969461407486,
        0.6820969461407486,
        0.6820969461407486,
        0.6820969461407486,
        0.6820969461407486,
        0.6820969461407486,
        0.6820969461407486,
        0.6820969461407486,
        0.6820969461407486,
        0.6820969461407486,
        0.6820969461407486,
        0.6820969461407486,
        0.6820969461407486,
        0.6820969461407486,
        0.6820969461407486,
        0.6820969461407486,
        0.6820969461407486,
        0.6820969461407486,
        0.6820969461407486,
        0.6820969461407486,
        0.6820969461407486,
        0.6924090924443729,
        0.6924090924443729,
        0.6924090924443729,
        0.6924090924443729,
        0.6924090924443729,
        0.6924090924443729,
        0.6924090924443729,
        0.6924090924443729,
        0.6924090924443729,
        0.6924090924443729,
        0.6924090924443729,
        0.6924090924443729,
        0.6924090924443729,
        0.6924090924443729,
        0.6924090924443729,
        0.6924090924443729,
        0.6924090924443729,
        0.6924090924443729,
        0.6924090924443729,
        0.6924090924443729,
        0.6924090924443729,
        0.6924090924443729,
        0.6924090924443729,
        0.6924090924443729,
        0.6924090924443729,
        0.6924090924443729,
        0.6924090924443729,
        0.6924090924443729,
        0.6924090924443729,
        0.6961251385065316,
        0.6961251385065316,
        0.7011551921612819,
        0.7011551921612819,
        0.7011551921612819,
        0.7011551921612819,
        0.7011551921612819,
        0.7011551921612819,
        0.7011551921612819,
        0.7011551921612819,
        0.7011551921612819,
        0.7011551921612819,
        0.7011551921612819,
        0.7011551921612819,
        0.7011551921612819,
        0.7011551921612819,
        0.7011551921612819,
        0.7011551921612819,
        0.7011551921612819,
        0.7011551921612819,
        0.7011551921612819,
        0.7011551921612819,
        0.7011551921612819,
        0.7011551921612819,
        0.7011551921612819,
        0.7011551921612819,
        0.7011551921612819,
        0.7011551921612819,
        0.7011551921612819,
        0.7011551921612819,
        0.7011551921612819,
        0.7011551921612819,
        0.7011551921612819,
        0.7011551921612819,
        0.7011551921612819,
        0.7011551921612819,
        0.7011551921612819,
        0.7011551921612819,
        0.7011551921612819,
        0.7011551921612819,
        0.7011551921612819,
        0.7011551921612819,
        0.7011551921612819,
        0.7011551921612819,
        0.7011551921612819,
        0.7011551921612819,
        0.7011551921612819
    ],