{
    "bestIndiv": [
        [
            49,
            22,
            19,
            21,
            0,
            48,
            38,
            39,
            44,
            18,
            40,
            8,
            9,
            7,
            2,
            16,
            29,
            28,
            15,
            45,
            24,
            4,
            23,
            47,
            36,
            33,
            30,
            41,
            1,
            6,
            20,
            17,
            31,
            37,
            14,
            5,
            32,
            42,
            50,
            10,
            51,
            13,
            12,
            26,
            27,
            25,
            46,
            11,
            3,
            35,
            34,
            43
        ],
        0.7281501953224276
    ],
    "best": [
        0.2876155854478391,
        0.303016834736376,
        0.30825499851291527,
        0.31133014839112616,
        0.3247827205318327,
        0.33392687395917253,
        0.33392687395917253,
        0.33589452222126265,
        0.3428916466131957,
        0.3497054734100075,
        0.3553337617427109,
        0.36721941176999257,
        0.36721941176999257,
        0.3676567795225753,
        0.3830258908573823,
        0.39175141678391995,
        0.40093436755122525,
        0.40093436755122525,
        0.40712637574055005,
        0.4257430217251128,
        0.4257430217251128,
        0.4339321780532051,
        0.4339321780532051,
        0.4431473005473499,
        0.4493270323959103,
        0.4493270323959103,
        0.46681074850712545,
        0.46681074850712545,
        0.46681074850712545,
        0.4785096753459568,
        0.4785096753459568,
        0.4785096753459568,
        0.4806449596215021,
        0.4880267047219315,
        0.49905906108291986,
        0.49905906108291986,
        0.49905906108291986,
        0.5278697652948237,
        0.5309278551652705,
        0.5431951680997932,
        0.5431951680997932,
        0.5638142024102347,
        0.5638142024102347,
        0.5888290431799535,
        0.5888290431799535,
        0.5888290431799535,
        0.5975285427372169,
        0.5988851951936426,
        0.6032750507295499,
        0.6032750507295499,
        0.6070050379697172,
        0.6124979642648076,
        0.6138351041675919,
        0.6254195788881654,
        0.6312524363890252,
        0.6312524363890252,
        0.6312524363890252,
        0.6371656715107763,
        0.6371656715107763,
        0.6371656715107763,
        0.648526832467281,
        0.648526832467281,
        0.648526832467281,
        0.6485268324672812,
        0.6493795763692853,
        0.6556057553265533,
        0.6605417547058003,
        0.6701973178538131,
        0.6701973178538131,
        0.6701973178538131,
        0.6701973178538131,
        0.6834289785604928,
        0.6834289785604928,
        0.6834289785604928,
        0.6834289785604928,
        0.6855857621988006,
        0.6855857621988006,
        0.6938093158707751,
        0.6938093158707751,
        0.6938093158707751,
        0.6940681122715486,
        0.6940681122715486,
        0.6940681122715486,
        0.6940681122715486,
        0.6940681122715486,
        0.6961685218481114,
        0.6961685218481114,
        0.6961685218481114,
        0.6977630102615199,
        0.6977630102615199,
        0.6977630102615199,
        0.6977630102615199,
        0.6977630102615199,
        0.6977630102615199,
        0.6977630102615199,
        0.6977630102615199,
        0.6977630102615199,
        0.712037326418413,
        0.712037326418413,
        0.712037326418413,
        0.712037326418413,
        0.712037326418413,
        0.712037326418413,
        0.712037326418413,
        0.712037326418413,
        0.712037326418413,
        0.712037326418413,
        0.712037326418413,
        0.712037326418413,
        0.712037326418413,
        0.712037326418413,
        0.712037326418413,
        0.712037326418413,
        0.712037326418413,
        0.712037326418413,
        0.712037326418413,
        0.712037326418413,
        0.712037326418413,
        0.712037326418413,
        0.712037326418413,
        0.712037326418413,
        0.712037326418413,
        0.712037326418413,
        0.712037326418413,
        0.712037326418413,
        0.712037326418413,
        0.712037326418413,
        0.712037326418413,
        0.712037326418413,
        0.7125918075066121,
        0.7125918075066121,
        0.7125918075066121,
        0.7125918075066121,
        0.7125918075066121,
        0.7125918075066121,
        0.7125918075066121,
        0.7125918075066121,
        0.7125918075066121,
        0.7125918075066121,
        0.7125918075066121,
        0.7125918075066121,
        0.7125918075066121,
        0.7125918075066121,
        0.7125918075066121,
        0.7125918075066121,
        0.7125918075066121,
        0.7125918075066121,
        0.7125918075066121,
        0.7125918075066121,
        0.7125918075066121,
        0.7125918075066121,
        0.7125918075066121,
        0.7125918075066121,
        0.7125918075066121,
        0.7125918075066121,
        0.714137853748977,
        0.714137853748977,
        0.714137853748977,
        0.714137853748977,
        0.714137853748977,
        0.714137853748977,
        0.714137853748977,
        0.714137853748977,
        0.714137853748977,
        0.714137853748977,
        0.714137853748977,
        0.7150739766856686,
        0.7150739766856686,
        0.715745925537912,
        0.715745925537912,
        0.715745925537912,
        0.7200152912887015,
        0.7200152912887015,
        0.7200152912887015,
        0.7200152912887015,
        0.7200152912887015,
        0.7200152912887015,
        0.7200152912887015,
        0.7200152912887015,
        0.7205882770840153,
        0.7205882770840153,
        0.7205882770840153,
        0.7205882770840153,
        0.7225616821148435,
        0.7225616821148435,
        0.7225616821148435,
        0.7247311054931292,
        0.7247311054931292,
        0.7267272983044587,
        0.7267272983044587,
        0.7281501953224276,
        0.7281501953224276,
        0.7281501953224276,
        0.7281501953224276,
        0.7281501953224276,
        0.7281501953224276,
        0.7281501953224276,
        0.7281501953224276,
        0.7281501953224276,
        0.7281501953224276,
        0.7281501953224276
    ],