{
    "bestIndiv": [
        [
            0,
            22,
            20,
            41,
            6,
            1,
            29,
            49,
            15,
            33,
            38,
            35,
            34,
            43,
            19,
            28,
            46,
            12,
            13,
            51,
            10,
            11,
            45,
            21,
            30,
            17,
            16,
            2,
            31,
            14,
            3,
            5,
            23,
            47,
            37,
            39,
            42,
            32,
            50,
            27,
            25,
            26,
            24,
            4,
            36,
            44,
            18,
            40,
            7,
            8,
            9,
            48
        ],
        0.7158514175944447
    ],
    "best": [
        0.2970436211377127,
        0.30105987639885745,
        0.30386319362467723,
        0.315531897212523,
        0.31638936499278747,
        0.32031890943672425,
        0.3341175715712031,
        0.3501659056826631,
        0.35441457727347203,
        0.35441457727347203,
        0.36465802997825153,
        0.36465802997825153,
        0.36846288623259105,
        0.37720779820062755,
        0.3853930314801427,
        0.3854825362775222,
        0.38583214835056867,
        0.4288986875409845,
        0.4288986875409845,
        0.4288986875409845,
        0.4315803581675613,
        0.43332042771713797,
        0.43332042771713797,
        0.447674491343515,
        0.447674491343515,
        0.447674491343515,
        0.4583163063578081,
        0.46023350681667974,
        0.46603543594940694,
        0.4721736856966362,
        0.47792859175438346,
        0.4829681177674406,
        0.4857866062768808,
        0.50626347114917,
        0.50626347114917,
        0.50626347114917,
        0.50626347114917,
        0.5062634711491701,
        0.5111682386987098,
        0.5111682386987098,
        0.5117442997552619,
        0.5180842689070334,
        0.5230442103799791,
        0.5230442103799791,
        0.5260874719795481,
        0.5318027159771991,
        0.5331442647761663,
        0.5373518335867514,
        0.5398625052082651,
        0.5398625052082651,
        0.5398625052082651,
        0.540734191671395,
        0.540734191671395,
        0.5504986205045289,
        0.5568356679057316,
        0.5568356679057316,
        0.5598031784723819,
        0.5598031784723819,
        0.5662396203414706,
        0.5664664076278118,
        0.5664664076278118,
        0.5837689543928186,
        0.5837689543928186,
        0.586501955444448,
        0.586501955444448,
        0.586501955444448,
        0.5929357349465693,
        0.5929357349465693,
        0.5964841288724433,
        0.5964841288724433,
        0.5964841288724433,
        0.6052286482171133,
        0.6090898465237456,
        0.6090898465237456,
        0.609273356750122,
        0.6237493493903142,
        0.6237493493903142,
        0.6237493493903142,
        0.6239418007180315,
        0.6393723065865339,
        0.6393723065865339,
        0.6393723065865339,
        0.6395745208098548,
        0.6395745208098548,
        0.643682999951578,
        0.643682999951578,
        0.643682999951578,
        0.6438879504888951,
        0.6438879504888951,
        0.6438879504888951,
        0.6464022569835377,
        0.6464022569835377,
        0.6464022569835377,
        0.6464022569835377,
        0.6464022569835377,
        0.6489311702953887,
        0.6584728837238492,
        0.6584728837238492,
        0.6584728837238492,
        0.6600820133971795,
        0.6600820133971795,
        0.6600820133971795,
        0.6653260502753408,
        0.6653260502753408,
        0.6653260502753408,
        0.6653260502753408,
        0.6653260502753408,
        0.6653260502753408,
        0.6664653693358296,
        0.6664653693358296,
        0.6671889404860654,
        0.6671889404860654,
        0.6671889404860654,
        0.6671889404860654,
        0.6671889404860654,
        0.6760291364755385,
        0.6760291364755385,
        0.6760291364755385,
        0.6760291364755385,
        0.6760291364755385,
        0.6773343336258468,
        0.6773343336258468,
        0.6773343336258469,
        0.6773343336258469,
        0.6773343336258469,
        0.6773343336258469,
        0.6979553762133228,
        0.6979553762133229,
        0.6979553762133229,
        0.6979553762133229,
        0.6979553762133229,
        0.6979553762133229,
        0.6979553762133229,
        0.6979553762133229,
        0.6979553762133229,
        0.6979553762133229,
        0.6979553762133229,
        0.6979553762133229,
        0.6979553762133229,
        0.6990310576659629,
        0.6990310576659629,
        0.6990310576659629,
        0.6992413524274301,
        0.6992413524274301,
        0.6992413524274301,
        0.6992413524274301,
        0.6992413524274301,
        0.6992413524274301,
        0.6992413524274301,
        0.6992413524274301,
        0.6992413524274301,
        0.6992413524274301,
        0.6992413524274301,
        0.6992413524274301,
        0.6992413524274301,
        0.6992413524274301,
        0.6992413524274301,
        0.7041005902631261,
        0.7041005902631261,
        0.7041005902631261,
        0.7041005902631261,
        0.7041005902631261,
        0.7041005902631261,
        0.7041005902631261,
        0.7041005902631261,
        0.7041005902631261,
        0.704685647639288,
        0.704685647639288,
        0.704685647639288,
        0.7064356252521122,
        0.7134957579508113,
        0.7158514175944447,
        0.7158514175944447,
        0.7158514175944447,
        0.7158514175944447,
        0.7158514175944447,
        0.7158514175944447,
        0.7158514175944447,
        0.7158514175944447,
        0.7158514175944447,
        0.7158514175944447,
        0.7158514175944447,
        0.7158514175944447,
        0.7158514175944447,
        0.7158514175944447,
        0.7158514175944447,
        0.7158514175944447,
        0.7158514175944447,
        0.7158514175944447,
        0.7158514175944447,
        0.7158514175944447,
        0.7158514175944447,
        0.7158514175944447,
        0.7158514175944447,
        0.7158514175944447,
        0.7158514175944447,
        0.7158514175944447,
        0.7158514175944447,
        0.7158514175944447,
        0.7158514175944447,
        0.7158514175944447
    ],