{
    "bestIndiv": [
        [
            21,
            0,
            48,
            35,
            38,
            39,
            7,
            8,
            9,
            32,
            50,
            10,
            26,
            27,
            25,
            46,
            13,
            12,
            51,
            11,
            3,
            37,
            36,
            47,
            34,
            33,
            43,
            15,
            19,
            45,
            23,
            4,
            14,
            5,
            24,
            42,
            44,
            17,
            30,
            22,
            49,
            28,
            29,
            1,
            6,
            41,
            20,
            16,
            2,
            18,
            40,
            31
        ],
        0.7522402247637511
    ],
    "best": [
        0.2938599743734584,
        0.31655391838602787,
        0.31655391838602787,
        0.3295135577760576,
        0.3295135577760576,
        0.3415419107799792,
        0.35344759341540016,
        0.3558611869645857,
        0.37049933783590705,
        0.37049933783590705,
        0.378530703679916,
        0.378530703679916,
        0.379279325017468,
        0.3843459794072732,
        0.3993582608903431,
        0.4127983516030286,
        0.4127983516030286,
        0.43033716117194415,
        0.43033716117194415,
        0.43144406086801734,
        0.444288331829128,
        0.45935384104657523,
        0.47252648931227453,
        0.47252648931227453,
        0.49648996718208244,
        0.49648996718208244,
        0.49947907193193475,
        0.5014709607817646,
        0.5195907042390564,
        0.5256945827136789,
        0.5411250608246149,
        0.5411250608246149,
        0.5449678153123217,
        0.5449678153123217,
        0.5655098984425052,
        0.5655098984425052,
        0.5697702333449426,
        0.5697702333449426,
        0.571874695404875,
        0.571874695404875,
        0.572658683749174,
        0.5820345161425742,
        0.5820345161425742,
        0.5935701498213592,
        0.5935701498213592,
        0.6063914711245845,
        0.6063914711245845,
        0.6063914711245845,
        0.6063914711245845,
        0.612572795501093,
        0.6236317313097219,
        0.6236317313097219,
        0.6236317313097219,
        0.6236317313097219,
        0.6245324358791651,
        0.6266610040107913,
        0.6294531734783847,
        0.630162190223378,
        0.6436183946076222,
        0.6436183946076223,
        0.6436183946076223,
        0.6436183946076223,
        0.6436183946076223,
        0.6436183946076223,
        0.6436227545810005,
        0.6457311324661332,
        0.6495137262386049,
        0.6511121195276596,
        0.6511121195276596,
        0.6534385894120891,
        0.6571416288250431,
        0.6571416288250431,
        0.6571461739409585,
        0.6571461739409585,
        0.6571461739409585,
        0.6638038477522251,
        0.6638038477522251,
        0.6654383584047943,
        0.6654383584047943,
        0.6654383584047943,
        0.6741749003268032,
        0.6741749003268032,
        0.6788381006008128,
        0.6816375131175225,
        0.6816375131175225,
        0.7020661244588384,
        0.7020661244588384,
        0.7020661244588384,
        0.7050608139838593,
        0.7050608139838593,
        0.7050608139838593,
        0.7093925999599545,
        0.7093925999599545,
        0.7124502544329981,
        0.7129198284521349,
        0.7129340368969186,
        0.7174802061478723,
        0.7243349577386592,
        0.7243349577386592,
        0.7243349577386592,
        0.7243349577386592,
        0.7243349577386592,
        0.7324510586546681,
        0.7324510586546681,
        0.7324510586546681,
        0.7324510586546681,
        0.7324510586546681,
        0.7324510586546681,
        0.7324510586546681,
        0.7324510586546681,
        0.7324510586546681,
        0.7324510586546681,
        0.7324510586546681,
        0.7445003706567406,
        0.7445003706567406,
        0.7445003706567406,
        0.7447811150604151,
        0.7447811150604151,
        0.7447811150604151,
        0.7493964990377094,
        0.749680948860781,
        0.749680948860781,
        0.749680948860781,
        0.749680948860781,
        0.749680948860781,
        0.749680948860781,
        0.749680948860781,
        0.749680948860781,
        0.749680948860781,
        0.749680948860781,
        0.749680948860781,
        0.749680948860781,
        0.749680948860781,
        0.749680948860781,
        0.749680948860781,
        0.749680948860781,
        0.749680948860781,
        0.749680948860781,
        0.749680948860781,
        0.749680948860781,
        0.749680948860781,
        0.749680948860781,
        0.749680948860781,
        0.749680948860781,
        0.749680948860781,
        0.749680948860781,
        0.749680948860781,
        0.749680948860781,
        0.749680948860781,
        0.749680948860781,
        0.749680948860781,
        0.749680948860781,
        0.749680948860781,
        0.749680948860781,
        0.749680948860781,
        0.749680948860781,
        0.749680948860781,
        0.749680948860781,
        0.749680948860781,
        0.749680948860781,
        0.749680948860781,
        0.749680948860781,
        0.749680948860781,
        0.749680948860781,
        0.749680948860781,
        0.749680948860781,
        0.749680948860781,
        0.749680948860781,
        0.7522402247637511,
        0.7522402247637511,
        0.7522402247637511,
        0.7522402247637511,
        0.7522402247637511,
        0.7522402247637511,
        0.7522402247637511,
        0.7522402247637511,
        0.7522402247637511,
        0.7522402247637511,
        0.7522402247637511,
        0.7522402247637511,
        0.7522402247637511,
        0.7522402247637511,
        0.7522402247637511,
        0.7522402247637511,
        0.7522402247637511,
        0.7522402247637511,
        0.7522402247637511,
        0.7522402247637511,
        0.7522402247637511,
        0.7522402247637511,
        0.7522402247637511,
        0.7522402247637511,
        0.7522402247637511,
        0.7522402247637511,
        0.7522402247637511,
        0.7522402247637511,
        0.7522402247637511,
        0.7522402247637511,
        0.7522402247637511,
        0.7522402247637511,
        0.7522402247637511
    ],