{
    "bestIndiv": [
        [
            48,
            43,
            15,
            28,
            45,
            33,
            34,
            35,
            38,
            37,
            47,
            23,
            4,
            14,
            36,
            39,
            44,
            18,
            7,
            40,
            8,
            9,
            32,
            42,
            31,
            30,
            20,
            41,
            6,
            1,
            29,
            49,
            24,
            5,
            3,
            50,
            10,
            27,
            25,
            46,
            26,
            51,
            13,
            12,
            11,
            0,
            17,
            2,
            16,
            22,
            19,
            21
        ],
        0.7078893129893208
    ],
    "best": [
        0.2866095923875466,
        0.289985322555573,
        0.29302389839388376,
        0.3008255281323381,
        0.3070746311665798,
        0.31556362367220203,
        0.33486874166224095,
        0.3602795748695701,
        0.3602795748695701,
        0.36641587339490556,
        0.3725250745475517,
        0.37734703227257665,
        0.39283459983326896,
        0.4097706456424667,
        0.40981747605946844,
        0.4268412223448284,
        0.4295101633818218,
        0.4295101633818218,
        0.4295101633818218,
        0.42951471825983845,
        0.4324614246981787,
        0.44827631976843885,
        0.45057039091984236,
        0.45876151459600145,
        0.4752006869407754,
        0.4779691520184665,
        0.4872855683879703,
        0.4872855683879703,
        0.4872855683879703,
        0.5044747306419564,
        0.5044747306419564,
        0.5129261444966295,
        0.5137602235010806,
        0.5326963579166133,
        0.5326963579166133,
        0.5381991096481883,
        0.5381991096481883,
        0.5381991096481883,
        0.5419954155160295,
        0.5506908797515008,
        0.5506908797515008,
        0.5506908797515008,
        0.5508026925185424,
        0.5551702130345061,
        0.5551702130345061,
        0.5551702130345061,
        0.5566000045166978,
        0.5672868254874934,
        0.5672868254874934,
        0.5672868254874934,
        0.5747499385970647,
        0.5798034106020223,
        0.5798034106020223,
        0.5815786053030134,
        0.5815786053030134,
        0.5854603577377261,
        0.591198092718315,
        0.591198092718315,
        0.5951944607884657,
        0.5951944607884657,
        0.6107505414746978,
        0.6107505414746978,
        0.6107505414746978,
        0.610750541474698,
        0.6163341182143567,
        0.6277054923099945,
        0.6277054923099945,
        0.6277054923099946,
        0.6336048789544473,
        0.6336048789544473,
        0.6350630801156757,
        0.6350630801156757,
        0.6350630801156757,
        0.636393458560545,
        0.636393458560545,
        0.636393458560545,
        0.6383115365978914,
        0.6383115365978914,
        0.6383115365978914,
        0.6383115365978914,
        0.6385146441174079,
        0.6385146441174079,
        0.6385146441174079,
        0.6385146441174079,
        0.6385146441174079,
        0.6385146441174079,
        0.6385146441174079,
        0.6385146441174079,
        0.6385146441174079,
        0.6402445126459542,
        0.6530669241973394,
        0.6530669241973394,
        0.6530669241973394,
        0.6548766532861459,
        0.6548766532861459,
        0.663721638486067,
        0.663721638486067,
        0.663721638486067,
        0.663721638486067,
        0.663721638486067,
        0.663721638486067,
        0.6645405507993218,
        0.6645405507993218,
        0.6645405507993218,
        0.6664470997091737,
        0.6664470997091737,
        0.6684983944919298,
        0.6684983944919298,
        0.6684983944919298,
        0.6698006465817226,
        0.6698006465817226,
        0.6778646902066079,
        0.6778646902066079,
        0.6778646902066079,
        0.6778646902066079,
        0.6778646902066079,
        0.6784276331679718,
        0.6784276331679718,
        0.6784276331679718,
        0.6784276331679718,
        0.6784276331679718,
        0.6784276331679718,
        0.6784276331679718,
        0.6784276331679718,
        0.6784276331679718,
        0.6784932610256796,
        0.680169571582159,
        0.6801695715821591,
        0.6801695715821591,
        0.6803953165957871,
        0.6830530623753794,
        0.6830530623753794,
        0.6830530623753794,
        0.6908473580173013,
        0.6908473580173013,
        0.6908473580173013,
        0.6908473580173013,
        0.6973646278890506,
        0.7010721829173425,
        0.7010721829173426,
        0.7010721829173426,
        0.7010721829173426,
        0.7010721829173426,
        0.7032190743603222,
        0.7032190743603222,
        0.7032190743603222,
        0.7032190743603222,
        0.7032190743603222,
        0.7032190743603222,
        0.7040983194337725,
        0.7071570865741581,
        0.7071570865741581,
        0.7071570865741581,
        0.7071570865741581,
        0.7071570865741581,
        0.7071570865741581,
        0.7071570865741581,
        0.7078893129893208,
        0.7078893129893208,
        0.7078893129893208,
        0.7078893129893208,
        0.7078893129893208,
        0.7078893129893208,
        0.7078893129893208,
        0.7078893129893208,
        0.7078893129893208,
        0.7078893129893208,
        0.7078893129893208,
        0.7078893129893208,
        0.7078893129893208,
        0.7078893129893208,
        0.7078893129893208,
        0.7078893129893208,
        0.7078893129893208,
        0.7078893129893208,
        0.7078893129893208,
        0.7078893129893208,
        0.7078893129893208,
        0.7078893129893208,
        0.7078893129893208,
        0.7078893129893208,
        0.7078893129893208,
        0.7078893129893208,
        0.7078893129893208,
        0.7078893129893208,
        0.7078893129893208,
        0.7078893129893208,
        0.7078893129893208,
        0.7078893129893208,
        0.7078893129893208,
        0.7078893129893208,
        0.7078893129893208,
        0.7078893129893208,
        0.7078893129893208,
        0.7078893129893208,
        0.7078893129893208,
        0.7078893129893208,
        0.7078893129893208,
        0.7078893129893208,
        0.7078893129893208,
        0.7078893129893208
    ],