{
    "bestIndiv": [
        [
            14,
            39,
            44,
            18,
            40,
            7,
            8,
            9,
            42,
            50,
            32,
            17,
            30,
            19,
            28,
            49,
            15,
            33,
            34,
            48,
            31,
            0,
            21,
            16,
            2,
            20,
            6,
            1,
            41,
            29,
            22,
            43,
            47,
            23,
            4,
            3,
            5,
            25,
            46,
            13,
            51,
            12,
            26,
            27,
            10,
            11,
            24,
            45,
            36,
            35,
            38,
            37
        ],
        0.7173103764801539
    ],
    "best": [
        0.284757160386086,
        0.3040361188101609,
        0.31827959696969754,
        0.31827959696969754,
        0.3251483716285605,
        0.3357197146603205,
        0.351629427298505,
        0.351629427298505,
        0.3682594488009858,
        0.3682594488009858,
        0.36993839735045814,
        0.38213364026448354,
        0.4018123353772278,
        0.4018123353772278,
        0.4062832289354527,
        0.4127898180024591,
        0.41528340237913586,
        0.4225733527291079,
        0.4265563607863577,
        0.43883065297706403,
        0.44276680822805675,
        0.4518101160322879,
        0.45808593010807774,
        0.4593323183104911,
        0.4624540347240375,
        0.4712372977770586,
        0.4729376038437132,
        0.47560827829591706,
        0.4913771650195993,
        0.49444753688008053,
        0.49444753688008053,
        0.4959345420250313,
        0.510313866306715,
        0.510313866306715,
        0.520930643577031,
        0.5263178691543009,
        0.526741885223393,
        0.536312236191063,
        0.5459875901273162,
        0.5543643406594424,
        0.5543643406594424,
        0.5576647743154349,
        0.5663075417849157,
        0.5669490393915632,
        0.5669490393915632,
        0.5669490393915632,
        0.5669490393915632,
        0.5785445607741543,
        0.5785445607741543,
        0.588915410648287,
        0.5962745873769332,
        0.5962745873769332,
        0.5962745873769332,
        0.5962745873769332,
        0.5962745873769332,
        0.5962745873769332,
        0.6051316205557394,
        0.6202480983335245,
        0.6202480983335245,
        0.6202480983335245,
        0.6202480983335245,
        0.6202480983335245,
        0.6202480983335246,
        0.6228122861708049,
        0.6228122861708049,
        0.6228122861708049,
        0.6256117639796889,
        0.6271152742543683,
        0.6271152742543683,
        0.6297366760307307,
        0.6297366760307307,
        0.6321689733686799,
        0.6321689733686799,
        0.6321689733686799,
        0.6369801314618664,
        0.6369801314618665,
        0.6369801314618665,
        0.6369801314618665,
        0.6408093943140398,
        0.6408093943140398,
        0.6483215424629312,
        0.6483215424629312,
        0.6589242734795103,
        0.6589242734795103,
        0.6687107522928432,
        0.6687107522928432,
        0.6687107522928432,
        0.6710856673156979,
        0.6729330076520003,
        0.6729330076520003,
        0.6729330076520003,
        0.6796253119365805,
        0.6796253119365805,
        0.6796253119365805,
        0.6796253119365805,
        0.6796253119365805,
        0.6796253119365805,
        0.6796253119365805,
        0.6796253119365805,
        0.6796253119365805,
        0.6796253119365805,
        0.6796253119365805,
        0.6796253119365805,
        0.6798371616475921,
        0.6798371616475921,
        0.6798371616475921,
        0.6798371616475921,
        0.6805313519179582,
        0.6805313519179582,
        0.6805313519179582,
        0.6805313519179582,
        0.6805313519179582,
        0.6805313519179582,
        0.6805313519179582,
        0.6805313519179582,
        0.6805313519179582,
        0.6805313519179582,
        0.6805313519179582,
        0.6805313519179582,
        0.6842777345861761,
        0.6842777345861761,
        0.6842777345861761,
        0.6842777345861761,
        0.6842777345861761,
        0.6842777345861761,
        0.6842777345861761,
        0.6842777345861761,
        0.6842777345861761,
        0.6842777345861761,
        0.6842777345861761,
        0.6842777345861761,
        0.6842777345861761,
        0.6842777345861761,
        0.6842777345861761,
        0.6843212281887507,
        0.6843212281887507,
        0.6843212281887507,
        0.6982213020039446,
        0.6982213020039446,
        0.6982213020039446,
        0.6982665862681477,
        0.7018305249021238,
        0.7018305249021238,
        0.7018305249021238,
        0.7018305249021238,
        0.7018305249021238,
        0.7018305249021238,
        0.7018305249021238,
        0.7018305249021238,
        0.7018305249021238,
        0.7018305249021238,
        0.7018305249021238,
        0.7018305249021238,
        0.7018305249021238,
        0.7018305249021238,
        0.7018305249021238,
        0.7018305249021238,
        0.7018305249021238,
        0.7018305249021238,
        0.7018305249021238,
        0.7018305249021238,
        0.7018305249021238,
        0.7018305249021238,
        0.7018305249021238,
        0.7018305249021238,
        0.7018305249021238,
        0.7018305249021238,
        0.7018305249021238,
        0.7018305249021238,
        0.7018305249021238,
        0.7018305249021238,
        0.7026787170778667,
        0.7026787170778667,
        0.7026787170778667,
        0.7026787170778667,
        0.7026787170778667,
        0.7026787170778667,
        0.7026787170778667,
        0.7026787170778667,
        0.7026787170778667,
        0.7026787170778667,
        0.7026787170778667,
        0.7026787170778667,
        0.7026787170778667,
        0.7026787170778667,
        0.7026787170778667,
        0.7026787170778667,
        0.7059729611985809,
        0.7059729611985809,
        0.7080302828768813,
        0.7080302828768813,
        0.7080302828768813,
        0.7080302828768813,
        0.7080302828768814,
        0.7080302828768814,
        0.7080302828768814,
        0.7080302828768814,
        0.7173103764801539,
        0.7173103764801539,
        0.7173103764801539,
        0.7173103764801539
    ],