{
    "bestIndiv": [
        [
            23,
            5,
            3,
            24,
            45,
            43,
            31,
            44,
            18,
            40,
            7,
            9,
            8,
            16,
            41,
            6,
            1,
            29,
            22,
            48,
            42,
            32,
            50,
            10,
            11,
            27,
            25,
            26,
            12,
            51,
            13,
            46,
            15,
            28,
            49,
            19,
            33,
            39,
            37,
            14,
            4,
            38,
            20,
            2,
            17,
            30,
            21,
            0,
            35,
            34,
            36,
            47
        ],
        0.7615715510644613
    ],
    "best": [
        0.2866095923875466,
        0.289985322555573,
        0.29302389839388376,
        0.3008255281323381,
        0.3070746311665798,
        0.31556362367220203,
        0.33486874166224095,
        0.3602795748695701,
        0.3602795748695701,
        0.36641587339490556,
        0.3725250745475517,
        0.37734703227257665,
        0.3841252535937756,
        0.38991658082086406,
        0.4208929264067616,
        0.433794186904993,
        0.433794186904993,
        0.4403170241117386,
        0.4438703411597114,
        0.4634847129688165,
        0.468494478858179,
        0.468494478858179,
        0.47356429454123145,
        0.4833305010067851,
        0.48420414315004384,
        0.4895330105626873,
        0.49313789108393297,
        0.49616493118118127,
        0.4996380237790093,
        0.4996380237790093,
        0.5159510846135485,
        0.5236520700370743,
        0.530006031816197,
        0.530006031816197,
        0.5303800863292495,
        0.5344768748558271,
        0.5344768748558271,
        0.5505173710891339,
        0.5583029888389236,
        0.5583029888389236,
        0.5688495298809072,
        0.5688495298809072,
        0.5730422617861034,
        0.5765745789235167,
        0.5798218378608617,
        0.5825997148109576,
        0.585139437216929,
        0.585139437216929,
        0.5895766749827712,
        0.596693532873059,
        0.5978745185558977,
        0.6006473183156976,
        0.6031957566874296,
        0.6041132433404169,
        0.6041829018396806,
        0.6077417022409825,
        0.6097951722076341,
        0.6097951722076341,
        0.612855436892437,
        0.6172292194595668,
        0.6182640743031491,
        0.6182640743031491,
        0.6339876169979419,
        0.6339876169979419,
        0.6339876169979419,
        0.6357295496206025,
        0.6357295496206025,
        0.6629083044830733,
        0.6629083044830733,
        0.6629083044830734,
        0.6629083044830734,
        0.6629083044830734,
        0.6629083044830735,
        0.6629083044830735,
        0.6629083044830735,
        0.6790849892903038,
        0.6790849892903038,
        0.6790849892903038,
        0.6790849892903038,
        0.6808971250072818,
        0.6856120018453667,
        0.6856120018453667,
        0.6870704157904709,
        0.6870704157904709,
        0.6870704157904709,
        0.6888662859960134,
        0.6901309442922517,
        0.6949750224059524,
        0.7012676729685806,
        0.7066669711343211,
        0.7066669711343211,
        0.7155444783050894,
        0.7155444783050894,
        0.7213742595964606,
        0.7213742595964606,
        0.7213742595964606,
        0.7213742595964606,
        0.7213742595964606,
        0.7213742595964606,
        0.7213742595964606,
        0.7213742595964606,
        0.7213742595964606,
        0.7213742595964606,
        0.7213742595964606,
        0.7213742595964606,
        0.7213742595964606,
        0.7245506034053989,
        0.7245506034053989,
        0.7245506034053989,
        0.7245506034053989,
        0.7245506034053989,
        0.724550603405399,
        0.724550603405399,
        0.724550603405399,
        0.7343548352907393,
        0.7343548352907393,
        0.7343548352907394,
        0.7413985868221294,
        0.7413985868221294,
        0.7413985868221294,
        0.7413985868221294,
        0.7413985868221294,
        0.7413985868221294,
        0.7413985868221294,
        0.7413985868221294,
        0.7413985868221294,
        0.7413985868221294,
        0.7413985868221294,
        0.7413985868221294,
        0.7413985868221294,
        0.7413985868221294,
        0.7413985868221294,
        0.7413985868221294,
        0.7425974645905048,
        0.7425974645905048,
        0.7425974645905048,
        0.7427051223643025,
        0.7440923544410003,
        0.7440923544410003,
        0.7440923544410003,
        0.7440923544410003,
        0.7440923544410003,
        0.7440923544410003,
        0.7465458714458244,
        0.7465458714458244,
        0.7465458714458244,
        0.746653136295506,
        0.746653136295506,
        0.7476114973504422,
        0.7476114973504422,
        0.7476114973504422,
        0.7481748906227949,
        0.7481748906227949,
        0.7481748906227949,
        0.7481748906227949,
        0.7481748906227949,
        0.7482674361219591,
        0.7482674361219591,
        0.7482674361219591,
        0.7482674361219591,
        0.7482674361219591,
        0.7482674361219591,
        0.7482674361219591,
        0.7482674361219591,
        0.7482674361219591,
        0.7482674361219591,
        0.7482674361219591,
        0.7482674361219591,
        0.7492614566693477,
        0.750523288696974,
        0.750523288696974,
        0.750523288696974,
        0.750523288696974,
        0.750523288696974,
        0.750523288696974,
        0.750523288696974,
        0.750523288696974,
        0.750523288696974,
        0.750523288696974,
        0.750523288696974,
        0.750523288696974,
        0.750523288696974,
        0.750523288696974,
        0.750523288696974,
        0.750523288696974,
        0.750523288696974,
        0.750523288696974,
        0.750523288696974,
        0.750523288696974,
        0.750523288696974,
        0.750523288696974,
        0.750523288696974,
        0.750523288696974,
        0.750523288696974,
        0.7590741046854657,
        0.7590741046854657,
        0.7590741046854657,
        0.7615715510644613,
        0.7615715510644613,
        0.7615715510644613,
        0.7615715510644613
    ],