{
    "bestIndiv": [
        [
            45,
            47,
            23,
            4,
            5,
            14,
            37,
            39,
            48,
            31,
            2,
            16,
            41,
            6,
            1,
            29,
            22,
            20,
            30,
            21,
            18,
            40,
            17,
            0,
            33,
            34,
            42,
            32,
            50,
            10,
            51,
            13,
            12,
            46,
            25,
            26,
            27,
            11,
            3,
            24,
            7,
            9,
            8,
            44,
            35,
            38,
            36,
            43,
            15,
            28,
            19,
            49
        ],
        0.7621923147479581
    ],
    "best": [
        0.2938599743734584,
        0.31655391838602787,
        0.31655391838602787,
        0.3295135577760576,
        0.3295135577760576,
        0.3415419107799792,
        0.35344759341540016,
        0.3558611869645857,
        0.37049933783590705,
        0.37049933783590705,
        0.378530703679916,
        0.378530703679916,
        0.4227335502817849,
        0.433500559963762,
        0.433500559963762,
        0.4530722069172506,
        0.4530722069172506,
        0.4530722069172506,
        0.4722555239740389,
        0.4722555239740389,
        0.4774338177609832,
        0.48367050427289626,
        0.49918106631955506,
        0.49918106631955506,
        0.49918106631955506,
        0.49918106631955506,
        0.5200027569339417,
        0.5200027569339417,
        0.5200027569339417,
        0.5368110827040616,
        0.5368110827040616,
        0.5368110827040616,
        0.5368110827040616,
        0.5479647204785143,
        0.5500395926794917,
        0.5500395926794917,
        0.5509245539474411,
        0.5536465009861194,
        0.569041392780132,
        0.569041392780132,
        0.5791459968745039,
        0.5791459968745039,
        0.5805911891492097,
        0.5805911891492097,
        0.5862541010781908,
        0.5897406177290471,
        0.5964884851721364,
        0.5964884851721364,
        0.6082229385035651,
        0.6082229385035651,
        0.6082229385035651,
        0.619258001548081,
        0.6201308586405537,
        0.6201308586405537,
        0.6259049778588617,
        0.6288161012729218,
        0.6288161012729218,
        0.6296307184410015,
        0.6320304588417811,
        0.6320304588417811,
        0.6449966059211567,
        0.6449966059211567,
        0.6449966059211568,
        0.6608708918857954,
        0.6761705934979608,
        0.6767568141453942,
        0.6767568141453942,
        0.6767568141453942,
        0.6782499582641363,
        0.6782499582641363,
        0.6782499582641363,
        0.6810814501134709,
        0.6816762205732637,
        0.6816762205732637,
        0.6816762205732637,
        0.6816762205732637,
        0.6816762205732637,
        0.6816762205732637,
        0.6816762205732637,
        0.6816762205732637,
        0.6850669719375676,
        0.6852948594819843,
        0.6852948594819843,
        0.6852948594819843,
        0.6887217961003531,
        0.6894186808728014,
        0.6938854653303773,
        0.6945928443842945,
        0.6981136431317603,
        0.6981136431317603,
        0.6981136431317603,
        0.7084593709704134,
        0.7084593709704134,
        0.7084593709704134,
        0.7084593709704134,
        0.7084593709704134,
        0.7084593709704134,
        0.7084593709704134,
        0.7256881767457968,
        0.7256881767457968,
        0.7256881767457968,
        0.7256881767457968,
        0.7256881767457968,
        0.7256881767457968,
        0.7256881767457968,
        0.7256881767457968,
        0.7256881767457968,
        0.7256881767457968,
        0.733057925580872,
        0.733057925580872,
        0.7414279080172731,
        0.7414279080172731,
        0.7414279080172731,
        0.7414279080172731,
        0.7414279080172731,
        0.7414279080172731,
        0.7414279080172731,
        0.7414279080172731,
        0.7464085128720718,
        0.7464085128720718,
        0.7464085128720718,
        0.7464085128720718,
        0.7464085128720718,
        0.7464085128720718,
        0.7464085128720718,
        0.7464085128720718,
        0.7464085128720718,
        0.7464085128720718,
        0.7464085128720718,
        0.7464085128720718,
        0.7464085128720718,
        0.7464085128720718,
        0.7464085128720718,
        0.7464085128720718,
        0.7464085128720718,
        0.7464085128720718,
        0.7464085128720718,
        0.7464085128720718,
        0.7464085128720718,
        0.7464085128720718,
        0.7464085128720718,
        0.7464085128720718,
        0.7464085128720718,
        0.7464085128720718,
        0.7464085128720718,
        0.7539246560651257,
        0.7539246560651257,
        0.7539246560651257,
        0.7539246560651257,
        0.7539246560651257,
        0.7539246560651257,
        0.7539246560651257,
        0.7539246560651257,
        0.7539246560651257,
        0.7539246560651257,
        0.7539246560651257,
        0.7539246560651257,
        0.7539246560651257,
        0.7539246560651257,
        0.7539246560651257,
        0.7539246560651257,
        0.7539246560651257,
        0.7539246560651257,
        0.7539246560651257,
        0.7539246560651257,
        0.7539246560651257,
        0.7539246560651257,
        0.7539246560651257,
        0.7569015609041702,
        0.7569015609041702,
        0.7569015609041702,
        0.7569015609041702,
        0.7569015609041702,
        0.7569015609041702,
        0.7569015609041702,
        0.7569015609041702,
        0.7569015609041702,
        0.7569015609041702,
        0.7569015609041702,
        0.7569015609041702,
        0.7569015609041702,
        0.7569015609041702,
        0.7569015609041702,
        0.7569015609041702,
        0.7569015609041702,
        0.7595098817757115,
        0.7595098817757115,
        0.7595098817757115,
        0.7595098817757115,
        0.7595098817757115,
        0.7595098817757115,
        0.7595098817757115,
        0.7595098817757115,
        0.7595098817757115,
        0.7595098817757115,
        0.7595098817757115,
        0.7621923147479581,
        0.7621923147479581,
        0.7621923147479581,
        0.7621923147479581,
        0.7621923147479581
    ],