{
    "bestIndiv": [
        [
            48,
            35,
            33,
            43,
            36,
            23,
            47,
            4,
            14,
            39,
            38,
            44,
            7,
            8,
            9,
            42,
            5,
            3,
            11,
            27,
            25,
            46,
            26,
            10,
            51,
            13,
            12,
            24,
            45,
            37,
            32,
            50,
            15,
            19,
            49,
            28,
            29,
            16,
            2,
            40,
            18,
            6,
            1,
            41,
            17,
            0,
            34,
            22,
            20,
            30,
            21,
            31
        ],
        0.6582264343003756
    ],
    "best": [
        0.2953321428489969,
        0.2965231171893405,
        0.31953145797647414,
        0.3324739472615857,
        0.3324739472615857,
        0.34307872129331635,
        0.37366606210364794,
        0.37366606210364794,
        0.3744346993139806,
        0.3831411198462199,
        0.39278948798010505,
        0.40286452188625055,
        0.40286452188625055,
        0.4056095465753221,
        0.44342227817983715,
        0.4447267674881045,
        0.4452950444416824,
        0.45855166859544755,
        0.45855166859544755,
        0.46531595005343135,
        0.4783426567024589,
        0.47915359616225345,
        0.48929950286658536,
        0.48929950286658536,
        0.49810842317833454,
        0.4981084231783346,
        0.5167472057925361,
        0.5210870330831692,
        0.5435661409614555,
        0.5498404854571082,
        0.5498404854571082,
        0.5498404854571082,
        0.5508717168812497,
        0.5508717168812497,
        0.5559391919855383,
        0.5559391919855383,
        0.5592170423343,
        0.5592170423343,
        0.5592170423343,
        0.5592170423343,
        0.5655267212273882,
        0.5676111239747151,
        0.5676111239747151,
        0.5676111239747151,
        0.5760400089956103,
        0.5760400089956103,
        0.5776090792361499,
        0.5839553929190944,
        0.5839553929190944,
        0.5839553929190944,
        0.5892192633911589,
        0.5892192633911589,
        0.5892192633911589,
        0.5923477197906202,
        0.5923477197906202,
        0.5923477197906202,
        0.5984842213419054,
        0.5984842213419054,
        0.5993348709515216,
        0.5993348709515216,
        0.5993348709515216,
        0.5993348709515216,
        0.5993348709515216,
        0.6049268545075243,
        0.6049268545075243,
        0.6057959303361841,
        0.6057959303361841,
        0.6057959303361841,
        0.6107125519187134,
        0.6107125519187134,
        0.613372651112953,
        0.613372651112953,
        0.613372651112953,
        0.622347163997469,
        0.6284819707822816,
        0.6284819707822816,
        0.6284819707822816,
        0.6284819707822816,
        0.6284819707822816,
        0.6284819707822816,
        0.6284819707822816,
        0.6284819707822816,
        0.6284819707822816,
        0.6284819707822816,
        0.6284819707822816,
        0.6284819707822816,
        0.6284819707822816,
        0.6300038840379167,
        0.6300038840379167,
        0.6300038840379167,
        0.6300038840379167,
        0.6300038840379167,
        0.6300038840379167,
        0.6300038840379167,
        0.6300038840379167,
        0.6300038840379167,
        0.6300038840379167,
        0.6300038840379167,
        0.6300038840379167,
        0.6300038840379167,
        0.6300038840379167,
        0.6300038840379167,
        0.6300038840379167,
        0.6300038840379167,
        0.6300038840379167,
        0.6300038840379167,
        0.6300038840379167,
        0.6300038840379167,
        0.6300038840379167,
        0.6300038840379167,
        0.6300038840379167,
        0.6300038840379167,
        0.6300038840379167,
        0.6300038840379167,
        0.6300038840379167,
        0.6300038840379167,
        0.6300038840379167,
        0.6300038840379167,
        0.6300038840379167,
        0.6300038840379167,
        0.6300038840379167,
        0.6300038840379167,
        0.6300038840379167,
        0.6300038840379167,
        0.6300038840379167,
        0.6300038840379167,
        0.6300038840379167,
        0.6300038840379167,
        0.6300038840379167,
        0.6300038840379167,
        0.6300038840379167,
        0.6300038840379167,
        0.6300038840379167,
        0.6300038840379167,
        0.6300038840379167,
        0.6300038840379167,
        0.6300038840379167,
        0.6305286596364802,
        0.6305286596364802,
        0.6305286596364802,
        0.6305286596364802,
        0.6305286596364802,
        0.6305286596364802,
        0.6305286596364802,
        0.6305286596364802,
        0.6305286596364802,
        0.6305286596364802,
        0.6305286596364802,
        0.6305286596364802,
        0.6322919019404488,
        0.6322919019404488,
        0.6322919019404488,
        0.6322919019404488,
        0.6470094158975601,
        0.6481302232199148,
        0.6481302232199148,
        0.6520315039704536,
        0.6520315039704536,
        0.6520315039704536,
        0.6520315039704536,
        0.6520315039704536,
        0.6520315039704536,
        0.6520315039704536,
        0.6520315039704536,
        0.6520315039704536,
        0.6520315039704536,
        0.6520315039704536,
        0.6520315039704536,
        0.6520315039704536,
        0.6520315039704536,
        0.6520315039704536,
        0.6520315039704536,
        0.6520315039704536,
        0.6520315039704536,
        0.6520315039704536,
        0.6520315039704536,
        0.6520315039704536,
        0.6523458386663008,
        0.6532103270243504,
        0.6532103270243504,
        0.6532103270243504,
        0.6532103270243504,
        0.6532103270243504,
        0.6532103270243504,
        0.6532103270243504,
        0.6573486267943943,
        0.6582264343003756,
        0.6582264343003756,
        0.6582264343003756,
        0.6582264343003756,
        0.6582264343003756,
        0.6582264343003756,
        0.6582264343003756,
        0.6582264343003756,
        0.6582264343003756,
        0.6582264343003756,
        0.6582264343003756,
        0.6582264343003756,
        0.6582264343003756,
        0.6582264343003756,
        0.6582264343003756
    ],