{
    "bestIndiv": [
        [
            32,
            42,
            7,
            40,
            18,
            44,
            31,
            35,
            34,
            33,
            43,
            22,
            29,
            1,
            6,
            41,
            16,
            2,
            20,
            30,
            17,
            21,
            48,
            0,
            36,
            47,
            24,
            27,
            11,
            50,
            10,
            51,
            12,
            13,
            46,
            25,
            26,
            3,
            5,
            14,
            4,
            37,
            39,
            38,
            19,
            28,
            49,
            15,
            45,
            23,
            8,
            9
        ],
        0.7719253244468356
    ],
    "best": [
        0.3000830371845322,
        0.3051533602717292,
        0.3172661197871895,
        0.3191887183320633,
        0.3271057100397141,
        0.34462505638608804,
        0.3633025014924989,
        0.36973290321538776,
        0.36973290321538776,
        0.38077984928494585,
        0.3889100788909449,
        0.39902047386203515,
        0.4038512710837249,
        0.41374261473970453,
        0.41374261473970453,
        0.4277781616916611,
        0.4296333106903807,
        0.43959361144955555,
        0.439784643231657,
        0.45293908612765743,
        0.45293908612765743,
        0.45293908612765743,
        0.4596390352453667,
        0.4596390352453667,
        0.47520393792863935,
        0.47520393792863935,
        0.4831791789134039,
        0.4831791789134039,
        0.49299896481038563,
        0.49299896481038563,
        0.5122586400141025,
        0.5122586400141025,
        0.5122586400141025,
        0.5122586400141025,
        0.5146445283479738,
        0.5147655241645666,
        0.5238429769219868,
        0.5387586699557045,
        0.5401747665945809,
        0.554488986670517,
        0.5693035914109119,
        0.569470994522542,
        0.5702403826054031,
        0.5753712295759782,
        0.5997055628697809,
        0.5997055628697809,
        0.6115647457306747,
        0.6115647457306747,
        0.6115647457306747,
        0.6115647457306747,
        0.6164534017566939,
        0.6164534017566939,
        0.6209189826924387,
        0.6252462321357019,
        0.6258538486148895,
        0.6277887272569876,
        0.6335718258349639,
        0.6335718258349639,
        0.633571825834964,
        0.6374630458402594,
        0.6426903343226749,
        0.6426903343226749,
        0.6628308947975659,
        0.662830894797566,
        0.6793414330261933,
        0.688334223226883,
        0.688334223226883,
        0.6976773084593789,
        0.6976773084593789,
        0.6976773084593789,
        0.697677308459379,
        0.7115364242667868,
        0.7115364242667869,
        0.7115364242667869,
        0.7207487713955048,
        0.7207487713955048,
        0.7207487713955048,
        0.7207487713955048,
        0.7207487713955049,
        0.7234811051369591,
        0.733806618086169,
        0.733806618086169,
        0.733806618086169,
        0.7338066180861693,
        0.7338066180861693,
        0.7338066180861693,
        0.7338066180861693,
        0.7338066180861693,
        0.7338066180861693,
        0.7338066180861693,
        0.7338066180861693,
        0.7338066180861693,
        0.7338066180861693,
        0.7338066180861693,
        0.750466626165403,
        0.750466626165403,
        0.750466626165403,
        0.750466626165403,
        0.7509227851717198,
        0.7509227851717198,
        0.7569807973836709,
        0.7574449122754201,
        0.7574449122754201,
        0.7574449122754201,
        0.760919612472728,
        0.760919612472728,
        0.760919612472728,
        0.760919612472728,
        0.760919612472728,
        0.760919612472728,
        0.760919612472728,
        0.760919612472728,
        0.760919612472728,
        0.760919612472728,
        0.760919612472728,
        0.760919612472728,
        0.760919612472728,
        0.760919612472728,
        0.760919612472728,
        0.760919612472728,
        0.7658797890180815,
        0.7658797890180815,
        0.7700751680124001,
        0.7700751680124001,
        0.7700751680124001,
        0.7700751680124001,
        0.7700751680124001,
        0.7700751680124001,
        0.7700751680124001,
        0.7700751680124001,
        0.7700751680124001,
        0.7700751680124001,
        0.7700751680124001,
        0.7700751680124001,
        0.7700751680124001,
        0.7700751680124001,
        0.7700751680124001,
        0.7715237777283954,
        0.7715237777283954,
        0.7715237777283954,
        0.7715237777283954,
        0.7715237777283954,
        0.7715237777283954,
        0.7715237777283954,
        0.7715237777283954,
        0.7715237777283954,
        0.7715237777283954,
        0.7715237777283954,
        0.7715237777283954,
        0.7715237777283954,
        0.7715237777283954,
        0.7715237777283954,
        0.7715237777283954,
        0.7715237777283954,
        0.7715237777283954,
        0.7715237777283954,
        0.7715237777283954,
        0.7715237777283954,
        0.7715237777283954,
        0.7715237777283954,
        0.7715237777283954,
        0.7715237777283954,
        0.7715237777283954,
        0.7715237777283954,
        0.7715237777283954,
        0.7715237777283954,
        0.7715237777283954,
        0.7715237777283954,
        0.7715237777283954,
        0.7715237777283954,
        0.7715237777283954,
        0.7715237777283954,
        0.7715237777283954,
        0.7715237777283954,
        0.7715237777283954,
        0.7715237777283954,
        0.7715237777283954,
        0.7715237777283954,
        0.7715237777283954,
        0.7715237777283954,
        0.7715237777283954,
        0.7715237777283954,
        0.7715237777283954,
        0.7715237777283954,
        0.7715237777283954,
        0.7715237777283954,
        0.7715237777283954,
        0.7715237777283954,
        0.7715237777283954,
        0.7715237777283954,
        0.7715237777283954,
        0.7715237777283954,
        0.7715237777283954,
        0.7719253244468356,
        0.7719253244468356,
        0.7719253244468356,
        0.7719253244468356,
        0.7719253244468356,
        0.7719253244468356,
        0.7719253244468356,
        0.7719253244468356
    ],