{
    "bestIndiv": [
        [
            40,
            18,
            44,
            37,
            47,
            23,
            5,
            14,
            4,
            43,
            15,
            46,
            12,
            13,
            51,
            26,
            25,
            27,
            11,
            10,
            32,
            50,
            3,
            24,
            45,
            49,
            19,
            28,
            29,
            1,
            6,
            41,
            20,
            30,
            16,
            2,
            17,
            22,
            0,
            35,
            33,
            36,
            39,
            38,
            34,
            48,
            21,
            31,
            42,
            9,
            8,
            7
        ],
        0.7555920663475932
    ],
    "best": [
        0.2953321428489969,
        0.2965231171893405,
        0.31953145797647414,
        0.3324739472615857,
        0.3324739472615857,
        0.34307872129331635,
        0.37366606210364794,
        0.37366606210364794,
        0.3744346993139806,
        0.3831411198462199,
        0.39278948798010505,
        0.40286452188625055,
        0.40286452188625055,
        0.4078042761067073,
        0.4324813459534499,
        0.4324813459534499,
        0.43380476836714155,
        0.45431142363609756,
        0.4630233300268671,
        0.46687443953573493,
        0.46687443953573493,
        0.47480794664787296,
        0.47480794664787296,
        0.47480794664787296,
        0.4756024055170719,
        0.4856442538200463,
        0.49038479528070067,
        0.49038479528070067,
        0.5016070704050268,
        0.5092742976491542,
        0.5135373428657822,
        0.5220577506536429,
        0.5261076996221682,
        0.5369991329225358,
        0.5493001010289738,
        0.5523008445476075,
        0.5545664284837994,
        0.5661478076251505,
        0.5725049686342996,
        0.5772180746348361,
        0.5897181787873056,
        0.5908879479397284,
        0.6068688002770625,
        0.6068688002770625,
        0.6106788825323268,
        0.6168587094932371,
        0.6168587094932371,
        0.6228751098944546,
        0.6254548214527118,
        0.6254548214527118,
        0.633270971480983,
        0.6509910677566917,
        0.6509910677566917,
        0.6510403377378411,
        0.6510403377378411,
        0.6510403377378411,
        0.6597985106344527,
        0.6724590424046624,
        0.6827762161614717,
        0.6827762161614717,
        0.6827762161614718,
        0.6827762161614718,
        0.6857603117582471,
        0.6857603117582471,
        0.6857603117582471,
        0.6857603117582471,
        0.6862949594685458,
        0.6862949594685458,
        0.6916475223845816,
        0.6921949946355679,
        0.6921949946355679,
        0.6921949946355679,
        0.6976626095523626,
        0.6976626095523626,
        0.6976626095523626,
        0.6980050724213284,
        0.6980050724213284,
        0.6980050724213284,
        0.6980050724213284,
        0.6980050724213284,
        0.6980050724213284,
        0.6980050724213284,
        0.6980050724213284,
        0.6980050724213284,
        0.6980050724213284,
        0.6980050724213284,
        0.6980050724213284,
        0.6980050724213284,
        0.6980050724213284,
        0.6980050724213284,
        0.6980050724213284,
        0.6980050724213284,
        0.6980050724213284,
        0.6980050724213284,
        0.6980050724213284,
        0.6980050724213284,
        0.6980050724213284,
        0.6980050724213284,
        0.6980050724213284,
        0.6980050724213284,
        0.7047436864581982,
        0.7047436864581982,
        0.7047436864581982,
        0.7047436864581982,
        0.7047436864581982,
        0.7047436864581982,
        0.7047436864581982,
        0.7047436864581982,
        0.7047436864581982,
        0.7085039248074699,
        0.7085039248074699,
        0.7091085287125705,
        0.7114680621600623,
        0.7114680621600623,
        0.7114680621600623,
        0.7114680621600623,
        0.7114680621600623,
        0.719207071382145,
        0.719207071382145,
        0.719207071382145,
        0.719207071382145,
        0.7192925888557534,
        0.7192925888557534,
        0.7192925888557534,
        0.7404142671666535,
        0.7404142671666535,
        0.7404142671666535,
        0.7404142671666535,
        0.7404142671666535,
        0.7404142671666535,
        0.7404142671666535,
        0.7404142671666535,
        0.7404142671666535,
        0.745464565514212,
        0.745464565514212,
        0.745464565514212,
        0.745464565514212,
        0.7454863924679372,
        0.7454863924679372,
        0.7454863924679372,
        0.7454863924679372,
        0.7454863924679372,
        0.7454863924679372,
        0.7550814141300676,
        0.7550814141300676,
        0.7550814141300676,
        0.7550814141300676,
        0.7550814141300676,
        0.7550814141300676,
        0.7550814141300676,
        0.7550814141300676,
        0.7550814141300676,
        0.7550814141300676,
        0.7550814141300676,
        0.7550814141300676,
        0.7550814141300676,
        0.7550814141300676,
        0.7550814141300676,
        0.7550814141300676,
        0.7550814141300676,
        0.7550814141300676,
        0.7550814141300676,
        0.7550814141300676,
        0.7550814141300676,
        0.7550814141300676,
        0.7550814141300676,
        0.7550814141300676,
        0.7555920663475932,
        0.7555920663475932,
        0.7555920663475932,
        0.7555920663475932,
        0.7555920663475932,
        0.7555920663475932,
        0.7555920663475932,
        0.7555920663475932,
        0.7555920663475932,
        0.7555920663475932,
        0.7555920663475932,
        0.7555920663475932,
        0.7555920663475932,
        0.7555920663475932,
        0.7555920663475932,
        0.7555920663475932,
        0.7555920663475932,
        0.7555920663475932,
        0.7555920663475932,
        0.7555920663475932,
        0.7555920663475932,
        0.7555920663475932,
        0.7555920663475932,
        0.7555920663475932,
        0.7555920663475932,
        0.7555920663475932,
        0.7555920663475932,
        0.7555920663475932,
        0.7555920663475932,
        0.7555920663475932,
        0.7555920663475932,
        0.7555920663475932,
        0.7555920663475932,
        0.7555920663475932
    ],