{
    "bestIndiv": [
        [
            36,
            47,
            5,
            23,
            4,
            45,
            43,
            15,
            19,
            22,
            49,
            28,
            29,
            41,
            1,
            6,
            20,
            30,
            0,
            35,
            38,
            8,
            9,
            7,
            40,
            18,
            44,
            37,
            14,
            3,
            24,
            50,
            11,
            25,
            46,
            12,
            13,
            51,
            26,
            27,
            10,
            32,
            42,
            39,
            33,
            48,
            31,
            2,
            16,
            17,
            21,
            34
        ],
        0.7533143228287026
    ],
    "best": [
        0.2843134709142403,
        0.2889031659654008,
        0.30654966460785915,
        0.30654966460785915,
        0.30893885095543294,
        0.3159992286376861,
        0.34294488659859795,
        0.34565297095651876,
        0.34654743916666303,
        0.35081825825450175,
        0.35081825825450175,
        0.35287682179128577,
        0.36603456403477547,
        0.36847481571452956,
        0.39766103740001696,
        0.39766103740001696,
        0.39766103740001696,
        0.4007167652718341,
        0.4162930954987017,
        0.41849337457071206,
        0.4243466581594979,
        0.4267275856552807,
        0.43082052146470173,
        0.433759545567269,
        0.433759545567269,
        0.4427081176629201,
        0.4427081176629201,
        0.4427081176629201,
        0.45919309032917194,
        0.45919309032917194,
        0.45919309032917194,
        0.4660870013539989,
        0.4884033746503301,
        0.4995996737854205,
        0.4995996737854205,
        0.5036964557987051,
        0.5040983310971883,
        0.5165204684529755,
        0.5165204684529755,
        0.5231106440726293,
        0.5252210407226678,
        0.5410770057196393,
        0.544798757361865,
        0.5580063116631023,
        0.5580063116631023,
        0.566269002443625,
        0.566269002443625,
        0.6051939215394464,
        0.617398236470988,
        0.617398236470988,
        0.6175628676453241,
        0.630988215031154,
        0.630988215031154,
        0.630988215031154,
        0.630988215031154,
        0.6397360654375166,
        0.6513602093218247,
        0.6513602093218247,
        0.6513602093218247,
        0.6513602093218247,
        0.6601134865572238,
        0.6601134865572238,
        0.6601134865572238,
        0.6601134865572238,
        0.6601134865572238,
        0.6601134865572238,
        0.6601134865572238,
        0.6601134865572238,
        0.6601134865572238,
        0.6601134865572238,
        0.6601134865572238,
        0.6601134865572238,
        0.6601134865572238,
        0.6601134865572238,
        0.6601134865572238,
        0.6601134865572238,
        0.6601134865572238,
        0.6601134865572238,
        0.6601134865572238,
        0.6666099020837558,
        0.6666099020837558,
        0.6666099020837558,
        0.673723896484588,
        0.6804923370565689,
        0.6804923370565689,
        0.6804923370565689,
        0.6804923370565689,
        0.6804923370565689,
        0.6804923370565689,
        0.6804923370565689,
        0.6804923370565689,
        0.6804923370565689,
        0.6804923370565689,
        0.6804923370565689,
        0.6804923370565689,
        0.6804923370565689,
        0.6804923370565689,
        0.6804923370565689,
        0.6804923370565689,
        0.6804923370565689,
        0.6804923370565689,
        0.6804923370565689,
        0.6804923370565689,
        0.6804923370565689,
        0.6804923370565689,
        0.6804923370565689,
        0.6804923370565689,
        0.6804923370565689,
        0.6877450651901454,
        0.6877450651901454,
        0.6877450651901454,
        0.6926304690105063,
        0.6926304690105063,
        0.6926304690105063,
        0.6929124632496793,
        0.6929124632496793,
        0.6929124632496793,
        0.6929124632496793,
        0.6929124632496793,
        0.6987384370029275,
        0.6996720347420132,
        0.6996720347420132,
        0.6996720347420132,
        0.7056127184832243,
        0.706270815822896,
        0.706270815822896,
        0.706270815822896,
        0.706270815822896,
        0.706270815822896,
        0.706270815822896,
        0.706270815822896,
        0.706270815822896,
        0.706270815822896,
        0.706270815822896,
        0.706270815822896,
        0.706270815822896,
        0.706270815822896,
        0.706270815822896,
        0.706270815822896,
        0.709189048476792,
        0.709189048476792,
        0.7304493924275348,
        0.7304493924275348,
        0.7335712931720029,
        0.7335712931720029,
        0.7338912732215561,
        0.7338912732215561,
        0.7338912732215561,
        0.7338912732215561,
        0.7338912732215561,
        0.7338912732215561,
        0.7338912732215561,
        0.7338912732215561,
        0.7338912732215561,
        0.7338912732215561,
        0.7338912732215561,
        0.7338912732215561,
        0.7338912732215561,
        0.7338912732215561,
        0.7338912732215561,
        0.7338912732215561,
        0.7338912732215561,
        0.7338912732215561,
        0.7338912732215561,
        0.7338912732215561,
        0.7338912732215561,
        0.7338912732215561,
        0.7338912732215561,
        0.7338912732215561,
        0.7338912732215561,
        0.7338912732215561,
        0.7338912732215561,
        0.7338912732215561,
        0.7338912732215561,
        0.7338912732215561,
        0.7338912732215561,
        0.7338912732215561,
        0.7338912732215561,
        0.7338912732215561,
        0.7338912732215561,
        0.7338912732215561,
        0.7338912732215561,
        0.7338912732215561,
        0.7338912732215561,
        0.7338912732215561,
        0.7338912732215561,
        0.7388600182112649,
        0.7388600182112649,
        0.7388600182112649,
        0.7482493777637822,
        0.7482493777637822,
        0.7482493777637822,
        0.7533143228287026,
        0.7533143228287026,
        0.7533143228287026,
        0.7533143228287026,
        0.7533143228287026,
        0.7533143228287026,
        0.7533143228287026,
        0.7533143228287026,
        0.7533143228287026
    ],