{
    "bestIndiv": [
        [
            1,
            6,
            41,
            0,
            43,
            14,
            4,
            37,
            39,
            38,
            34,
            35,
            36,
            47,
            23,
            24,
            27,
            11,
            50,
            10,
            51,
            13,
            12,
            26,
            25,
            46,
            45,
            30,
            17,
            2,
            48,
            31,
            21,
            20,
            16,
            9,
            8,
            7,
            40,
            18,
            44,
            42,
            32,
            3,
            5,
            33,
            15,
            49,
            28,
            19,
            22,
            29
        ],
        0.7400340620677175
    ],
    "best": [
        0.29923997976019284,
        0.31356726654902883,
        0.31848629959197355,
        0.3253466619825653,
        0.33675030395489636,
        0.34997805325108733,
        0.34997805325108733,
        0.3563222423370286,
        0.37217214244962704,
        0.39565529753203826,
        0.39565529753203826,
        0.41191128309371944,
        0.41191128309371944,
        0.41191128309371944,
        0.42655121431452103,
        0.42655121431452103,
        0.4465565138606584,
        0.4465565138606584,
        0.4465565138606584,
        0.45214959119285997,
        0.45214959119285997,
        0.4808814886210128,
        0.4908029788450671,
        0.4908029788450671,
        0.4908029788450671,
        0.4947717886894689,
        0.4992983606966646,
        0.5173598255681168,
        0.5249085136763273,
        0.5342892715476328,
        0.5342892715476328,
        0.5396727564118363,
        0.5567241296646264,
        0.5567241296646264,
        0.5567241296646264,
        0.5598763600150322,
        0.5644347308016309,
        0.5667831653883484,
        0.5710782481953208,
        0.576652994389808,
        0.5831372611924333,
        0.6043535063724842,
        0.6067027690900911,
        0.6067027690900911,
        0.6100236242735996,
        0.6165562836426104,
        0.6240133285213213,
        0.6240133285213213,
        0.631239639308562,
        0.631239639308562,
        0.631239639308562,
        0.6397173097386186,
        0.6409059047348857,
        0.6460589893316534,
        0.6561152716901882,
        0.6587841626802803,
        0.6587841626802803,
        0.6600447358068311,
        0.6600447358068311,
        0.6666923540684,
        0.6666923540684,
        0.6746592568314903,
        0.6830350625983204,
        0.6830350625983204,
        0.684390246807577,
        0.684390246807577,
        0.684390246807577,
        0.684390246807577,
        0.684390246807577,
        0.684390246807577,
        0.684390246807577,
        0.684390246807577,
        0.684390246807577,
        0.684390246807577,
        0.684390246807577,
        0.684390246807577,
        0.684390246807577,
        0.684390246807577,
        0.684390246807577,
        0.684390246807577,
        0.684390246807577,
        0.684390246807577,
        0.684390246807577,
        0.684390246807577,
        0.684390246807577,
        0.68538560867464,
        0.68538560867464,
        0.68538560867464,
        0.6886254294546731,
        0.6886254294546731,
        0.6886254294546731,
        0.6886254294546731,
        0.6886254294546731,
        0.6886254294546731,
        0.6886254294546731,
        0.6886254294546731,
        0.6886254294546731,
        0.6886254294546731,
        0.6886254294546731,
        0.6886254294546731,
        0.6886254294546731,
        0.6886254294546731,
        0.6886254294546731,
        0.6886254294546731,
        0.699387687526681,
        0.699387687526681,
        0.699387687526681,
        0.699387687526681,
        0.699387687526681,
        0.699387687526681,
        0.699387687526681,
        0.699387687526681,
        0.7006318710516468,
        0.7006318710516468,
        0.7006318710516468,
        0.7006318710516468,
        0.7006318710516468,
        0.7006318710516468,
        0.7006318710516468,
        0.7006318710516468,
        0.7006318710516468,
        0.7010984690955724,
        0.7010984690955724,
        0.701260625258263,
        0.701260625258263,
        0.701260625258263,
        0.701260625258263,
        0.701260625258263,
        0.701260625258263,
        0.701260625258263,
        0.701260625258263,
        0.701260625258263,
        0.701260625258263,
        0.701260625258263,
        0.701260625258263,
        0.701260625258263,
        0.701260625258263,
        0.701260625258263,
        0.701260625258263,
        0.701260625258263,
        0.701260625258263,
        0.701260625258263,
        0.701260625258263,
        0.701260625258263,
        0.701260625258263,
        0.701260625258263,
        0.701260625258263,
        0.701260625258263,
        0.7073422298295196,
        0.7073422298295196,
        0.7073422298295196,
        0.7073422298295196,
        0.7073422298295196,
        0.7073422298295196,
        0.7073422298295196,
        0.7073422298295196,
        0.7073422298295196,
        0.7073422298295196,
        0.7073422298295196,
        0.7073422298295196,
        0.7073422298295196,
        0.7073422298295196,
        0.7073422298295196,
        0.7073422298295196,
        0.7073422298295196,
        0.7073422298295196,
        0.7073422298295196,
        0.7073422298295196,
        0.7073422298295196,
        0.7073422298295196,
        0.7073422298295196,
        0.7085454470446082,
        0.7085454470446082,
        0.7085454470446082,
        0.71457225029645,
        0.71457225029645,
        0.717730324113926,
        0.717730324113926,
        0.717730324113926,
        0.7189713409161643,
        0.7247750245422356,
        0.7247750245422356,
        0.7249174462479703,
        0.7271940248997735,
        0.7314470090117161,
        0.7314470090117161,
        0.731592065201827,
        0.731592065201827,
        0.7400340620677175,
        0.7400340620677175,
        0.7400340620677175,
        0.7400340620677175,
        0.7400340620677175,
        0.7400340620677175,
        0.7400340620677175,
        0.7400340620677175,
        0.7400340620677175,
        0.7400340620677175,
        0.7400340620677175,
        0.7400340620677175,
        0.7400340620677175
    ],