{
    "bestIndiv": [
        [
            18,
            31,
            21,
            17,
            30,
            22,
            19,
            49,
            43,
            33,
            34,
            35,
            39,
            14,
            5,
            24,
            3,
            42,
            9,
            8,
            45,
            11,
            27,
            12,
            26,
            25,
            46,
            13,
            51,
            10,
            50,
            32,
            4,
            23,
            47,
            37,
            36,
            38,
            48,
            0,
            15,
            28,
            29,
            6,
            1,
            41,
            20,
            16,
            2,
            40,
            7,
            44
        ],
        0.7798085278866127
    ],
    "best": [
        0.3007324081009109,
        0.3007324081009109,
        0.3090141768840986,
        0.3129116998773832,
        0.3300768859721347,
        0.3379305616946273,
        0.34691283389869665,
        0.34691283389869665,
        0.34929016936856994,
        0.36351140159708933,
        0.3941211001469978,
        0.3941211001469978,
        0.3963631159863492,
        0.4010343913928934,
        0.41420678433140107,
        0.41420678433140107,
        0.41420678433140107,
        0.4270169646564337,
        0.45503265318013975,
        0.45503265318013975,
        0.4551068399123197,
        0.45734174449029663,
        0.45734174449029663,
        0.4727360958503246,
        0.47597414274706656,
        0.47597414274706656,
        0.47597414274706656,
        0.5015719219961977,
        0.5015719219961977,
        0.5105534405369033,
        0.5105534405369033,
        0.5105534405369033,
        0.5216820086791113,
        0.5225666962732928,
        0.5278863124700066,
        0.5278863124700066,
        0.5306904768953536,
        0.5445559828441898,
        0.5445559828441898,
        0.5445559828441898,
        0.5501909162691485,
        0.5501909162691485,
        0.5560760012739148,
        0.5629359491980905,
        0.5629359491980905,
        0.5629359491980905,
        0.5922770112643783,
        0.5922770112643783,
        0.5922770112643783,
        0.5954542288314417,
        0.5972182666508817,
        0.6011974254602351,
        0.6094563472765255,
        0.6094563472765255,
        0.6112551439030974,
        0.6139110119631526,
        0.6300168604185614,
        0.6300168604185614,
        0.6300168604185614,
        0.6300168604185614,
        0.6300168604185614,
        0.6300168604185614,
        0.6327492607915999,
        0.6327492607915999,
        0.6327492607915999,
        0.64003312082909,
        0.64003312082909,
        0.64003312082909,
        0.6411806164762934,
        0.6428487689257146,
        0.6428487689257146,
        0.6453949487108365,
        0.6453949487108365,
        0.6453949487108365,
        0.6453949487108365,
        0.6453949487108365,
        0.6625967766170952,
        0.6625967766170952,
        0.6625967766170952,
        0.6625967766170952,
        0.6719689072478185,
        0.6719689072478185,
        0.6719689072478185,
        0.6719689072478185,
        0.6719689072478185,
        0.6719689072478185,
        0.6719689072478185,
        0.6719689072478185,
        0.6719689072478185,
        0.6719689072478185,
        0.6719689072478185,
        0.6719689072478185,
        0.6719689072478185,
        0.6749322374767199,
        0.6754927931552216,
        0.6754927931552216,
        0.6784583212339469,
        0.6784583212339469,
        0.6785663772280681,
        0.6811523699987161,
        0.687768482562025,
        0.687768482562025,
        0.6903810791585049,
        0.6936365242773354,
        0.6936365242773356,
        0.6954201054796981,
        0.6963862726052232,
        0.6968582903868925,
        0.6971332061307849,
        0.697956323509979,
        0.7009230500487148,
        0.7018298396917625,
        0.702014958444214,
        0.7063957377154318,
        0.7063957377154318,
        0.7064714220282741,
        0.7064714220282741,
        0.7073167520594336,
        0.7075047770346474,
        0.7150236741408891,
        0.7150236741408891,
        0.7153425729660504,
        0.7172187863526104,
        0.718155184978724,
        0.718155184978724,
        0.718155184978724,
        0.718155184978724,
        0.7184768838414772,
        0.7184768838414772,
        0.7184768838414773,
        0.7184768838414773,
        0.7283059974933414,
        0.7302248182794369,
        0.7305342113752691,
        0.7305342113752691,
        0.7305342113752691,
        0.7305342113752691,
        0.7326953576167343,
        0.7326953576167343,
        0.7326953576167343,
        0.7354962325658396,
        0.7354962325658396,
        0.7354962325658396,
        0.7354962325658396,
        0.7354962325658396,
        0.7354962325658396,
        0.7354962325658396,
        0.7413811177216965,
        0.7413811177216965,
        0.7413811177216965,
        0.7413811177216965,
        0.7413811177216965,
        0.7486646191288607,
        0.7486646191288607,
        0.7486646191288607,
        0.7525086358598363,
        0.7533378475449762,
        0.7544069591573636,
        0.7544069591573636,
        0.7544069591573636,
        0.7552403620741351,
        0.7552403620741351,
        0.7552403620741351,
        0.7552403620741351,
        0.7552403620741351,
        0.7552403620741351,
        0.7552403620741351,
        0.7552403620741351,
        0.7552403620741351,
        0.7552403620741351,
        0.7552403620741351,
        0.7596967326573781,
        0.7670224780502705,
        0.7690867653865312,
        0.7798085278866127,
        0.7798085278866127,
        0.7798085278866127,
        0.7798085278866127,
        0.7798085278866127,
        0.7798085278866127,
        0.7798085278866127,
        0.7798085278866127,
        0.7798085278866127,
        0.7798085278866127,
        0.7798085278866127,
        0.7798085278866127,
        0.7798085278866127,
        0.7798085278866127,
        0.7798085278866127,
        0.7798085278866127,
        0.7798085278866127,
        0.7798085278866127,
        0.7798085278866127,
        0.7798085278866127,
        0.7798085278866127,
        0.7798085278866127,
        0.7798085278866127,
        0.7798085278866127,
        0.7798085278866127,
        0.7798085278866127,
        0.7798085278866127
    ],