{
    "bestIndiv": [
        [
            33,
            34,
            37,
            4,
            14,
            39,
            35,
            48,
            49,
            19,
            0,
            44,
            18,
            7,
            40,
            8,
            9,
            31,
            17,
            2,
            21,
            22,
            29,
            41,
            1,
            6,
            16,
            20,
            30,
            28,
            15,
            23,
            47,
            3,
            26,
            12,
            13,
            51,
            10,
            50,
            32,
            42,
            5,
            24,
            11,
            27,
            25,
            46,
            45,
            36,
            38,
            43
        ],
        0.7228634561151124
    ],
    "best": [
        0.3000830371845322,
        0.3051533602717292,
        0.3172661197871895,
        0.3191887183320633,
        0.3271057100397141,
        0.34462505638608804,
        0.3633025014924989,
        0.36973290321538776,
        0.36973290321538776,
        0.38077984928494585,
        0.3889100788909449,
        0.39902047386203515,
        0.4027969501346017,
        0.4114252466348786,
        0.41598453320737966,
        0.4366151364154454,
        0.4366151364154454,
        0.4366151364154454,
        0.4366151364154454,
        0.4591072728989206,
        0.4591072728989206,
        0.4623752484019493,
        0.4623752484019493,
        0.471799864876886,
        0.4911932913703876,
        0.4911932913703876,
        0.4911932913703876,
        0.49737466071911585,
        0.4974326974897741,
        0.4974326974897741,
        0.5142373219082346,
        0.5142373219082346,
        0.5150665638758263,
        0.5194643398713967,
        0.5194643398713967,
        0.5194643398713967,
        0.523496445298975,
        0.5349134210664204,
        0.5349134210664204,
        0.5368440059754427,
        0.5368440059754427,
        0.5389587223312307,
        0.5432496389769351,
        0.5445747075061428,
        0.5445747075061428,
        0.5562401250138391,
        0.5562401250138391,
        0.565019644579461,
        0.565019644579461,
        0.5777004632932891,
        0.5777004632932891,
        0.5777004632932891,
        0.5777932349326644,
        0.5802605153014293,
        0.5908456733588191,
        0.5908456733588191,
        0.5908456733588191,
        0.5983417580321883,
        0.6025384572049064,
        0.6072812465124385,
        0.6072812465124385,
        0.6078029829775353,
        0.6286473560640932,
        0.6286473560640932,
        0.6286473560640932,
        0.6323888782333431,
        0.6430934308136812,
        0.6435669833854802,
        0.6508746096521874,
        0.6508746096521874,
        0.6518576041502193,
        0.6592217180811702,
        0.6592217180811702,
        0.6647576059417221,
        0.6647576059417221,
        0.6647576059417221,
        0.6681600229809719,
        0.6681600229809719,
        0.6691959635021728,
        0.6691959635021728,
        0.6707573933896613,
        0.6707573933896613,
        0.6707573933896613,
        0.6707573933896613,
        0.6748789784448924,
        0.6760294112015114,
        0.6760294112015114,
        0.6760294112015114,
        0.6760294112015114,
        0.6778349899022947,
        0.6778349899022947,
        0.6778349899022947,
        0.6807301962849411,
        0.6825610065504997,
        0.6830064080325822,
        0.6830064080325822,
        0.6835818707470129,
        0.6883706484916481,
        0.6883706484916481,
        0.691377450732924,
        0.6916732357766434,
        0.6916732357766434,
        0.6922747627562961,
        0.6922747627562961,
        0.7078045061359929,
        0.7078045061359929,
        0.7078045061359929,
        0.7078045061359929,
        0.7078045061359929,
        0.7078045061359929,
        0.7078045061359929,
        0.7078045061359929,
        0.7078045061359929,
        0.7078045061359929,
        0.7078045061359929,
        0.7078045061359929,
        0.7078045061359929,
        0.7078045061359929,
        0.7078045061359929,
        0.7078045061359929,
        0.7078045061359929,
        0.7078045061359929,
        0.7078045061359929,
        0.7078045061359929,
        0.7078045061359929,
        0.7078045061359929,
        0.7078045061359929,
        0.7078045061359929,
        0.7078045061359929,
        0.7078045061359929,
        0.7078045061359929,
        0.7078045061359929,
        0.7078045061359929,
        0.7078045061359929,
        0.7078045061359929,
        0.7078045061359929,
        0.7078045061359929,
        0.7078045061359929,
        0.7078045061359929,
        0.7078045061359929,
        0.7078045061359929,
        0.7078045061359929,
        0.7078045061359929,
        0.7078045061359929,
        0.7078045061359929,
        0.7078045061359929,
        0.7078045061359929,
        0.7078045061359929,
        0.7078045061359929,
        0.7078045061359929,
        0.7078045061359929,
        0.7078045061359929,
        0.7078045061359929,
        0.7078045061359929,
        0.7078045061359929,
        0.7155651517292053,
        0.7155651517292053,
        0.7155651517292053,
        0.7155651517292053,
        0.7155651517292053,
        0.7155651517292053,
        0.7155651517292053,
        0.7155651517292053,
        0.7155651517292053,
        0.7155651517292053,
        0.7155651517292053,
        0.7155651517292053,
        0.7155651517292053,
        0.7155651517292053,
        0.7155651517292053,
        0.7155651517292053,
        0.7155651517292053,
        0.7155651517292053,
        0.7155651517292053,
        0.7155651517292053,
        0.7155651517292053,
        0.7155651517292053,
        0.7155651517292053,
        0.7155651517292053,
        0.7155651517292053,
        0.7155651517292053,
        0.7155651517292053,
        0.7155651517292053,
        0.7155651517292053,
        0.7155651517292053,
        0.7155651517292053,
        0.7155651517292053,
        0.7155651517292053,
        0.7155651517292053,
        0.7155651517292053,
        0.7155651517292053,
        0.7155651517292053,
        0.7155651517292053,
        0.7155651517292053,
        0.7155651517292053,
        0.7228634561151124,
        0.7228634561151124,
        0.7228634561151124,
        0.7228634561151124,
        0.7228634561151124,
        0.7228634561151124
    ],