{
    "bestIndiv": [
        [
            8,
            9,
            7,
            40,
            18,
            44,
            16,
            2,
            17,
            30,
            49,
            19,
            22,
            20,
            41,
            6,
            1,
            29,
            28,
            15,
            4,
            5,
            42,
            14,
            37,
            35,
            34,
            33,
            36,
            23,
            47,
            39,
            45,
            43,
            0,
            21,
            31,
            48,
            38,
            3,
            24,
            11,
            50,
            27,
            25,
            46,
            26,
            12,
            13,
            51,
            10,
            32
        ],
        0.8020876466010687
    ],
    "best": [
        0.28736496189655236,
        0.28898571636424364,
        0.2953336439887927,
        0.3165381878228617,
        0.3165381878228617,
        0.32173967947570276,
        0.3296753645343767,
        0.3369824304486868,
        0.3388926321050541,
        0.34343350977739184,
        0.3550625239003969,
        0.35625429972642053,
        0.360107980656174,
        0.3793011137510599,
        0.3793011137510599,
        0.3898489795667291,
        0.3919374285916349,
        0.39531964039143197,
        0.40937951442933734,
        0.4118338364195757,
        0.4235733201243109,
        0.435247498514247,
        0.435247498514247,
        0.435247498514247,
        0.446977312661212,
        0.45112911451922444,
        0.4548214944282254,
        0.4561253651424096,
        0.4765779525486028,
        0.47979876500315344,
        0.48003852872266406,
        0.4814679117376895,
        0.48191277049504655,
        0.48580180244539384,
        0.49016934544328356,
        0.4951054792076015,
        0.502650322721862,
        0.5061005166783602,
        0.5170905142860672,
        0.5170905142860672,
        0.5181053878001823,
        0.5213120028669219,
        0.5246635652352799,
        0.5246635652352799,
        0.5363823971520638,
        0.5363823971520638,
        0.5363823971520638,
        0.5364000201969453,
        0.5417010435637913,
        0.5417010435637913,
        0.5597330363633336,
        0.5597330363633336,
        0.5597330363633336,
        0.5655232258527121,
        0.5655232258527121,
        0.5655232258527121,
        0.5907049395119915,
        0.5907049395119915,
        0.599749035133257,
        0.599749035133257,
        0.599749035133257,
        0.6072036577337662,
        0.6072036577337662,
        0.6083555083897154,
        0.6083555083897154,
        0.617952554054645,
        0.6259962509422912,
        0.6259962509422912,
        0.6259962509422914,
        0.6298562448149625,
        0.6298562448149625,
        0.6336743575334237,
        0.6410525726611369,
        0.6410525726611369,
        0.6410525726611369,
        0.6410525726611369,
        0.6410525726611369,
        0.6495068499223657,
        0.6495068499223657,
        0.6495068499223657,
        0.6495068499223657,
        0.649824364046871,
        0.6580937404649183,
        0.672577486313638,
        0.672577486313638,
        0.672577486313638,
        0.672577486313638,
        0.6773327334502877,
        0.6910119570278426,
        0.698556058189341,
        0.698556058189341,
        0.7036871476318902,
        0.7178312410641499,
        0.7238920238958819,
        0.7301193553279028,
        0.7324447508041257,
        0.7360907154826787,
        0.7406143889567254,
        0.7463695482175139,
        0.7493736511002695,
        0.7505966215760072,
        0.7592983301686803,
        0.7592983301686803,
        0.7611037802560054,
        0.7611037802560054,
        0.765847715430367,
        0.765847715430367,
        0.765847715430367,
        0.765847715430367,
        0.765847715430367,
        0.765847715430367,
        0.765847715430367,
        0.765847715430367,
        0.765847715430367,
        0.765847715430367,
        0.765847715430367,
        0.765847715430367,
        0.765847715430367,
        0.765847715430367,
        0.765847715430367,
        0.765847715430367,
        0.765847715430367,
        0.765847715430367,
        0.765847715430367,
        0.765847715430367,
        0.765847715430367,
        0.765847715430367,
        0.765847715430367,
        0.765847715430367,
        0.765847715430367,
        0.7686938252908254,
        0.7686938252908254,
        0.7686938252908254,
        0.7686938252908254,
        0.7686938252908254,
        0.7686938252908254,
        0.7686938252908254,
        0.7686938252908254,
        0.7686938252908254,
        0.7686938252908254,
        0.7686938252908254,
        0.7686938252908254,
        0.7695114528275309,
        0.7695114528275309,
        0.7754582885929547,
        0.7754582885929547,
        0.7762903773889382,
        0.7808912954233341,
        0.7808912954233341,
        0.7808912954233341,
        0.7817534796228749,
        0.7817534796228749,
        0.7817534796228749,
        0.7817534796228749,
        0.7817534796228749,
        0.7817534796228749,
        0.7817534796228749,
        0.7817534796228749,
        0.7817534796228749,
        0.7817534796228749,
        0.7817534796228749,
        0.7817534796228749,
        0.7817534796228749,
        0.7817534796228749,
        0.7817534796228749,
        0.7817534796228749,
        0.7817534796228749,
        0.7817534796228749,
        0.7817534796228749,
        0.7817534796228749,
        0.7817534796228749,
        0.7817534796228749,
        0.7817534796228749,
        0.7817534796228749,
        0.7817534796228749,
        0.7817534796228749,
        0.7873309786325511,
        0.7873309786325511,
        0.7873309786325511,
        0.7948509069613481,
        0.8020876466010687,
        0.8020876466010687,
        0.8020876466010687,
        0.8020876466010687,
        0.8020876466010687,
        0.8020876466010687,
        0.8020876466010687,
        0.8020876466010687,
        0.8020876466010687,
        0.8020876466010687,
        0.8020876466010687,
        0.8020876466010687,
        0.8020876466010687,
        0.8020876466010687,
        0.8020876466010687,
        0.8020876466010687,
        0.8020876466010687,
        0.8020876466010687,
        0.8020876466010687,
        0.8020876466010687,
        0.8020876466010687
    ],