{
    "bestIndiv": [
        [
            8,
            7,
            18,
            40,
            2,
            16,
            6,
            1,
            41,
            20,
            30,
            17,
            48,
            35,
            34,
            33,
            38,
            36,
            4,
            14,
            23,
            5,
            3,
            32,
            42,
            39,
            37,
            47,
            24,
            25,
            26,
            12,
            27,
            11,
            50,
            10,
            51,
            13,
            46,
            28,
            15,
            45,
            43,
            0,
            22,
            29,
            19,
            49,
            21,
            31,
            44,
            9
        ],
        0.7930584346096335
    ],
    "best": [
        0.28629774866658764,
        0.2897114352757037,
        0.3047447628984167,
        0.30886565182563486,
        0.31999085156028173,
        0.3298636826052315,
        0.33563825629550254,
        0.33845397492396606,
        0.33845397492396606,
        0.3481128101684355,
        0.3481128101684355,
        0.3544159812354507,
        0.3763664938749653,
        0.3763664938749653,
        0.3817615342626252,
        0.38330703128856275,
        0.39650821652518886,
        0.40127892376954083,
        0.4054298262863837,
        0.4344247105802083,
        0.4344247105802083,
        0.4344247105802083,
        0.43771817612656283,
        0.4444104436388614,
        0.4646515688406053,
        0.47654788800578485,
        0.47654788800578485,
        0.47654788800578485,
        0.47931175665731657,
        0.49250146180685966,
        0.49250146180685966,
        0.502606325413968,
        0.5042924878487505,
        0.5042924878487505,
        0.5042924878487505,
        0.5042924878487505,
        0.5155646745761693,
        0.5155646745761693,
        0.5189727460621333,
        0.5222067776711873,
        0.5222067776711873,
        0.5259229858023761,
        0.5259229858023761,
        0.5259229858023761,
        0.5296290071103418,
        0.5676239095343208,
        0.5676239095343208,
        0.569234118822606,
        0.569234118822606,
        0.5795910294670471,
        0.5847435526184332,
        0.5982506575962825,
        0.5982506575962825,
        0.5982506575962825,
        0.6022420781540059,
        0.6022420781540059,
        0.6038112104090806,
        0.6079251439567739,
        0.6079251439567739,
        0.6079251439567739,
        0.6145586917135676,
        0.6196977623338199,
        0.6196977623338199,
        0.6196977623338199,
        0.6201802205844892,
        0.6250763586467244,
        0.6262276111280243,
        0.6262276111280243,
        0.6262276111280243,
        0.6381149807724845,
        0.6381149807724845,
        0.6381149807724845,
        0.6440663934848125,
        0.6503669162656723,
        0.6503669162656723,
        0.6579872425778432,
        0.6610181250806854,
        0.6688691007583467,
        0.6688691007583467,
        0.6717418691215685,
        0.6738958803423444,
        0.6885553052457513,
        0.6979762716441534,
        0.6979762716441534,
        0.705087352125145,
        0.705087352125145,
        0.705087352125145,
        0.705087352125145,
        0.705087352125145,
        0.7070751734465773,
        0.7070751734465773,
        0.7177505067986147,
        0.7177505067986147,
        0.71975630692011,
        0.71975630692011,
        0.7238565068721,
        0.7238565068721,
        0.7238565068721,
        0.7238565068721,
        0.7238565068721,
        0.7238565068721,
        0.7238565068721,
        0.7238565068721,
        0.7238565068721,
        0.7238565068721,
        0.7238565068721,
        0.7238565068721,
        0.7238565068721,
        0.7238565068721,
        0.7238565068721,
        0.7238565068721,
        0.7238565068721,
        0.7238565068721,
        0.7238565068721,
        0.7238565068721,
        0.7238565068721,
        0.7238565068721,
        0.7238565068721,
        0.7238565068721,
        0.7238565068721,
        0.7238565068721,
        0.7238565068721,
        0.7238565068721,
        0.7365610878714254,
        0.7365610878714254,
        0.7365610878714254,
        0.7382419989735103,
        0.7382419989735103,
        0.7423818676130413,
        0.7423818676130413,
        0.7423818676130413,
        0.7440894817698883,
        0.7440894817698883,
        0.7440894817698883,
        0.7440894817698883,
        0.7440894817698883,
        0.7440894817698883,
        0.7440894817698883,
        0.7440894817698883,
        0.7440894817698883,
        0.7440894817698883,
        0.7440894817698883,
        0.7440894817698883,
        0.7440894817698883,
        0.7440894817698883,
        0.7440894817698883,
        0.7440894817698883,
        0.7440894817698883,
        0.7440894817698883,
        0.7525000457843392,
        0.7525000457843392,
        0.7525208438097385,
        0.7534513114623856,
        0.7534513114623856,
        0.7534721621049965,
        0.7534721621049965,
        0.7538198922411021,
        0.7538198922411021,
        0.7538198922411021,
        0.7538198922411021,
        0.7547744999045006,
        0.7547744999045006,
        0.7554856366122686,
        0.7554856366122686,
        0.7564444704855191,
        0.7564444704855191,
        0.7567499962728282,
        0.7567499962728282,
        0.7646476241497677,
        0.7646476241497677,
        0.7726274700415916,
        0.7726274700415919,
        0.7726274700415919,
        0.7754974496880455,
        0.7843161976247213,
        0.7843161976247213,
        0.7843161976247213,
        0.7843161976247213,
        0.7843161976247213,
        0.7843161976247213,
        0.7843161976247213,
        0.7843161976247213,
        0.7843161976247213,
        0.7843161976247213,
        0.7843161976247213,
        0.7843161976247213,
        0.7843161976247213,
        0.7843161976247213,
        0.7843161976247213,
        0.7843161976247213,
        0.7843161976247213,
        0.787525613859481,
        0.787525613859481,
        0.7901178302119969,
        0.7901178302119969,
        0.7905089798422545,
        0.7905089798422545,
        0.7905089798422545,
        0.7930584346096335,
        0.7930584346096335,
        0.7930584346096335
    ],