{
    "bestIndiv": [
        [
            16,
            20,
            30,
            17,
            0,
            34,
            35,
            36,
            47,
            23,
            24,
            3,
            5,
            4,
            37,
            39,
            38,
            33,
            19,
            49,
            15,
            28,
            25,
            46,
            45,
            43,
            14,
            18,
            40,
            7,
            2,
            44,
            42,
            11,
            50,
            10,
            51,
            13,
            12,
            26,
            27,
            32,
            8,
            9,
            48,
            31,
            21,
            22,
            29,
            1,
            6,
            41
        ],
        0.7055653629250284
    ],
    "best": [
        0.2866095923875466,
        0.289985322555573,
        0.30913364665614124,
        0.30913364665614124,
        0.32778309548912954,
        0.33691294135714667,
        0.347425481315313,
        0.35018596982008043,
        0.35018596982008043,
        0.35281257510814373,
        0.38272602513471343,
        0.38272602513471343,
        0.38272602513471343,
        0.38272602513471343,
        0.3868648071470455,
        0.39768575309567944,
        0.39768575309567944,
        0.40861414273843366,
        0.40861414273843366,
        0.4240138372293574,
        0.42640363714902396,
        0.42640363714902396,
        0.42640363714902396,
        0.42825141895964103,
        0.4370038314773823,
        0.44336080495379754,
        0.44336080495379754,
        0.44969640907425995,
        0.46172578191108193,
        0.4685153848559885,
        0.4741318102053425,
        0.4745965166561305,
        0.4771343966370042,
        0.48642078144629836,
        0.4900969998860832,
        0.49724602172876575,
        0.49724602172876575,
        0.5011116355287376,
        0.5011116355287376,
        0.5021688398353975,
        0.5175652783789755,
        0.5175652783789755,
        0.5175652783789755,
        0.5175652783789755,
        0.5397812043581868,
        0.5397812043581868,
        0.5427695254597117,
        0.5530908143944262,
        0.5566931706675734,
        0.5584284912387214,
        0.5584284912387214,
        0.5584284912387214,
        0.5593398827948688,
        0.5669700467989273,
        0.5706523908236788,
        0.5708393301833613,
        0.5708393301833613,
        0.5716297573310487,
        0.5831484986672955,
        0.5831484986672955,
        0.5831484986672955,
        0.5842323739411321,
        0.5913119894914903,
        0.5913119894914903,
        0.5942840583790275,
        0.5942840583790275,
        0.5963551862402683,
        0.6068849071444363,
        0.6068849071444363,
        0.6068849071444363,
        0.6068849071444363,
        0.6151228088979831,
        0.6151228088979831,
        0.6215909458662302,
        0.6245211066893925,
        0.6250385248046241,
        0.6278907897337427,
        0.6335351095756473,
        0.6360140336408263,
        0.6360140336408263,
        0.645365338580785,
        0.6458013134282822,
        0.6458013134282822,
        0.6475647739049085,
        0.6480037264721896,
        0.6480037264721896,
        0.6495610188598873,
        0.6567626661207415,
        0.6567626661207415,
        0.6590406097718636,
        0.6594952634733577,
        0.6665245854212356,
        0.6669896273674363,
        0.6669896273674363,
        0.6669896273674363,
        0.6725115464832383,
        0.6760278452378691,
        0.6760278452378691,
        0.6831945821280917,
        0.6831945821280917,
        0.6894861732360702,
        0.6894861732360702,
        0.6894861732360702,
        0.6894861732360702,
        0.6894861732360702,
        0.6894861732360702,
        0.6894861732360702,
        0.6894861732360702,
        0.6894861732360702,
        0.6894861732360702,
        0.6894861732360702,
        0.6894861732360702,
        0.6894861732360702,
        0.6894861732360702,
        0.6894861732360702,
        0.6894861732360702,
        0.6894861732360702,
        0.6894861732360702,
        0.6894861732360702,
        0.6894861732360702,
        0.6894861732360702,
        0.6894861732360702,
        0.6894861732360702,
        0.6894861732360702,
        0.6894861732360702,
        0.6894861732360702,
        0.6894861732360702,
        0.6894861732360702,
        0.6894861732360702,
        0.6894861732360702,
        0.6894861732360702,
        0.6894861732360702,
        0.6894861732360702,
        0.6894861732360702,
        0.6910098157399949,
        0.6939023869036649,
        0.6939023869036649,
        0.6939023869036649,
        0.6939023869036649,
        0.6941796512539609,
        0.6941796512539609,
        0.6941796512539609,
        0.6941796512539609,
        0.6941796512539609,
        0.6941796512539609,
        0.6941796512539609,
        0.6941796512539609,
        0.6944374257428761,
        0.6944374257428761,
        0.6944374257428761,
        0.6944374257428761,
        0.6944374257428761,
        0.6945681729464851,
        0.6945681729464851,
        0.6945681729464851,
        0.6945681729464851,
        0.6945681729464851,
        0.6945681729464851,
        0.6945681729464851,
        0.6945681729464851,
        0.6945681729464851,
        0.6945681729464851,
        0.6945681729464851,
        0.6945681729464851,
        0.6945681729464851,
        0.6945681729464851,
        0.6945681729464851,
        0.6945681729464851,
        0.6945681729464851,
        0.6945681729464851,
        0.6945681729464851,
        0.6945681729464851,
        0.6945681729464851,
        0.6945681729464851,
        0.6945681729464851,
        0.6945681729464851,
        0.6945681729464851,
        0.6945681729464851,
        0.6945681729464851,
        0.7055653629250284,
        0.7055653629250284,
        0.7055653629250284,
        0.7055653629250284,
        0.7055653629250284,
        0.7055653629250284,
        0.7055653629250284,
        0.7055653629250284,
        0.7055653629250284,
        0.7055653629250284,
        0.7055653629250284,
        0.7055653629250284,
        0.7055653629250284,
        0.7055653629250284,
        0.7055653629250284,
        0.7055653629250284,
        0.7055653629250284,
        0.7055653629250284,
        0.7055653629250284,
        0.7055653629250284,
        0.7055653629250284,
        0.7055653629250284
    ],