{
    "bestIndiv": [
        [
            29,
            28,
            15,
            45,
            3,
            5,
            14,
            4,
            23,
            24,
            27,
            26,
            25,
            47,
            33,
            31,
            21,
            30,
            17,
            18,
            44,
            16,
            1,
            6,
            41,
            20,
            2,
            40,
            7,
            8,
            9,
            42,
            32,
            11,
            50,
            10,
            51,
            12,
            13,
            46,
            43,
            34,
            38,
            37,
            39,
            36,
            35,
            48,
            0,
            49,
            19,
            22
        ],
        0.751398609473947
    ],
    "best": [
        0.2878499221581428,
        0.2993458379567559,
        0.3430334843456865,
        0.3454066028189604,
        0.3476289698241391,
        0.3551658054773011,
        0.3725426949571155,
        0.3738638913802713,
        0.3738638913802713,
        0.40157472863561056,
        0.40157472863561056,
        0.40157472863561056,
        0.4082574933801421,
        0.4097107960494633,
        0.4097107960494633,
        0.43128782375924113,
        0.4505799533850879,
        0.4505799533850879,
        0.4547785692596684,
        0.4547785692596684,
        0.4662232812424367,
        0.4662232812424367,
        0.47446452062509886,
        0.47446452062509886,
        0.48561231484605255,
        0.49619825004149865,
        0.49953512693248614,
        0.510056589135809,
        0.512554899662576,
        0.512554899662576,
        0.526997420844204,
        0.5433016388516461,
        0.5601169346397489,
        0.5601169346397489,
        0.5601169346397489,
        0.5669593232554367,
        0.5722065674497885,
        0.5821861230775189,
        0.5962805153977128,
        0.5987161768419743,
        0.5987161768419743,
        0.5987161768419743,
        0.6084186019751194,
        0.6084186019751194,
        0.6214031047302724,
        0.6214031047302724,
        0.6214031047302724,
        0.6365765868320474,
        0.6365765868320474,
        0.6365765868320474,
        0.6365765868320474,
        0.6365765868320474,
        0.6365765868320474,
        0.638524701287006,
        0.6404490400940804,
        0.6446834442757785,
        0.6446834442757785,
        0.6446834442757785,
        0.6453552786059128,
        0.6453552786059128,
        0.6453552786059128,
        0.6540725870110634,
        0.6540725870110634,
        0.6547641434734021,
        0.65515726781037,
        0.6600181919956637,
        0.6600181919956637,
        0.6634103353171962,
        0.6642738906814225,
        0.6676746784059651,
        0.6676746784059651,
        0.6685493784847097,
        0.6685493784847097,
        0.6685493784847097,
        0.6685493784847097,
        0.6685493784847097,
        0.6685493784847097,
        0.6685493784847097,
        0.6685493784847097,
        0.6685493784847097,
        0.6685493784847097,
        0.6685493784847097,
        0.6685493784847097,
        0.6685493784847097,
        0.6685493784847097,
        0.6685493784847097,
        0.6767768771606931,
        0.6767768771606932,
        0.6897267409359505,
        0.6897267409359505,
        0.6897267409359505,
        0.6897267409359505,
        0.6897267409359507,
        0.6907953349158028,
        0.6907953349158028,
        0.6919342292047456,
        0.6919342292047456,
        0.6919342292047456,
        0.6920660364772765,
        0.6923372973503781,
        0.6923372973503781,
        0.6923372973503781,
        0.6960059368626732,
        0.6960059368626732,
        0.6960059368626732,
        0.6960059368626732,
        0.6975571923677183,
        0.6975571923677183,
        0.6975571923677183,
        0.6995313026059827,
        0.6995313026059827,
        0.7032038330960002,
        0.7032038330960002,
        0.7032038330960002,
        0.7047873762995239,
        0.7047873762995239,
        0.7047873762995239,
        0.7047873762995239,
        0.7047873762995239,
        0.7125696600744728,
        0.7125696600744728,
        0.7125696600744728,
        0.7125696600744728,
        0.7125696600744728,
        0.7125696600744728,
        0.7125696600744728,
        0.7125696600744728,
        0.7125696600744728,
        0.7125696600744728,
        0.7125696600744728,
        0.7125696600744728,
        0.7125696600744728,
        0.7125696600744728,
        0.7125696600744728,
        0.7125696600744728,
        0.7125696600744728,
        0.7125696600744728,
        0.7125696600744728,
        0.7125696600744728,
        0.7125696600744728,
        0.7125696600744728,
        0.7125696600744728,
        0.7125696600744728,
        0.7125696600744728,
        0.7125696600744728,
        0.7125696600744728,
        0.7125696600744728,
        0.7125696600744728,
        0.7125696600744728,
        0.7125696600744728,
        0.7125696600744728,
        0.7125696600744728,
        0.7423783048897097,
        0.7423783048897097,
        0.7423783048897097,
        0.7508260653014984,
        0.7508260653014984,
        0.7508260653014984,
        0.7508260653014984,
        0.7508260653014984,
        0.7508260653014984,
        0.7508260653014984,
        0.7508260653014984,
        0.7508260653014984,
        0.7508260653014984,
        0.7508260653014984,
        0.7508260653014984,
        0.7508260653014984,
        0.7508260653014984,
        0.7508260653014984,
        0.7508260653014984,
        0.7508260653014984,
        0.7508260653014984,
        0.7508260653014984,
        0.7508260653014984,
        0.7508260653014984,
        0.7508260653014984,
        0.751398609473947,
        0.751398609473947,
        0.751398609473947,
        0.751398609473947,
        0.751398609473947,
        0.751398609473947,
        0.751398609473947,
        0.751398609473947,
        0.751398609473947,
        0.751398609473947,
        0.751398609473947,
        0.751398609473947,
        0.751398609473947,
        0.751398609473947,
        0.751398609473947,
        0.751398609473947,
        0.751398609473947,
        0.751398609473947,
        0.751398609473947,
        0.751398609473947,
        0.751398609473947,
        0.751398609473947,
        0.751398609473947,
        0.751398609473947
    ],