{
    "bestIndiv": [
        [
            23,
            47,
            3,
            42,
            32,
            50,
            10,
            11,
            12,
            13,
            51,
            46,
            25,
            27,
            26,
            24,
            15,
            43,
            45,
            36,
            39,
            38,
            33,
            48,
            19,
            29,
            41,
            1,
            6,
            20,
            22,
            30,
            21,
            0,
            28,
            49,
            17,
            16,
            2,
            7,
            9,
            8,
            40,
            18,
            44,
            31,
            35,
            34,
            37,
            14,
            5,
            4
        ],
        0.7478065329609682
    ],
    "best": [
        0.28178294217625266,
        0.29868416420071314,
        0.3014710548907603,
        0.311741436600394,
        0.326674157680856,
        0.34226626296424484,
        0.34226626296424484,
        0.34226626296424484,
        0.36893711928196765,
        0.36893711928196765,
        0.36893711928196765,
        0.3717203832895892,
        0.40370518462222843,
        0.40370518462222843,
        0.4074419074419346,
        0.41672366082983203,
        0.41672366082983203,
        0.4485149963423749,
        0.4588996527436366,
        0.46676942616426514,
        0.46834636828323567,
        0.46834636828323567,
        0.47256389623547546,
        0.4736714254510593,
        0.4736714254510593,
        0.4887325641512266,
        0.4887325641512266,
        0.501061939819612,
        0.501061939819612,
        0.5179463356477334,
        0.5253076918083924,
        0.5253076918083924,
        0.5299124499590259,
        0.5299124499590259,
        0.539304283900585,
        0.5407167464548508,
        0.541617842796058,
        0.5484213077547951,
        0.5509217631882696,
        0.5509217631882696,
        0.558990813147682,
        0.558990813147682,
        0.5782458984443275,
        0.5852681970468318,
        0.5852681970468318,
        0.5878548849803636,
        0.5927841734828527,
        0.5927841734828527,
        0.5940769761138759,
        0.5940769761138759,
        0.6031750603290046,
        0.6063242163591163,
        0.6266578893038126,
        0.6266578893038126,
        0.6266578893038126,
        0.6266578893038127,
        0.627679761641752,
        0.627679761641752,
        0.6395087766303263,
        0.6395087766303263,
        0.6395087766303263,
        0.6395087766303263,
        0.6434696514654905,
        0.6496092641786849,
        0.6496092641786849,
        0.6538670886945032,
        0.6544151096151922,
        0.656636419378647,
        0.6644299678017557,
        0.6644299678017557,
        0.6786269986095073,
        0.6786269986095073,
        0.6791168113493549,
        0.6836556986710456,
        0.7001413742162753,
        0.7001413742162753,
        0.7001413742162753,
        0.7001413742162753,
        0.7001413742162753,
        0.7001413742162753,
        0.7001413742162753,
        0.7001413742162753,
        0.7001413742162753,
        0.7001413742162753,
        0.7001413742162753,
        0.7001413742162753,
        0.7001413742162753,
        0.7001413742162753,
        0.7001413742162753,
        0.7001413742162753,
        0.7020563437971579,
        0.7020563437971579,
        0.7033661975405022,
        0.7033661975405022,
        0.7033661975405022,
        0.7033661975405022,
        0.7268809471486809,
        0.7268809471486809,
        0.7268809471486809,
        0.7268809471486809,
        0.7268809471486809,
        0.7268809471486809,
        0.7268809471486809,
        0.7268809471486809,
        0.7268809471486809,
        0.7268809471486809,
        0.7268809471486809,
        0.7268809471486809,
        0.7268809471486809,
        0.7268809471486809,
        0.7268809471486809,
        0.7268809471486809,
        0.7268809471486809,
        0.7268809471486809,
        0.7268809471486809,
        0.7268809471486809,
        0.7268809471486809,
        0.7268809471486809,
        0.7268809471486809,
        0.7268809471486809,
        0.7268809471486809,
        0.7268809471486809,
        0.7268809471486809,
        0.7268809471486809,
        0.7268809471486809,
        0.7268809471486809,
        0.7268809471486809,
        0.7268809471486809,
        0.7268809471486809,
        0.7268809471486809,
        0.7268809471486809,
        0.7268809471486809,
        0.7268809471486809,
        0.7268809471486809,
        0.7268809471486809,
        0.7268809471486809,
        0.7268809471486809,
        0.7268809471486809,
        0.7268809471486809,
        0.7268809471486809,
        0.7268809471486809,
        0.7268809471486809,
        0.7268809471486809,
        0.7268809471486809,
        0.7268809471486809,
        0.7268809471486809,
        0.7313330108717992,
        0.7313330108717992,
        0.7313330108717992,
        0.7313330108717992,
        0.7349830362397688,
        0.7349830362397688,
        0.7354887862486312,
        0.7371762228311036,
        0.7371762228311036,
        0.7415623958265268,
        0.7432778494240591,
        0.7432778494240591,
        0.7437950833723563,
        0.7472837068171576,
        0.7472837068171576,
        0.7472837068171576,
        0.7478065329609682,
        0.7478065329609682,
        0.7478065329609682,
        0.7478065329609682,
        0.7478065329609682,
        0.7478065329609682,
        0.7478065329609682,
        0.7478065329609682,
        0.7478065329609682,
        0.7478065329609682,
        0.7478065329609682,
        0.7478065329609682,
        0.7478065329609682,
        0.7478065329609682,
        0.7478065329609682,
        0.7478065329609682,
        0.7478065329609682,
        0.7478065329609682,
        0.7478065329609682,
        0.7478065329609682,
        0.7478065329609682,
        0.7478065329609682,
        0.7478065329609682,
        0.7478065329609682,
        0.7478065329609682,
        0.7478065329609682,
        0.7478065329609682,
        0.7478065329609682,
        0.7478065329609682,
        0.7478065329609682,
        0.7478065329609682,
        0.7478065329609682,
        0.7478065329609682,
        0.7478065329609682,
        0.7478065329609682,
        0.7478065329609682,
        0.7478065329609682,
        0.7478065329609682,
        0.7478065329609682
    ],