{
    "bestIndiv": [
        [
            38,
            39,
            4,
            24,
            11,
            10,
            50,
            32,
            3,
            23,
            37,
            36,
            45,
            15,
            28,
            43,
            48,
            31,
            0,
            21,
            30,
            17,
            2,
            18,
            9,
            8,
            7,
            40,
            16,
            20,
            29,
            22,
            19,
            49,
            41,
            6,
            1,
            44,
            42,
            47,
            27,
            25,
            46,
            12,
            13,
            51,
            26,
            5,
            14,
            33,
            34,
            35
        ],
        0.6856447882201206
    ],
    "best": [
        0.2990230781085101,
        0.3085141784697704,
        0.3129649668895289,
        0.31814773311305705,
        0.3404681723871958,
        0.3404681723871958,
        0.3404681723871958,
        0.3537637557472586,
        0.36129525818610964,
        0.36129525818610964,
        0.37847039573665286,
        0.38005790131175987,
        0.38447502663967253,
        0.4072392213094413,
        0.4072392213094413,
        0.4207598841296088,
        0.4268278336311265,
        0.43836759157297983,
        0.4514802413593522,
        0.4615635603404286,
        0.46634403649445344,
        0.4663695035863287,
        0.4865649015968234,
        0.49836006861372517,
        0.49836006861372517,
        0.5007948163462839,
        0.5007948163462839,
        0.5179764500231762,
        0.5179764500231762,
        0.5191413803907934,
        0.5326166755769939,
        0.5366339597625381,
        0.5366339597625381,
        0.5429575347828118,
        0.5502295298085313,
        0.5579730311106079,
        0.5579730311106079,
        0.5579730311106079,
        0.5645648923219694,
        0.5645648923219694,
        0.5744879114668756,
        0.5824741566603516,
        0.5824741566603516,
        0.5824741566603516,
        0.5910934741404036,
        0.5917527575079566,
        0.5917527575079566,
        0.5917527575079566,
        0.5981816003840524,
        0.5984978741156127,
        0.5984978741156127,
        0.5984978741156127,
        0.6098347243122394,
        0.6098347243122394,
        0.6118822365308758,
        0.6137722292852271,
        0.6137722292852271,
        0.6145890006371288,
        0.6145890006371288,
        0.6145890006371288,
        0.6145890006371288,
        0.618884482662741,
        0.618884482662741,
        0.618884482662741,
        0.6191266001832314,
        0.6191266001832314,
        0.6191266001832314,
        0.6191266001832314,
        0.6191266001832314,
        0.6191266001832314,
        0.6191266001832314,
        0.6191266001832314,
        0.6191266001832314,
        0.6191266001832314,
        0.622014467110396,
        0.622014467110396,
        0.622014467110396,
        0.6268944714795217,
        0.6268944714795217,
        0.6268944714795217,
        0.6268944714795217,
        0.627721978630722,
        0.627721978630722,
        0.627721978630722,
        0.6281234506080615,
        0.6281234506080615,
        0.6298171087143669,
        0.6298171087143669,
        0.6326544274447169,
        0.6326544274447169,
        0.6332507319753126,
        0.6332507319753126,
        0.6332507319753126,
        0.6332507319753126,
        0.6332507319753126,
        0.6378491163230735,
        0.6378491163230735,
        0.6378491163230736,
        0.638684633480625,
        0.6442240887286401,
        0.6478171127718401,
        0.6478171127718401,
        0.6543939192426784,
        0.6543939192426784,
        0.6543939192426784,
        0.6543939192426784,
        0.6543939192426784,
        0.6543939192426784,
        0.6543939192426784,
        0.6543939192426784,
        0.6543939192426784,
        0.6543939192426784,
        0.6543939192426784,
        0.6543939192426784,
        0.6543939192426784,
        0.6543939192426784,
        0.6543939192426784,
        0.6543939192426784,
        0.6543939192426784,
        0.6543939192426784,
        0.6543939192426784,
        0.6543939192426784,
        0.6543939192426784,
        0.6543939192426784,
        0.6543939192426784,
        0.6543939192426784,
        0.6543939192426784,
        0.6543939192426784,
        0.6549673957605285,
        0.6549673957605285,
        0.6549673957605285,
        0.6549673957605285,
        0.6549673957605285,
        0.6549673957605285,
        0.6549673957605285,
        0.6549673957605285,
        0.6557679745851599,
        0.6557679745851599,
        0.6557679745851599,
        0.6557679745851599,
        0.6557679745851599,
        0.6557679745851599,
        0.6557679745851599,
        0.6557679745851599,
        0.6557679745851599,
        0.6557679745851599,
        0.6557679745851599,
        0.6557679745851599,
        0.6557679745851599,
        0.6594443598046763,
        0.6594443598046763,
        0.6594443598046763,
        0.669978922406322,
        0.669978922406322,
        0.669978922406322,
        0.669978922406322,
        0.669978922406322,
        0.669978922406322,
        0.669978922406322,
        0.669978922406322,
        0.669978922406322,
        0.669978922406322,
        0.669978922406322,
        0.669978922406322,
        0.669978922406322,
        0.669978922406322,
        0.669978922406322,
        0.673068979540511,
        0.673068979540511,
        0.673068979540511,
        0.6773231007347934,
        0.6773231007347934,
        0.6773231007347934,
        0.6780499569051985,
        0.6780499569051985,
        0.6780499569051985,
        0.6780499569051985,
        0.6846470000323053,
        0.6846470000323053,
        0.6849015667622601,
        0.6849015667622601,
        0.6849015667622601,
        0.6849015667622601,
        0.6849015667622601,
        0.6856447882201206,
        0.6856447882201206,
        0.6856447882201206,
        0.6856447882201206,
        0.6856447882201206,
        0.6856447882201206,
        0.6856447882201206,
        0.6856447882201206,
        0.6856447882201206,
        0.6856447882201206,
        0.6856447882201206,
        0.6856447882201206,
        0.6856447882201206,
        0.6856447882201206,
        0.6856447882201206,
        0.6856447882201206,
        0.6856447882201206
    ],