{
    "bestIndiv": [
        [
            21,
            44,
            18,
            40,
            7,
            8,
            9,
            32,
            42,
            14,
            4,
            23,
            45,
            15,
            28,
            49,
            19,
            29,
            41,
            1,
            6,
            20,
            30,
            17,
            43,
            47,
            3,
            27,
            26,
            25,
            13,
            51,
            12,
            46,
            22,
            16,
            2,
            31,
            48,
            36,
            50,
            10,
            11,
            24,
            5,
            37,
            39,
            38,
            35,
            34,
            33,
            0
        ],
        0.7272434778299727
    ],
    "best": [
        0.29026853471561676,
        0.3094512125771139,
        0.3157566564565777,
        0.3227244045567988,
        0.32619556890461576,
        0.34775332618905114,
        0.34775332618905114,
        0.34775332618905114,
        0.3612883686072429,
        0.38004759441752256,
        0.38004759441752256,
        0.39862121048314736,
        0.39862121048314736,
        0.39862121048314736,
        0.4228401932631215,
        0.4228401932631215,
        0.4228401932631215,
        0.4228401932631215,
        0.4265115731364119,
        0.42780691666675197,
        0.42780691666675197,
        0.4462988465195864,
        0.459675802586686,
        0.459675802586686,
        0.459675802586686,
        0.459675802586686,
        0.46412753761365244,
        0.47130072712204185,
        0.47130072712204185,
        0.473796148722802,
        0.47678837189079076,
        0.48283728664714626,
        0.48395277555930977,
        0.4970742149332135,
        0.4970742149332135,
        0.4970742149332135,
        0.5099025796635211,
        0.5099025796635211,
        0.5103991792080186,
        0.5169587389667397,
        0.5169587389667397,
        0.5193534968735324,
        0.5224859474143496,
        0.5224859474143496,
        0.5278210487134503,
        0.5278210487134503,
        0.5278210487134503,
        0.5306943830069094,
        0.5364742169273253,
        0.5517126994284871,
        0.575116049292753,
        0.5779522070209709,
        0.5780685068516243,
        0.5813272991175835,
        0.583898776139795,
        0.5927250610675758,
        0.5927250610675758,
        0.5927250610675758,
        0.5927250610675758,
        0.5952939329242651,
        0.5955586886686809,
        0.6024087189554983,
        0.6024087189554983,
        0.6025909477411021,
        0.6053359204190453,
        0.6053359204190453,
        0.6090116450479609,
        0.6141107543244275,
        0.6141107543244275,
        0.6141107543244275,
        0.6247430826934548,
        0.6247430826934548,
        0.6247430826934548,
        0.6247430826934548,
        0.6275955529597018,
        0.6323154154395926,
        0.6323154154395926,
        0.6323154154395926,
        0.6323154154395926,
        0.641933704572307,
        0.641933704572307,
        0.641933704572307,
        0.641933704572307,
        0.6423932695644183,
        0.6437027579256155,
        0.6512042097842629,
        0.6531459438553646,
        0.6531459438553646,
        0.6627455424552705,
        0.6627455424552705,
        0.6627455424552705,
        0.6627455424552705,
        0.6643814126084652,
        0.6643814126084652,
        0.6651522643718023,
        0.6651522643718023,
        0.6651522643718023,
        0.6651522643718023,
        0.6689861698919736,
        0.6689861698919736,
        0.6689861698919736,
        0.6689861698919736,
        0.6689861698919736,
        0.6689861698919736,
        0.6694796515133588,
        0.6694796515133588,
        0.6694796515133588,
        0.6694796515133588,
        0.6694796515133588,
        0.6694796515133588,
        0.6694796515133588,
        0.6694796515133588,
        0.6694796515133588,
        0.6694796515133588,
        0.6990197384688319,
        0.6990197384688319,
        0.7025439210229744,
        0.70333420792288,
        0.7082724274998888,
        0.7082724274998888,
        0.7082724274998888,
        0.7118907658267116,
        0.7118907658267116,
        0.7118907658267116,
        0.7118907658267116,
        0.7118907658267116,
        0.7118907658267116,
        0.7127149752607693,
        0.7127149752607693,
        0.7127149752607693,
        0.715997546068677,
        0.715997546068677,
        0.715997546068677,
        0.7163600477674711,
        0.7163600477674711,
        0.7163600477674711,
        0.7163600477674711,
        0.7163600477674711,
        0.7196763589726094,
        0.7196763589726094,
        0.7196763589726094,
        0.7196763589726094,
        0.7196763589726094,
        0.7196763589726094,
        0.7196763589726094,
        0.7196763589726094,
        0.7196763589726094,
        0.721119935386774,
        0.721119935386774,
        0.721119935386774,
        0.721119935386774,
        0.721119935386774,
        0.721119935386774,
        0.721119935386774,
        0.721119935386774,
        0.721119935386774,
        0.7272434778299727,
        0.7272434778299727,
        0.7272434778299727,
        0.7272434778299727,
        0.7272434778299727,
        0.7272434778299727,
        0.7272434778299727,
        0.7272434778299727,
        0.7272434778299727,
        0.7272434778299727,
        0.7272434778299727,
        0.7272434778299727,
        0.7272434778299727,
        0.7272434778299727,
        0.7272434778299727,
        0.7272434778299727,
        0.7272434778299727,
        0.7272434778299727,
        0.7272434778299727,
        0.7272434778299727,
        0.7272434778299727,
        0.7272434778299727,
        0.7272434778299727,
        0.7272434778299727,
        0.7272434778299727,
        0.7272434778299727,
        0.7272434778299727,
        0.7272434778299727,
        0.7272434778299727,
        0.7272434778299727,
        0.7272434778299727,
        0.7272434778299727,
        0.7272434778299727,
        0.7272434778299727,
        0.7272434778299727,
        0.7272434778299727,
        0.7272434778299727,
        0.7272434778299727,
        0.7272434778299727,
        0.7272434778299727,
        0.7272434778299727,
        0.7272434778299727,
        0.7272434778299727,
        0.7272434778299727,
        0.7272434778299727
    ],