{
    "bestIndiv": [
        [
            47,
            23,
            5,
            14,
            38,
            33,
            48,
            34,
            35,
            44,
            2,
            18,
            40,
            7,
            8,
            9,
            42,
            32,
            50,
            11,
            27,
            25,
            13,
            51,
            10,
            12,
            26,
            46,
            28,
            29,
            22,
            19,
            49,
            0,
            21,
            20,
            16,
            41,
            1,
            6,
            30,
            17,
            31,
            43,
            15,
            24,
            3,
            4,
            37,
            39,
            36,
            45
        ],
        0.773684750060418
    ],
    "best": [
        0.293365696484161,
        0.3060046640396905,
        0.3124334205718607,
        0.3185175337410481,
        0.3301569130818634,
        0.3537206780960498,
        0.35573407034866894,
        0.3583604946573498,
        0.36649061755239537,
        0.37210380738782245,
        0.38031025510134453,
        0.3807301624276451,
        0.40442407760045257,
        0.40463588675395,
        0.4092551515100747,
        0.4092551515100747,
        0.4125859814195452,
        0.4293024808539781,
        0.4362880557219829,
        0.43918417609873595,
        0.4428656926911129,
        0.44548101896481274,
        0.45485641064654003,
        0.4632346588437454,
        0.46447495599681177,
        0.4760350443810189,
        0.4760350443810189,
        0.485517361328781,
        0.485517361328781,
        0.4974316376560136,
        0.50340727566606,
        0.5035668093249089,
        0.5035668093249089,
        0.5159784601199859,
        0.5271577692275059,
        0.5271577692275059,
        0.5271577692275059,
        0.534987175018514,
        0.534987175018514,
        0.5419436784666412,
        0.5550062159471125,
        0.5550062159471126,
        0.5677386846968606,
        0.5677386846968606,
        0.5768437013528984,
        0.5768437013528984,
        0.5815411444437188,
        0.5926021623021716,
        0.5985004005640661,
        0.6025840559297931,
        0.6280391504919807,
        0.6345720598089065,
        0.6345720598089065,
        0.6463541377606806,
        0.6551932121706728,
        0.6551932121706728,
        0.6551932121706728,
        0.6596395153680947,
        0.6689904496034681,
        0.6784640182225227,
        0.6784640182225227,
        0.6832329227326809,
        0.6832329227326809,
        0.696526433105747,
        0.696526433105747,
        0.7059244221977684,
        0.7059244221977684,
        0.7059244221977684,
        0.7073230772794783,
        0.7073230772794783,
        0.7073230772794783,
        0.7073230772794783,
        0.7073230772794783,
        0.7073230772794783,
        0.7073230772794783,
        0.7078036472185303,
        0.7078036472185303,
        0.7078036472185303,
        0.7078036472185303,
        0.7078036472185303,
        0.7078036472185303,
        0.7078036472185303,
        0.7078036472185303,
        0.7078036472185303,
        0.7078036472185303,
        0.7078036472185303,
        0.7078036472185303,
        0.7078036472185303,
        0.7078036472185303,
        0.7078036472185303,
        0.7078036472185303,
        0.7078036472185303,
        0.7078036472185303,
        0.7078036472185303,
        0.7078036472185303,
        0.7078036472185303,
        0.7078036472185303,
        0.7078036472185303,
        0.7085406368352308,
        0.7085406368352308,
        0.7096834490791054,
        0.7164253687764381,
        0.7164253687764381,
        0.7176196771803306,
        0.7210116254510488,
        0.7214203267174508,
        0.7222338844963496,
        0.7240838447570637,
        0.7253165509513053,
        0.7254386484221056,
        0.7254386484221056,
        0.7301263146365902,
        0.7301263146365902,
        0.7301263146365902,
        0.7346663261506998,
        0.7378562696794255,
        0.7378562696794255,
        0.7387580541362679,
        0.7387580541362679,
        0.7396874909239082,
        0.7396874909239082,
        0.7396874909239082,
        0.7419027526249843,
        0.7433615403800529,
        0.7433615403800529,
        0.7433615403800529,
        0.7433615403800529,
        0.7457375524540188,
        0.7457375524540188,
        0.7457375524540188,
        0.7457375524540188,
        0.7457375524540188,
        0.7457375524540188,
        0.7457375524540188,
        0.7610148420910489,
        0.7610148420910489,
        0.7686035701645191,
        0.7686035701645191,
        0.7686035701645191,
        0.7686035701645191,
        0.7686035701645191,
        0.7686035701645191,
        0.7686035701645191,
        0.7686035701645191,
        0.7686035701645191,
        0.7686035701645191,
        0.7728237936661715,
        0.7728237936661715,
        0.7728237936661715,
        0.7730831052899083,
        0.7730831052899083,
        0.7730831052899083,
        0.7730831052899083,
        0.7730831052899083,
        0.7730831052899083,
        0.7730831052899083,
        0.7730831052899083,
        0.7730831052899083,
        0.7730831052899083,
        0.7730831052899083,
        0.7730831052899083,
        0.7730831052899083,
        0.7730831052899083,
        0.7730831052899083,
        0.7730831052899083,
        0.7730831052899083,
        0.7730831052899083,
        0.7730831052899083,
        0.7730831052899083,
        0.7730831052899083,
        0.7730831052899083,
        0.7730831052899083,
        0.7730831052899083,
        0.7730831052899083,
        0.7730831052899083,
        0.7730831052899083,
        0.7730831052899083,
        0.7730831052899083,
        0.7730831052899083,
        0.7730831052899083,
        0.773684750060418,
        0.773684750060418,
        0.773684750060418,
        0.773684750060418,
        0.773684750060418,
        0.773684750060418,
        0.773684750060418,
        0.773684750060418,
        0.773684750060418,
        0.773684750060418,
        0.773684750060418,
        0.773684750060418,
        0.773684750060418,
        0.773684750060418,
        0.773684750060418,
        0.773684750060418,
        0.773684750060418,
        0.773684750060418,
        0.773684750060418,
        0.773684750060418,
        0.773684750060418
    ],