{
    "bestIndiv": [
        [
            14,
            5,
            42,
            32,
            10,
            27,
            25,
            26,
            12,
            51,
            13,
            46,
            45,
            43,
            33,
            36,
            37,
            47,
            23,
            4,
            3,
            24,
            50,
            11,
            15,
            19,
            49,
            28,
            29,
            20,
            1,
            6,
            41,
            22,
            35,
            34,
            0,
            17,
            16,
            2,
            40,
            9,
            8,
            7,
            18,
            31,
            48,
            21,
            30,
            44,
            38,
            39
        ],
        0.7229935235113182
    ],
    "best": [
        0.2953321428489969,
        0.2965231171893405,
        0.31953145797647414,
        0.3324739472615857,
        0.3324739472615857,
        0.34307872129331635,
        0.37366606210364794,
        0.37366606210364794,
        0.3744346993139806,
        0.3831411198462199,
        0.39278948798010505,
        0.40286452188625055,
        0.40286452188625055,
        0.4056095465753221,
        0.44342227817983715,
        0.4447267674881045,
        0.4452950444416824,
        0.45855166859544755,
        0.45855166859544755,
        0.46531595005343135,
        0.4783426567024589,
        0.47915359616225345,
        0.4880571320187987,
        0.5024382135112888,
        0.5067085233018422,
        0.50934478111483,
        0.5102294836163547,
        0.5144245462596525,
        0.5180859272759482,
        0.5240247689600745,
        0.5495783630246126,
        0.5495783630246126,
        0.5495783630246126,
        0.5495783630246126,
        0.551903343024152,
        0.564593153769566,
        0.5652973739298872,
        0.5708738805191947,
        0.5708738805191947,
        0.5849658065316709,
        0.5849658065316709,
        0.5849658065316709,
        0.5882210254178445,
        0.5961986429516336,
        0.5961986429516336,
        0.603777581198121,
        0.603777581198121,
        0.603777581198121,
        0.603777581198121,
        0.603777581198121,
        0.603777581198121,
        0.603777581198121,
        0.603777581198121,
        0.603777581198121,
        0.603777581198121,
        0.603777581198121,
        0.603777581198121,
        0.6064095486684409,
        0.6064095486684409,
        0.6064095486684409,
        0.6064095486684409,
        0.6079637316126485,
        0.6079637316126485,
        0.6095339884741304,
        0.6104599490809162,
        0.6137203801918885,
        0.6137203801918885,
        0.6137203801918885,
        0.6196130584177177,
        0.6220356983361448,
        0.6220356983361448,
        0.6220356983361448,
        0.6259946518428263,
        0.6271805950945576,
        0.6296620351301102,
        0.6340262107154497,
        0.6340262107154497,
        0.6340262107154497,
        0.6347291564958982,
        0.6399523500068273,
        0.6400480048057983,
        0.6457691279405167,
        0.649196983802716,
        0.6491969838027161,
        0.6492206253509315,
        0.6492206253509317,
        0.6492206253509317,
        0.6492206253509317,
        0.6492206253509317,
        0.6492206253509317,
        0.6492206253509317,
        0.6492206253509317,
        0.6531989014703888,
        0.6531989014703888,
        0.6531989014703888,
        0.6531989014703888,
        0.6575782940732551,
        0.6575782940732551,
        0.6575782940732551,
        0.6575782940732551,
        0.6575782940732551,
        0.6575782940732551,
        0.6576208189343679,
        0.6576208189343679,
        0.6578909998027981,
        0.6578909998027981,
        0.6580256752524476,
        0.6580256752524476,
        0.6580256752524476,
        0.6580256752524476,
        0.6580256752524476,
        0.6580256752524476,
        0.6580256752524476,
        0.6580256752524476,
        0.6580256752524476,
        0.6580256752524476,
        0.658531599890797,
        0.658531599890797,
        0.658531599890797,
        0.65865784744523,
        0.65865784744523,
        0.65865784744523,
        0.6612463167829924,
        0.6613736074640307,
        0.6613736074640307,
        0.6613736074640307,
        0.6633489261587998,
        0.6779857640334308,
        0.6779857640334308,
        0.6863160264630523,
        0.6863160264630525,
        0.6863160264630525,
        0.6863160264630525,
        0.6863160264630525,
        0.6899511534467179,
        0.6899511534467179,
        0.6899511534467179,
        0.6899511534467179,
        0.7055755883183724,
        0.7055755883183724,
        0.7055755883183724,
        0.7055755883183724,
        0.7109015691422009,
        0.7109015691422009,
        0.7133724297414747,
        0.7133724297414747,
        0.7188172227494863,
        0.7195516179194175,
        0.7201417305606906,
        0.7201417305606906,
        0.7201417305606906,
        0.7208788360358518,
        0.7208788360358518,
        0.7208788360358518,
        0.7208788360358518,
        0.7208788360358518,
        0.7208788360358518,
        0.7208788360358518,
        0.7208788360358518,
        0.7208788360358518,
        0.7208788360358518,
        0.7208788360358518,
        0.7208788360358518,
        0.7208788360358518,
        0.7208788360358518,
        0.7215993106730493,
        0.7215993106730493,
        0.7215993106730493,
        0.7215993106730493,
        0.7215993106730493,
        0.7215993106730493,
        0.7215993106730493,
        0.7215993106730493,
        0.7215993106730493,
        0.7215993106730493,
        0.7215993106730493,
        0.7215993106730493,
        0.7215993106730493,
        0.7215993106730493,
        0.7215993106730493,
        0.7229935235113182,
        0.7229935235113182,
        0.7229935235113182,
        0.7229935235113182,
        0.7229935235113182,
        0.7229935235113182,
        0.7229935235113182,
        0.7229935235113182,
        0.7229935235113182,
        0.7229935235113182,
        0.7229935235113182,
        0.7229935235113182,
        0.7229935235113182,
        0.7229935235113182,
        0.7229935235113182,
        0.7229935235113182,
        0.7229935235113182,
        0.7229935235113182,
        0.7229935235113182,
        0.7229935235113182,
        0.7229935235113182
    ],