{
    "bestIndiv": [
        [
            41,
            1,
            6,
            20,
            2,
            16,
            17,
            30,
            21,
            0,
            31,
            44,
            9,
            8,
            7,
            40,
            18,
            42,
            4,
            47,
            36,
            34,
            48,
            33,
            45,
            23,
            24,
            3,
            14,
            37,
            5,
            50,
            11,
            27,
            26,
            12,
            51,
            13,
            46,
            25,
            10,
            32,
            39,
            38,
            35,
            43,
            15,
            28,
            49,
            19,
            22,
            29
        ],
        0.7660969091039144
    ],
    "best": [
        0.2843134709142403,
        0.2889031659654008,
        0.30654966460785915,
        0.30654966460785915,
        0.30893885095543294,
        0.3159992286376861,
        0.34294488659859795,
        0.34565297095651876,
        0.34654743916666303,
        0.35081825825450175,
        0.35081825825450175,
        0.35287682179128577,
        0.36603456403477547,
        0.36847481571452956,
        0.39766103740001696,
        0.39766103740001696,
        0.39766103740001696,
        0.4007167652718341,
        0.4162930954987017,
        0.41849337457071206,
        0.4243466581594979,
        0.4267275856552807,
        0.4451837597991345,
        0.4451837597991345,
        0.44555385590789054,
        0.44925830896727925,
        0.4718086160447202,
        0.4718086160447202,
        0.4934908439318968,
        0.4934908439318968,
        0.5102584791249797,
        0.51481711116908,
        0.51481711116908,
        0.5255799483722455,
        0.5361131071436682,
        0.5361131071436682,
        0.5369605103977076,
        0.5445135712412511,
        0.5445135712412511,
        0.5451194504579167,
        0.5487988918373469,
        0.5487988918373469,
        0.5491300531880746,
        0.5608596073117819,
        0.5661815189098041,
        0.5661815189098041,
        0.568923082631427,
        0.5804855116812668,
        0.591008622204118,
        0.591008622204118,
        0.591008622204118,
        0.591008622204118,
        0.6005024255957573,
        0.6005024255957573,
        0.6170936204457974,
        0.6216145577250887,
        0.6223774307332314,
        0.6288833962624119,
        0.6296348877681611,
        0.6296348877681611,
        0.642060750647852,
        0.642060750647852,
        0.6496289862726681,
        0.6496289862726681,
        0.6699072948877922,
        0.6699072948877922,
        0.6702884498783263,
        0.6830489105462432,
        0.6984056360902408,
        0.6984056360902408,
        0.7008946184989339,
        0.7008946184989339,
        0.7169058475199686,
        0.7169058475199686,
        0.7169058475199686,
        0.7169058475199686,
        0.7169058475199687,
        0.7169058475199687,
        0.7169058475199687,
        0.7169058475199687,
        0.7169058475199687,
        0.7169058475199687,
        0.7169058475199687,
        0.7169058475199687,
        0.7169058475199687,
        0.7169058475199687,
        0.7169058475199687,
        0.7169058475199687,
        0.7169058475199687,
        0.7169058475199687,
        0.7169058475199687,
        0.7169058475199687,
        0.7169058475199687,
        0.7169058475199687,
        0.7169058475199687,
        0.7169058475199687,
        0.7169058475199687,
        0.7169058475199687,
        0.7169058475199687,
        0.7169058475199687,
        0.7169058475199687,
        0.7169058475199687,
        0.7169058475199687,
        0.7270180942038065,
        0.7270180942038065,
        0.7270180942038065,
        0.7276771615519011,
        0.7276771615519011,
        0.7276771615519011,
        0.7277991038939317,
        0.7277991038939317,
        0.7277991038939317,
        0.735628675071075,
        0.735628675071075,
        0.7395541608239139,
        0.7395541608239139,
        0.7395541608239139,
        0.7395541608239139,
        0.7395541608239139,
        0.7395541608239139,
        0.7395541608239139,
        0.7395541608239139,
        0.7395541608239139,
        0.7395541608239139,
        0.7395541608239139,
        0.7395541608239139,
        0.7395541608239139,
        0.7461224649995953,
        0.7461224649995953,
        0.7461224649995953,
        0.7461224649995953,
        0.7461224649995953,
        0.7461224649995953,
        0.7461224649995953,
        0.7461224649995953,
        0.7461224649995953,
        0.7461224649995953,
        0.7461224649995953,
        0.7461224649995953,
        0.7461224649995953,
        0.7461224649995953,
        0.7461224649995953,
        0.7461224649995953,
        0.7461224649995953,
        0.7461224649995953,
        0.7461224649995953,
        0.7461224649995953,
        0.7461224649995953,
        0.7461224649995953,
        0.7461224649995953,
        0.7461224649995953,
        0.7461224649995953,
        0.7461224649995953,
        0.7461224649995953,
        0.7461224649995953,
        0.7461224649995953,
        0.748495965865152,
        0.748495965865152,
        0.7503016486637468,
        0.7542970487916462,
        0.7542970487916462,
        0.7542970487916462,
        0.7542970487916462,
        0.7542970487916462,
        0.7542970487916462,
        0.7542970487916462,
        0.7571168094635253,
        0.7571168094635253,
        0.7571168094635253,
        0.7571168094635253,
        0.7571168094635253,
        0.7571168094635253,
        0.7571168094635253,
        0.7571168094635253,
        0.7571168094635253,
        0.7571168094635253,
        0.7571168094635253,
        0.7571168094635253,
        0.7571168094635253,
        0.7571168094635253,
        0.7571168094635253,
        0.7571168094635253,
        0.7571168094635253,
        0.7571168094635253,
        0.7571168094635253,
        0.7571168094635253,
        0.7571168094635253,
        0.7571168094635253,
        0.7571168094635253,
        0.7571168094635253,
        0.7571168094635253,
        0.7571168094635253,
        0.7571168094635253,
        0.7571168094635253,
        0.7648027333861745,
        0.7648027333861745,
        0.7660969091039144,
        0.7660969091039144,
        0.7660969091039144,
        0.7660969091039144,
        0.7660969091039144
    ],