{
    "bestIndiv": [
        [
            22,
            29,
            49,
            19,
            25,
            27,
            10,
            50,
            11,
            24,
            23,
            47,
            36,
            38,
            31,
            30,
            16,
            6,
            1,
            41,
            20,
            43,
            3,
            5,
            14,
            4,
            37,
            35,
            48,
            44,
            18,
            42,
            32,
            9,
            8,
            7,
            40,
            2,
            17,
            21,
            0,
            34,
            33,
            39,
            45,
            26,
            12,
            51,
            13,
            46,
            28,
            15
        ],
        0.7039724160261923
    ],
    "best": [
        0.2861159382151202,
        0.2931216300724998,
        0.31668975691829293,
        0.34248243716567867,
        0.34248243716567867,
        0.34248243716567867,
        0.34248243716567867,
        0.3477467846146621,
        0.3477467846146621,
        0.3660326511904712,
        0.3660326511904712,
        0.37115646251433476,
        0.37115646251433476,
        0.378671003721685,
        0.378671003721685,
        0.39138556203010944,
        0.39138556203010944,
        0.39268899228727555,
        0.3931822513647864,
        0.39931702042040484,
        0.40520659571866746,
        0.40526292452842044,
        0.40656900084713826,
        0.4138140207918085,
        0.43267208909284144,
        0.43267208909284144,
        0.43490851523202345,
        0.43823908230794195,
        0.43823908230794195,
        0.45808113878075796,
        0.4596872448120934,
        0.47526463190121454,
        0.4794548234574896,
        0.480363577280869,
        0.48505481719971777,
        0.4868853159881489,
        0.4891574143482333,
        0.4961858321271274,
        0.5001652132712971,
        0.5036664515332863,
        0.5111250281309929,
        0.5168152926619137,
        0.5208891913081171,
        0.5250624977535284,
        0.5250624977535284,
        0.5501264338317146,
        0.5501264338317146,
        0.5501264338317146,
        0.5567148091476062,
        0.5567148091476062,
        0.5567148091476062,
        0.5567148091476062,
        0.5567148091476062,
        0.5567148091476062,
        0.5583404207194494,
        0.5779029095322626,
        0.5805267483314955,
        0.593380349521627,
        0.5981743735123755,
        0.5981743735123755,
        0.6163827354003598,
        0.6163827354003598,
        0.6244145782579648,
        0.6244145782579648,
        0.629389923938027,
        0.629389923938027,
        0.629389923938027,
        0.629389923938027,
        0.6324519274099673,
        0.6324519274099673,
        0.6324519274099673,
        0.6324519274099673,
        0.6324519274099673,
        0.6405626950261442,
        0.6405626950261442,
        0.6405626950261442,
        0.6405626950261442,
        0.6477483111989899,
        0.6477483111989899,
        0.6504803572254861,
        0.6504803572254861,
        0.6511653891834955,
        0.6511653891834955,
        0.651675570271244,
        0.6526617054344465,
        0.6526617054344465,
        0.6622209299807438,
        0.6622209299807438,
        0.6661338472087411,
        0.6661338472087411,
        0.6661338472087411,
        0.6708373005427468,
        0.6771562801894971,
        0.6771562801894971,
        0.6771562801894971,
        0.6771562801894971,
        0.6788234914677437,
        0.6788234914677437,
        0.6788234914677437,
        0.6801545105972497,
        0.6801545105972497,
        0.6801545105972497,
        0.6801545105972497,
        0.6801545105972497,
        0.6801545105972497,
        0.6801545105972497,
        0.6801545105972497,
        0.6801545105972497,
        0.6801545105972497,
        0.6880368338339434,
        0.6880368338339434,
        0.6880368338339434,
        0.6880368338339434,
        0.6883077387065993,
        0.6883077387065993,
        0.6883077387065993,
        0.6894743691661984,
        0.6897464074640559,
        0.6897464074640559,
        0.6897464074640559,
        0.6897950327674768,
        0.6897950327674768,
        0.6897950327674768,
        0.6897950327674768,
        0.6897950327674768,
        0.6897950327674768,
        0.6897950327674768,
        0.6897950327674768,
        0.6897950327674768,
        0.6897950327674768,
        0.6897950327674768,
        0.6897950327674768,
        0.6897950327674768,
        0.6897950327674768,
        0.6906947749474036,
        0.6906947749474036,
        0.6906947749474036,
        0.6906947749474036,
        0.6906947749474036,
        0.6906947749474036,
        0.6906947749474036,
        0.6906947749474036,
        0.6906947749474036,
        0.6925108644224548,
        0.6925108644224548,
        0.6925108644224548,
        0.6925108644224548,
        0.6925108644224548,
        0.6925108644224548,
        0.6925108644224548,
        0.6925108644224548,
        0.6925108644224548,
        0.6925108644224548,
        0.6925108644224548,
        0.6925108644224548,
        0.6925108644224548,
        0.6925108644224548,
        0.6967451168339303,
        0.6967451168339303,
        0.6967451168339303,
        0.6967451168339303,
        0.6967451168339303,
        0.6967451168339303,
        0.6967451168339303,
        0.6999515136504667,
        0.6999515136504667,
        0.6999515136504667,
        0.6999515136504667,
        0.6999515136504667,
        0.6999515136504667,
        0.6999515136504667,
        0.6999515136504667,
        0.6999515136504667,
        0.6999515136504667,
        0.6999515136504667,
        0.6999515136504667,
        0.6999515136504667,
        0.6999515136504667,
        0.7039724160261923,
        0.7039724160261923,
        0.7039724160261923,
        0.7039724160261923,
        0.7039724160261923,
        0.7039724160261923,
        0.7039724160261923,
        0.7039724160261923,
        0.7039724160261923,
        0.7039724160261923,
        0.7039724160261923,
        0.7039724160261923,
        0.7039724160261923,
        0.7039724160261923,
        0.7039724160261923,
        0.7039724160261923,
        0.7039724160261923,
        0.7039724160261923,
        0.7039724160261923,
        0.7039724160261923,
        0.7039724160261923,
        0.7039724160261923,
        0.7039724160261923
    ],