{
    "bestIndiv": [
        [
            30,
            22,
            36,
            14,
            3,
            5,
            4,
            37,
            39,
            45,
            33,
            34,
            38,
            48,
            31,
            17,
            2,
            44,
            35,
            43,
            15,
            49,
            19,
            29,
            28,
            1,
            41,
            6,
            16,
            40,
            7,
            18,
            8,
            9,
            42,
            32,
            10,
            50,
            51,
            13,
            12,
            46,
            25,
            26,
            27,
            11,
            24,
            23,
            47,
            0,
            21,
            20
        ],
        0.7362924798903709
    ],
    "best": [
        0.28999371619417674,
        0.3184421579806037,
        0.3184421579806037,
        0.3256707935458131,
        0.33494484481443,
        0.3373962201341451,
        0.3514375912819164,
        0.36802516789768014,
        0.36802516789768014,
        0.37855463130556427,
        0.3854660427657416,
        0.3854660427657416,
        0.39230993374102163,
        0.39490002504926547,
        0.39490002504926547,
        0.4029830953664744,
        0.41236536558200876,
        0.4130992950811905,
        0.42883388736210926,
        0.42883388736210926,
        0.4301447512756853,
        0.4424284613230908,
        0.4424284613230908,
        0.4436515914145802,
        0.453707249230166,
        0.48311220299442814,
        0.48311220299442814,
        0.48311220299442814,
        0.4902108539035538,
        0.5015944255435945,
        0.5017400859975992,
        0.509417288057535,
        0.509417288057535,
        0.5504593586726455,
        0.5504593586726455,
        0.5541140856358721,
        0.5553167534832605,
        0.5553167534832605,
        0.5553167534832605,
        0.5662577312968087,
        0.5662577312968087,
        0.57565012047243,
        0.5772940450516222,
        0.5777846149209773,
        0.5785851680500953,
        0.5842481722968444,
        0.5926269090189908,
        0.5926269090189908,
        0.5926269090189908,
        0.5931438955776985,
        0.5988900075386451,
        0.5988900075386451,
        0.5998501771202301,
        0.6021496478138717,
        0.6031203063373313,
        0.6031203063373313,
        0.6031203063373313,
        0.6031203063373313,
        0.603958644460218,
        0.603958644460218,
        0.603958644460218,
        0.6047243663636879,
        0.6047243663636879,
        0.6047243663636879,
        0.6047243663636879,
        0.6047443620287697,
        0.6200471857734371,
        0.6200471857734371,
        0.6200682076152091,
        0.6276553229447052,
        0.6276553229447052,
        0.6276553229447052,
        0.6391078142561275,
        0.6391078142561275,
        0.6391078142561275,
        0.6391078142561275,
        0.648152458703247,
        0.648152458703247,
        0.648152458703247,
        0.648152458703247,
        0.648152458703247,
        0.6522869521393676,
        0.6551705434456233,
        0.6676715591375317,
        0.6676715591375317,
        0.6730107793802557,
        0.6810738305805825,
        0.6825576543666507,
        0.6825576543666507,
        0.6828709793483984,
        0.6828709793483984,
        0.6828709793483984,
        0.6843261113837628,
        0.6843261113837628,
        0.6843261113837628,
        0.6843261113837628,
        0.6843261113837628,
        0.6843261113837628,
        0.6843261113837628,
        0.6843261113837628,
        0.6843261113837628,
        0.6879043573661666,
        0.6879043573661666,
        0.6879043573661666,
        0.6879043573661666,
        0.6879043573661666,
        0.6879043573661666,
        0.6879043573661666,
        0.6879043573661666,
        0.6879043573661666,
        0.6879043573661666,
        0.6879043573661666,
        0.6912115928751619,
        0.6912115928751619,
        0.6912115928751619,
        0.6912115928751619,
        0.6912115928751619,
        0.6912115928751619,
        0.6944193170268333,
        0.6944193170268333,
        0.7031844042519063,
        0.7031844042519063,
        0.7031844042519063,
        0.7045083003592105,
        0.7045083003592105,
        0.7045083003592105,
        0.7094630787437436,
        0.7094630787437436,
        0.7094630787437436,
        0.7094630787437436,
        0.7094630787437436,
        0.7094630787437436,
        0.7094630787437436,
        0.7097400337501514,
        0.7097400337501514,
        0.7275882635115444,
        0.7275882635115444,
        0.7278795533421544,
        0.7278795533421544,
        0.7278795533421544,
        0.7278795533421544,
        0.7278795533421544,
        0.7278795533421544,
        0.7278795533421544,
        0.7278795533421544,
        0.7278795533421544,
        0.7278795533421544,
        0.7278795533421544,
        0.7278795533421544,
        0.7278795533421544,
        0.7278795533421544,
        0.7278795533421544,
        0.7278795533421544,
        0.7278795533421544,
        0.7278795533421544,
        0.7278795533421544,
        0.7278795533421544,
        0.7278795533421544,
        0.7278795533421544,
        0.7278795533421544,
        0.7278795533421544,
        0.7278795533421544,
        0.7278795533421544,
        0.7278795533421544,
        0.7278795533421544,
        0.7278795533421544,
        0.7278795533421544,
        0.7278795533421544,
        0.7278795533421544,
        0.7278795533421544,
        0.7278795533421544,
        0.7278795533421544,
        0.7278795533421544,
        0.7278795533421544,
        0.7278795533421544,
        0.7278795533421544,
        0.7278795533421544,
        0.7278795533421544,
        0.7278795533421544,
        0.7278795533421544,
        0.7278795533421544,
        0.7278795533421544,
        0.7278795533421544,
        0.7278795533421544,
        0.7278795533421544,
        0.7327340119913826,
        0.7327340119913826,
        0.7327340119913826,
        0.7362924798903709,
        0.7362924798903709,
        0.7362924798903709,
        0.7362924798903709,
        0.7362924798903709,
        0.7362924798903709,
        0.7362924798903709,
        0.7362924798903709,
        0.7362924798903709,
        0.7362924798903709,
        0.7362924798903709,
        0.7362924798903709,
        0.7362924798903709
    ],