{
    "bestIndiv": [
        [
            31,
            17,
            30,
            20,
            41,
            1,
            6,
            29,
            28,
            15,
            36,
            14,
            42,
            32,
            9,
            8,
            7,
            40,
            18,
            44,
            2,
            16,
            21,
            0,
            34,
            39,
            37,
            3,
            5,
            4,
            23,
            47,
            43,
            22,
            19,
            49,
            27,
            11,
            50,
            10,
            51,
            12,
            13,
            26,
            46,
            25,
            24,
            45,
            33,
            35,
            38,
            48
        ],
        0.7839498342661303
    ],
    "best": [
        0.3123150139911174,
        0.3178996084971784,
        0.3178996084971784,
        0.33168825318372575,
        0.33168825318372575,
        0.33168825318372575,
        0.35025325383724176,
        0.35025325383724176,
        0.361152753026718,
        0.37276466218567833,
        0.3953131754324416,
        0.3953131754324416,
        0.3953131754324416,
        0.3953420002515012,
        0.3986085870119328,
        0.3992796543675531,
        0.41446468589868374,
        0.41446468589868374,
        0.43135303366190086,
        0.43135303366190086,
        0.43135303366190086,
        0.43135303366190086,
        0.44455593080646927,
        0.4445559308064693,
        0.45746984821291503,
        0.45746984821291503,
        0.4578096945578098,
        0.468290909793327,
        0.468290909793327,
        0.47603971841372067,
        0.47603971841372067,
        0.47603971841372067,
        0.4848362138882925,
        0.5016393126079497,
        0.5016393126079497,
        0.5016393126079497,
        0.5038639718358312,
        0.504049436938889,
        0.504049436938889,
        0.5095505343047392,
        0.5147687283418015,
        0.5147687283418015,
        0.5157992161106557,
        0.5262259184896317,
        0.5309238495944285,
        0.5309238495944285,
        0.535945887935413,
        0.5370485133089722,
        0.5370485133089722,
        0.5450532191855906,
        0.5495685347454958,
        0.5555285844539348,
        0.5555285844539348,
        0.5579577589059072,
        0.5613785126623713,
        0.5613785126623713,
        0.5613785126623713,
        0.5613785126623713,
        0.5676735460801406,
        0.5683793922971871,
        0.5696403418591146,
        0.5789400909779011,
        0.58053102584855,
        0.58053102584855,
        0.5809883545516087,
        0.5809883545516088,
        0.6039460782615836,
        0.6039460782615836,
        0.6044410583398178,
        0.6044410583398178,
        0.6045674533660768,
        0.6077104409135172,
        0.621183322313123,
        0.621183322313123,
        0.621183322313123,
        0.621183322313123,
        0.621183322313123,
        0.6269988383211204,
        0.6269988383211204,
        0.6309855497182144,
        0.6386987745998636,
        0.6386987745998636,
        0.6386987745998636,
        0.6404531017944065,
        0.6688232543880505,
        0.6688232543880505,
        0.6688232543880505,
        0.6751897672353201,
        0.6751897672353201,
        0.6751897672353201,
        0.6751897672353201,
        0.6751897672353201,
        0.6772945059882153,
        0.6772945059882153,
        0.6772945059882153,
        0.6774876283760448,
        0.6801532672745669,
        0.680649697426249,
        0.685691699109909,
        0.6863180223032662,
        0.6863180223032662,
        0.6863180223032662,
        0.6863180223032662,
        0.6863180223032662,
        0.6865576179986458,
        0.6865576179986458,
        0.6865576179986458,
        0.6865576179986458,
        0.6865576179986458,
        0.6867382911065423,
        0.6871973440841386,
        0.6871973440841386,
        0.6871973440841386,
        0.6907683485904915,
        0.6907683485904915,
        0.6907683485904915,
        0.6907683485904915,
        0.6957142035281497,
        0.6957142035281497,
        0.7024520718984303,
        0.7024520718984303,
        0.7060553554011745,
        0.7060553554011745,
        0.7083752285539184,
        0.7083752285539184,
        0.7083752285539184,
        0.7217950457564195,
        0.7217950457564195,
        0.7259534360590094,
        0.7464128880486994,
        0.7464128880486994,
        0.7464128880486994,
        0.7464128880486994,
        0.7464128880486994,
        0.7549866776458514,
        0.7549866776458514,
        0.7549866776458514,
        0.7590076516823332,
        0.7590076516823332,
        0.7590076516823332,
        0.7590076516823332,
        0.7590076516823332,
        0.7590076516823332,
        0.7590076516823332,
        0.7590076516823332,
        0.7590076516823332,
        0.7590076516823332,
        0.7590076516823332,
        0.7590076516823332,
        0.7590076516823332,
        0.7590076516823332,
        0.7590076516823332,
        0.7590076516823332,
        0.7590076516823332,
        0.7626219211974339,
        0.7626219211974339,
        0.7667825495207057,
        0.7667825495207057,
        0.7667825495207057,
        0.7667825495207057,
        0.7667825495207057,
        0.7709414209059112,
        0.7709414209059112,
        0.7709414209059112,
        0.7709414209059112,
        0.7709414209059112,
        0.7709414209059112,
        0.7709414209059112,
        0.7709414209059112,
        0.7709414209059112,
        0.7709414209059112,
        0.7819611294184549,
        0.7819611294184549,
        0.7819611294184549,
        0.7819611294184549,
        0.7819611294184549,
        0.7819611294184549,
        0.7819611294184549,
        0.7819611294184549,
        0.7819611294184549,
        0.7819611294184549,
        0.7819611294184549,
        0.7819611294184549,
        0.7819611294184549,
        0.7819611294184549,
        0.7819611294184549,
        0.7819611294184549,
        0.7819611294184549,
        0.7819611294184549,
        0.7819611294184549,
        0.7819611294184549,
        0.7819611294184549,
        0.7819611294184549,
        0.7819611294184549,
        0.7819611294184549,
        0.7819611294184549,
        0.7819611294184549,
        0.7819611294184549,
        0.7819611294184549,
        0.7839498342661303,
        0.7839498342661303
    ],