{
    "bestIndiv": [
        [
            3,
            5,
            23,
            47,
            37,
            14,
            4,
            15,
            28,
            22,
            30,
            44,
            40,
            18,
            48,
            35,
            34,
            33,
            49,
            19,
            29,
            1,
            6,
            41,
            20,
            21,
            17,
            16,
            2,
            31,
            0,
            43,
            45,
            36,
            38,
            39,
            9,
            8,
            7,
            42,
            32,
            50,
            10,
            51,
            13,
            12,
            26,
            46,
            25,
            27,
            11,
            24
        ],
        0.779420465889413
    ],
    "best": [
        0.3007324081009109,
        0.3007324081009109,
        0.3046791860961667,
        0.33944934883594374,
        0.33944934883594374,
        0.33944934883594374,
        0.35032214804203105,
        0.355464229475142,
        0.3573292701568638,
        0.36172247470733254,
        0.3686481113481125,
        0.38203041876236415,
        0.3837737845214325,
        0.40687991039866983,
        0.40687991039866983,
        0.41423892320924255,
        0.41423892320924255,
        0.4215197539954947,
        0.43081851921603503,
        0.4453687661419347,
        0.4453687661419347,
        0.4453687661419347,
        0.4561067197160862,
        0.45653269340695213,
        0.46041591962603706,
        0.4755062763133338,
        0.48770919605972696,
        0.4914170628895623,
        0.4914170628895623,
        0.5065796174630964,
        0.5065796174630964,
        0.5065796174630964,
        0.5065796174630964,
        0.5130483217025734,
        0.5145165060405839,
        0.5145165060405839,
        0.5145165060405839,
        0.5159807143626931,
        0.5335709310371272,
        0.5345959276000225,
        0.5345959276000225,
        0.5400279481481657,
        0.5400279481481657,
        0.5400279481481657,
        0.5576381530760252,
        0.5576381530760252,
        0.5576381530760252,
        0.5648795251007618,
        0.5709478919709272,
        0.5738610107735177,
        0.5862198522827409,
        0.5882093202402043,
        0.5942230172413114,
        0.5942230172413114,
        0.5949935645745745,
        0.6032397673285139,
        0.6032397673285139,
        0.605128039667655,
        0.6095470852912189,
        0.6095470852912189,
        0.6114751137309491,
        0.6114751137309491,
        0.614000002988643,
        0.6270607131895413,
        0.6270607131895413,
        0.6270607131895413,
        0.6297162336759706,
        0.6311189365225661,
        0.6414559681649048,
        0.6414559681649048,
        0.6457032882216851,
        0.6457032882216851,
        0.6457032882216851,
        0.6457032882216851,
        0.6461145302617203,
        0.6481739207597677,
        0.6481739207597677,
        0.6481739207597677,
        0.6485883168732323,
        0.6485883168732323,
        0.6530348678482591,
        0.6562070262679695,
        0.6728873915433231,
        0.6728873915433231,
        0.6728884187273156,
        0.6738731396011571,
        0.675120712826912,
        0.675120712826912,
        0.6765639229971162,
        0.6765639229971162,
        0.6797388083461805,
        0.6797388083461805,
        0.704538906004607,
        0.704538906004607,
        0.7200300178367355,
        0.7200300178367357,
        0.7200300178367357,
        0.7207616714194641,
        0.7234895900804018,
        0.7234895900804018,
        0.7234895900804018,
        0.7234895900804018,
        0.7234895900804018,
        0.7234895900804018,
        0.7234895900804018,
        0.7234895900804018,
        0.7291643551732832,
        0.7291643551732832,
        0.7291643551732832,
        0.7365728083601751,
        0.7365728083601751,
        0.7424555027123693,
        0.7424555027123693,
        0.7424555027123693,
        0.7424555027123693,
        0.7450617788904721,
        0.7510814042938669,
        0.7510814042938669,
        0.7555473741206946,
        0.7555473741206946,
        0.7630350125135651,
        0.7630350125135651,
        0.7630350125135651,
        0.7630350125135651,
        0.7654691059350173,
        0.7654691059350173,
        0.7654691059350173,
        0.7654691059350173,
        0.7654691059350173,
        0.7654691059350173,
        0.7654691059350173,
        0.7654691059350173,
        0.7654691059350173,
        0.7654691059350173,
        0.7654691059350173,
        0.7654691059350173,
        0.7654691059350173,
        0.7654691059350173,
        0.7654691059350173,
        0.7654691059350173,
        0.7654691059350173,
        0.7654691059350173,
        0.7654691059350173,
        0.7679123031129764,
        0.7679123031129764,
        0.7679123031129764,
        0.7679123031129764,
        0.7679123031129764,
        0.7679123031129764,
        0.7679123031129764,
        0.7679123031129764,
        0.7679123031129764,
        0.769075227447036,
        0.769075227447036,
        0.769075227447036,
        0.7691747836729341,
        0.7691747836729341,
        0.7691747836729341,
        0.7691747836729341,
        0.7691747836729341,
        0.7691747836729341,
        0.7691747836729341,
        0.7691747836729341,
        0.7691747836729341,
        0.7691747836729341,
        0.7691747836729341,
        0.7691747836729341,
        0.7774114759586342,
        0.7774114759586342,
        0.7774114759586342,
        0.7774114759586342,
        0.7774114759586342,
        0.7774114759586342,
        0.7774114759586342,
        0.7774114759586342,
        0.7774114759586342,
        0.7774114759586342,
        0.7774114759586342,
        0.7774114759586342,
        0.7774114759586342,
        0.7774114759586342,
        0.7774114759586342,
        0.7774114759586342,
        0.7774114759586342,
        0.7774114759586342,
        0.7774114759586342,
        0.778305320551015,
        0.778305320551015,
        0.778305320551015,
        0.778305320551015,
        0.778305320551015,
        0.778305320551015,
        0.779420465889413,
        0.779420465889413,
        0.779420465889413,
        0.779420465889413,
        0.779420465889413,
        0.779420465889413,
        0.779420465889413,
        0.779420465889413,
        0.779420465889413
    ],