{
    "bestIndiv": [
        [
            50,
            10,
            26,
            25,
            27,
            12,
            51,
            13,
            46,
            45,
            15,
            49,
            28,
            19,
            22,
            29,
            30,
            31,
            48,
            21,
            20,
            41,
            1,
            6,
            16,
            2,
            17,
            0,
            43,
            33,
            34,
            38,
            42,
            23,
            47,
            4,
            14,
            5,
            3,
            32,
            9,
            8,
            40,
            18,
            7,
            44,
            35,
            39,
            36,
            37,
            24,
            11
        ],
        0.7582851223693013
    ],
    "best": [
        0.3040573944085855,
        0.3040573944085855,
        0.3214358917635827,
        0.3303656632535202,
        0.3323685170959048,
        0.35393683673650306,
        0.35393683673650306,
        0.35393683673650306,
        0.3809662379181463,
        0.3809662379181463,
        0.38261588515130085,
        0.4098359836203346,
        0.4098359836203346,
        0.4098359836203346,
        0.4214558140225515,
        0.42858116399001056,
        0.43227400728031695,
        0.4469198749168561,
        0.4469198749168561,
        0.4515387399794357,
        0.4598257008378207,
        0.4598257008378207,
        0.4630313504896772,
        0.4630313504896772,
        0.47193950716001604,
        0.4942454210592413,
        0.4942454210592413,
        0.4942454210592413,
        0.5212731732078,
        0.5212731732078,
        0.5212731732078,
        0.5248531645413159,
        0.5379246122189525,
        0.5457678869361072,
        0.5457678869361072,
        0.5544289924552532,
        0.5544289924552532,
        0.5545800603282844,
        0.5545800603282846,
        0.5638700878337173,
        0.5742016604237986,
        0.5742016604237986,
        0.5742016604237986,
        0.5814552916481471,
        0.5814552916481471,
        0.5816103994871742,
        0.5816103994871742,
        0.5818045756964398,
        0.582728402974963,
        0.5857299354896949,
        0.5873370323348104,
        0.5981359859677118,
        0.5981359859677118,
        0.5981359859677118,
        0.5981359859677118,
        0.5985056042509062,
        0.6073208595439565,
        0.6096487387042308,
        0.6130089586422379,
        0.6231657575158462,
        0.6231657575158462,
        0.6231657575158462,
        0.6231657575158462,
        0.6231657575158462,
        0.6261680727061959,
        0.6330236824863689,
        0.6330236824863689,
        0.6330236824863689,
        0.6330236824863689,
        0.6357518616978332,
        0.6357518616978332,
        0.6405369818037517,
        0.6522515864048714,
        0.6522515864048714,
        0.6522515864048714,
        0.6522515864048714,
        0.652792954448868,
        0.6575445524041764,
        0.6575445524041764,
        0.6575445524041764,
        0.6622161077023566,
        0.66319148812551,
        0.66319148812551,
        0.6665460004171821,
        0.6665460004171821,
        0.6689021114185564,
        0.6689021114185564,
        0.6689021114185564,
        0.6689021114185564,
        0.6689021114185564,
        0.6689021114185564,
        0.6689021114185564,
        0.6829549741891147,
        0.6829549741891147,
        0.6829549741891147,
        0.6829549741891147,
        0.6829549741891147,
        0.6829549741891147,
        0.6903761472058324,
        0.6903761472058324,
        0.6903761472058324,
        0.6996874309634838,
        0.6996874309634838,
        0.6996874309634838,
        0.7055423835640323,
        0.7193115301720379,
        0.7193115301720379,
        0.7193115301720379,
        0.7193115301720379,
        0.7193115301720379,
        0.7193115301720379,
        0.7206462253731748,
        0.7206462253731748,
        0.7206462253731748,
        0.7206462253731748,
        0.7206462253731748,
        0.7206462253731748,
        0.7206462253731748,
        0.7225773255895043,
        0.7225773255895043,
        0.7225773255895043,
        0.7225773255895043,
        0.7225773255895043,
        0.7236050722208159,
        0.7236050722208159,
        0.7236050722208159,
        0.7236050722208159,
        0.723605072220816,
        0.723605072220816,
        0.7241414165142546,
        0.7241414165142546,
        0.7241414165142546,
        0.7286199746604425,
        0.7286199746604425,
        0.7351680334147259,
        0.7403450625890281,
        0.7403450625890281,
        0.7403450625890281,
        0.7403450625890281,
        0.7403450625890281,
        0.7418303631875104,
        0.7418303631875104,
        0.7418303631875104,
        0.7418303631875104,
        0.7418303631875104,
        0.7418303631875104,
        0.7418303631875104,
        0.7418303631875104,
        0.7418303631875104,
        0.7418303631875104,
        0.7418303631875104,
        0.7418303631875104,
        0.7418303631875104,
        0.7418303631875104,
        0.7529350605374814,
        0.7529350605374814,
        0.7529350605374814,
        0.7529350605374814,
        0.7529350605374814,
        0.7529350605374814,
        0.7529350605374814,
        0.7529350605374814,
        0.7537531875562454,
        0.7537531875562454,
        0.7537531875562454,
        0.7537531875562454,
        0.7537531875562454,
        0.7537531875562454,
        0.7549962683849007,
        0.7549962683849007,
        0.7549962683849007,
        0.7549962683849007,
        0.7549962683849007,
        0.7549962683849007,
        0.7549962683849007,
        0.7549962683849007,
        0.7549962683849007,
        0.7549962683849007,
        0.7549962683849007,
        0.7549962683849007,
        0.7549962683849007,
        0.7573751683636568,
        0.7573751683636568,
        0.7573751683636568,
        0.7573751683636568,
        0.7582851223693013,
        0.7582851223693013,
        0.7582851223693013,
        0.7582851223693013,
        0.7582851223693013,
        0.7582851223693013,
        0.7582851223693013,
        0.7582851223693013,
        0.7582851223693013,
        0.7582851223693013,
        0.7582851223693013,
        0.7582851223693013,
        0.7582851223693013,
        0.7582851223693013,
        0.7582851223693013,
        0.7582851223693013
    ],