{
    "bestIndiv": [
        [
            17,
            21,
            0,
            48,
            34,
            33,
            43,
            28,
            29,
            1,
            6,
            41,
            30,
            44,
            7,
            9,
            8,
            40,
            18,
            31,
            35,
            36,
            47,
            23,
            24,
            11,
            27,
            26,
            25,
            46,
            13,
            51,
            12,
            10,
            50,
            32,
            4,
            14,
            5,
            3,
            42,
            38,
            39,
            37,
            45,
            15,
            19,
            49,
            22,
            20,
            16,
            2
        ],
        0.7943339328620305
    ],
    "best": [
        0.284757160386086,
        0.3040361188101609,
        0.31069261814127763,
        0.34015936242988454,
        0.34949421260132046,
        0.34949421260132046,
        0.35752207323414115,
        0.36943668708246974,
        0.3918920199309195,
        0.4014147258960232,
        0.40586352284401805,
        0.40586352284401805,
        0.4184232398075798,
        0.4184232398075798,
        0.42793348756269173,
        0.43207483005194014,
        0.4468158553888604,
        0.4468158553888604,
        0.4468158553888604,
        0.4468158553888604,
        0.46856519175719324,
        0.46856519175719324,
        0.46856519175719324,
        0.47645237230225906,
        0.48212952424862654,
        0.49564568844655155,
        0.49564568844655155,
        0.49564568844655155,
        0.5073324772174277,
        0.5209748852712676,
        0.5209748852712676,
        0.5312011910784338,
        0.5312011910784338,
        0.5564513930977842,
        0.5586654105439579,
        0.5586654105439579,
        0.5626623864264021,
        0.5666773373488841,
        0.5973978712316051,
        0.5973978712316051,
        0.5973978712316051,
        0.6402450340835117,
        0.6402450340835117,
        0.6402450340835117,
        0.6402450340835117,
        0.6402450340835117,
        0.6402450340835117,
        0.6402450340835117,
        0.6444532062200689,
        0.6453840730349102,
        0.6453840730349102,
        0.6496602971578329,
        0.6516116748111185,
        0.652325818275391,
        0.6576131280732552,
        0.6657557812904361,
        0.6657557812904361,
        0.6657557812904361,
        0.6675244480573188,
        0.6675244480573188,
        0.6675244480573188,
        0.6675244480573188,
        0.6675244480573188,
        0.6675244480573188,
        0.6675244480573188,
        0.6675244480573188,
        0.6675244480573188,
        0.6675244480573188,
        0.6675244480573188,
        0.6675244480573188,
        0.6675244480573188,
        0.6675244480573188,
        0.6675244480573188,
        0.6675244480573188,
        0.6675244480573188,
        0.6675244480573188,
        0.6686147007602059,
        0.6686147007602059,
        0.6716800470601856,
        0.6729113637084502,
        0.6763659533435015,
        0.6763659533435015,
        0.6768419764958635,
        0.6768419764958635,
        0.6812350985586486,
        0.6854530174947427,
        0.6862401464139746,
        0.6862401464139746,
        0.6867301748754533,
        0.691253024461598,
        0.6938331534661121,
        0.6959228753642298,
        0.6967342479419107,
        0.6967342479419107,
        0.7028939462428049,
        0.7035046063611952,
        0.7102428970411503,
        0.7121146466543744,
        0.713307008628619,
        0.7254415958065934,
        0.7254415958065934,
        0.7254415958065934,
        0.7266339103775363,
        0.7364296537598258,
        0.7364296537598258,
        0.7364296537598258,
        0.7376583917650256,
        0.737696283618119,
        0.737696283618119,
        0.743783415056853,
        0.743783415056853,
        0.743783415056853,
        0.743783415056853,
        0.7438956118195874,
        0.7438956118195874,
        0.7445945565670707,
        0.7445945565670707,
        0.7445945565670707,
        0.7445945565670707,
        0.7455183651453117,
        0.7455183651453117,
        0.7455183651453117,
        0.7455183651453117,
        0.7455183651453117,
        0.7455183651453117,
        0.7455183651453117,
        0.7541209082795097,
        0.7541209082795097,
        0.7541209082795097,
        0.7541209082795097,
        0.7541209082795097,
        0.7541209082795097,
        0.7541209082795097,
        0.7541209082795097,
        0.7541209082795097,
        0.7541209082795097,
        0.7541209082795097,
        0.7541209082795097,
        0.7541209082795097,
        0.7541209082795097,
        0.7541209082795097,
        0.7541209082795097,
        0.7541209082795097,
        0.7541209082795097,
        0.7541209082795097,
        0.7541209082795097,
        0.7541209082795097,
        0.7541209082795097,
        0.7541209082795097,
        0.7541209082795097,
        0.7541209082795097,
        0.7541209082795097,
        0.7541209082795097,
        0.7541209082795097,
        0.7541209082795097,
        0.7541209082795097,
        0.7541209082795097,
        0.7554823191691287,
        0.7554823191691287,
        0.7554823191691287,
        0.7554823191691287,
        0.7554823191691287,
        0.7599554687443314,
        0.7742308702426139,
        0.7742308702426139,
        0.7742308702426139,
        0.7789294823868032,
        0.7789294823868032,
        0.7789294823868032,
        0.7789294823868032,
        0.7789294823868032,
        0.7789294823868034,
        0.7789294823868034,
        0.7789294823868034,
        0.7789294823868034,
        0.7789294823868034,
        0.7789294823868034,
        0.7789294823868034,
        0.7789294823868034,
        0.7789294823868034,
        0.7789294823868034,
        0.7789294823868034,
        0.7789294823868034,
        0.7789294823868034,
        0.7789294823868034,
        0.7789294823868034,
        0.7789294823868034,
        0.7830962495751473,
        0.7830962495751473,
        0.7830962495751473,
        0.7830962495751473,
        0.7830962495751473,
        0.7943339328620305,
        0.7943339328620305,
        0.7943339328620305,
        0.7943339328620305,
        0.7943339328620305,
        0.7943339328620305,
        0.7943339328620305,
        0.7943339328620305,
        0.7943339328620305
    ],