{
    "bestIndiv": [
        [
            31,
            44,
            2,
            16,
            19,
            49,
            28,
            15,
            45,
            24,
            14,
            4,
            36,
            34,
            35,
            48,
            0,
            22,
            29,
            41,
            6,
            1,
            20,
            30,
            17,
            21,
            43,
            33,
            37,
            23,
            47,
            5,
            3,
            11,
            26,
            12,
            51,
            13,
            46,
            25,
            27,
            50,
            10,
            32,
            42,
            9,
            8,
            40,
            7,
            18,
            39,
            38
        ],
        0.7841128743388918
    ],
    "best": [
        0.29677378681497585,
        0.29677378681497585,
        0.31086982947685826,
        0.31436889736606993,
        0.31715710421713983,
        0.3182013922388688,
        0.32868635632431115,
        0.3342998426664038,
        0.34883670392136124,
        0.3496160781231104,
        0.3678805790449684,
        0.377886789229491,
        0.377886789229491,
        0.38563118000498203,
        0.40554014415057726,
        0.40554014415057726,
        0.40554014415057726,
        0.42022670360423986,
        0.42022670360423986,
        0.4228890022066127,
        0.4274737442585629,
        0.43155383021020643,
        0.44547045449846195,
        0.45016687987457643,
        0.45016687987457643,
        0.452741134475169,
        0.47435528104101193,
        0.48315943159173813,
        0.48315943159173813,
        0.4883709834724504,
        0.49247365679859545,
        0.5018042911130335,
        0.5018042911130335,
        0.5018042911130335,
        0.5243990118421227,
        0.5355567275859329,
        0.5355567275859329,
        0.5355567275859329,
        0.5461260170406448,
        0.5461260170406448,
        0.5496831223841467,
        0.5496831223841467,
        0.5580946566442494,
        0.5580946566442494,
        0.5598981680325393,
        0.5642213431160892,
        0.567991464193919,
        0.5748139065679847,
        0.5830230004515741,
        0.6008007683684718,
        0.6162963190126883,
        0.6162963190126883,
        0.6162963190126883,
        0.6162963190126883,
        0.6340332081005691,
        0.6340332081005691,
        0.635017502779042,
        0.6436134427467298,
        0.6436134427467298,
        0.6436134427467298,
        0.6436134427467298,
        0.6436134427467298,
        0.6436134427467298,
        0.648138951404524,
        0.648138951404524,
        0.648138951404524,
        0.648138951404524,
        0.648138951404524,
        0.6489140932247948,
        0.6489140932247948,
        0.6489140932247948,
        0.6489140932247948,
        0.6489140932247948,
        0.6489140932247948,
        0.6489140932247948,
        0.6489140932247948,
        0.6489140932247948,
        0.6489140932247948,
        0.6489140932247948,
        0.6552771457770418,
        0.6552771457770418,
        0.6552771457770418,
        0.6552771457770418,
        0.6552771457770418,
        0.6552771457770418,
        0.6577784125264416,
        0.6577784125264416,
        0.6577784125264416,
        0.6577784125264416,
        0.6577784125264416,
        0.6777381397969563,
        0.6777381397969563,
        0.6777381397969563,
        0.6777381397969563,
        0.6777381397969563,
        0.6777381397969563,
        0.6777381397969563,
        0.6777381397969563,
        0.6777381397969563,
        0.6777381397969563,
        0.6777381397969563,
        0.6777381397969563,
        0.6777381397969563,
        0.6777381397969563,
        0.6777381397969563,
        0.6777381397969563,
        0.6777381397969563,
        0.6777381397969563,
        0.6777381397969563,
        0.6777381397969563,
        0.6777381397969563,
        0.6777381397969563,
        0.6777381397969563,
        0.6777381397969563,
        0.682501583499006,
        0.6908036016845002,
        0.6908036016845002,
        0.6908036016845002,
        0.6957531460236688,
        0.6957531460236688,
        0.7007457066048409,
        0.7007457066048409,
        0.7007457066048409,
        0.70096749215021,
        0.70096749215021,
        0.70096749215021,
        0.7021628930842406,
        0.7033629828602346,
        0.7033629828602346,
        0.7047907862414314,
        0.7152986811491819,
        0.7180200628544404,
        0.7180200628544404,
        0.7200433794077612,
        0.7239786349228475,
        0.7299908547016936,
        0.7299908547016936,
        0.7299908547016936,
        0.7299908547016936,
        0.7346195051818191,
        0.7346195051818191,
        0.7346195051818191,
        0.7346195051818191,
        0.745594083096381,
        0.7504233734590059,
        0.7504233734590059,
        0.7504233734590059,
        0.7504233734590059,
        0.7504233734590059,
        0.7504233734590059,
        0.7504233734590059,
        0.7504233734590059,
        0.7504233734590059,
        0.7504233734590059,
        0.7504233734590059,
        0.7504233734590059,
        0.7504233734590059,
        0.7522197177556184,
        0.7522197177556184,
        0.7522197177556184,
        0.7522197177556184,
        0.7522197177556184,
        0.7522197177556184,
        0.7523693874493641,
        0.7523693874493641,
        0.7523693874493641,
        0.7523693874493641,
        0.7523693874493641,
        0.7523693874493641,
        0.7523693874493641,
        0.7554054032713055,
        0.7554960483657286,
        0.7554960483657286,
        0.7554960483657286,
        0.7554960483657286,
        0.7554960483657286,
        0.7554960483657286,
        0.7554960483657286,
        0.7554960483657286,
        0.7554960483657286,
        0.7554960483657286,
        0.7554960483657286,
        0.7560351471899642,
        0.7560351471899642,
        0.759963948906326,
        0.7602462902509391,
        0.7602462902509391,
        0.7602462902509391,
        0.7602462902509391,
        0.7602462902509391,
        0.7608434361821647,
        0.7608434361821647,
        0.7664451082065028,
        0.7664451082065028,
        0.7664451082065028,
        0.7749164739953002,
        0.776022835647818,
        0.776022835647818,
        0.7841128743388918,
        0.7841128743388918,
        0.7841128743388918
    ],