{
    "bestIndiv": [
        [
            3,
            5,
            14,
            4,
            39,
            38,
            36,
            47,
            24,
            11,
            26,
            25,
            15,
            34,
            35,
            31,
            48,
            0,
            43,
            33,
            49,
            19,
            22,
            1,
            6,
            41,
            29,
            28,
            46,
            13,
            51,
            12,
            27,
            10,
            50,
            32,
            42,
            9,
            8,
            7,
            40,
            18,
            44,
            21,
            17,
            20,
            16,
            2,
            30,
            37,
            23,
            45
        ],
        0.7438320490106787
    ],
    "best": [
        0.2982676061331995,
        0.2982676061331995,
        0.34412545486093665,
        0.34412545486093665,
        0.3506146897799825,
        0.3506146897799825,
        0.3506146897799825,
        0.3506146897799825,
        0.3562878292357949,
        0.3767358006544534,
        0.3767358006544534,
        0.40463590509474245,
        0.4139747064621682,
        0.41984935099138965,
        0.42339963967017047,
        0.42881709349316455,
        0.4384972117820412,
        0.4403398207670778,
        0.4565844892134031,
        0.4565844892134031,
        0.45796265033321853,
        0.45796265033321853,
        0.4767919602945765,
        0.4864522876793796,
        0.4864522876793796,
        0.4864522876793796,
        0.49726259984228083,
        0.5010917318299324,
        0.5010917318299324,
        0.5076459135350033,
        0.5253085664170781,
        0.5253085664170781,
        0.5253085664170781,
        0.5257293684792288,
        0.5389067310098562,
        0.5389067310098562,
        0.5505713930753484,
        0.5505713930753484,
        0.5505713930753484,
        0.555845970497996,
        0.5673387533632394,
        0.5693382515021992,
        0.5706798286382442,
        0.5706798286382442,
        0.5732399076673428,
        0.5781743386694921,
        0.5781743386694921,
        0.594633761960308,
        0.598285857162623,
        0.598285857162623,
        0.6001776493888603,
        0.6193360398513668,
        0.6193360398513668,
        0.6193360398513668,
        0.6193360398513668,
        0.6193360398513668,
        0.6193360398513668,
        0.6199475935417906,
        0.6199475935417906,
        0.6199475935417906,
        0.6199475935417906,
        0.6241736157963741,
        0.6252372090805319,
        0.6252372090805319,
        0.6252372090805319,
        0.6273364660954396,
        0.6301677781301598,
        0.6301677781301598,
        0.6344714984348814,
        0.6344714984348814,
        0.6477075892043185,
        0.6477075892043185,
        0.6477075892043185,
        0.6477075892043185,
        0.6522550837517542,
        0.6522550837517542,
        0.6611010430766184,
        0.6611010430766184,
        0.6611010430766184,
        0.6615207176634021,
        0.6615207176634021,
        0.664503502719706,
        0.6699059810038552,
        0.6704814945798239,
        0.6738677162627412,
        0.6738677162627412,
        0.6738677162627413,
        0.6754251938865214,
        0.6754251938865214,
        0.6758958135620367,
        0.6793167579991806,
        0.6793167579991806,
        0.6813778373458302,
        0.6813778373458302,
        0.6813778373458302,
        0.6813778373458302,
        0.6813778373458302,
        0.6813778373458302,
        0.6813778373458302,
        0.6841237514226288,
        0.6841237514226288,
        0.6841237514226288,
        0.6841237514226288,
        0.6841237514226288,
        0.6841237514226288,
        0.6905969597420827,
        0.6905969597420827,
        0.6905969597420827,
        0.6991322301192915,
        0.6991322301192915,
        0.7090567668850727,
        0.7090567668850727,
        0.7126194250278438,
        0.7126194250278438,
        0.7126194250278438,
        0.7297994773018792,
        0.73305627430458,
        0.73305627430458,
        0.73305627430458,
        0.73305627430458,
        0.73305627430458,
        0.73305627430458,
        0.73305627430458,
        0.73305627430458,
        0.73305627430458,
        0.73305627430458,
        0.7332690810586173,
        0.7358716529233527,
        0.7358716529233527,
        0.7402895747893203,
        0.7402895747893203,
        0.7402895747893203,
        0.7402895747893203,
        0.7402895747893203,
        0.7402895747893203,
        0.7402895747893203,
        0.7402895747893203,
        0.7402895747893203,
        0.7402895747893203,
        0.7402895747893203,
        0.7402895747893203,
        0.7402895747893203,
        0.7402895747893203,
        0.7402895747893203,
        0.7402895747893203,
        0.7402895747893203,
        0.7402895747893203,
        0.7402895747893203,
        0.7402895747893203,
        0.7402895747893203,
        0.7402895747893203,
        0.7402895747893203,
        0.7402895747893203,
        0.7402895747893203,
        0.7402895747893203,
        0.7402895747893203,
        0.7402895747893203,
        0.7402895747893203,
        0.7402895747893203,
        0.7402895747893203,
        0.7402895747893203,
        0.7402895747893203,
        0.7402895747893203,
        0.7402895747893203,
        0.7402895747893203,
        0.7402895747893203,
        0.7402895747893203,
        0.7402895747893203,
        0.7402895747893203,
        0.7402895747893203,
        0.7402895747893203,
        0.7402895747893203,
        0.7402895747893203,
        0.7402895747893203,
        0.7402895747893203,
        0.7402895747893203,
        0.7402895747893203,
        0.7402895747893203,
        0.7402895747893203,
        0.7402895747893203,
        0.7402895747893203,
        0.7402895747893203,
        0.7402895747893203,
        0.7402895747893203,
        0.7402895747893203,
        0.7402895747893203,
        0.7402895747893203,
        0.7402895747893203,
        0.7402895747893203,
        0.7402895747893203,
        0.7402895747893203,
        0.7402895747893203,
        0.7402895747893203,
        0.7402895747893203,
        0.7402895747893203,
        0.7402895747893203,
        0.7402895747893203,
        0.7402895747893203,
        0.7438320490106787,
        0.7438320490106787,
        0.7438320490106787
    ],