{
    "bestIndiv": [
        [
            5,
            14,
            37,
            39,
            38,
            36,
            23,
            4,
            3,
            24,
            47,
            34,
            35,
            48,
            31,
            30,
            20,
            16,
            41,
            6,
            1,
            29,
            28,
            19,
            49,
            15,
            22,
            17,
            2,
            21,
            0,
            44,
            18,
            7,
            40,
            9,
            8,
            33,
            43,
            45,
            11,
            27,
            25,
            46,
            13,
            51,
            12,
            26,
            10,
            50,
            32,
            42
        ],
        0.7888244265127512
    ],
    "best": [
        0.28736496189655236,
        0.29062114461772875,
        0.30359849123577276,
        0.3115708730411672,
        0.31675616490376335,
        0.33778977851284847,
        0.3432773105378105,
        0.3514021010029385,
        0.3675107182526582,
        0.37660128778026347,
        0.37850956290220833,
        0.4001543692253617,
        0.41069342356563593,
        0.41069342356563593,
        0.41069342356563593,
        0.4119116656099995,
        0.4252271165615534,
        0.4259834454628102,
        0.4376384067564023,
        0.4376384067564023,
        0.4598575438899081,
        0.4598575438899081,
        0.48120893703389944,
        0.512468402818335,
        0.512468402818335,
        0.512468402818335,
        0.512468402818335,
        0.512468402818335,
        0.512468402818335,
        0.512468402818335,
        0.512468402818335,
        0.512468402818335,
        0.512468402818335,
        0.512468402818335,
        0.512468402818335,
        0.512468402818335,
        0.512468402818335,
        0.5163605002771792,
        0.5163605002771792,
        0.5163605002771792,
        0.5163907138477878,
        0.5163907138477878,
        0.5198805714069981,
        0.5198805714069981,
        0.5205095315700552,
        0.5240865944673343,
        0.5240865944673343,
        0.5422280990273468,
        0.5429408920480987,
        0.5468050849314517,
        0.549610869783766,
        0.549610869783766,
        0.549610869783766,
        0.5685966406312953,
        0.5685966406312953,
        0.5750727066324658,
        0.5921236459742614,
        0.5958916502100349,
        0.606217921059919,
        0.6248426359275933,
        0.6264692116340669,
        0.6264692116340669,
        0.637892594519364,
        0.6446270371771663,
        0.6446270371771663,
        0.6497887309089356,
        0.6565618428872169,
        0.6602479063493526,
        0.661563326628093,
        0.661563326628093,
        0.661563326628093,
        0.6619953503588899,
        0.6685759993119201,
        0.6685759993119201,
        0.6685759993119201,
        0.6719273342680612,
        0.6719273342680612,
        0.6719273342680612,
        0.6912844787935581,
        0.6912844787935581,
        0.6912844787935581,
        0.6912844787935581,
        0.6912844787935583,
        0.6912844787935583,
        0.6912844787935583,
        0.6958804975834995,
        0.6958804975834995,
        0.6958804975834995,
        0.6958804975834995,
        0.6959026374961017,
        0.6959026374961017,
        0.6959026374961017,
        0.69717681000294,
        0.69717681000294,
        0.69717681000294,
        0.699525877007353,
        0.699525877007353,
        0.699525877007353,
        0.699525877007353,
        0.699525877007353,
        0.699525877007353,
        0.699525877007353,
        0.699525877007353,
        0.699525877007353,
        0.699525877007353,
        0.699525877007353,
        0.699525877007353,
        0.699525877007353,
        0.699525877007353,
        0.699525877007353,
        0.699525877007353,
        0.699525877007353,
        0.699525877007353,
        0.699525877007353,
        0.699525877007353,
        0.699525877007353,
        0.699525877007353,
        0.699525877007353,
        0.7072467560069347,
        0.7196634063699212,
        0.7196634063699212,
        0.7196634063699212,
        0.7196634063699212,
        0.7196634063699212,
        0.7196634063699212,
        0.7196634063699212,
        0.7196634063699212,
        0.7196634063699212,
        0.7196634063699212,
        0.7196634063699212,
        0.7196634063699212,
        0.7196634063699212,
        0.7196634063699212,
        0.7285056197878297,
        0.7285056197878297,
        0.7286047589527297,
        0.7290054462563067,
        0.7290054462563067,
        0.7291896626843472,
        0.7291896626843472,
        0.7291896626843472,
        0.7291896626843472,
        0.7296904285574453,
        0.7296904285574453,
        0.7296904285574453,
        0.7296904285574453,
        0.7296904285574453,
        0.7296904285574453,
        0.7366377018612257,
        0.7366377018612257,
        0.7366377018612257,
        0.7366377018612257,
        0.7366377018612257,
        0.7366377018612257,
        0.7366621542714845,
        0.7366621542714845,
        0.7366621542714845,
        0.7366621542714845,
        0.7366621542714845,
        0.7366621542714845,
        0.7366621542714845,
        0.7366621542714845,
        0.7366621542714845,
        0.7429653721670014,
        0.7492017600740719,
        0.7492017600740719,
        0.7492017600740719,
        0.7492017600740719,
        0.7675379162832824,
        0.7675379162832824,
        0.7811604158628916,
        0.7811604158628916,
        0.7811604158628916,
        0.7811604158628916,
        0.7811604158628916,
        0.7811604158628916,
        0.7811604158628916,
        0.7811604158628916,
        0.7811604158628916,
        0.7811604158628916,
        0.7811604158628916,
        0.7811604158628916,
        0.7811604158628916,
        0.7811604158628916,
        0.7811604158628916,
        0.7811604158628916,
        0.7811604158628916,
        0.7832726608284127,
        0.7832726608284127,
        0.7832726608284127,
        0.7832726608284127,
        0.7832726608284127,
        0.7832726608284127,
        0.7832726608284127,
        0.7832726608284127,
        0.7837738017640791,
        0.7837738017640791,
        0.7885546372367029,
        0.7885546372367029,
        0.7888244265127512,
        0.7888244265127512
    ],