{
    "bestIndiv": [
        [
            18,
            7,
            40,
            8,
            9,
            42,
            5,
            4,
            14,
            37,
            47,
            3,
            24,
            23,
            38,
            35,
            34,
            33,
            43,
            45,
            32,
            50,
            10,
            11,
            26,
            25,
            46,
            13,
            51,
            12,
            27,
            36,
            39,
            0,
            48,
            49,
            19,
            15,
            28,
            29,
            22,
            21,
            17,
            30,
            20,
            41,
            1,
            6,
            16,
            2,
            31,
            44
        ],
        0.7669124069796893
    ],
    "best": [
        0.2938599743734584,
        0.31655391838602787,
        0.31655391838602787,
        0.3191059378872491,
        0.35945590413826956,
        0.35945590413826956,
        0.35945590413826956,
        0.3660393864492503,
        0.37204771624203986,
        0.37948117023693145,
        0.37992091422203655,
        0.3937426221938908,
        0.4137451672577279,
        0.41374516725772803,
        0.42391576037701634,
        0.43524103914581114,
        0.44469420405153093,
        0.44541191473150527,
        0.4491313418259759,
        0.462017703651198,
        0.46808259497497484,
        0.480110885506236,
        0.5158669544269306,
        0.5158669544269306,
        0.5158669544269306,
        0.5601969099309558,
        0.5601969099309558,
        0.5601969099309558,
        0.5601969099309558,
        0.5601969099309558,
        0.5676693113230357,
        0.5676693113230357,
        0.5676693113230357,
        0.5763871819546433,
        0.5763871819546433,
        0.5763871819546433,
        0.5787057454397376,
        0.5873074693135596,
        0.5881182750601754,
        0.5882003075810274,
        0.591807730641332,
        0.5959625587468456,
        0.5959625587468456,
        0.5959625587468456,
        0.6011029169104697,
        0.6153797286842173,
        0.6153797286842173,
        0.616645310268621,
        0.6200122107547201,
        0.6208333046643435,
        0.6208333046643436,
        0.6208333046643436,
        0.623073807356881,
        0.6337838022069731,
        0.6346398963787198,
        0.6346398963787198,
        0.6368611957066328,
        0.6386539677436835,
        0.6386539677436835,
        0.6531540042088301,
        0.6531540042088301,
        0.6531540042088301,
        0.6531540042088301,
        0.6531540042088301,
        0.6720165251548226,
        0.6720165251548226,
        0.6720165251548226,
        0.6720165251548226,
        0.6720165251548226,
        0.6720165251548226,
        0.6720165251548226,
        0.6720165251548226,
        0.6812432296511237,
        0.6812432296511237,
        0.6812432296511237,
        0.6812432296511237,
        0.6821429122174514,
        0.6821429122174514,
        0.6821429122174514,
        0.6821429122174514,
        0.6821429122174514,
        0.6821429122174514,
        0.6821429122174514,
        0.6821429122174514,
        0.6821429122174514,
        0.6821429122174514,
        0.6821429122174514,
        0.6821429122174514,
        0.6821429122174514,
        0.6821429122174514,
        0.6821429122174514,
        0.6886507263594945,
        0.6886507263594945,
        0.6948175107356578,
        0.6948175107356578,
        0.6948175107356578,
        0.7004212476647101,
        0.7004212476647101,
        0.7004212476647101,
        0.702955981390985,
        0.702955981390985,
        0.702955981390985,
        0.702955981390985,
        0.7053442596940624,
        0.7053442596940624,
        0.7053442596940624,
        0.7053442596940624,
        0.7053442596940624,
        0.7053442596940624,
        0.7053442596940624,
        0.7053442596940624,
        0.7079042081454404,
        0.7079042081454404,
        0.7079042081454404,
        0.7079042081454404,
        0.7079042081454404,
        0.7079042081454404,
        0.7079042081454404,
        0.7079042081454404,
        0.7079042081454404,
        0.7079042081454404,
        0.7079042081454404,
        0.7079042081454404,
        0.7079042081454404,
        0.7079042081454404,
        0.7079042081454404,
        0.7079042081454404,
        0.7079042081454404,
        0.7114445443596252,
        0.7114445443596252,
        0.7114445443596252,
        0.7186716093720107,
        0.7186716093720107,
        0.7186716093720107,
        0.7186716093720107,
        0.7186716093720107,
        0.7186716093720107,
        0.7186716093720107,
        0.7186716093720107,
        0.7186716093720107,
        0.7186716093720107,
        0.7186716093720107,
        0.721229560985515,
        0.721229560985515,
        0.721229560985515,
        0.7343761201324055,
        0.7370472943868986,
        0.7370472943868986,
        0.7370472943868986,
        0.7370472943868986,
        0.7370472943868986,
        0.7370472943868986,
        0.7370472943868986,
        0.7370472943868986,
        0.7370472943868986,
        0.7370472943868986,
        0.7370472943868986,
        0.7370472943868986,
        0.7370472943868986,
        0.7370472943868986,
        0.7370472943868986,
        0.7370472943868986,
        0.7457503968015972,
        0.7457503968015972,
        0.7457503968015972,
        0.7457503968015972,
        0.7643403468157666,
        0.7643403468157666,
        0.7643403468157666,
        0.7643403468157666,
        0.7643403468157666,
        0.7643403468157666,
        0.7643403468157666,
        0.7643403468157666,
        0.7643403468157666,
        0.7643403468157666,
        0.7643403468157666,
        0.7643403468157666,
        0.7643403468157666,
        0.7643403468157666,
        0.7660841112234595,
        0.7660841112234595,
        0.7660841112234595,
        0.7660841112234595,
        0.7660841112234595,
        0.7660841112234595,
        0.7660841112234595,
        0.7660841112234595,
        0.7660841112234595,
        0.7660841112234595,
        0.7660841112234595,
        0.7660841112234595,
        0.7660841112234595,
        0.7660841112234595,
        0.7669124069796893,
        0.7669124069796893,
        0.7669124069796893,
        0.7669124069796893,
        0.7669124069796893,
        0.7669124069796893,
        0.7669124069796893
    ],