{
    "bestIndiv": [
        [
            3,
            24,
            47,
            36,
            23,
            5,
            14,
            42,
            50,
            32,
            9,
            8,
            7,
            40,
            39,
            4,
            37,
            38,
            35,
            34,
            33,
            0,
            21,
            49,
            28,
            29,
            19,
            22,
            30,
            17,
            2,
            18,
            44,
            31,
            48,
            16,
            6,
            1,
            41,
            20,
            43,
            15,
            45,
            27,
            26,
            12,
            25,
            46,
            13,
            51,
            10,
            11
        ],
        0.7384662917089292
    ],
    "best": [
        0.2990230781085101,
        0.3085141784697704,
        0.3085141784697704,
        0.31355157166688435,
        0.31355157166688435,
        0.3434300616654739,
        0.34638899245732035,
        0.3794934119654242,
        0.3794934119654242,
        0.3889464872968955,
        0.390050932238234,
        0.39830918045020736,
        0.4197569565543902,
        0.4197569565543902,
        0.4197569565543902,
        0.4287078901154236,
        0.4326752345342164,
        0.4326752345342164,
        0.43756262392525674,
        0.43756262392525674,
        0.45401337747171316,
        0.45401337747171316,
        0.45401337747171316,
        0.46760665930411516,
        0.46760665930411516,
        0.46933529898230597,
        0.4935645412385408,
        0.4935645412385408,
        0.4935645412385408,
        0.49468122935079645,
        0.5052179717562236,
        0.5052179717562236,
        0.515935557474059,
        0.515935557474059,
        0.5166921164678284,
        0.5199489005189315,
        0.5315310381840038,
        0.5315310381840038,
        0.5346417362449891,
        0.5653098666438597,
        0.5653098666438597,
        0.5653098666438597,
        0.5653098666438597,
        0.5653098666438597,
        0.5826767438340789,
        0.5826767438340789,
        0.5826767438340789,
        0.5826767438340789,
        0.5941041879185041,
        0.5985286478054375,
        0.5985286478054375,
        0.5985286478054375,
        0.6025059365155433,
        0.6025059365155433,
        0.616477818621069,
        0.6220045783717024,
        0.6220045783717024,
        0.6220045783717024,
        0.6220045783717024,
        0.6220045783717024,
        0.6220045783717024,
        0.6220045783717024,
        0.6220045783717024,
        0.6224693210112582,
        0.6224693210112582,
        0.6224693210112582,
        0.6224906608742351,
        0.6265319149852187,
        0.6307250885981075,
        0.6307250885981075,
        0.6317960226348294,
        0.6380880452686029,
        0.6431117041985905,
        0.6442022958573619,
        0.6477376369435677,
        0.6485827040875037,
        0.6485827040875037,
        0.6488439878789622,
        0.6488439878789622,
        0.6553145542856279,
        0.6574744970737361,
        0.6574744970737361,
        0.6654919972439209,
        0.6654919972439209,
        0.6681977654908614,
        0.6710905462934618,
        0.6752780555249441,
        0.6752780555249441,
        0.6764805731650966,
        0.6764805731650966,
        0.6764805731650966,
        0.6764805731650966,
        0.6764805731650966,
        0.6764805731650966,
        0.7130401361811278,
        0.7130401361811278,
        0.7130401361811278,
        0.7130401361811278,
        0.7130401361811278,
        0.7130401361811278,
        0.7130401361811278,
        0.7130401361811278,
        0.7130401361811278,
        0.7130401361811278,
        0.7130401361811278,
        0.7130401361811278,
        0.7130401361811278,
        0.7130401361811278,
        0.7130401361811278,
        0.7130401361811278,
        0.7130401361811278,
        0.7130401361811278,
        0.7130401361811278,
        0.7130401361811278,
        0.7130401361811278,
        0.7130401361811278,
        0.7130401361811278,
        0.7130401361811278,
        0.7130401361811278,
        0.7130401361811278,
        0.7130401361811278,
        0.7130401361811278,
        0.7130401361811278,
        0.7130401361811278,
        0.7130401361811278,
        0.7130401361811278,
        0.7130401361811278,
        0.7130401361811278,
        0.717636981982856,
        0.717636981982856,
        0.717636981982856,
        0.717636981982856,
        0.717636981982856,
        0.717636981982856,
        0.717636981982856,
        0.717636981982856,
        0.7177144402001596,
        0.7177144402001596,
        0.7177144402001596,
        0.7177144402001596,
        0.7177144402001596,
        0.7177144402001596,
        0.7177144402001596,
        0.7177144402001596,
        0.7177144402001596,
        0.7177144402001596,
        0.7177144402001596,
        0.7177144402001596,
        0.7177144402001596,
        0.7177144402001596,
        0.7177144402001596,
        0.7177144402001596,
        0.7177144402001596,
        0.7177144402001596,
        0.7177144402001596,
        0.7177144402001596,
        0.7177144402001596,
        0.7177144402001596,
        0.7177144402001596,
        0.7177144402001596,
        0.718006510895129,
        0.718006510895129,
        0.7247616487892784,
        0.7278900970453834,
        0.7294713400360568,
        0.7315643946260171,
        0.7315643946260171,
        0.7315643946260171,
        0.7331616592548497,
        0.7331616592548497,
        0.7331616592548497,
        0.7331616592548497,
        0.7331616592548497,
        0.7331616592548497,
        0.7331616592548497,
        0.7331616592548497,
        0.7331616592548497,
        0.7331616592548497,
        0.7331616592548497,
        0.7331616592548497,
        0.7331616592548497,
        0.7331616592548497,
        0.7384662917089292,
        0.7384662917089292,
        0.7384662917089292,
        0.7384662917089292,
        0.7384662917089292,
        0.7384662917089292,
        0.7384662917089292,
        0.7384662917089292,
        0.7384662917089292,
        0.7384662917089292,
        0.7384662917089292,
        0.7384662917089292,
        0.7384662917089292,
        0.7384662917089292,
        0.7384662917089292,
        0.7384662917089292,
        0.7384662917089292,
        0.7384662917089292,
        0.7384662917089292
    ],