{
    "bestIndiv": [
        [
            44,
            18,
            40,
            8,
            9,
            7,
            2,
            16,
            20,
            49,
            19,
            22,
            17,
            31,
            48,
            33,
            47,
            23,
            36,
            37,
            4,
            5,
            45,
            15,
            43,
            34,
            35,
            0,
            21,
            30,
            6,
            1,
            41,
            29,
            28,
            24,
            3,
            50,
            10,
            51,
            13,
            26,
            46,
            12,
            25,
            27,
            11,
            42,
            32,
            14,
            39,
            38
        ],
        0.7343770723609884
    ],
    "best": [
        0.2965246587783425,
        0.30101670851875584,
        0.30432099382699557,
        0.32489964718489067,
        0.32489964718489067,
        0.355571138875271,
        0.36260764061044104,
        0.36260764061044104,
        0.36323136809078815,
        0.377363705761572,
        0.3805133909864502,
        0.4017221737116622,
        0.4054676477662,
        0.4054676477662001,
        0.414349146056147,
        0.414349146056147,
        0.4246177357820478,
        0.43107172811071587,
        0.43642009153140804,
        0.451316520651592,
        0.451316520651592,
        0.451316520651592,
        0.46146392277430726,
        0.46995842415123745,
        0.46995842415123745,
        0.4774242896555725,
        0.4774242896555725,
        0.4774242896555725,
        0.48571524088491685,
        0.48571524088491685,
        0.4961624458337799,
        0.4961624458337799,
        0.5046349200356722,
        0.5046349200356722,
        0.5142625985813715,
        0.5166508198699492,
        0.5184081171888554,
        0.526478000009386,
        0.5271557151074137,
        0.5271557151074137,
        0.5392216797521779,
        0.5425036508208887,
        0.5481438567407768,
        0.5501865932308668,
        0.5510999681991954,
        0.5578128282241915,
        0.5578128282241915,
        0.5578128282241915,
        0.5659387538127243,
        0.5659387538127243,
        0.5659387538127243,
        0.5696129423588521,
        0.5763599116815475,
        0.5807100938900278,
        0.5807100938900278,
        0.5807100938900278,
        0.5855484118548878,
        0.5855484118548878,
        0.5855484118548878,
        0.5855484118548878,
        0.5855484118548878,
        0.5855484118548878,
        0.588470275985047,
        0.588470275985047,
        0.588470275985047,
        0.590618182026177,
        0.6022137121400641,
        0.6022137121400641,
        0.6157881171614427,
        0.6225391684262627,
        0.6225391684262627,
        0.6249814328290879,
        0.6260889691602959,
        0.6260889691602959,
        0.6260889691602959,
        0.6379465146562971,
        0.6379465146562971,
        0.6379465146562971,
        0.6450460173023286,
        0.6450460173023286,
        0.6450460173023286,
        0.6450460173023286,
        0.6586891179894676,
        0.6586891179894676,
        0.6625742735205498,
        0.6625742735205498,
        0.6668540292491815,
        0.6668540292491815,
        0.6879135977602727,
        0.6879135977602727,
        0.723391313343747,
        0.723391313343747,
        0.723391313343747,
        0.723391313343747,
        0.732171294027641,
        0.732171294027641,
        0.732171294027641,
        0.732171294027641,
        0.732171294027641,
        0.732171294027641,
        0.732171294027641,
        0.732171294027641,
        0.7338728495858848,
        0.7338728495858848,
        0.7338728495858848,
        0.7338728495858848,
        0.7338728495858848,
        0.7338728495858848,
        0.7338728495858848,
        0.7338728495858848,
        0.7338728495858848,
        0.7338728495858848,
        0.7342093346698157,
        0.7342093346698157,
        0.7342093346698157,
        0.7342093346698157,
        0.7342093346698157,
        0.7342093346698157,
        0.7342093346698157,
        0.7342093346698157,
        0.7342093346698157,
        0.7342093346698157,
        0.7342093346698157,
        0.7342093346698157,
        0.7342093346698157,
        0.7342093346698157,
        0.7342093346698157,
        0.7342093346698157,
        0.7342093346698157,
        0.7342093346698157,
        0.7343770723609884,
        0.7343770723609884,
        0.7343770723609884,
        0.7343770723609884,
        0.7343770723609884,
        0.7343770723609884,
        0.7343770723609884,
        0.7343770723609884,
        0.7343770723609884,
        0.7343770723609884,
        0.7343770723609884,
        0.7343770723609884,
        0.7343770723609884,
        0.7343770723609884,
        0.7343770723609884,
        0.7343770723609884,
        0.7343770723609884,
        0.7343770723609884,
        0.7343770723609884,
        0.7343770723609884,
        0.7343770723609884,
        0.7343770723609884,
        0.7343770723609884,
        0.7343770723609884,
        0.7343770723609884,
        0.7343770723609884,
        0.7343770723609884,
        0.7343770723609884,
        0.7343770723609884,
        0.7343770723609884,
        0.7343770723609884,
        0.7343770723609884,
        0.7343770723609884,
        0.7343770723609884,
        0.7343770723609884,
        0.7343770723609884,
        0.7343770723609884,
        0.7343770723609884,
        0.7343770723609884,
        0.7343770723609884,
        0.7343770723609884,
        0.7343770723609884,
        0.7343770723609884,
        0.7343770723609884,
        0.7343770723609884,
        0.7343770723609884,
        0.7343770723609884,
        0.7343770723609884,
        0.7343770723609884,
        0.7343770723609884,
        0.7343770723609884,
        0.7343770723609884,
        0.7343770723609884,
        0.7343770723609884,
        0.7343770723609884,
        0.7343770723609884,
        0.7343770723609884,
        0.7343770723609884,
        0.7343770723609884,
        0.7343770723609884,
        0.7343770723609884,
        0.7343770723609884,
        0.7343770723609884,
        0.7343770723609884,
        0.7343770723609884,
        0.7343770723609884,
        0.7343770723609884,
        0.7343770723609884,
        0.7343770723609884,
        0.7343770723609884,
        0.7343770723609884
    ],