{
    "bestIndiv": [
        [
            11,
            50,
            51,
            13,
            12,
            10,
            32,
            42,
            9,
            8,
            7,
            40,
            44,
            18,
            2,
            16,
            17,
            30,
            21,
            31,
            34,
            33,
            38,
            39,
            37,
            4,
            14,
            5,
            23,
            36,
            43,
            49,
            29,
            41,
            6,
            1,
            20,
            22,
            0,
            45,
            46,
            25,
            26,
            27,
            24,
            3,
            47,
            35,
            48,
            19,
            28,
            15
        ],
        0.7389165089736449
    ],
    "best": [
        0.29923997976019284,
        0.31356726654902883,
        0.31356726654902883,
        0.3351330383937299,
        0.3351330383937299,
        0.33651890083496877,
        0.3494460525593814,
        0.36116199670446114,
        0.37178705304293685,
        0.3816768470834876,
        0.3816768470834876,
        0.38547510626909137,
        0.3923193773852621,
        0.4007171107941275,
        0.4007171107941275,
        0.4147393095386811,
        0.41807970148521695,
        0.42808298843691117,
        0.4397098896537974,
        0.44526399688743035,
        0.44526399688743035,
        0.4514943780354501,
        0.4565508572878434,
        0.4565508572878434,
        0.4565508572878434,
        0.4612421756906921,
        0.46625076967841494,
        0.4697728001564459,
        0.47240965167750526,
        0.47240965167750526,
        0.47240965167750526,
        0.4923967776020087,
        0.49754140178288414,
        0.49754140178288414,
        0.5011073170447579,
        0.5011073170447579,
        0.5040720864012349,
        0.509746275294706,
        0.5170812984147228,
        0.5170812984147228,
        0.5170812984147228,
        0.5195901763764368,
        0.5487199176749572,
        0.5487199176749572,
        0.5487199176749572,
        0.5487199176749572,
        0.5581659528602667,
        0.5592332942723385,
        0.5592332942723385,
        0.5650187454985875,
        0.5650187454985875,
        0.5703725177780914,
        0.5768094059632293,
        0.5768094059632293,
        0.5832559548569526,
        0.5832559548569526,
        0.6000170236880715,
        0.6000170236880715,
        0.6000170236880715,
        0.6000170236880715,
        0.6000170236880715,
        0.6000170236880715,
        0.6000170236880715,
        0.6000170236880715,
        0.6000170236880715,
        0.6000170236880715,
        0.6000170236880715,
        0.6000170236880715,
        0.6104358164920306,
        0.6104358164920306,
        0.6104358164920306,
        0.6194805022547084,
        0.6194805022547084,
        0.6194805022547084,
        0.6205371077247972,
        0.6205371077247972,
        0.6205371077247972,
        0.6205371077247972,
        0.6205371077247972,
        0.6205371077247972,
        0.6250028890547542,
        0.6250028890547542,
        0.6250028890547542,
        0.6250028890547542,
        0.6283974955617986,
        0.6283974955617986,
        0.6283974955617986,
        0.6283974955617986,
        0.6286879551174892,
        0.6286879551174892,
        0.6286879551174892,
        0.6292324137717035,
        0.6292324137717035,
        0.6292324137717035,
        0.6296907144275055,
        0.6296907144275055,
        0.6409793314794165,
        0.64154529707346,
        0.64154529707346,
        0.64154529707346,
        0.6420217161544057,
        0.6420217161544057,
        0.6421766052007639,
        0.6421766052007639,
        0.6463286876708633,
        0.6463286876708633,
        0.6476672496272393,
        0.6478248749774158,
        0.6562284267229446,
        0.6562284267229446,
        0.6562284267229446,
        0.6587358690431514,
        0.6602705503852933,
        0.6628090374149471,
        0.6628090374149471,
        0.6628090374149471,
        0.6628090374149471,
        0.6628090374149471,
        0.6628090374149471,
        0.6628090374149471,
        0.6640156299680959,
        0.6643397426364311,
        0.6643397426364311,
        0.6643397426364311,
        0.6655519197817605,
        0.6665027227469449,
        0.6665027227469449,
        0.6766300248516294,
        0.6766300248516294,
        0.6773728536763872,
        0.6773728536763872,
        0.6878357789315419,
        0.687835778931542,
        0.687835778931542,
        0.6885992788363328,
        0.6885992788363328,
        0.6885992788363328,
        0.6885992788363328,
        0.6885992788363328,
        0.6885992788363328,
        0.6885992788363328,
        0.6923034369271283,
        0.6923034369271283,
        0.6923034369271283,
        0.6923034369271283,
        0.6923034369271283,
        0.6923034369271283,
        0.6923034369271283,
        0.6923034369271283,
        0.6923034369271283,
        0.6923034369271283,
        0.6923034369271283,
        0.6972475633172269,
        0.6972475633172269,
        0.6972475633172269,
        0.6972475633172269,
        0.6972475633172269,
        0.6972475633172269,
        0.7109642428229414,
        0.7109642428229414,
        0.7109642428229414,
        0.7109642428229414,
        0.7123456310324,
        0.7123456310324,
        0.7123456310324,
        0.7123456310324,
        0.712957280411311,
        0.712957280411311,
        0.712957280411311,
        0.7182105278667742,
        0.7182105278667742,
        0.7182105278667743,
        0.7182105278667743,
        0.7182105278667743,
        0.7194578273654646,
        0.7194578273654646,
        0.7194578273654646,
        0.7194578273654646,
        0.7194578273654646,
        0.7200929174060176,
        0.720284962703197,
        0.720284962703197,
        0.720284962703197,
        0.7294208108582251,
        0.7294208108582251,
        0.7299769650370654,
        0.730271026529748,
        0.7361662074713937,
        0.7361662074713937,
        0.7361662074713937,
        0.7361662074713937,
        0.7361662074713937,
        0.7361662074713937,
        0.7361662074713937,
        0.7361662074713937,
        0.7361662074713937,
        0.7361662074713937,
        0.7389165089736449,
        0.7389165089736449,
        0.7389165089736449,
        0.7389165089736449
    ],