{
    "bestIndiv": [
        [
            18,
            44,
            34,
            33,
            37,
            45,
            43,
            15,
            49,
            19,
            28,
            29,
            22,
            0,
            48,
            31,
            2,
            16,
            6,
            1,
            41,
            20,
            30,
            17,
            21,
            36,
            47,
            3,
            5,
            24,
            11,
            27,
            25,
            46,
            13,
            12,
            10,
            51,
            26,
            50,
            32,
            42,
            35,
            38,
            39,
            23,
            4,
            14,
            9,
            8,
            7,
            40
        ],
        0.7776169953520408
    ],
    "best": [
        0.284757160386086,
        0.3040361188101609,
        0.31069261814127763,
        0.34015936242988454,
        0.34949421260132046,
        0.34949421260132046,
        0.35752207323414115,
        0.3651970261631707,
        0.37516759462707133,
        0.3822038877555772,
        0.3965757088628574,
        0.3965757088628574,
        0.41499390208475595,
        0.42009255786486654,
        0.4229091568641908,
        0.4324351159995677,
        0.4324351159995677,
        0.4394022636142997,
        0.4394022636142997,
        0.44645104320928697,
        0.44645104320928697,
        0.4465570194465142,
        0.4586161885714187,
        0.4586161885714187,
        0.4586161885714187,
        0.4608290462656068,
        0.47191292186399253,
        0.4790489546746854,
        0.4790489546746854,
        0.4804104263332877,
        0.4812837194724067,
        0.4976562236797389,
        0.5000397167981271,
        0.5000397167981271,
        0.5029599793878115,
        0.5029599793878115,
        0.5116296401631932,
        0.5187138602164717,
        0.5187138602164717,
        0.5187138602164717,
        0.5227274120992581,
        0.524259783107368,
        0.524259783107368,
        0.5338544102306615,
        0.5392576289335724,
        0.5392576289335724,
        0.5392576289335724,
        0.5406369826561658,
        0.5406369826561658,
        0.5441637864178508,
        0.5441637864178508,
        0.5457995562854379,
        0.550396081204778,
        0.550396081204778,
        0.5561411305383649,
        0.5561411305383649,
        0.5561411305383649,
        0.5561411305383649,
        0.5561411305383649,
        0.5625284485493011,
        0.5640574588539937,
        0.5700928069251322,
        0.5700928069251322,
        0.5798216358635494,
        0.5836145099349923,
        0.5836145099349923,
        0.5836145099349923,
        0.5906958306230295,
        0.5906958306230295,
        0.5949288094423753,
        0.6027439900421496,
        0.6027439900421496,
        0.6111702795019701,
        0.618940537350205,
        0.6229377542740648,
        0.6288216581451309,
        0.6288216581451309,
        0.6288216581451309,
        0.6349808353353701,
        0.6409323184230252,
        0.6409323184230252,
        0.6409323184230252,
        0.6473322302524372,
        0.648282907453758,
        0.648282907453758,
        0.648282907453758,
        0.648282907453758,
        0.648282907453758,
        0.648282907453758,
        0.648282907453758,
        0.648282907453758,
        0.648282907453758,
        0.648282907453758,
        0.648282907453758,
        0.648282907453758,
        0.648282907453758,
        0.648282907453758,
        0.648282907453758,
        0.648282907453758,
        0.648282907453758,
        0.648282907453758,
        0.6634950297394316,
        0.6634950297394316,
        0.6648234963312982,
        0.6648234963312982,
        0.6648234963312982,
        0.6706949206369285,
        0.6706949206369285,
        0.6706949206369285,
        0.6706949206369285,
        0.6726918342550127,
        0.6739516276082427,
        0.6877254991342234,
        0.6877254991342234,
        0.6877254991342234,
        0.6936305465527624,
        0.7095066223968645,
        0.7095066223968645,
        0.7095066223968645,
        0.7107240980872329,
        0.7179219203584052,
        0.726255728684325,
        0.726255728684325,
        0.7308345251455588,
        0.7308345251455588,
        0.7326817375961191,
        0.7371266072220353,
        0.7413638113751941,
        0.7482257981140272,
        0.7482257981140272,
        0.7482257981140272,
        0.7513417731941056,
        0.7513417731941056,
        0.7539349681661315,
        0.7539349681661315,
        0.7539349681661315,
        0.7559217115037073,
        0.7583351531212302,
        0.7583351531212302,
        0.7603451854756011,
        0.7603451854756013,
        0.7603451854756013,
        0.7603451854756013,
        0.7603451854756013,
        0.7603451854756013,
        0.7636779471227418,
        0.7636779471227418,
        0.7672897231316493,
        0.7672897231316493,
        0.7706837775698208,
        0.7706837775698208,
        0.7706837775698208,
        0.7760606617568455,
        0.7760606617568455,
        0.7760606617568457,
        0.7760606617568457,
        0.7760606617568457,
        0.7760606617568457,
        0.7760606617568457,
        0.7760606617568457,
        0.7773851995948909,
        0.7773851995948909,
        0.7773851995948909,
        0.7773851995948909,
        0.7776169953520408,
        0.7776169953520408,
        0.7776169953520408,
        0.7776169953520408,
        0.7776169953520408,
        0.7776169953520408,
        0.7776169953520408,
        0.7776169953520408,
        0.7776169953520408,
        0.7776169953520408,
        0.7776169953520408,
        0.7776169953520408,
        0.7776169953520408,
        0.7776169953520408,
        0.7776169953520408,
        0.7776169953520408,
        0.7776169953520408,
        0.7776169953520408,
        0.7776169953520408,
        0.7776169953520408,
        0.7776169953520408,
        0.7776169953520408,
        0.7776169953520408,
        0.7776169953520408,
        0.7776169953520408,
        0.7776169953520408,
        0.7776169953520408,
        0.7776169953520408,
        0.7776169953520408,
        0.7776169953520408,
        0.7776169953520408,
        0.7776169953520408,
        0.7776169953520408,
        0.7776169953520408,
        0.7776169953520408,
        0.7776169953520408,
        0.7776169953520408
    ],