{
    "bestIndiv": [
        [
            33,
            45,
            5,
            3,
            11,
            50,
            51,
            10,
            32,
            8,
            9,
            7,
            2,
            16,
            6,
            1,
            41,
            20,
            17,
            30,
            21,
            48,
            35,
            38,
            39,
            37,
            14,
            47,
            46,
            13,
            12,
            25,
            26,
            27,
            24,
            43,
            15,
            29,
            22,
            19,
            28,
            49,
            0,
            34,
            36,
            23,
            4,
            42,
            40,
            18,
            44,
            31
        ],
        0.6975161472774003
    ],
    "best": [
        0.29923997976019284,
        0.31356726654902883,
        0.31356726654902883,
        0.3351330383937299,
        0.3351330383937299,
        0.33651890083496877,
        0.3494460525593814,
        0.3494460525593814,
        0.3656239583720923,
        0.3897443659732809,
        0.3899264429121354,
        0.39019461447574255,
        0.39019461447574255,
        0.39819363361713245,
        0.40005242318033607,
        0.41330061387039363,
        0.4316323178232184,
        0.4316323178232184,
        0.4316323178232184,
        0.45670979978890003,
        0.45670979978890003,
        0.45670979978890003,
        0.4625567943860958,
        0.4764060216756446,
        0.4764060216756446,
        0.4800630572071462,
        0.48970705509304086,
        0.4911044048790199,
        0.4911044048790199,
        0.5038255334867158,
        0.5038255334867158,
        0.5210575849179878,
        0.5210575849179878,
        0.5210575849179878,
        0.5234287833563189,
        0.5234287833563189,
        0.5261200753714318,
        0.530177099287673,
        0.530177099287673,
        0.5412089279724167,
        0.5412089279724167,
        0.5412089279724167,
        0.5457099872257036,
        0.5457099872257036,
        0.5457099872257036,
        0.5531196836452613,
        0.5560930160554748,
        0.5560930160554748,
        0.5560930160554748,
        0.5560930160554748,
        0.5565813978426715,
        0.5565813978426715,
        0.5619310592082338,
        0.5619310592082338,
        0.5649325789314161,
        0.5649325789314161,
        0.5684108596243366,
        0.5684108596243366,
        0.5684108596243366,
        0.5720592684835446,
        0.5789162614493961,
        0.5789162614493961,
        0.5789162614493961,
        0.5789162614493961,
        0.5821338900455378,
        0.5821338900455378,
        0.5821338900455378,
        0.5891819506482476,
        0.5891819506482476,
        0.5891819506482476,
        0.5900905861709649,
        0.5900905861709649,
        0.5900905861709649,
        0.5900905861709649,
        0.5954491898202889,
        0.5954491898202889,
        0.5954491898202889,
        0.5954491898202889,
        0.6047650081411864,
        0.6047650081411864,
        0.6047650081411864,
        0.605908519105006,
        0.605908519105006,
        0.605908519105006,
        0.605908519105006,
        0.6105901670040598,
        0.6118354084962441,
        0.6118354084962441,
        0.6118354084962441,
        0.619625369648389,
        0.6296953358706578,
        0.6296953358706578,
        0.6296953358706578,
        0.629695335870658,
        0.629695335870658,
        0.6307977671457039,
        0.6326647493577721,
        0.635508860913336,
        0.6361828297650239,
        0.6361828297650239,
        0.6379176067030495,
        0.6399877226098203,
        0.6421173250918577,
        0.6421173250918577,
        0.6422984653966163,
        0.6422984653966163,
        0.6428956838547767,
        0.6444434997189088,
        0.6444434997189089,
        0.6445278690555638,
        0.6445278690555638,
        0.651211685099446,
        0.651211685099446,
        0.6539602224171756,
        0.656543757515406,
        0.6593375852856971,
        0.6593375852856971,
        0.6593375852856971,
        0.6658143078283898,
        0.6658143078283898,
        0.6658143078283898,
        0.6658143078283898,
        0.6658143078283898,
        0.6658143078283898,
        0.6658143078283898,
        0.6658143078283898,
        0.6658143078283898,
        0.6658143078283898,
        0.6658143078283898,
        0.6658143078283898,
        0.6674480236947281,
        0.6679432979873751,
        0.6679432979873751,
        0.6679432979873751,
        0.6679432979873751,
        0.6694715258582381,
        0.6694715258582381,
        0.6699698088701452,
        0.6699698088701452,
        0.6699698088701452,
        0.6710375566420642,
        0.6710375566420642,
        0.6710375566420643,
        0.6710375566420643,
        0.6710375566420643,
        0.6710375566420643,
        0.6710375566420643,
        0.6710375566420643,
        0.6732403417197812,
        0.6732403417197812,
        0.6732403417197812,
        0.6732403417197812,
        0.6732403417197812,
        0.6732403417197813,
        0.6732403417197813,
        0.6741447690496191,
        0.674769423891881,
        0.6781086686418597,
        0.6781086686418597,
        0.6781086686418597,
        0.6781086686418598,
        0.6798194219563725,
        0.6811317499753724,
        0.6811317499753724,
        0.690466765629657,
        0.6922405234551385,
        0.6922405234551385,
        0.6936012931288458,
        0.6936012931288459,
        0.6940972154150641,
        0.6956922598031954,
        0.6961911777382555,
        0.6961911777382555,
        0.6961911777382555,
        0.6961911777382555,
        0.6961911777382555,
        0.6961911777382555,
        0.6961911777382555,
        0.6961911777382555,
        0.6961911777382555,
        0.6961911777382555,
        0.6961911777382555,
        0.6961911777382555,
        0.6961911777382555,
        0.6961911777382555,
        0.6961911777382555,
        0.6961911777382555,
        0.6964157130139557,
        0.6964157130139557,
        0.6964157130139557,
        0.6964157130139557,
        0.6964157130139557,
        0.6964157130139557,
        0.6964157130139557,
        0.6975161472774003,
        0.6975161472774003,
        0.6975161472774003,
        0.6975161472774003,
        0.6975161472774003,
        0.6975161472774003,
        0.6975161472774003
    ],