{
    "bestIndiv": [
        [
            26,
            4,
            35,
            34,
            0,
            48,
            38,
            39,
            37,
            36,
            33,
            43,
            23,
            47,
            45,
            15,
            19,
            49,
            22,
            20,
            6,
            1,
            41,
            29,
            28,
            46,
            25,
            24,
            5,
            14,
            42,
            9,
            7,
            8,
            40,
            18,
            44,
            2,
            16,
            17,
            30,
            21,
            31,
            3,
            50,
            32,
            11,
            27,
            10,
            51,
            13,
            12
        ],
        0.7149142970418196
    ],
    "best": [
        0.2965246587783425,
        0.30101670851875584,
        0.30432099382699557,
        0.32489964718489067,
        0.32489964718489067,
        0.355571138875271,
        0.36260764061044104,
        0.36260764061044104,
        0.36323136809078815,
        0.377363705761572,
        0.3805133909864502,
        0.4017221737116622,
        0.4054676477662,
        0.4054676477662001,
        0.414349146056147,
        0.414349146056147,
        0.4246177357820478,
        0.43107172811071587,
        0.43642009153140804,
        0.451316520651592,
        0.451316520651592,
        0.451316520651592,
        0.454367735888324,
        0.4624704712820724,
        0.46458743375133005,
        0.4671833990349884,
        0.4705363415996632,
        0.47663654886450657,
        0.47845107968909395,
        0.47845107968909395,
        0.4819735038058855,
        0.48551360475939725,
        0.5011237693411972,
        0.5011237693411972,
        0.5015721248054795,
        0.50919554439805,
        0.5254842427169258,
        0.5254842427169258,
        0.5254842427169258,
        0.5445883486670559,
        0.5445883486670559,
        0.5445883486670559,
        0.5445883486670559,
        0.5469180838499551,
        0.5566406943496744,
        0.558548665763071,
        0.558548665763071,
        0.571651015895937,
        0.571651015895937,
        0.5735749163513643,
        0.5977562753931955,
        0.6043526903865098,
        0.6043526903865098,
        0.6043526903865098,
        0.6043526903865098,
        0.6043526903865098,
        0.6192253102105058,
        0.6192253102105058,
        0.6192253102105058,
        0.6192253102105058,
        0.6277242216610772,
        0.6315105254667491,
        0.6324777843498213,
        0.6336274437083464,
        0.6370245351175851,
        0.6387232904543477,
        0.6387232904543477,
        0.6387232904543478,
        0.6387232904543478,
        0.6391441206342454,
        0.6391441206342454,
        0.6429971006292569,
        0.6429971006292569,
        0.6447279026862646,
        0.6465510171259707,
        0.6490101927521572,
        0.6490101927521572,
        0.6490101927521573,
        0.6490101927521573,
        0.6498497691820951,
        0.6498977970766479,
        0.6498977970766479,
        0.6498977970766479,
        0.6502982288599396,
        0.6644105831736584,
        0.6650510983525985,
        0.6650510983525985,
        0.6654704271425299,
        0.6654704271425299,
        0.6661274993470313,
        0.6661274993470313,
        0.6661274993470313,
        0.6661274993470313,
        0.6677362219072552,
        0.6677362219072552,
        0.6677362219072552,
        0.6677362219072552,
        0.6691118055733984,
        0.6691118055733984,
        0.6691118055733984,
        0.6691118055733984,
        0.6691118055733984,
        0.6784493509344452,
        0.6784493509344452,
        0.6784493509344452,
        0.6816786928249052,
        0.6816786928249052,
        0.6816786928249052,
        0.6816786928249052,
        0.6844570748063864,
        0.6904123665019787,
        0.6904123665019787,
        0.6904123665019787,
        0.6904123665019787,
        0.696634796800569,
        0.696634796800569,
        0.696634796800569,
        0.696634796800569,
        0.696634796800569,
        0.696634796800569,
        0.696634796800569,
        0.696634796800569,
        0.696634796800569,
        0.696634796800569,
        0.696634796800569,
        0.696634796800569,
        0.7070056243206231,
        0.7070056243206231,
        0.7070056243206231,
        0.7123270393917724,
        0.7123270393917724,
        0.7128383476189667,
        0.7128383476189667,
        0.7128383476189667,
        0.7128383476189667,
        0.7128383476189667,
        0.7128383476189667,
        0.7128383476189667,
        0.7128383476189667,
        0.7128383476189667,
        0.7128383476189667,
        0.7128383476189667,
        0.7128383476189667,
        0.7128383476189667,
        0.7128383476189667,
        0.7128383476189667,
        0.7128383476189667,
        0.7128383476189667,
        0.7128383476189667,
        0.7128383476189667,
        0.7128383476189667,
        0.7128383476189667,
        0.7128383476189667,
        0.7128383476189667,
        0.7128383476189667,
        0.7128383476189667,
        0.7128383476189667,
        0.7128383476189667,
        0.7128383476189667,
        0.7128383476189667,
        0.7128383476189667,
        0.7128383476189667,
        0.7128383476189667,
        0.7128383476189667,
        0.7128383476189667,
        0.7128383476189667,
        0.7128383476189667,
        0.7128383476189667,
        0.7128383476189667,
        0.7128383476189667,
        0.7128383476189667,
        0.7128383476189667,
        0.7128383476189667,
        0.7128383476189667,
        0.7128383476189667,
        0.7128383476189667,
        0.7128383476189667,
        0.7128383476189667,
        0.7128383476189667,
        0.7128383476189667,
        0.7128383476189667,
        0.7128383476189667,
        0.7128383476189667,
        0.7128383476189667,
        0.7128383476189667,
        0.7128383476189667,
        0.7128383476189667,
        0.7128383476189667,
        0.7128383476189667,
        0.7128383476189667,
        0.7128383476189667,
        0.7128383476189667,
        0.7128383476189667,
        0.7128383476189667,
        0.7128383476189667,
        0.7149142970418196,
        0.7149142970418196,
        0.7149142970418196,
        0.7149142970418196,
        0.7149142970418196,
        0.7149142970418196
    ],