{
    "bestIndiv": [
        [
            29,
            30,
            17,
            40,
            7,
            8,
            9,
            32,
            42,
            5,
            44,
            18,
            2,
            16,
            41,
            1,
            6,
            20,
            22,
            19,
            49,
            15,
            45,
            47,
            3,
            14,
            38,
            39,
            48,
            31,
            21,
            35,
            34,
            33,
            0,
            43,
            36,
            37,
            4,
            23,
            24,
            11,
            50,
            10,
            27,
            26,
            12,
            51,
            13,
            25,
            46,
            28
        ],
        0.7791903731611087
    ],
    "best": [
        0.2843134709142403,
        0.2906506066412067,
        0.3081616705921474,
        0.32560420650248806,
        0.32560420650248806,
        0.33145304405288717,
        0.3392827457866374,
        0.35344428792149035,
        0.356819672077266,
        0.37234202654887505,
        0.37234202654887505,
        0.37234202654887505,
        0.394010182524722,
        0.4109647253369241,
        0.4109647253369241,
        0.4314434424453851,
        0.4314434424453851,
        0.4314434424453851,
        0.44169715293799966,
        0.44169715293799966,
        0.443157981518731,
        0.443157981518731,
        0.4476438184092317,
        0.4476438184092317,
        0.4495160184382438,
        0.45293131018358457,
        0.45793527933324485,
        0.45793527933324485,
        0.46064147458962085,
        0.4844968876078536,
        0.4844968876078536,
        0.4955033550885124,
        0.4955033550885124,
        0.4955033550885124,
        0.4955033550885124,
        0.49650039336392776,
        0.49650039336392776,
        0.511340095584563,
        0.511340095584563,
        0.5375701145165415,
        0.5375701145165415,
        0.5375701145165415,
        0.5375701145165415,
        0.5375701145165415,
        0.5375701145165415,
        0.5404094835228568,
        0.5469482080964887,
        0.5488268098831999,
        0.5488268098831999,
        0.557118378598419,
        0.557118378598419,
        0.557118378598419,
        0.572883293768093,
        0.5742839204072998,
        0.5763930300708768,
        0.5841389413928676,
        0.5841389413928676,
        0.5859288028044789,
        0.5866302859604853,
        0.5866302859604853,
        0.5866302859604853,
        0.5866302859604853,
        0.5897477290373424,
        0.5897477290373424,
        0.6050077122166618,
        0.6050077122166618,
        0.6092427696933562,
        0.6092427696933562,
        0.6164864510513881,
        0.6164864510513881,
        0.6164864510513881,
        0.6290363839768521,
        0.6290363839768521,
        0.6290363839768521,
        0.6412765352938818,
        0.6412765352938818,
        0.6412765352938818,
        0.647458000678549,
        0.6522339982177631,
        0.6522673034191065,
        0.6592038574388024,
        0.6636069033311336,
        0.6641394887280084,
        0.6708232910933429,
        0.671367527411625,
        0.6713675274116251,
        0.6713675274116252,
        0.6775992452137504,
        0.6775992452137504,
        0.6775992452137504,
        0.6781545362208555,
        0.6788548574992027,
        0.6788548574992027,
        0.6788548574992027,
        0.6888390006602607,
        0.6888390006602607,
        0.6974442652306346,
        0.6974442652306346,
        0.6974442652306346,
        0.6974442652306346,
        0.699089896220808,
        0.699089896220808,
        0.699089896220808,
        0.699089896220808,
        0.699089896220808,
        0.699089896220808,
        0.699089896220808,
        0.699089896220808,
        0.699089896220808,
        0.699089896220808,
        0.699089896220808,
        0.7015152852766322,
        0.7015152852766322,
        0.7015152852766322,
        0.7015152852766322,
        0.7015152852766322,
        0.7015152852766322,
        0.7015152852766322,
        0.7015152852766322,
        0.7015152852766322,
        0.7015152852766322,
        0.7015152852766322,
        0.7015152852766322,
        0.7015152852766322,
        0.7015152852766322,
        0.7015152852766322,
        0.7015152852766322,
        0.7015152852766322,
        0.7015152852766322,
        0.7015152852766322,
        0.7015152852766322,
        0.7021429235754297,
        0.7021429235754297,
        0.7021429235754297,
        0.7028355259926699,
        0.7037658680844309,
        0.7049568732275018,
        0.7049568732275018,
        0.7049568732275018,
        0.7104597390971052,
        0.7111688545912337,
        0.713340882247046,
        0.7175094063490308,
        0.7175094063490308,
        0.7204481287727437,
        0.7219806758852646,
        0.7219806758852646,
        0.7219806758852646,
        0.7262959243114345,
        0.7262959243114345,
        0.7262959243114345,
        0.7323609315684305,
        0.7323609315684305,
        0.7386569875845169,
        0.7386569875845169,
        0.7386569875845169,
        0.7386569875845169,
        0.738656987584517,
        0.7512975239807973,
        0.7633149717786273,
        0.7633149717786273,
        0.7633149717786273,
        0.7633149717786273,
        0.7694433945709442,
        0.7694433945709442,
        0.7694433945709442,
        0.7694433945709442,
        0.7694433945709442,
        0.7694433945709442,
        0.7697734552318799,
        0.7697734552318799,
        0.7697734552318799,
        0.7697734552318799,
        0.7697734552318799,
        0.7697734552318799,
        0.7697734552318799,
        0.7697734552318799,
        0.7697734552318799,
        0.7697734552318799,
        0.7697734552318799,
        0.7697734552318799,
        0.7697734552318799,
        0.7697734552318799,
        0.7697734552318799,
        0.7697734552318799,
        0.7697734552318799,
        0.7697734552318799,
        0.7697734552318799,
        0.7697734552318799,
        0.7697734552318799,
        0.7697734552318799,
        0.7697734552318799,
        0.7697734552318799,
        0.7697734552318799,
        0.7697734552318799,
        0.7697734552318799,
        0.7697734552318799,
        0.7697734552318799,
        0.7697734552318799,
        0.7697734552318799,
        0.7791903731611087
    ],