{
    "bestIndiv": [
        [
            0,
            35,
            4,
            14,
            5,
            3,
            24,
            11,
            50,
            10,
            26,
            12,
            51,
            13,
            46,
            25,
            27,
            45,
            37,
            39,
            36,
            23,
            47,
            34,
            21,
            20,
            30,
            17,
            16,
            2,
            7,
            9,
            8,
            40,
            18,
            48,
            43,
            15,
            28,
            1,
            6,
            41,
            29,
            22,
            31,
            44,
            42,
            32,
            38,
            33,
            19,
            49
        ],
        0.7203552254873697
    ],
    "best": [
        0.2861159382151202,
        0.2931216300724998,
        0.3048951211635761,
        0.3099846424068414,
        0.32013088483262747,
        0.3259179790301034,
        0.35846737908878074,
        0.35846737908878074,
        0.35846737908878074,
        0.3607452659722834,
        0.37104756590473237,
        0.37406233177828563,
        0.3787349924635926,
        0.3860928460750054,
        0.40395832296032425,
        0.40395832296032425,
        0.4063179695286398,
        0.4114371695244057,
        0.41406256493743554,
        0.4231501701515186,
        0.42357548074595736,
        0.4327051219079894,
        0.43359585445190707,
        0.4352217215299989,
        0.43790048912241264,
        0.44210032090139506,
        0.4545969158309198,
        0.4545969158309198,
        0.45585762902412336,
        0.46839269526263905,
        0.46839269526263905,
        0.4767568056085038,
        0.4853129560582436,
        0.5012570272049526,
        0.5012570272049526,
        0.5068241210142741,
        0.5068241210142741,
        0.5174734100420335,
        0.5271265069251669,
        0.5366389944275957,
        0.5402984580434993,
        0.5402984580434993,
        0.5439496905830208,
        0.5439496905830208,
        0.5478844713817606,
        0.5499951928594491,
        0.5501497853512011,
        0.5541751087793559,
        0.5541751087793559,
        0.5560744804626266,
        0.5583476760893824,
        0.5624943097062705,
        0.564719329253548,
        0.564719329253548,
        0.5655336884368327,
        0.5736440765485961,
        0.5736440765485961,
        0.5843757566681285,
        0.5843757566681285,
        0.5884058318257448,
        0.5884058318257448,
        0.5884058318257448,
        0.5903147510433194,
        0.5903147510433194,
        0.5903147510433197,
        0.5959184081875835,
        0.5959184081875835,
        0.5982838942028363,
        0.6095966450478478,
        0.6167661410851059,
        0.6167661410851059,
        0.6291238425661648,
        0.6291238425661648,
        0.6291238425661649,
        0.6320098554764786,
        0.6320098554764787,
        0.6327429059303921,
        0.6337894326852725,
        0.6343260300780146,
        0.6343260300780146,
        0.6343260300780146,
        0.6375744767205904,
        0.6382262649131529,
        0.639836981629829,
        0.6407584642770524,
        0.6445693375830229,
        0.6445693375830229,
        0.6445693375830229,
        0.6445693375830229,
        0.6445693375830229,
        0.6445693375830229,
        0.6445693375830229,
        0.6445693375830229,
        0.6516441530090485,
        0.6516441530090485,
        0.6516441530090485,
        0.6516441530090485,
        0.6521859001914744,
        0.6521859001914744,
        0.6533036405954193,
        0.6533036405954193,
        0.6533036405954193,
        0.6566021273728088,
        0.6571521530617137,
        0.6571521530617137,
        0.6571521530617137,
        0.6593236298212848,
        0.6593236298212848,
        0.6630057740226916,
        0.6630057740226916,
        0.6660100305577984,
        0.6660100305577984,
        0.6660100305577984,
        0.6660100305577984,
        0.6676159396690813,
        0.6676159396690813,
        0.6676159396690813,
        0.6676159396690813,
        0.6676159396690813,
        0.6676159396690813,
        0.6676284484272028,
        0.6886860824414509,
        0.6886860824414509,
        0.6886993932265011,
        0.6886993932265011,
        0.6886993932265011,
        0.6886993932265011,
        0.6939492990230325,
        0.6939492990230325,
        0.6939492990230325,
        0.69396281404028,
        0.69396281404028,
        0.69396281404028,
        0.69396281404028,
        0.69396281404028,
        0.69396281404028,
        0.69396281404028,
        0.69396281404028,
        0.69396281404028,
        0.69396281404028,
        0.69396281404028,
        0.69396281404028,
        0.69396281404028,
        0.69396281404028,
        0.69396281404028,
        0.69396281404028,
        0.69396281404028,
        0.69396281404028,
        0.69396281404028,
        0.69396281404028,
        0.69396281404028,
        0.69396281404028,
        0.700609896372625,
        0.700609896372625,
        0.700609896372625,
        0.7129500548395286,
        0.715020525101038,
        0.715020525101038,
        0.715020525101038,
        0.715020525101038,
        0.715020525101038,
        0.715020525101038,
        0.715020525101038,
        0.7192119984323457,
        0.7192119984323457,
        0.7199616940501847,
        0.7199616940501847,
        0.7199616940501847,
        0.7202007935143901,
        0.7202007935143901,
        0.7202007935143901,
        0.7202007935143901,
        0.7202007935143901,
        0.7202007935143901,
        0.7202007935143901,
        0.7202007935143901,
        0.7202007935143901,
        0.7202007935143901,
        0.7202007935143901,
        0.7202007935143901,
        0.7203552254873697,
        0.7203552254873697,
        0.7203552254873697,
        0.7203552254873697,
        0.7203552254873697,
        0.7203552254873697,
        0.7203552254873697,
        0.7203552254873697,
        0.7203552254873697,
        0.7203552254873697,
        0.7203552254873697,
        0.7203552254873697,
        0.7203552254873697,
        0.7203552254873697,
        0.7203552254873697,
        0.7203552254873697,
        0.7203552254873697,
        0.7203552254873697,
        0.7203552254873697,
        0.7203552254873697,
        0.7203552254873697
    ],