{
    "bestIndiv": [
        [
            22,
            28,
            15,
            45,
            5,
            3,
            24,
            37,
            39,
            38,
            31,
            2,
            18,
            40,
            7,
            9,
            8,
            32,
            42,
            36,
            23,
            47,
            34,
            48,
            17,
            16,
            1,
            6,
            41,
            29,
            20,
            30,
            21,
            0,
            25,
            46,
            13,
            12,
            51,
            10,
            11,
            50,
            27,
            26,
            4,
            14,
            44,
            35,
            33,
            43,
            49,
            19
        ],
        0.7124806544104179
    ],
    "best": [
        0.28369523086062,
        0.2937479530196501,
        0.29763378073310715,
        0.315809315341077,
        0.3376073123823972,
        0.34558625523320363,
        0.3700683900459369,
        0.3700683900459369,
        0.38331461905526065,
        0.38331461905526065,
        0.38331461905526065,
        0.38985450357353235,
        0.40317857540892493,
        0.4168188361914785,
        0.4261314301878477,
        0.4261314301878477,
        0.4261314301878477,
        0.42830814458152616,
        0.42913087271934164,
        0.4355790158311173,
        0.4363486771334317,
        0.43805679469835795,
        0.446714530813287,
        0.462911871917531,
        0.462911871917531,
        0.47063016219713205,
        0.47898718298852,
        0.47898718298852,
        0.47931482648242607,
        0.5139456375587267,
        0.5139456375587267,
        0.5139456375587267,
        0.5139456375587268,
        0.5226075630677259,
        0.5283261573535241,
        0.5299011707808475,
        0.5389451958761826,
        0.5462876083134579,
        0.5462876083134579,
        0.55796154698171,
        0.55796154698171,
        0.5695537396001822,
        0.5695537396001822,
        0.5695537396001822,
        0.5776321899772524,
        0.5776321899772524,
        0.5776321899772524,
        0.5776321899772524,
        0.5835919535860348,
        0.5883412652127529,
        0.588341265212753,
        0.588341265212753,
        0.5915390074022321,
        0.6115769814737672,
        0.6115769814737672,
        0.6115769814737672,
        0.61494692830155,
        0.6182242062161674,
        0.6182242062161674,
        0.6182242062161674,
        0.6223790990047762,
        0.6261501339290328,
        0.6261501339290328,
        0.6262119664239258,
        0.6262119664239258,
        0.6305102019648537,
        0.6305102019648537,
        0.6305728986167534,
        0.6329582230138039,
        0.6330214074876919,
        0.6330214074876919,
        0.6333616518655257,
        0.6333616518655258,
        0.6344823911127634,
        0.6344823911127634,
        0.6344823911127634,
        0.639974177153268,
        0.639974177153268,
        0.639974177153268,
        0.639974177153268,
        0.639974177153268,
        0.6411639867315085,
        0.6411639867315085,
        0.6411639867315085,
        0.6420195453213656,
        0.6420195453213656,
        0.6420195453213656,
        0.6429326111810798,
        0.6526586863064343,
        0.6526586863064343,
        0.6526586863064343,
        0.6526586863064343,
        0.6582164640947852,
        0.6582164640947852,
        0.6701018872767007,
        0.6701018872767007,
        0.6701018872767007,
        0.6701018872767007,
        0.6731139786131852,
        0.6739984242505952,
        0.6739984242505952,
        0.6739984242505952,
        0.6739984242505952,
        0.6739984242505952,
        0.6739984242505952,
        0.6740011109134761,
        0.6740011109134761,
        0.6740011109134761,
        0.6794222689913099,
        0.6794222689913099,
        0.6794249990688455,
        0.6798479418607697,
        0.6798479418607697,
        0.6798479418607697,
        0.6853667258241145,
        0.6853667258241145,
        0.6853667258241145,
        0.6868696452053001,
        0.6882550048934721,
        0.6882550048934721,
        0.6882550048934721,
        0.6882550048934721,
        0.6882550048934721,
        0.6882550048934721,
        0.6882550048934721,
        0.6882550048934721,
        0.6882550048934721,
        0.6882550048934721,
        0.6882550048934721,
        0.6882550048934721,
        0.6882550048934721,
        0.6882550048934721,
        0.6882550048934721,
        0.6882550048934721,
        0.6882550048934721,
        0.6882550048934721,
        0.6882550048934721,
        0.6882550048934721,
        0.6882550048934721,
        0.6882550048934721,
        0.6882550048934721,
        0.6882550048934721,
        0.6882550048934721,
        0.6882550048934721,
        0.6882550048934721,
        0.6882550048934721,
        0.6882550048934721,
        0.6884749536753821,
        0.6884749536753821,
        0.6884749536753821,
        0.6885684923442013,
        0.6885684923442013,
        0.6885684923442013,
        0.6885684923442013,
        0.6924343563816547,
        0.6924343563816547,
        0.6924343563816547,
        0.6924343563816547,
        0.6924343563816548,
        0.6924343563816548,
        0.6936112552516288,
        0.6936112552516289,
        0.7020541400370532,
        0.7020541400370532,
        0.7032639952338019,
        0.7032639952338019,
        0.7032639952338019,
        0.7032639952338019,
        0.7090666587393843,
        0.7090666587393843,
        0.7090666587393843,
        0.7103097620785827,
        0.7103097620785827,
        0.7103097620785827,
        0.7103097620785828,
        0.7124806544104179,
        0.7124806544104179,
        0.7124806544104179,
        0.7124806544104179,
        0.7124806544104179,
        0.7124806544104179,
        0.7124806544104179,
        0.7124806544104179,
        0.7124806544104179,
        0.7124806544104179,
        0.7124806544104179,
        0.7124806544104179,
        0.7124806544104179,
        0.7124806544104179,
        0.7124806544104179,
        0.7124806544104179,
        0.7124806544104179,
        0.7124806544104179,
        0.7124806544104179,
        0.7124806544104179,
        0.7124806544104179,
        0.7124806544104179,
        0.7124806544104179,
        0.7124806544104179,
        0.7124806544104179,
        0.7124806544104179
    ],