{
    "bestIndiv": [
        [
            12,
            26,
            24,
            4,
            7,
            40,
            18,
            2,
            8,
            9,
            32,
            10,
            50,
            3,
            23,
            33,
            39,
            37,
            5,
            14,
            42,
            44,
            17,
            21,
            49,
            28,
            19,
            22,
            20,
            30,
            16,
            6,
            1,
            41,
            29,
            15,
            45,
            43,
            34,
            35,
            48,
            0,
            31,
            38,
            36,
            47,
            11,
            27,
            25,
            46,
            13,
            51
        ],
        0.6920104873878566
    ],
    "best": [
        0.2953321428489969,
        0.2965231171893405,
        0.3040277841885408,
        0.3204671024152006,
        0.34434267710801364,
        0.3495897420933649,
        0.3735098033823157,
        0.3761148058213068,
        0.3768613485485205,
        0.39591884635347935,
        0.39591884635347935,
        0.3997136907366591,
        0.41634721713308076,
        0.41634721713308076,
        0.41634721713308076,
        0.42066144019390006,
        0.42066144019390006,
        0.4496029986036231,
        0.4496029986036231,
        0.4496029986036231,
        0.4496029986036231,
        0.4496029986036231,
        0.4641927942906527,
        0.4762341498440549,
        0.4762341498440549,
        0.4762341498440549,
        0.497430772721299,
        0.497430772721299,
        0.497430772721299,
        0.4990532069622464,
        0.5017790280840397,
        0.5165100556631192,
        0.5165100556631192,
        0.5311644462169648,
        0.5311644462169648,
        0.5419130863099594,
        0.5419130863099594,
        0.5419130863099594,
        0.5419130863099594,
        0.5419130863099594,
        0.5493396311774911,
        0.5493396311774911,
        0.552398535083163,
        0.5532797951644777,
        0.5545981846322839,
        0.5545981846322839,
        0.5574247168732442,
        0.560526827714671,
        0.560526827714671,
        0.560526827714671,
        0.5684247410768679,
        0.5684247410768679,
        0.5700412158350173,
        0.5782146368853177,
        0.5865590388544853,
        0.6029872708511199,
        0.6129655524933213,
        0.6129655524933213,
        0.6266925987886081,
        0.6266925987886081,
        0.6281604262438759,
        0.6281604262438759,
        0.6281604262438759,
        0.6295622419231431,
        0.6295622419231431,
        0.6295622419231431,
        0.6318916644256918,
        0.6318916644256918,
        0.6318916644256918,
        0.6380432711187202,
        0.6429638542168435,
        0.6459389037664188,
        0.6466207280637641,
        0.6531809688752075,
        0.6531809688752075,
        0.6559053182008058,
        0.6559053182008058,
        0.6559053182008058,
        0.6650187900595336,
        0.6650187900595336,
        0.6689316061008266,
        0.6689316061008266,
        0.6689316061008266,
        0.6689316061008266,
        0.6689316061008267,
        0.6689316061008267,
        0.6689316061008267,
        0.6689316061008267,
        0.6731644702147566,
        0.6731644702147566,
        0.6769386145496684,
        0.6769386145496684,
        0.6769386145496684,
        0.6769386145496684,
        0.6769386145496684,
        0.6769386145496684,
        0.6769386145496684,
        0.6769386145496684,
        0.6769386145496684,
        0.6769386145496684,
        0.6769386145496684,
        0.6769386145496684,
        0.6815990227654469,
        0.6815990227654469,
        0.6815990227654469,
        0.6815990227654469,
        0.6815990227654469,
        0.6815990227654469,
        0.6815990227654469,
        0.6815990227654469,
        0.6815990227654469,
        0.6815990227654469,
        0.6815990227654469,
        0.6815990227654469,
        0.6815990227654469,
        0.6815990227654469,
        0.6815990227654469,
        0.6815990227654469,
        0.6815990227654469,
        0.6815990227654469,
        0.6815990227654469,
        0.6815990227654469,
        0.6815990227654469,
        0.6815990227654469,
        0.6815990227654469,
        0.6815990227654469,
        0.6815990227654469,
        0.6815990227654469,
        0.6815990227654469,
        0.6815990227654469,
        0.6880163036753442,
        0.6880163036753442,
        0.6880163036753442,
        0.6880163036753442,
        0.6880163036753442,
        0.6880163036753442,
        0.6880163036753442,
        0.6920104873878566,
        0.6920104873878566,
        0.6920104873878566,
        0.6920104873878566,
        0.6920104873878566,
        0.6920104873878566,
        0.6920104873878566,
        0.6920104873878566,
        0.6920104873878566,
        0.6920104873878566,
        0.6920104873878566,
        0.6920104873878566,
        0.6920104873878566,
        0.6920104873878566,
        0.6920104873878566,
        0.6920104873878566,
        0.6920104873878566,
        0.6920104873878566,
        0.6920104873878566,
        0.6920104873878566,
        0.6920104873878566,
        0.6920104873878566,
        0.6920104873878566,
        0.6920104873878566,
        0.6920104873878566,
        0.6920104873878566,
        0.6920104873878566,
        0.6920104873878566,
        0.6920104873878566,
        0.6920104873878566,
        0.6920104873878566,
        0.6920104873878566,
        0.6920104873878566,
        0.6920104873878566,
        0.6920104873878566,
        0.6920104873878566,
        0.6920104873878566,
        0.6920104873878566,
        0.6920104873878566,
        0.6920104873878566,
        0.6920104873878566,
        0.6920104873878566,
        0.6920104873878566,
        0.6920104873878566,
        0.6920104873878566,
        0.6920104873878566,
        0.6920104873878566,
        0.6920104873878566,
        0.6920104873878566,
        0.6920104873878566,
        0.6920104873878566,
        0.6920104873878566,
        0.6920104873878566,
        0.6920104873878566,
        0.6920104873878566,
        0.6920104873878566,
        0.6920104873878566,
        0.6920104873878566,
        0.6920104873878566,
        0.6920104873878566,
        0.6920104873878566,
        0.6920104873878566,
        0.6920104873878566,
        0.6920104873878566
    ],