{
    "bestIndiv": [
        [
            27,
            50,
            32,
            42,
            4,
            23,
            45,
            36,
            39,
            38,
            44,
            18,
            40,
            8,
            9,
            7,
            31,
            19,
            49,
            28,
            29,
            41,
            1,
            6,
            30,
            17,
            0,
            21,
            48,
            43,
            33,
            34,
            37,
            14,
            5,
            3,
            26,
            12,
            13,
            51,
            10,
            11,
            24,
            47,
            35,
            2,
            16,
            20,
            22,
            15,
            46,
            25
        ],
        0.7184182466421345
    ],
    "best": [
        0.2861159382151202,
        0.2931216300724998,
        0.30326262199439447,
        0.3066496795292483,
        0.3223198212426281,
        0.33435188224778034,
        0.3368692056580654,
        0.34850390029200323,
        0.3546700453376594,
        0.3584851809368461,
        0.36857568813016744,
        0.36928417249944706,
        0.39753957940003143,
        0.39753957940003143,
        0.39753957940003143,
        0.39753957940003143,
        0.4091395185150967,
        0.42660171359975735,
        0.42660171359975735,
        0.42660171359975735,
        0.43419025243491316,
        0.43444599644008397,
        0.4361808231564021,
        0.4550779834926367,
        0.4621146753254815,
        0.4661718735103135,
        0.4661718735103135,
        0.46836418074711195,
        0.4717466683079635,
        0.4717466683079635,
        0.48004159170525185,
        0.48795126969014624,
        0.48795126969014624,
        0.490317388468933,
        0.490317388468933,
        0.49864989892782197,
        0.49864989892782197,
        0.5146378684023332,
        0.5146378684023332,
        0.5171499174852268,
        0.5183640190695306,
        0.5201670834229811,
        0.5201670834229811,
        0.5242678500742385,
        0.5370576507840623,
        0.5371907654570955,
        0.5371907654570955,
        0.5371907654570955,
        0.5480381421429925,
        0.5480381421429925,
        0.5486396066420249,
        0.5486396066420249,
        0.5486396066420249,
        0.5599314476355607,
        0.5599314476355607,
        0.5678084386409762,
        0.5729836576017567,
        0.5729836576017567,
        0.5736100010797501,
        0.5736100010797501,
        0.5840538432389379,
        0.5840538432389379,
        0.5855211381769012,
        0.5925292035739177,
        0.6023653592390457,
        0.6023653592390457,
        0.6023653592390457,
        0.6023653592390457,
        0.6024042874964192,
        0.6209028525360554,
        0.6209028525360554,
        0.6209028525360554,
        0.6217407982369698,
        0.6222096000790271,
        0.624155292347301,
        0.624155292347301,
        0.6268815097610225,
        0.6300195893720251,
        0.6416090497413596,
        0.6416090497413596,
        0.6416090497413596,
        0.6416090497413596,
        0.6416090497413596,
        0.6460033785295541,
        0.6460033785295541,
        0.6460033785295541,
        0.6460033785295541,
        0.6515936265362583,
        0.6515936265362583,
        0.6515936265362583,
        0.6515936265362583,
        0.6547308602360871,
        0.6548965643726371,
        0.6550495613365028,
        0.6560799443314789,
        0.6560799443314789,
        0.6560799443314789,
        0.6585269903458945,
        0.660209432419047,
        0.660209432419047,
        0.660209432419047,
        0.6654959096189232,
        0.665802464387929,
        0.665802464387929,
        0.665802464387929,
        0.665802464387929,
        0.665802464387929,
        0.665802464387929,
        0.665802464387929,
        0.6683214316694004,
        0.6683214316694004,
        0.6683214316694004,
        0.6683214316694004,
        0.6683214316694004,
        0.6683214316694004,
        0.6683214316694004,
        0.6723067987290432,
        0.6723067987290432,
        0.6723067987290432,
        0.6723067987290432,
        0.6723067987290432,
        0.6723067987290432,
        0.6723067987290432,
        0.6723067987290432,
        0.6723067987290432,
        0.6723067987290432,
        0.6723067987290432,
        0.6723067987290432,
        0.6723067987290432,
        0.6723067987290432,
        0.6814793493757949,
        0.6814793493757949,
        0.6814793493757949,
        0.6814793493757949,
        0.6814793493757949,
        0.6814793493757949,
        0.6814793493757949,
        0.6814793493757949,
        0.6814793493757949,
        0.6814793493757949,
        0.6814793493757949,
        0.6880353715291634,
        0.6880353715291634,
        0.6880353715291634,
        0.6900103940531892,
        0.6987466692535315,
        0.6987466692535315,
        0.6987466692535315,
        0.6987466692535315,
        0.6987466692535315,
        0.705101247907646,
        0.705101247907646,
        0.7053040644175598,
        0.7053040644175598,
        0.7053040644175598,
        0.7053040644175598,
        0.7053040644175598,
        0.7053040644175598,
        0.7053040644175598,
        0.7053040644175598,
        0.7053040644175598,
        0.7053040644175598,
        0.7053040644175598,
        0.7053040644175598,
        0.7055010610385694,
        0.7055010610385694,
        0.7055010610385694,
        0.7112517322755102,
        0.7133385070385933,
        0.7133385070385933,
        0.7143862826701861,
        0.7143862826701861,
        0.7143862826701861,
        0.7143862826701861,
        0.7143862826701861,
        0.7174839982364217,
        0.7174839982364217,
        0.7174839982364217,
        0.7174839982364217,
        0.7174839982364217,
        0.7174839982364217,
        0.7174839982364217,
        0.7174839982364217,
        0.7174839982364217,
        0.7174839982364217,
        0.7174839982364217,
        0.7174839982364217,
        0.7174839982364217,
        0.7174839982364217,
        0.7174839982364217,
        0.7174839982364217,
        0.7174839982364217,
        0.7174839982364217,
        0.7174839982364217,
        0.7174839982364217,
        0.7174839982364217,
        0.7184182466421345,
        0.7184182466421345,
        0.7184182466421345,
        0.7184182466421345,
        0.7184182466421345
    ],