{
    "bestIndiv": [
        [
            5,
            3,
            24,
            50,
            11,
            27,
            26,
            25,
            46,
            12,
            13,
            51,
            10,
            45,
            43,
            37,
            47,
            23,
            14,
            44,
            2,
            17,
            31,
            48,
            0,
            21,
            30,
            22,
            20,
            16,
            41,
            6,
            1,
            29,
            19,
            49,
            15,
            28,
            34,
            33,
            35,
            38,
            36,
            42,
            32,
            9,
            7,
            8,
            40,
            18,
            39,
            4
        ],
        0.7614989252587305
    ],
    "best": [
        0.29026853471561676,
        0.3094512125771139,
        0.3094512125771139,
        0.3277250437179339,
        0.3277250437179339,
        0.33937021034927856,
        0.34357152980576805,
        0.3502915390686148,
        0.36651749200241224,
        0.36782743964698206,
        0.36782743964698206,
        0.37267309635449725,
        0.37455883354425984,
        0.3818068975133911,
        0.4033507131927011,
        0.4051871837813983,
        0.4051871837813983,
        0.4203931523753583,
        0.4296886931357773,
        0.4380183367635728,
        0.4380183367635728,
        0.44635466137558866,
        0.4631952707767299,
        0.4631952707767299,
        0.4827591424292846,
        0.4827591424292846,
        0.4827591424292846,
        0.4827591424292846,
        0.4921758617865611,
        0.4921758617865611,
        0.5008062769877452,
        0.5008062769877452,
        0.5039963547078032,
        0.5068722661903948,
        0.5220433156401406,
        0.5220433156401406,
        0.5220433156401406,
        0.5339345346802398,
        0.5339345346802398,
        0.5339345346802398,
        0.5416293956913518,
        0.5445954402641193,
        0.5445954402641193,
        0.5480763580410383,
        0.5480763580410383,
        0.5690471906657503,
        0.5690471906657503,
        0.5690471906657503,
        0.5708533285065855,
        0.5708533285065855,
        0.5740080583383939,
        0.5829441381001605,
        0.5829441381001605,
        0.5829441381001605,
        0.5874754711085463,
        0.5947651541972583,
        0.6069295971030567,
        0.6069295971030567,
        0.6121795413180341,
        0.6150372789258126,
        0.621557825392934,
        0.621557825392934,
        0.621557825392934,
        0.6228556289816615,
        0.6230200860555808,
        0.6230200860555808,
        0.6279559742568227,
        0.6348000547983162,
        0.643812406977586,
        0.643812406977586,
        0.6443979872681455,
        0.6443979872681455,
        0.6497318742645998,
        0.6497318742645998,
        0.6589469465635088,
        0.6642042604474505,
        0.6642042604474505,
        0.6642042604474505,
        0.6652475426484192,
        0.6652475426484192,
        0.6654614627453714,
        0.6654614627453714,
        0.6706062827839276,
        0.672818173740297,
        0.672818173740297,
        0.6760121586910847,
        0.679244522139229,
        0.6815031646244353,
        0.6815031646244353,
        0.6967612317771442,
        0.6967612317771442,
        0.6967612317771442,
        0.6967612317771442,
        0.6967612317771442,
        0.6967612317771442,
        0.6967612317771442,
        0.6967612317771442,
        0.6967612317771442,
        0.6967612317771442,
        0.7063260642657875,
        0.7063260642657875,
        0.7063260642657875,
        0.7063260642657875,
        0.7068190722932123,
        0.7108794670638251,
        0.7108794670638251,
        0.7108794670638251,
        0.7108794670638251,
        0.7223166026355343,
        0.7228321939385653,
        0.7228321939385653,
        0.7228321939385653,
        0.7336370166483249,
        0.7336370166483249,
        0.742397051410962,
        0.7423970514109621,
        0.7423970514109621,
        0.7423970514109621,
        0.7423970514109621,
        0.7423970514109621,
        0.7423970514109621,
        0.7429089219578737,
        0.7429089219578737,
        0.7429089219578737,
        0.7429089219578737,
        0.7429089219578737,
        0.7429089219578737,
        0.7429089219578737,
        0.7429089219578737,
        0.7429089219578737,
        0.7429089219578737,
        0.7429089219578737,
        0.7429089219578737,
        0.7429089219578737,
        0.7429089219578737,
        0.7429089219578737,
        0.7429089219578737,
        0.7429089219578737,
        0.7467469396538676,
        0.7467469396538676,
        0.7467469396538676,
        0.7467469396538676,
        0.7467469396538676,
        0.754269934482359,
        0.754269934482359,
        0.754269934482359,
        0.754269934482359,
        0.754269934482359,
        0.754269934482359,
        0.754269934482359,
        0.754269934482359,
        0.754269934482359,
        0.754269934482359,
        0.754269934482359,
        0.754269934482359,
        0.754269934482359,
        0.754269934482359,
        0.754269934482359,
        0.754269934482359,
        0.754269934482359,
        0.754269934482359,
        0.754269934482359,
        0.754269934482359,
        0.7614989252587305,
        0.7614989252587305,
        0.7614989252587305,
        0.7614989252587305,
        0.7614989252587305,
        0.7614989252587305,
        0.7614989252587305,
        0.7614989252587305,
        0.7614989252587305,
        0.7614989252587305,
        0.7614989252587305,
        0.7614989252587305,
        0.7614989252587305,
        0.7614989252587305,
        0.7614989252587305,
        0.7614989252587305,
        0.7614989252587305,
        0.7614989252587305,
        0.7614989252587305,
        0.7614989252587305,
        0.7614989252587305,
        0.7614989252587305,
        0.7614989252587305,
        0.7614989252587305,
        0.7614989252587305,
        0.7614989252587305,
        0.7614989252587305,
        0.7614989252587305,
        0.7614989252587305,
        0.7614989252587305,
        0.7614989252587305,
        0.7614989252587305,
        0.7614989252587305,
        0.7614989252587305,
        0.7614989252587305,
        0.7614989252587305,
        0.7614989252587305,
        0.7614989252587305
    ],