{
    "bestIndiv": [
        [
            15,
            43,
            36,
            33,
            35,
            34,
            48,
            0,
            21,
            17,
            2,
            16,
            20,
            22,
            19,
            49,
            28,
            29,
            6,
            41,
            1,
            30,
            31,
            44,
            18,
            40,
            7,
            8,
            9,
            32,
            42,
            14,
            38,
            39,
            37,
            23,
            46,
            26,
            51,
            13,
            12,
            25,
            27,
            10,
            50,
            11,
            24,
            3,
            5,
            4,
            47,
            45
        ],
        0.80556339192716
    ],
    "best": [
        0.2861159382151202,
        0.2931216300724998,
        0.3048951211635761,
        0.3099846424068414,
        0.32013088483262747,
        0.3259179790301034,
        0.35846737908878074,
        0.35846737908878074,
        0.37771738575950675,
        0.37771738575950675,
        0.37813363633930674,
        0.37813363633930674,
        0.38157599638844464,
        0.39349790810942087,
        0.39349790810942087,
        0.4080268067445976,
        0.4175923564764738,
        0.4175923564764738,
        0.4215446043602924,
        0.4215446043602924,
        0.4215446043602924,
        0.4233053196954575,
        0.42949972124496205,
        0.42980936598659647,
        0.4358165845242734,
        0.4673665193263629,
        0.4673665193263629,
        0.467366519326363,
        0.4705088682123048,
        0.47624683075483537,
        0.4787235388201479,
        0.5002232015850178,
        0.5034711176625383,
        0.5034711176625383,
        0.5134189027493319,
        0.5312677449761949,
        0.531267744976195,
        0.531267744976195,
        0.5371920587128035,
        0.5439640072446981,
        0.5439640072446981,
        0.5444820380735514,
        0.5716153978431464,
        0.5755884032839739,
        0.5839770581363213,
        0.5839770581363213,
        0.5839770581363213,
        0.5871913584044758,
        0.6020289905637787,
        0.6090373134154755,
        0.6090373134154755,
        0.6104875012238772,
        0.6104875012238772,
        0.611050480162855,
        0.6190427024368683,
        0.6190427024368683,
        0.6193825042916477,
        0.6193825042916477,
        0.6211226708852466,
        0.6211226708852466,
        0.6211226708852466,
        0.6353746184358716,
        0.6353746184358716,
        0.6374817922961268,
        0.6374817922961268,
        0.6534321509498279,
        0.6534321509498279,
        0.6534321509498279,
        0.6534321509498279,
        0.6534321509498279,
        0.6534321509498279,
        0.6560465897532284,
        0.6596416006356354,
        0.6659067866727661,
        0.6680716357686326,
        0.6680716357686326,
        0.6680716357686328,
        0.6694122433950512,
        0.6694122433950512,
        0.6751531743175798,
        0.6763813747334081,
        0.6803299857300376,
        0.6811755898684516,
        0.6811755898684516,
        0.6845471643178624,
        0.6885391869209881,
        0.6918260493617844,
        0.6944539229612422,
        0.69548694522986,
        0.6977976351220988,
        0.6988406365657106,
        0.6988406365657106,
        0.6988406365657106,
        0.6988406365657106,
        0.6988406365657106,
        0.6988406365657106,
        0.6988406365657106,
        0.6988406365657106,
        0.6988406365657106,
        0.6988406365657106,
        0.6988406365657106,
        0.6988406365657106,
        0.6988406365657106,
        0.6988406365657106,
        0.6988406365657106,
        0.6988406365657106,
        0.6997521364077224,
        0.7119231025229503,
        0.7119231025229503,
        0.712869071890947,
        0.714488040876649,
        0.733424815162093,
        0.733424815162093,
        0.733424815162093,
        0.7375217205513794,
        0.7375217205513794,
        0.7375217205513794,
        0.7375217205513794,
        0.7375217205513794,
        0.7375217205513794,
        0.7375217205513794,
        0.7634257151991118,
        0.7634257151991118,
        0.7634257151991118,
        0.7634257151991118,
        0.7745701107238308,
        0.7745701107238308,
        0.7745701107238308,
        0.7745701107238308,
        0.7745701107238308,
        0.7745701107238308,
        0.7745701107238308,
        0.7745701107238308,
        0.7759513649533004,
        0.7759513649533004,
        0.7759513649533004,
        0.7766271904524676,
        0.7766271904524676,
        0.7771598284695213,
        0.7771598284695213,
        0.7848538471605869,
        0.7848538471605869,
        0.7848538471605869,
        0.78609022121731,
        0.7869934750848042,
        0.793790911239556,
        0.793790911239556,
        0.793790911239556,
        0.7976337356585367,
        0.7976337356585367,
        0.7976337356585367,
        0.80556339192716,
        0.80556339192716,
        0.80556339192716,
        0.80556339192716,
        0.80556339192716,
        0.80556339192716,
        0.80556339192716,
        0.80556339192716,
        0.80556339192716,
        0.80556339192716,
        0.80556339192716,
        0.80556339192716,
        0.80556339192716,
        0.80556339192716,
        0.80556339192716,
        0.80556339192716,
        0.80556339192716,
        0.80556339192716,
        0.80556339192716,
        0.80556339192716,
        0.80556339192716,
        0.80556339192716,
        0.80556339192716,
        0.80556339192716,
        0.80556339192716,
        0.80556339192716,
        0.80556339192716,
        0.80556339192716,
        0.80556339192716,
        0.80556339192716,
        0.80556339192716,
        0.80556339192716,
        0.80556339192716,
        0.80556339192716,
        0.80556339192716,
        0.80556339192716,
        0.80556339192716,
        0.80556339192716,
        0.80556339192716,
        0.80556339192716,
        0.80556339192716,
        0.80556339192716,
        0.80556339192716,
        0.80556339192716,
        0.80556339192716,
        0.80556339192716,
        0.80556339192716,
        0.80556339192716,
        0.80556339192716,
        0.80556339192716
    ],