{
    "bestIndiv": [
        [
            5,
            14,
            4,
            23,
            47,
            36,
            38,
            31,
            44,
            42,
            32,
            50,
            10,
            11,
            25,
            46,
            13,
            51,
            12,
            26,
            27,
            45,
            28,
            29,
            22,
            19,
            49,
            15,
            43,
            33,
            34,
            48,
            21,
            20,
            16,
            6,
            1,
            41,
            2,
            40,
            7,
            9,
            8,
            18,
            17,
            30,
            0,
            35,
            39,
            37,
            24,
            3
        ],
        0.7793750685841371
    ],
    "best": [
        0.2938599743734584,
        0.31655391838602787,
        0.31655391838602787,
        0.3191059378872491,
        0.35945590413826956,
        0.35945590413826956,
        0.35945590413826956,
        0.3660393864492503,
        0.37204771624203986,
        0.37948117023693145,
        0.37992091422203655,
        0.3937426221938908,
        0.39570682779491567,
        0.39819767930680594,
        0.40441384627739335,
        0.4140257574255154,
        0.4140257574255154,
        0.4140257574255154,
        0.41847454062679107,
        0.4252704840694518,
        0.43457741376354636,
        0.4411791077903457,
        0.442409421036667,
        0.4507981893846265,
        0.47953211491854014,
        0.47953211491854014,
        0.47953211491854014,
        0.47953211491854014,
        0.48363200055875016,
        0.49108035901259944,
        0.5045853636111589,
        0.5045853636111589,
        0.504585363611159,
        0.5067890084303561,
        0.5067890084303561,
        0.5153413228160058,
        0.5277210643113551,
        0.5277210643113551,
        0.5427321009304733,
        0.5427321009304733,
        0.5489079323431758,
        0.5489079323431758,
        0.5489079323431758,
        0.5489079323431758,
        0.5553514009572895,
        0.5575973325666558,
        0.5596812714420922,
        0.5607434426093306,
        0.5775151452407021,
        0.5775151452407021,
        0.5821427993322192,
        0.5843646400491537,
        0.5881392636000967,
        0.6013804275251177,
        0.6019980591018914,
        0.6134433922889877,
        0.6215125896339423,
        0.6215125896339423,
        0.6215125896339423,
        0.6227769640933078,
        0.6269732582214504,
        0.6349719621974355,
        0.6362571697494612,
        0.6383429661029763,
        0.6535268778060918,
        0.6558261157976061,
        0.6558261157976061,
        0.6558261157976061,
        0.6604254514200474,
        0.6637181096863374,
        0.671931750188109,
        0.671931750188109,
        0.671931750188109,
        0.6719526206993854,
        0.6719526206993854,
        0.677676548717002,
        0.688371451269409,
        0.688371451269409,
        0.688371451269409,
        0.6888702717009811,
        0.6947889998087761,
        0.6947889998087761,
        0.6989556093945128,
        0.7019133535674266,
        0.7019133535674266,
        0.7019133535674266,
        0.7019133535674266,
        0.7044243446329845,
        0.7044243446329845,
        0.7044243446329845,
        0.706471684793912,
        0.706471684793912,
        0.7065440879329951,
        0.7065440879329951,
        0.7082624717895495,
        0.7082624717895495,
        0.7082624717895495,
        0.7082624717895495,
        0.7082624717895495,
        0.7082624717895495,
        0.7082624717895495,
        0.7082624717895495,
        0.7082624717895495,
        0.7139042111085534,
        0.7139042111085534,
        0.7139042111085534,
        0.7139042111085534,
        0.7139042111085534,
        0.718179413544424,
        0.718179413544424,
        0.7187197548275417,
        0.7187197548275417,
        0.7187197548275417,
        0.7187197548275417,
        0.721078820986555,
        0.7210788209865551,
        0.7216235356228791,
        0.7216235356228791,
        0.7216235356228791,
        0.7216235356228791,
        0.7216235356228791,
        0.7216235356228791,
        0.7216235356228791,
        0.7216235356228791,
        0.7216235356228791,
        0.7216235356228791,
        0.7269894152913178,
        0.7269894152913178,
        0.7269894152913178,
        0.7269894152913178,
        0.7269894152913178,
        0.7269894152913178,
        0.7269894152913178,
        0.7269894152913178,
        0.7269894152913178,
        0.7269894152913178,
        0.7299777348429543,
        0.7299777348429543,
        0.7299777348429543,
        0.7300400912933391,
        0.7300400912933391,
        0.7300400912933391,
        0.7300400912933391,
        0.7300400912933391,
        0.7342678356306953,
        0.7390722672956151,
        0.7466095745919828,
        0.7466095745919828,
        0.7466095745919828,
        0.7466095745919828,
        0.7466095745919828,
        0.7597325256155855,
        0.7597325256155855,
        0.7597325256155855,
        0.7597325256155855,
        0.7597325256155855,
        0.7597325256155855,
        0.7597325256155855,
        0.7597325256155855,
        0.7597325256155855,
        0.7597325256155855,
        0.7695775852677794,
        0.7695775852677794,
        0.7695775852677794,
        0.7695775852677794,
        0.7729936474046168,
        0.7729936474046168,
        0.7729936474046168,
        0.7729936474046168,
        0.7729936474046168,
        0.7729936474046168,
        0.7729936474046168,
        0.7729936474046168,
        0.7729936474046168,
        0.7729936474046168,
        0.7729936474046168,
        0.7729936474046168,
        0.7729936474046168,
        0.7745270900532077,
        0.7745270900532077,
        0.7778223886185613,
        0.7778223886185613,
        0.7778223886185613,
        0.7793750685841371,
        0.7793750685841371,
        0.7793750685841371,
        0.7793750685841371,
        0.7793750685841371,
        0.7793750685841371,
        0.7793750685841371,
        0.7793750685841371,
        0.7793750685841371,
        0.7793750685841371,
        0.7793750685841371,
        0.7793750685841371,
        0.7793750685841371,
        0.7793750685841371,
        0.7793750685841371,
        0.7793750685841371,
        0.7793750685841371,
        0.7793750685841371
    ],