{
    "bestIndiv": [
        [
            23,
            33,
            43,
            0,
            21,
            22,
            19,
            49,
            34,
            38,
            39,
            47,
            24,
            3,
            5,
            36,
            35,
            48,
            31,
            17,
            30,
            2,
            44,
            18,
            7,
            9,
            8,
            40,
            16,
            6,
            1,
            41,
            20,
            29,
            28,
            15,
            45,
            25,
            46,
            13,
            51,
            10,
            12,
            26,
            27,
            11,
            50,
            32,
            42,
            14,
            4,
            37
        ],
        0.8011844777051774
    ],
    "best": [
        0.2861159382151202,
        0.2931216300724998,
        0.3048951211635761,
        0.3099846424068414,
        0.32013088483262747,
        0.3259179790301034,
        0.35846737908878074,
        0.35846737908878074,
        0.37771738575950675,
        0.37771738575950675,
        0.37813363633930674,
        0.37813363633930674,
        0.38390045951136426,
        0.38928559485212116,
        0.3965482642082271,
        0.3965482642082271,
        0.41777540059561996,
        0.4248224604284917,
        0.42547330256847543,
        0.44681152096758475,
        0.44681152096758475,
        0.44681152096758475,
        0.44681152096758486,
        0.4518294554075923,
        0.4669642254467601,
        0.4669642254467601,
        0.47564802968115766,
        0.48674499621192635,
        0.5043587066339404,
        0.5099253784596273,
        0.5101924137269427,
        0.5240672871584943,
        0.5364266914012471,
        0.5393548615699608,
        0.5393548615699609,
        0.5393548615699609,
        0.5523781784733216,
        0.5523781784733216,
        0.5523781784733216,
        0.5548347763596896,
        0.5548347763596896,
        0.5605968253519109,
        0.5605968253519109,
        0.5605968253519109,
        0.5664512978093442,
        0.5664512978093442,
        0.5718191300327554,
        0.5718339454976884,
        0.5963767210453804,
        0.5963767210453804,
        0.5963767210453804,
        0.5998068057919221,
        0.5998068057919221,
        0.5998068057919221,
        0.6219654330273426,
        0.6219654330273426,
        0.6219654330273426,
        0.6219654330273426,
        0.6219654330273426,
        0.6255648287223913,
        0.6323202745660554,
        0.6323202745660554,
        0.6400694502813942,
        0.6406404228875031,
        0.6474866815755937,
        0.6474866815755937,
        0.6474866815755937,
        0.6474866815755937,
        0.6491372143697263,
        0.6503355858843122,
        0.6503355858843123,
        0.6549384655301848,
        0.6556672171384519,
        0.6590414726058915,
        0.6604596726747796,
        0.6612993217891914,
        0.6739481281879971,
        0.6739481281879971,
        0.6739481281879972,
        0.6797959248988353,
        0.6797959248988353,
        0.7023504019189482,
        0.7023504019189483,
        0.7023504019189483,
        0.7023504019189483,
        0.7321091815263716,
        0.7321091815263716,
        0.7321091815263716,
        0.7321091815263716,
        0.7321091815263716,
        0.7321091815263716,
        0.742375517495407,
        0.742375517495407,
        0.742375517495407,
        0.7527539392765135,
        0.7527539392765135,
        0.7527539392765135,
        0.7694382263774799,
        0.7694382263774799,
        0.7694382263774799,
        0.7694382263774799,
        0.7694382263774799,
        0.7694382263774799,
        0.7694382263774799,
        0.7694382263774799,
        0.7694382263774799,
        0.7694382263774799,
        0.7694382263774799,
        0.7719806117729975,
        0.7719806117729975,
        0.7719806117729975,
        0.7719806117729975,
        0.7775731895995491,
        0.7775731895995491,
        0.7775731895995491,
        0.7775731895995491,
        0.786339467437716,
        0.7863394674377161,
        0.7863394674377161,
        0.7863394674377161,
        0.7863394674377161,
        0.7863394674377161,
        0.7863394674377161,
        0.7863394674377161,
        0.7863394674377161,
        0.7863394674377161,
        0.7863394674377161,
        0.7863394674377161,
        0.7863394674377161,
        0.7863394674377161,
        0.7863394674377161,
        0.7863394674377161,
        0.7877426320939925,
        0.7877426320939925,
        0.7877426320939925,
        0.7877426320939925,
        0.7897230047775304,
        0.7897230047775304,
        0.7897230047775304,
        0.7897230047775304,
        0.7897230047775304,
        0.7897230047775304,
        0.7897230047775304,
        0.7897230047775304,
        0.7897230047775304,
        0.7897230047775304,
        0.7897230047775304,
        0.7897230047775304,
        0.7897230047775304,
        0.7897230047775304,
        0.7897230047775304,
        0.7897230047775304,
        0.7897230047775304,
        0.7897230047775304,
        0.7897230047775304,
        0.7897230047775304,
        0.7897230047775304,
        0.7897230047775304,
        0.7897230047775304,
        0.7897230047775304,
        0.7897230047775304,
        0.7897230047775304,
        0.7897230047775304,
        0.7897230047775304,
        0.7897230047775304,
        0.7897230047775304,
        0.7897230047775304,
        0.7960555292573754,
        0.7960555292573754,
        0.7960555292573754,
        0.7960555292573754,
        0.7960555292573754,
        0.7960555292573754,
        0.7960555292573754,
        0.7960555292573754,
        0.797970466184354,
        0.797970466184354,
        0.797970466184354,
        0.797970466184354,
        0.7984689100591601,
        0.7984689100591601,
        0.7984689100591601,
        0.8003954895653015,
        0.8003954895653015,
        0.8003954895653015,
        0.8003954895653015,
        0.8003954895653015,
        0.8003954895653015,
        0.8003954895653015,
        0.8003954895653015,
        0.8003954895653015,
        0.8003954895653015,
        0.8003954895653015,
        0.8003954895653015,
        0.8011844777051774,
        0.8011844777051774,
        0.8011844777051774,
        0.8011844777051774,
        0.8011844777051774,
        0.8011844777051774,
        0.8011844777051774
    ],