{
    "bestIndiv": [
        [
            26,
            27,
            11,
            50,
            32,
            42,
            37,
            36,
            38,
            35,
            34,
            33,
            43,
            0,
            21,
            48,
            49,
            6,
            1,
            41,
            17,
            30,
            22,
            19,
            28,
            15,
            10,
            51,
            12,
            13,
            46,
            29,
            20,
            16,
            2,
            31,
            24,
            3,
            5,
            4,
            14,
            9,
            8,
            7,
            40,
            44,
            18,
            39,
            23,
            47,
            45,
            25
        ],
        0.6774963051262888
    ],
    "best": [
        0.2866095923875466,
        0.2908715993391262,
        0.3113726035353004,
        0.3189243671155596,
        0.34434250720179765,
        0.34434250720179765,
        0.3632154035830522,
        0.3632154035830522,
        0.37862348839793725,
        0.3953455454126508,
        0.3953455454126508,
        0.3953455454126508,
        0.3972779679349016,
        0.40802885878121914,
        0.4130497924765557,
        0.41939502969713927,
        0.41939502969713927,
        0.43108573817977847,
        0.43108573817977847,
        0.43640016169439644,
        0.43711462174577637,
        0.4522342963194863,
        0.4522342963194863,
        0.4522342963194863,
        0.45879681102088843,
        0.45879681102088843,
        0.45879681102088843,
        0.4613595733620664,
        0.4613595733620664,
        0.4629997369358984,
        0.46924766049937267,
        0.47334447984910016,
        0.4760265086001888,
        0.47854566309357766,
        0.48003039475939857,
        0.48626326840105005,
        0.48626326840105005,
        0.48896934006821924,
        0.4951623128694572,
        0.4953362603286357,
        0.5046708606556239,
        0.5063668000959025,
        0.5095203788744721,
        0.5164269663691154,
        0.5164269663691154,
        0.5164269663691154,
        0.5245696347997775,
        0.525071182632878,
        0.525071182632878,
        0.5447681164098265,
        0.5447681164098265,
        0.5447681164098265,
        0.5447681164098265,
        0.5586805782590876,
        0.5586805782590876,
        0.5586805782590876,
        0.5586805782590876,
        0.5645632236815507,
        0.5645632236815507,
        0.5645632236815507,
        0.5645632236815507,
        0.5645632236815507,
        0.5645632236815507,
        0.5645632236815507,
        0.5645632236815507,
        0.5645632236815507,
        0.5645632236815507,
        0.5645632236815507,
        0.5645632236815507,
        0.5831959865400187,
        0.5831959865400187,
        0.583519311436089,
        0.583519311436089,
        0.583519311436089,
        0.583519311436089,
        0.5863056761624712,
        0.5863056761624712,
        0.5868655453514893,
        0.5872148089788873,
        0.5882614317550364,
        0.5882614317550364,
        0.5882614317550364,
        0.5882614317550364,
        0.5889939390230825,
        0.6182819013406408,
        0.6182819013406408,
        0.6182819013406408,
        0.619831435735415,
        0.619831435735415,
        0.621113186239321,
        0.621113186239321,
        0.621113186239321,
        0.6243278956148344,
        0.6290387661561534,
        0.6290387661561534,
        0.6377340604226571,
        0.6377340604226571,
        0.6377340604226571,
        0.6377340604226571,
        0.6377340604226571,
        0.6377340604226571,
        0.6422746851663221,
        0.6498352724627622,
        0.6498352724627622,
        0.6498352724627622,
        0.6594808196184904,
        0.6594808196184904,
        0.6594808196184904,
        0.6594808196184904,
        0.6594808196184904,
        0.6594808196184904,
        0.6594808196184904,
        0.6594808196184904,
        0.6604041025255795,
        0.6604041025255795,
        0.6604041025255795,
        0.6604041025255795,
        0.6604041025255795,
        0.6604041025255795,
        0.6604041025255795,
        0.6604041025255795,
        0.6604041025255795,
        0.6604041025255795,
        0.6604041025255795,
        0.6604041025255795,
        0.6604041025255795,
        0.6604041025255795,
        0.6604041025255795,
        0.6604041025255795,
        0.6604041025255795,
        0.6604041025255795,
        0.6604041025255795,
        0.6604041025255795,
        0.6604041025255795,
        0.6604041025255795,
        0.6604041025255795,
        0.6604041025255795,
        0.6604041025255795,
        0.6604041025255795,
        0.6604041025255795,
        0.6604041025255795,
        0.6604041025255795,
        0.6604041025255795,
        0.6604041025255795,
        0.6604041025255795,
        0.6604041025255795,
        0.6604041025255795,
        0.6604041025255795,
        0.6604041025255795,
        0.6604041025255795,
        0.6694294979268897,
        0.6694294979268897,
        0.6694294979268897,
        0.676098069634293,
        0.676098069634293,
        0.676098069634293,
        0.676098069634293,
        0.676098069634293,
        0.676098069634293,
        0.676098069634293,
        0.676098069634293,
        0.676098069634293,
        0.676098069634293,
        0.676098069634293,
        0.676098069634293,
        0.676098069634293,
        0.676098069634293,
        0.676098069634293,
        0.676098069634293,
        0.676098069634293,
        0.676098069634293,
        0.676098069634293,
        0.676098069634293,
        0.676098069634293,
        0.676098069634293,
        0.676098069634293,
        0.676098069634293,
        0.676098069634293,
        0.676098069634293,
        0.676098069634293,
        0.676098069634293,
        0.676098069634293,
        0.676098069634293,
        0.676098069634293,
        0.6774963051262888,
        0.6774963051262888,
        0.6774963051262888,
        0.6774963051262888,
        0.6774963051262888,
        0.6774963051262888,
        0.6774963051262888,
        0.6774963051262888,
        0.6774963051262888,
        0.6774963051262888,
        0.6774963051262888,
        0.6774963051262888,
        0.6774963051262888,
        0.6774963051262888,
        0.6774963051262888,
        0.6774963051262888,
        0.6774963051262888
    ],