{
    "bestIndiv": [
        [
            30,
            17,
            16,
            2,
            44,
            18,
            40,
            7,
            9,
            8,
            32,
            42,
            14,
            5,
            23,
            47,
            37,
            4,
            3,
            11,
            27,
            26,
            25,
            28,
            15,
            49,
            35,
            34,
            45,
            46,
            51,
            13,
            12,
            10,
            50,
            24,
            43,
            0,
            21,
            31,
            48,
            38,
            39,
            36,
            33,
            20,
            1,
            6,
            41,
            29,
            19,
            22
        ],
        0.7383560568536632
    ],
    "best": [
        0.2856811492242353,
        0.2961299596004015,
        0.3073510357691975,
        0.3168384011651944,
        0.3168384011651944,
        0.3195427238858743,
        0.32292576098068654,
        0.3418114341594623,
        0.3418114341594623,
        0.34469284965190217,
        0.3510038344449684,
        0.3627744553470114,
        0.38690006650547404,
        0.38690006650547404,
        0.38690006650547404,
        0.4062451571924773,
        0.4062451571924773,
        0.40672138318441614,
        0.40848710213652945,
        0.41841294556408515,
        0.4445702424701607,
        0.4445702424701607,
        0.44492672505250774,
        0.46402582789355856,
        0.46402582789355856,
        0.46402582789355856,
        0.46681118956356604,
        0.48338871343140905,
        0.48338871343140905,
        0.5056612446234311,
        0.5056612446234311,
        0.5056612446234311,
        0.5057943467806952,
        0.5210438791252405,
        0.5210438791252405,
        0.5282848489827758,
        0.5318930685573665,
        0.5379523452018741,
        0.5437387589137058,
        0.5743500013732495,
        0.5743500013732495,
        0.5957827439181667,
        0.6117436964110756,
        0.6117436964110756,
        0.6163322460706856,
        0.6163322460706856,
        0.6163322460706856,
        0.6163647930899269,
        0.6252646157266601,
        0.6265034407404156,
        0.638985424993994,
        0.638985424993994,
        0.638985424993994,
        0.6450244917588571,
        0.6485222762983444,
        0.6494064624366691,
        0.6514861302176607,
        0.6578020282985608,
        0.6578020282985608,
        0.6578020282985608,
        0.6578020282985608,
        0.6578020282985608,
        0.6578020282985608,
        0.6578020282985608,
        0.6578020282985608,
        0.6598228362413326,
        0.6598228362413326,
        0.6637697426104816,
        0.6653501968328713,
        0.6714562896333919,
        0.6714562896333919,
        0.6714562896333919,
        0.6714562896333919,
        0.6714562896333919,
        0.6714562896333919,
        0.6714562896333919,
        0.6714562896333919,
        0.6714562896333919,
        0.6714562896333919,
        0.6714562896333919,
        0.6714562896333919,
        0.6751127788670355,
        0.6751127788670355,
        0.6751127788670355,
        0.6751127788670355,
        0.6751127788670355,
        0.6751127788670355,
        0.6751127788670355,
        0.6751127788670355,
        0.6751127788670355,
        0.6752945649316148,
        0.6752945649316148,
        0.6752945649316148,
        0.6752945649316148,
        0.6787973649343186,
        0.6807068394462812,
        0.6807068394462812,
        0.6807068394462812,
        0.6807068394462812,
        0.6807068394462812,
        0.6807068394462812,
        0.681929649238223,
        0.681929649238223,
        0.681929649238223,
        0.681929649238223,
        0.681929649238223,
        0.681929649238223,
        0.681929649238223,
        0.681929649238223,
        0.681929649238223,
        0.681929649238223,
        0.6882242427580707,
        0.6882242427580707,
        0.6882242427580707,
        0.6882242427580707,
        0.6882242427580707,
        0.6959437917852178,
        0.6959437917852178,
        0.6959437917852178,
        0.6959437917852178,
        0.6959437917852178,
        0.6959437917852178,
        0.6959437917852178,
        0.6959437917852178,
        0.6959437917852178,
        0.6959437917852178,
        0.6959437917852178,
        0.6959437917852178,
        0.6959437917852178,
        0.6959437917852178,
        0.6959437917852178,
        0.6959437917852178,
        0.6959437917852178,
        0.6959437917852178,
        0.6959437917852178,
        0.6959437917852178,
        0.7042563093357638,
        0.7042563093357638,
        0.7042563093357638,
        0.7042563093357638,
        0.7042563093357638,
        0.7052990744265827,
        0.7052990744265827,
        0.7052990744265827,
        0.7052990744265827,
        0.7115501167039568,
        0.7203502341386826,
        0.7203502341386826,
        0.7203502341386826,
        0.7203502341386826,
        0.7203502341386826,
        0.7219443093822181,
        0.7227632550607852,
        0.7227632550607852,
        0.7227632550607852,
        0.7227632550607852,
        0.7227632550607852,
        0.7227632550607852,
        0.7227632550607852,
        0.7227632550607852,
        0.7227632550607852,
        0.7288358664739585,
        0.7288358664739585,
        0.7288358664739585,
        0.7288358664739585,
        0.7288358664739585,
        0.7288358664739585,
        0.7288358664739585,
        0.7288358664739585,
        0.7288358664739585,
        0.7288358664739585,
        0.7288358664739585,
        0.7288358664739585,
        0.7288358664739585,
        0.7288358664739585,
        0.7288358664739585,
        0.7288358664739585,
        0.7288358664739585,
        0.7288358664739585,
        0.7288358664739585,
        0.7288358664739585,
        0.7383560568536632,
        0.7383560568536632,
        0.7383560568536632,
        0.7383560568536632,
        0.7383560568536632,
        0.7383560568536632,
        0.7383560568536632,
        0.7383560568536632,
        0.7383560568536632,
        0.7383560568536632,
        0.7383560568536632,
        0.7383560568536632,
        0.7383560568536632,
        0.7383560568536632,
        0.7383560568536632,
        0.7383560568536632,
        0.7383560568536632,
        0.7383560568536632,
        0.7383560568536632,
        0.7383560568536632
    ],