{
    "bestIndiv": [
        [
            47,
            23,
            5,
            14,
            42,
            32,
            50,
            11,
            24,
            4,
            37,
            39,
            33,
            34,
            48,
            31,
            21,
            0,
            30,
            28,
            46,
            25,
            26,
            27,
            10,
            51,
            13,
            12,
            3,
            9,
            8,
            40,
            7,
            18,
            16,
            20,
            41,
            6,
            1,
            29,
            22,
            43,
            45,
            15,
            49,
            19,
            17,
            2,
            44,
            35,
            38,
            36
        ],
        0.7327195971627765
    ],
    "best": [
        0.2965246587783425,
        0.30101670851875584,
        0.30432099382699557,
        0.32489964718489067,
        0.32489964718489067,
        0.355571138875271,
        0.36260764061044104,
        0.36260764061044104,
        0.36323136809078815,
        0.377363705761572,
        0.3805133909864502,
        0.4017221737116622,
        0.4017221737116622,
        0.40810077372442666,
        0.40810077372442666,
        0.41367336614312494,
        0.4225643248930601,
        0.4225643248930601,
        0.42366409627145446,
        0.43385050056322266,
        0.4338505005632228,
        0.43954637455538914,
        0.4487921319362628,
        0.4487921319362628,
        0.4585262888401411,
        0.46007024624066745,
        0.46732885054104345,
        0.47093833398425283,
        0.4752378234297363,
        0.4906867865336125,
        0.49722518965006507,
        0.49722518965006507,
        0.49722518965006507,
        0.5015939612166951,
        0.5129182985705951,
        0.5192497072898365,
        0.5192497072898365,
        0.5299110258780605,
        0.5299110258780605,
        0.5322770675230883,
        0.5358887524192636,
        0.5430107136912177,
        0.5430107136912177,
        0.5430107136912177,
        0.5446352098928309,
        0.5446352098928309,
        0.5525686719032218,
        0.5550990235162812,
        0.5600966015730436,
        0.5600966015730436,
        0.5677995354991712,
        0.5686608145468802,
        0.5752994246063173,
        0.5752994246063173,
        0.5810124351397892,
        0.5862332931154179,
        0.5862332931154179,
        0.5894986641313593,
        0.5935202551886557,
        0.594539227967205,
        0.5947942224210508,
        0.5947942224210508,
        0.6001204501863009,
        0.6083577714302528,
        0.6083577714302528,
        0.6083577714302528,
        0.6083577714302528,
        0.615123711216177,
        0.6154825740501668,
        0.6154825740501668,
        0.6154825740501668,
        0.6154825740501668,
        0.6173258531311357,
        0.6173258531311357,
        0.6228423891214593,
        0.6286165832583543,
        0.6286165832583543,
        0.633056118341873,
        0.633056118341873,
        0.6554934873268919,
        0.661393057424949,
        0.661393057424949,
        0.6646903493965493,
        0.6656602298175495,
        0.6677962480899907,
        0.6758715299497666,
        0.6783512776508249,
        0.6792391184864879,
        0.6798407912791501,
        0.6891077098867585,
        0.6908949620798055,
        0.6938473357586461,
        0.6938473357586461,
        0.6938473357586461,
        0.6938473357586461,
        0.6938473357586461,
        0.7009747757407876,
        0.7009747757407876,
        0.7009747757407876,
        0.7077530829800024,
        0.7077530829800024,
        0.7077530829800024,
        0.7077530829800024,
        0.7077530829800024,
        0.7077530829800024,
        0.7077530829800024,
        0.7077530829800024,
        0.7077530829800024,
        0.7077530829800024,
        0.7077530829800024,
        0.7077530829800024,
        0.719580199291689,
        0.719580199291689,
        0.719580199291689,
        0.719580199291689,
        0.719580199291689,
        0.719580199291689,
        0.719580199291689,
        0.719580199291689,
        0.719580199291689,
        0.719580199291689,
        0.719580199291689,
        0.719580199291689,
        0.719580199291689,
        0.719580199291689,
        0.719580199291689,
        0.719580199291689,
        0.719580199291689,
        0.719580199291689,
        0.719580199291689,
        0.719580199291689,
        0.719580199291689,
        0.719580199291689,
        0.719580199291689,
        0.719580199291689,
        0.719580199291689,
        0.719580199291689,
        0.7237931107315468,
        0.7237931107315468,
        0.7237931107315468,
        0.7237931107315468,
        0.7237931107315468,
        0.7237931107315468,
        0.7237931107315468,
        0.7237931107315468,
        0.7237931107315468,
        0.7237931107315468,
        0.7237931107315468,
        0.7237931107315468,
        0.723894349320649,
        0.723894349320649,
        0.723894349320649,
        0.723894349320649,
        0.723894349320649,
        0.723894349320649,
        0.723894349320649,
        0.723894349320649,
        0.723894349320649,
        0.723894349320649,
        0.723894349320649,
        0.723894349320649,
        0.723894349320649,
        0.723894349320649,
        0.723894349320649,
        0.723894349320649,
        0.723894349320649,
        0.723894349320649,
        0.723894349320649,
        0.723894349320649,
        0.723894349320649,
        0.7268096598429933,
        0.7268096598429933,
        0.7268096598429933,
        0.7268096598429933,
        0.7268096598429933,
        0.7268096598429933,
        0.7283185223188285,
        0.7283185223188285,
        0.7311924632345476,
        0.7311924632345476,
        0.7327195971627765,
        0.7327195971627765,
        0.7327195971627765,
        0.7327195971627765,
        0.7327195971627765,
        0.7327195971627765,
        0.7327195971627765,
        0.7327195971627765,
        0.7327195971627765,
        0.7327195971627765,
        0.7327195971627765,
        0.7327195971627765,
        0.7327195971627765,
        0.7327195971627765,
        0.7327195971627765,
        0.7327195971627765,
        0.7327195971627765,
        0.7327195971627765,
        0.7327195971627765,
        0.7327195971627765,
        0.7327195971627765
    ],