{
    "bestIndiv": [
        [
            49,
            19,
            43,
            0,
            21,
            31,
            48,
            34,
            28,
            46,
            13,
            12,
            51,
            10,
            26,
            25,
            11,
            27,
            50,
            32,
            9,
            8,
            7,
            16,
            20,
            17,
            2,
            40,
            18,
            44,
            41,
            1,
            6,
            29,
            22,
            30,
            39,
            37,
            5,
            24,
            3,
            42,
            14,
            4,
            23,
            47,
            38,
            33,
            35,
            36,
            45,
            15
        ],
        0.7136834128662896
    ],
    "best": [
        0.293365696484161,
        0.3060046640396905,
        0.30876615517887546,
        0.31521996082609854,
        0.338938491866662,
        0.338938491866662,
        0.33945259910725173,
        0.3543754636325479,
        0.3673039420584943,
        0.3733542439014731,
        0.3853017589457596,
        0.3870620158280117,
        0.3876325735325305,
        0.40777725723385355,
        0.4196579950692918,
        0.42104990381200974,
        0.42104990381200974,
        0.43472787820901865,
        0.4403143744937556,
        0.45048970894342466,
        0.45048970894342466,
        0.45048970894342466,
        0.4581811463292035,
        0.46014584261332764,
        0.4648707728746699,
        0.4670639451950002,
        0.4906402575929285,
        0.4906402575929285,
        0.5017234423973823,
        0.5017234423973823,
        0.5053770293953138,
        0.5131642434662668,
        0.5131642434662668,
        0.5205792946683703,
        0.528457600154228,
        0.53198934638624,
        0.540741604083866,
        0.5435191892699919,
        0.5435191892699919,
        0.5523091871866209,
        0.5711933673989729,
        0.5823983944303179,
        0.5851264948620528,
        0.5851264948620528,
        0.5851264948620528,
        0.5851633883149673,
        0.5897889395066128,
        0.5897889395066128,
        0.6377549700457675,
        0.6377549700457675,
        0.6377549700457675,
        0.6567303107882796,
        0.6567303107882796,
        0.6567303107882796,
        0.663323391903156,
        0.663323391903156,
        0.6657059622362647,
        0.6669125373225697,
        0.6669125373225697,
        0.6669125373225697,
        0.6693210076958342,
        0.6762885902318698,
        0.6762885902318698,
        0.6814128469856786,
        0.6814128469856786,
        0.6852009794091588,
        0.6852009794091588,
        0.690416086943626,
        0.690416086943626,
        0.690416086943626,
        0.6908136963985685,
        0.6947287968406177,
        0.6947287968406177,
        0.6947287968406177,
        0.6947287968406177,
        0.6962136538695661,
        0.6962136538695661,
        0.6962136538695661,
        0.6962136538695661,
        0.6962136538695661,
        0.6962136538695661,
        0.6962136538695661,
        0.6962136538695661,
        0.6962136538695661,
        0.6976674287365995,
        0.6976674287365995,
        0.6976674287365995,
        0.6976674287365995,
        0.6976674287365995,
        0.7024215132815333,
        0.7024215132815333,
        0.7024215132815333,
        0.7024215132815333,
        0.7024215132815333,
        0.7024215132815333,
        0.7024215132815333,
        0.7024215132815333,
        0.7024215132815333,
        0.7024215132815333,
        0.7024215132815333,
        0.7024215132815333,
        0.7024215132815333,
        0.7024215132815333,
        0.7024215132815333,
        0.7024215132815333,
        0.7024215132815333,
        0.7024215132815333,
        0.7024215132815333,
        0.7024215132815333,
        0.7024215132815333,
        0.7024215132815333,
        0.7024215132815333,
        0.7024215132815333,
        0.7024215132815333,
        0.7024215132815333,
        0.7024215132815333,
        0.7024215132815333,
        0.7024215132815333,
        0.7024215132815333,
        0.7024215132815333,
        0.7024215132815333,
        0.7024215132815333,
        0.7024215132815333,
        0.7024215132815333,
        0.7024215132815333,
        0.7024215132815333,
        0.7024215132815333,
        0.7024215132815333,
        0.7024215132815333,
        0.7024215132815333,
        0.7024215132815333,
        0.7024215132815333,
        0.7024215132815333,
        0.7024215132815333,
        0.7024215132815333,
        0.7024215132815333,
        0.7036295741335579,
        0.7036295741335579,
        0.7036295741335579,
        0.7036295741335579,
        0.7036295741335579,
        0.7036295741335579,
        0.7036295741335579,
        0.7036295741335579,
        0.7036295741335579,
        0.7036295741335579,
        0.7036295741335579,
        0.7036295741335579,
        0.7036295741335579,
        0.7036295741335579,
        0.7036295741335579,
        0.7036295741335579,
        0.7036295741335579,
        0.7043696492992956,
        0.7054621359532842,
        0.7054621359532842,
        0.7103721702359734,
        0.7136834128662896,
        0.7136834128662896,
        0.7136834128662896,
        0.7136834128662896,
        0.7136834128662896,
        0.7136834128662896,
        0.7136834128662896,
        0.7136834128662896,
        0.7136834128662896,
        0.7136834128662896,
        0.7136834128662896,
        0.7136834128662896,
        0.7136834128662896,
        0.7136834128662896,
        0.7136834128662896,
        0.7136834128662896,
        0.7136834128662896,
        0.7136834128662896,
        0.7136834128662896,
        0.7136834128662896,
        0.7136834128662896,
        0.7136834128662896,
        0.7136834128662896,
        0.7136834128662896,
        0.7136834128662896,
        0.7136834128662896,
        0.7136834128662896,
        0.7136834128662896,
        0.7136834128662896,
        0.7136834128662896,
        0.7136834128662896,
        0.7136834128662896,
        0.7136834128662896,
        0.7136834128662896,
        0.7136834128662896,
        0.7136834128662896,
        0.7136834128662896,
        0.7136834128662896,
        0.7136834128662896,
        0.7136834128662896,
        0.7136834128662896,
        0.7136834128662896,
        0.7136834128662896,
        0.7136834128662896
    ],