{
    "bestIndiv": [
        [
            38,
            39,
            37,
            36,
            0,
            21,
            33,
            35,
            34,
            48,
            31,
            30,
            2,
            44,
            18,
            40,
            7,
            9,
            8,
            32,
            42,
            4,
            47,
            24,
            43,
            28,
            29,
            20,
            6,
            1,
            41,
            16,
            17,
            22,
            19,
            49,
            11,
            50,
            10,
            51,
            13,
            12,
            46,
            25,
            26,
            27,
            15,
            45,
            3,
            5,
            14,
            23
        ],
        0.7615266726358453
    ],
    "best": [
        0.28369523086062,
        0.2937479530196501,
        0.29763378073310715,
        0.315809315341077,
        0.3376073123823972,
        0.34558625523320363,
        0.3700683900459369,
        0.3700683900459369,
        0.38331461905526065,
        0.38331461905526065,
        0.38331461905526065,
        0.38985450357353235,
        0.38985450357353235,
        0.3978759428466765,
        0.4088421145459043,
        0.4133985130514173,
        0.4133985130514173,
        0.4133985130514173,
        0.432818935530128,
        0.432818935530128,
        0.432818935530128,
        0.432818935530128,
        0.43909056246352046,
        0.44349313438289656,
        0.4551311978712768,
        0.4615201050139297,
        0.46422278085651236,
        0.4676989670097662,
        0.4690515145812077,
        0.4702270309642765,
        0.47716784593573414,
        0.49225067368940456,
        0.49225067368940456,
        0.4966104737660594,
        0.4995344221020795,
        0.5075828808142318,
        0.509546143345558,
        0.509546143345558,
        0.509546143345558,
        0.5247561988404613,
        0.5247561988404613,
        0.5247561988404613,
        0.5275153800332346,
        0.5400534048607925,
        0.5402407493766196,
        0.5426449021522409,
        0.559684539652733,
        0.559684539652733,
        0.5733856234212656,
        0.5733856234212656,
        0.583736126860505,
        0.5940961349716355,
        0.5940961349716355,
        0.5940961349716355,
        0.6008202222238078,
        0.6048906928317799,
        0.6156986256269419,
        0.6157717459721034,
        0.6257160632833719,
        0.6372692677149611,
        0.6372692677149611,
        0.6372692677149611,
        0.6400603958264593,
        0.6433678702213772,
        0.6504893450377232,
        0.6848752023310601,
        0.6848752023310601,
        0.6874828149352981,
        0.6874828149352981,
        0.6874828149352981,
        0.7015234711659126,
        0.7015234711659126,
        0.7113049950341489,
        0.7113049950341489,
        0.714118163374258,
        0.7141181633742583,
        0.7141181633742583,
        0.7141181633742583,
        0.7141181633742583,
        0.7141181633742583,
        0.7141181633742583,
        0.7141181633742583,
        0.7141181633742583,
        0.7141181633742583,
        0.7141181633742583,
        0.7141181633742583,
        0.716704655805206,
        0.716704655805206,
        0.716704655805206,
        0.716704655805206,
        0.7188867897670357,
        0.7188867897670357,
        0.7188867897670357,
        0.7188867897670357,
        0.7191810948308478,
        0.7191810948308478,
        0.7191810948308478,
        0.7191810948308478,
        0.7191810948308478,
        0.7191810948308478,
        0.7191810948308478,
        0.7191810948308478,
        0.7191810948308478,
        0.7191810948308478,
        0.7191810948308478,
        0.7191810948308478,
        0.7191810948308478,
        0.7191810948308478,
        0.7191810948308478,
        0.7191810948308478,
        0.7191810948308478,
        0.7191810948308478,
        0.7194507222825502,
        0.7194507222825502,
        0.7194507222825502,
        0.7194507222825502,
        0.7194507222825502,
        0.7194507222825502,
        0.7194507222825502,
        0.7194507222825502,
        0.7194507222825502,
        0.7194507222825502,
        0.7194507222825502,
        0.7194507222825502,
        0.7194507222825502,
        0.7194507222825502,
        0.7194507222825502,
        0.7194507222825502,
        0.7194507222825502,
        0.7194507222825502,
        0.7194507222825502,
        0.7194507222825502,
        0.7194507222825502,
        0.7194507222825502,
        0.7381201680939016,
        0.7381201680939016,
        0.7381201680939016,
        0.7452366871014638,
        0.7452366871014638,
        0.7452366871014638,
        0.7452366871014638,
        0.7452366871014638,
        0.7452366871014638,
        0.7452366871014638,
        0.7452366871014638,
        0.7452366871014638,
        0.7452366871014638,
        0.7452366871014638,
        0.7452366871014638,
        0.7452366871014638,
        0.7452366871014638,
        0.7452366871014638,
        0.7452366871014638,
        0.7452366871014638,
        0.7452366871014638,
        0.7452366871014638,
        0.7452366871014638,
        0.7452366871014638,
        0.7452366871014638,
        0.7452366871014638,
        0.7452366871014638,
        0.7452366871014638,
        0.7452366871014638,
        0.7452366871014638,
        0.7452366871014638,
        0.7452366871014638,
        0.7452366871014638,
        0.7452366871014638,
        0.7452366871014638,
        0.7460555237106818,
        0.7460555237106818,
        0.7460555237106818,
        0.7460555237106818,
        0.7460555237106818,
        0.7460555237106818,
        0.7460555237106818,
        0.7460555237106818,
        0.7460555237106818,
        0.7460555237106818,
        0.7460555237106818,
        0.7548474015405465,
        0.7548474015405465,
        0.7548474015405465,
        0.7615266726358453,
        0.7615266726358453,
        0.7615266726358453,
        0.7615266726358453,
        0.7615266726358453,
        0.7615266726358453,
        0.7615266726358453,
        0.7615266726358453,
        0.7615266726358453,
        0.7615266726358453,
        0.7615266726358453,
        0.7615266726358453,
        0.7615266726358453,
        0.7615266726358453,
        0.7615266726358453,
        0.7615266726358453,
        0.7615266726358453,
        0.7615266726358453
    ],