{
    "bestIndiv": [
        [
            31,
            48,
            35,
            34,
            38,
            37,
            23,
            24,
            50,
            32,
            42,
            9,
            8,
            18,
            40,
            7,
            44,
            30,
            17,
            2,
            16,
            20,
            29,
            28,
            27,
            12,
            51,
            13,
            46,
            25,
            26,
            10,
            11,
            45,
            43,
            15,
            49,
            33,
            39,
            47,
            4,
            5,
            3,
            14,
            36,
            1,
            6,
            41,
            22,
            19,
            0,
            21
        ],
        0.7096260246476471
    ],
    "best": [
        0.2970436211377127,
        0.30105987639885745,
        0.3101032540931625,
        0.34533777443360936,
        0.34533777443360936,
        0.34533777443360936,
        0.3522432194185305,
        0.35858577158394483,
        0.36569391253259376,
        0.3756745685554505,
        0.3800771665543199,
        0.3800771665543199,
        0.38742973899694994,
        0.3925308237193123,
        0.3949888641159104,
        0.400209637655929,
        0.4013362221016547,
        0.4043726817150686,
        0.40763681505585203,
        0.41025296234843606,
        0.42062008140919244,
        0.42887906594052294,
        0.43145888236331026,
        0.4528207684778587,
        0.4528207684778587,
        0.4736909956773644,
        0.4739741371563435,
        0.4739741371563435,
        0.4739741371563435,
        0.4739741371563435,
        0.48475879636265984,
        0.48475879636265984,
        0.5014757576603603,
        0.5014757576603603,
        0.508926148056184,
        0.508926148056184,
        0.5109064625105447,
        0.5138536325384054,
        0.5139766302867783,
        0.5234227759347774,
        0.5334298199551997,
        0.5334298199551997,
        0.5334298199551997,
        0.5355545125725261,
        0.5377347213745616,
        0.5430237264025948,
        0.5430237264025948,
        0.5460628528124227,
        0.5557266195694606,
        0.5591598078008525,
        0.5591598078008525,
        0.5677381148561382,
        0.5692569523126075,
        0.5694037704823784,
        0.5733725620531208,
        0.5785977886163411,
        0.5785977886163411,
        0.5815379736881328,
        0.5879134034309715,
        0.5892283205879592,
        0.5897348377266309,
        0.5942558587317291,
        0.5942558587317291,
        0.5942558587317291,
        0.5942558587317291,
        0.5942558587317291,
        0.6019910327940079,
        0.6019910327940079,
        0.6019910327940079,
        0.6019910327940079,
        0.6019910327940079,
        0.6056201409543078,
        0.6056201409543078,
        0.6056201409543078,
        0.6147296168083975,
        0.6197780241733998,
        0.6218603438923183,
        0.6341612767362067,
        0.6341612767362067,
        0.6341612767362067,
        0.640500342405012,
        0.640500342405012,
        0.6537804716065585,
        0.6537804716065585,
        0.656183316480984,
        0.656183316480984,
        0.6585754362276636,
        0.6585754362276636,
        0.6611832140128923,
        0.6640855597961937,
        0.6640855597961937,
        0.6667610826706936,
        0.6667610826706936,
        0.6667610826706936,
        0.6721564040037578,
        0.6721564040037578,
        0.6721564040037578,
        0.6721564040037578,
        0.6742933732401288,
        0.6742933732401288,
        0.6742933732401288,
        0.6742933732401288,
        0.6742933732401288,
        0.6964608687434067,
        0.6964608687434067,
        0.6964608687434067,
        0.6964608687434067,
        0.6964608687434067,
        0.6964608687434067,
        0.6964608687434067,
        0.6964608687434067,
        0.6964608687434067,
        0.6964608687434067,
        0.6964608687434067,
        0.6964608687434067,
        0.6964608687434067,
        0.6964608687434067,
        0.6964608687434067,
        0.6964608687434067,
        0.6964608687434067,
        0.6964608687434067,
        0.6964608687434067,
        0.6964608687434067,
        0.6964608687434067,
        0.6964608687434067,
        0.6964608687434067,
        0.6964608687434067,
        0.6964608687434067,
        0.6964608687434067,
        0.6964608687434067,
        0.6964608687434067,
        0.6964608687434067,
        0.6964608687434067,
        0.6964608687434067,
        0.6964608687434067,
        0.6964608687434067,
        0.6964608687434067,
        0.6964608687434067,
        0.6964608687434067,
        0.6964608687434067,
        0.7001128226513046,
        0.7001128226513046,
        0.7001128226513046,
        0.7001128226513046,
        0.7001128226513046,
        0.7001128226513046,
        0.7001128226513046,
        0.7001128226513046,
        0.7001128226513046,
        0.7001128226513046,
        0.7001128226513046,
        0.7001128226513046,
        0.7001128226513046,
        0.7001128226513046,
        0.7001128226513046,
        0.7001128226513046,
        0.7001128226513046,
        0.7001128226513046,
        0.7001128226513046,
        0.7017967438702992,
        0.7017967438702992,
        0.7070670294122455,
        0.7070670294122455,
        0.7070670294122455,
        0.7070670294122455,
        0.7095568543175164,
        0.7095568543175164,
        0.7095568543175164,
        0.7095568543175164,
        0.7095568543175164,
        0.7095568543175164,
        0.7095568543175164,
        0.7096260246476471,
        0.7096260246476471,
        0.7096260246476471,
        0.7096260246476471,
        0.7096260246476471,
        0.7096260246476471,
        0.7096260246476471,
        0.7096260246476471,
        0.7096260246476471,
        0.7096260246476471,
        0.7096260246476471,
        0.7096260246476471,
        0.7096260246476471,
        0.7096260246476471,
        0.7096260246476471,
        0.7096260246476471,
        0.7096260246476471,
        0.7096260246476471,
        0.7096260246476471,
        0.7096260246476471,
        0.7096260246476471,
        0.7096260246476471,
        0.7096260246476471,
        0.7096260246476471,
        0.7096260246476471,
        0.7096260246476471,
        0.7096260246476471,
        0.7096260246476471,
        0.7096260246476471
    ],