{
    "bestIndiv": [
        [
            20,
            29,
            22,
            30,
            17,
            21,
            0,
            33,
            23,
            47,
            35,
            48,
            31,
            44,
            18,
            40,
            7,
            42,
            32,
            14,
            5,
            3,
            24,
            50,
            11,
            27,
            10,
            51,
            13,
            12,
            26,
            46,
            25,
            15,
            28,
            19,
            49,
            45,
            43,
            34,
            38,
            39,
            37,
            4,
            36,
            9,
            8,
            2,
            16,
            6,
            1,
            41
        ],
        0.7567550188293453
    ],
    "best": [
        0.28178294217625266,
        0.29868416420071314,
        0.3039288718628396,
        0.3087242886499777,
        0.34129022968140343,
        0.34129022968140343,
        0.35618615717118374,
        0.36169522973263124,
        0.36928687295674556,
        0.36928687295674556,
        0.37788938761469265,
        0.37788938761469265,
        0.3827828632889504,
        0.38445915646449697,
        0.3969103800385305,
        0.4120987306548396,
        0.4120987306548396,
        0.4213671674010788,
        0.42537123770696805,
        0.42537123770696805,
        0.42537123770696805,
        0.45058205858883904,
        0.45058205858883904,
        0.45058205858883904,
        0.45058205858883904,
        0.45462861466485616,
        0.45462861466485616,
        0.4738654444407859,
        0.4738654444407859,
        0.4738654444407859,
        0.48175438027262474,
        0.48175438027262474,
        0.48175438027262474,
        0.4822438476658989,
        0.4843783255046309,
        0.4855420554575758,
        0.487940911883099,
        0.4894062670987645,
        0.5108189862302615,
        0.5108189862302615,
        0.5108189862302615,
        0.5207352191231951,
        0.5207352191231951,
        0.5207352191231951,
        0.5314289863841015,
        0.5485108511162116,
        0.554408071573176,
        0.554408071573176,
        0.554408071573176,
        0.554408071573176,
        0.5584505586226636,
        0.5636541674819422,
        0.5636541674819422,
        0.5636541674819422,
        0.5636541674819423,
        0.5723303866278637,
        0.5723303866278637,
        0.5723303866278637,
        0.5741664152261765,
        0.5741664152261765,
        0.5820393691369227,
        0.5820393691369227,
        0.6054519332009093,
        0.6076338466268061,
        0.6076338466268061,
        0.6110223416142027,
        0.6167531293161902,
        0.6167531293161903,
        0.6370812389245494,
        0.6370812389245494,
        0.6370812389245494,
        0.6611813427529246,
        0.6611813427529246,
        0.6687100011100001,
        0.6687100011100001,
        0.6819585212126531,
        0.6819585212126531,
        0.6819585212126531,
        0.6819585212126532,
        0.6929082862902131,
        0.6929082862902131,
        0.6929082862902131,
        0.6972345737607899,
        0.7025861124093998,
        0.7025861124093998,
        0.7025861124093998,
        0.7025861124093998,
        0.7075128145390953,
        0.7075128145390953,
        0.7199166188444122,
        0.7245878780625258,
        0.7245878780625258,
        0.7245878780625258,
        0.7245878780625258,
        0.7245878780625258,
        0.7245878780625258,
        0.7245878780625258,
        0.7245878780625258,
        0.7434488041568492,
        0.7434488041568492,
        0.7434488041568492,
        0.7434488041568492,
        0.7434488041568492,
        0.7434488041568492,
        0.7434488041568492,
        0.7434488041568492,
        0.7434488041568492,
        0.7445158025680703,
        0.7445158025680703,
        0.7445158025680703,
        0.7445158025680703,
        0.7445158025680703,
        0.7449082783531319,
        0.7449082783531319,
        0.7449082783531319,
        0.7449082783531319,
        0.7449082783531319,
        0.7449082783531319,
        0.7449082783531319,
        0.7449082783531319,
        0.7449082783531319,
        0.7449082783531319,
        0.7449082783531319,
        0.7449082783531319,
        0.7449082783531319,
        0.7449082783531319,
        0.7449082783531319,
        0.7560399408828853,
        0.7560399408828853,
        0.7560399408828853,
        0.7560399408828853,
        0.7560399408828853,
        0.7560399408828853,
        0.7560399408828853,
        0.7560399408828853,
        0.7560399408828853,
        0.7560399408828853,
        0.7560399408828853,
        0.7560399408828853,
        0.7560399408828853,
        0.7560399408828853,
        0.7560399408828853,
        0.7560399408828853,
        0.7560399408828853,
        0.7560399408828853,
        0.7563017923991083,
        0.7563017923991083,
        0.7563017923991083,
        0.7563017923991083,
        0.7563017923991083,
        0.7563017923991083,
        0.7563017923991083,
        0.7563017923991083,
        0.7563017923991083,
        0.7563017923991083,
        0.7563017923991083,
        0.7563017923991083,
        0.7563017923991083,
        0.7563017923991083,
        0.7563017923991083,
        0.7563017923991083,
        0.7563017923991083,
        0.7563017923991083,
        0.7563017923991083,
        0.7563017923991083,
        0.7563017923991083,
        0.7563017923991083,
        0.7563017923991083,
        0.7563017923991083,
        0.7563017923991083,
        0.7563017923991083,
        0.7563017923991083,
        0.7563017923991083,
        0.7563017923991083,
        0.7567550188293453,
        0.7567550188293453,
        0.7567550188293453,
        0.7567550188293453,
        0.7567550188293453,
        0.7567550188293453,
        0.7567550188293453,
        0.7567550188293453,
        0.7567550188293453,
        0.7567550188293453,
        0.7567550188293453,
        0.7567550188293453,
        0.7567550188293453,
        0.7567550188293453,
        0.7567550188293453,
        0.7567550188293453,
        0.7567550188293453,
        0.7567550188293453,
        0.7567550188293453,
        0.7567550188293453,
        0.7567550188293453,
        0.7567550188293453,
        0.7567550188293453,
        0.7567550188293453,
        0.7567550188293453,
        0.7567550188293453,
        0.7567550188293453
    ],