{
    "bestIndiv": [
        [
            34,
            35,
            36,
            39,
            38,
            33,
            15,
            28,
            41,
            6,
            1,
            30,
            29,
            49,
            19,
            22,
            20,
            2,
            16,
            17,
            21,
            0,
            43,
            47,
            3,
            5,
            4,
            14,
            37,
            23,
            45,
            24,
            11,
            27,
            25,
            46,
            26,
            12,
            13,
            51,
            50,
            10,
            32,
            42,
            9,
            8,
            7,
            40,
            18,
            44,
            31,
            48
        ],
        0.7923061113535296
    ],
    "best": [
        0.2878499221581428,
        0.3328536139931978,
        0.3328536139931978,
        0.3328536139931978,
        0.3376806330107421,
        0.3376806330107421,
        0.36645111427092497,
        0.3670487233201542,
        0.371814830717558,
        0.39005915947998104,
        0.39005915947998104,
        0.4103016047027728,
        0.4471892995897037,
        0.4471892995897037,
        0.45640328559253124,
        0.45640328559253124,
        0.45846146807155236,
        0.45846146807155236,
        0.4733897982529924,
        0.4899732418275838,
        0.4899732418275838,
        0.4899732418275838,
        0.4899732418275838,
        0.5033722001494693,
        0.5035012797050247,
        0.5100297072407799,
        0.5145167400123434,
        0.5145167400123434,
        0.5145167400123434,
        0.5185669165956698,
        0.5207269447573731,
        0.520870616170834,
        0.520870616170834,
        0.520870616170834,
        0.5283374602216806,
        0.5283374602216806,
        0.5492529621654991,
        0.5492529621654991,
        0.5531023585143007,
        0.5531023585143007,
        0.5564740192478187,
        0.5688319502075546,
        0.5838768548479236,
        0.5838768548479236,
        0.594214804166205,
        0.6143815410976738,
        0.6143815410976738,
        0.6143815410976738,
        0.6144254251582925,
        0.6144254251582925,
        0.625403938405403,
        0.625403938405403,
        0.625403938405403,
        0.625403938405403,
        0.625403938405403,
        0.6262263959439452,
        0.6263981904267166,
        0.6274054191411662,
        0.6274054191411662,
        0.6305394375374234,
        0.6324235099139981,
        0.6591689423259651,
        0.6591689423259651,
        0.6591689423259651,
        0.6591766941675555,
        0.6608217590293053,
        0.6655323688625333,
        0.6655323688625333,
        0.6658329342912261,
        0.6658329342912261,
        0.6759575439805198,
        0.6759575439805198,
        0.6759575439805198,
        0.6759575439805198,
        0.6759575439805198,
        0.6767531125161608,
        0.6767531125161608,
        0.6767531125161608,
        0.6771530304764999,
        0.6781937630953002,
        0.6781937630953002,
        0.6896530715214751,
        0.6896530715214751,
        0.6896530715214751,
        0.6905610845204802,
        0.6916434724283326,
        0.6987396898996884,
        0.6987396898996884,
        0.7002755759536431,
        0.7002755759536431,
        0.7007829636314696,
        0.700888205349907,
        0.716713248952653,
        0.716713248952653,
        0.716713248952653,
        0.716713248952653,
        0.7215971896491891,
        0.7215971896491891,
        0.7231929920215716,
        0.7231929920215716,
        0.7260342421156758,
        0.7265796579471878,
        0.7265796579471878,
        0.7265796579471878,
        0.7265796579471878,
        0.7265796579471878,
        0.7265796579471878,
        0.7265796579471878,
        0.7265796579471878,
        0.7265796579471878,
        0.7265796579471878,
        0.7265796579471878,
        0.7265796579471878,
        0.7265796579471878,
        0.7265796579471878,
        0.7265796579471878,
        0.7265796579471878,
        0.7265796579471878,
        0.7284917277527856,
        0.7284917277527856,
        0.7457261910472447,
        0.7457261910472447,
        0.7457261910472448,
        0.7457261910472448,
        0.7457261910472448,
        0.7457261910472448,
        0.7457261910472448,
        0.7457261910472448,
        0.7457261910472448,
        0.7457261910472449,
        0.7457261910472449,
        0.7457261910472449,
        0.7457261910472449,
        0.7457261910472449,
        0.7457261910472449,
        0.7457261910472449,
        0.7457261910472449,
        0.7457261910472449,
        0.7457261910472449,
        0.7457261910472449,
        0.7457261910472449,
        0.7457261910472449,
        0.7457261910472449,
        0.7457261910472449,
        0.7457261910472449,
        0.7457261910472449,
        0.7457261910472449,
        0.7457261910472449,
        0.7457261910472449,
        0.7457261910472449,
        0.7457261910472449,
        0.7457261910472449,
        0.7457261910472449,
        0.7457261910472449,
        0.7457261910472449,
        0.7457261910472449,
        0.7457261910472449,
        0.7457261910472449,
        0.7457261910472449,
        0.7457261910472449,
        0.7457261910472449,
        0.7457261910472449,
        0.7457261910472449,
        0.7457261910472449,
        0.7457261910472449,
        0.7457261910472449,
        0.7457261910472449,
        0.7511587719640047,
        0.7511587719640047,
        0.7511587719640047,
        0.7511587719640047,
        0.7511587719640047,
        0.7511587719640047,
        0.7511587719640047,
        0.7511587719640047,
        0.7511587719640047,
        0.7511587719640047,
        0.7511587719640047,
        0.7511587719640047,
        0.7511587719640047,
        0.7511587719640047,
        0.7511587719640047,
        0.7511587719640047,
        0.7511587719640047,
        0.7511587719640047,
        0.7525496770023028,
        0.7525496770023028,
        0.7525496770023028,
        0.7525496770023028,
        0.7525496770023028,
        0.7525496770023028,
        0.7525496770023028,
        0.7525496770023028,
        0.7744543121670524,
        0.7744543121670524,
        0.7744543121670524,
        0.7884180602996437,
        0.7884180602996437,
        0.7884180602996437,
        0.7923061113535296,
        0.7923061113535296
    ],