{
    "bestIndiv": [
        [
            19,
            49,
            28,
            15,
            36,
            4,
            5,
            24,
            3,
            14,
            39,
            35,
            44,
            18,
            40,
            7,
            9,
            8,
            32,
            42,
            23,
            47,
            33,
            34,
            21,
            16,
            41,
            6,
            1,
            29,
            20,
            0,
            38,
            37,
            11,
            27,
            25,
            46,
            26,
            12,
            13,
            51,
            10,
            50,
            45,
            43,
            48,
            31,
            2,
            17,
            30,
            22
        ],
        0.7595777525587946
    ],
    "best": [
        0.28369523086062,
        0.2937479530196501,
        0.29763378073310715,
        0.315809315341077,
        0.3376073123823972,
        0.34558625523320363,
        0.3700683900459369,
        0.3700683900459369,
        0.38331461905526065,
        0.38331461905526065,
        0.38331461905526065,
        0.38985450357353235,
        0.40317857540892493,
        0.4168188361914785,
        0.4261314301878477,
        0.4261314301878477,
        0.4261314301878477,
        0.42830814458152616,
        0.42913087271934164,
        0.4355790158311173,
        0.4363486771334317,
        0.43805679469835795,
        0.446714530813287,
        0.462911871917531,
        0.462911871917531,
        0.47063016219713205,
        0.47898718298852,
        0.47898718298852,
        0.47931482648242607,
        0.5139456375587267,
        0.5139456375587267,
        0.5139456375587267,
        0.5139456375587268,
        0.5226075630677259,
        0.5283261573535241,
        0.5299011707808475,
        0.5389451958761826,
        0.5462876083134579,
        0.5462876083134579,
        0.55796154698171,
        0.55796154698171,
        0.5695537396001822,
        0.578112837297415,
        0.5822575095284187,
        0.5822575095284187,
        0.5882209243067161,
        0.5882209243067161,
        0.5975766189427285,
        0.5975766189427285,
        0.5985294591003897,
        0.5985294591003897,
        0.598774638541092,
        0.6124157303226508,
        0.6124157303226508,
        0.6156356018221961,
        0.6284550881043371,
        0.6322559417052382,
        0.6374972435095388,
        0.6374972435095388,
        0.6374972435095388,
        0.6374972435095388,
        0.6495467275062029,
        0.6495467275062029,
        0.6517059295514779,
        0.6572474237131045,
        0.6572474237131045,
        0.6572474237131045,
        0.6572474237131045,
        0.6620917471070416,
        0.6620917471070416,
        0.662900209295095,
        0.666155065814703,
        0.6678589006944317,
        0.6699924662554338,
        0.6699924662554338,
        0.6699924662554338,
        0.6699924662554338,
        0.6699924662554338,
        0.6704132312896744,
        0.6704132312896744,
        0.6714416550315799,
        0.6714416550315799,
        0.6714416550315799,
        0.6714416550315799,
        0.6784491231853254,
        0.6796451823825183,
        0.6796451823825183,
        0.6860551069543596,
        0.6875814066596827,
        0.6875814066596827,
        0.6923243650189692,
        0.6923617589087167,
        0.7001784933226002,
        0.7001784933226002,
        0.7001784933226002,
        0.7001784933226002,
        0.7026277663377808,
        0.7026277663377808,
        0.7026277663377808,
        0.7039372637138137,
        0.7039372637138137,
        0.7039372637138137,
        0.7039372637138138,
        0.7039372637138138,
        0.7039372637138138,
        0.7039372637138138,
        0.7078732593207279,
        0.7078732593207279,
        0.7078732593207279,
        0.7108696811829769,
        0.7108696811829769,
        0.7150946509712358,
        0.7150946509712358,
        0.7181526529151211,
        0.7181526529151211,
        0.7301375444310593,
        0.7301375444310593,
        0.7301375444310593,
        0.7301375444310593,
        0.7301375444310593,
        0.7301375444310593,
        0.7304288521183406,
        0.7304288521183406,
        0.7304288521183406,
        0.7304740705238978,
        0.7304740705238978,
        0.7304740705238978,
        0.7376250666414392,
        0.7376250666414392,
        0.7376711804512541,
        0.7376711804512541,
        0.7376711804512541,
        0.7376711804512541,
        0.7376711804512541,
        0.7376711804512541,
        0.7376711804512541,
        0.7404946742066226,
        0.7408221357494016,
        0.7408221357494016,
        0.7430718679297528,
        0.7430718679297528,
        0.7430718679297528,
        0.7430718679297529,
        0.7430718679297529,
        0.7430718679297529,
        0.7430718679297529,
        0.7430718679297529,
        0.7430718679297529,
        0.7430718679297529,
        0.7430718679297529,
        0.7430718679297529,
        0.7430718679297529,
        0.7430718679297529,
        0.7486631687197588,
        0.7486631687197588,
        0.7486631687197588,
        0.7486631687197588,
        0.7486862330924934,
        0.7486862330924934,
        0.7486862330924934,
        0.7486862330924934,
        0.7486862330924934,
        0.7486862330924934,
        0.7486862330924934,
        0.7486862330924934,
        0.7486862330924934,
        0.7486862330924934,
        0.7486862330924934,
        0.7486862330924934,
        0.7486862330924934,
        0.7486862330924934,
        0.7486862330924934,
        0.7486862330924934,
        0.7486862330924934,
        0.7486862330924934,
        0.7486862330924934,
        0.7486862330924934,
        0.7486862330924934,
        0.7486862330924934,
        0.7486862330924934,
        0.7486862330924934,
        0.7486862330924934,
        0.7486862330924934,
        0.7486862330924934,
        0.7486862330924934,
        0.7486862330924934,
        0.7486862330924934,
        0.7486862330924934,
        0.7486862330924934,
        0.7493768191644102,
        0.7493768191644102,
        0.7493768191644102,
        0.7498250065339824,
        0.7498250065339824,
        0.7557412184126613,
        0.7557412184126613,
        0.7581615899886845,
        0.758502647411491,
        0.7595777525587946,
        0.7595777525587946,
        0.7595777525587946
    ],