{
    "bestIndiv": [
        [
            40,
            18,
            16,
            41,
            6,
            1,
            29,
            20,
            17,
            0,
            43,
            37,
            24,
            11,
            3,
            5,
            47,
            23,
            4,
            14,
            39,
            48,
            31,
            22,
            19,
            49,
            15,
            28,
            44,
            2,
            30,
            21,
            33,
            36,
            46,
            13,
            51,
            12,
            10,
            50,
            27,
            26,
            25,
            45,
            34,
            35,
            38,
            42,
            32,
            9,
            8,
            7
        ],
        0.6905303811527199
    ],
    "best": [
        0.29677378681497585,
        0.29677378681497585,
        0.31086982947685826,
        0.31436889736606993,
        0.31715710421713983,
        0.3182013922388688,
        0.32868635632431115,
        0.33479681031321484,
        0.3377476764437647,
        0.35017793368786476,
        0.35017793368786476,
        0.364761322688458,
        0.372522176617863,
        0.37601495710253485,
        0.3760169307705638,
        0.38259627255952783,
        0.3893750320568347,
        0.39658074694570994,
        0.40178534846999325,
        0.40178534846999325,
        0.417632735802781,
        0.42052018816244724,
        0.4327253170491948,
        0.4338188515918351,
        0.4406015135751303,
        0.44728890235438196,
        0.4502587863290739,
        0.4502587863290739,
        0.45025878632907396,
        0.4583831451834428,
        0.4583831451834428,
        0.4861110733804019,
        0.4861110733804019,
        0.4861110733804019,
        0.4861110733804019,
        0.4888060602883377,
        0.4959904980742235,
        0.49830820913963203,
        0.5200544527077156,
        0.5214932580056618,
        0.5214932580056618,
        0.5365335939520613,
        0.5365335939520613,
        0.5365335939520613,
        0.5441272522293874,
        0.5454408327980724,
        0.551271127584318,
        0.551271127584318,
        0.551271127584318,
        0.5551527863402772,
        0.5582686906129377,
        0.5582686906129377,
        0.5582686906129377,
        0.5630978360451161,
        0.5630978360451161,
        0.5635781989203879,
        0.5751181271938424,
        0.5809973811207569,
        0.5809973811207569,
        0.5841842512897858,
        0.5841842512897858,
        0.5977896757803968,
        0.5977896757803968,
        0.5977896757803968,
        0.5977896757803968,
        0.6075041984245628,
        0.6075041984245628,
        0.6075041984245628,
        0.6075041984245628,
        0.6075041984245628,
        0.6092300786260993,
        0.6108063782689251,
        0.6108063782689251,
        0.6108063782689253,
        0.6108063782689253,
        0.6108063782689253,
        0.6108063782689253,
        0.6108063782689253,
        0.6198459047388183,
        0.6198459047388183,
        0.6198459047388183,
        0.6198459047388183,
        0.6242745284181713,
        0.6242745284181713,
        0.6242745284181713,
        0.6242745284181713,
        0.6242745284181713,
        0.6242745284181713,
        0.6242745284181713,
        0.6242745284181713,
        0.6242745284181713,
        0.6273620511152966,
        0.6273620511152966,
        0.6273620511152966,
        0.6273620511152966,
        0.6273620511152966,
        0.636653547283535,
        0.636653547283535,
        0.645569445809576,
        0.645569445809576,
        0.645569445809576,
        0.6547995553105251,
        0.6547995553105251,
        0.6547995553105251,
        0.6547995553105251,
        0.6547995553105251,
        0.6547995553105251,
        0.6547995553105251,
        0.6547995553105251,
        0.6547995553105251,
        0.6547995553105251,
        0.65584812512404,
        0.65584812512404,
        0.65584812512404,
        0.65584812512404,
        0.65584812512404,
        0.65584812512404,
        0.65584812512404,
        0.65584812512404,
        0.65584812512404,
        0.65584812512404,
        0.65584812512404,
        0.65584812512404,
        0.65584812512404,
        0.65584812512404,
        0.65584812512404,
        0.65584812512404,
        0.65584812512404,
        0.65584812512404,
        0.65584812512404,
        0.65584812512404,
        0.65584812512404,
        0.65584812512404,
        0.65584812512404,
        0.6561419847540735,
        0.6561419847540735,
        0.6561419847540735,
        0.6589635151730941,
        0.6589635151730941,
        0.6602692279085459,
        0.6602692279085459,
        0.6615492138756354,
        0.6615492138756354,
        0.6615492138756354,
        0.6615492138756354,
        0.6666993308334128,
        0.6666993308334128,
        0.6666993308334128,
        0.6666993308334128,
        0.6666993308334128,
        0.6666993308334128,
        0.6666993308334128,
        0.6708362179975341,
        0.6708362179975341,
        0.6708362179975341,
        0.6708362179975341,
        0.6708362179975341,
        0.6708362179975341,
        0.6708362179975341,
        0.6708362179975341,
        0.6708362179975341,
        0.6708362179975341,
        0.6804978202392871,
        0.6804978202392871,
        0.6804978202392871,
        0.6804978202392871,
        0.6804978202392871,
        0.6804978202392871,
        0.6804978202392871,
        0.6804978202392871,
        0.6804978202392871,
        0.6804978202392871,
        0.6905303811527199,
        0.6905303811527199,
        0.6905303811527199,
        0.6905303811527199,
        0.6905303811527199,
        0.6905303811527199,
        0.6905303811527199,
        0.6905303811527199,
        0.6905303811527199,
        0.6905303811527199,
        0.6905303811527199,
        0.6905303811527199,
        0.6905303811527199,
        0.6905303811527199,
        0.6905303811527199,
        0.6905303811527199,
        0.6905303811527199,
        0.6905303811527199,
        0.6905303811527199,
        0.6905303811527199,
        0.6905303811527199,
        0.6905303811527199,
        0.6905303811527199,
        0.6905303811527199,
        0.6905303811527199,
        0.6905303811527199,
        0.6905303811527199,
        0.6905303811527199,
        0.6905303811527199
    ],