{
    "bestIndiv": [
        [
            48,
            0,
            17,
            30,
            6,
            41,
            1,
            16,
            20,
            21,
            39,
            36,
            23,
            4,
            5,
            14,
            3,
            11,
            50,
            10,
            26,
            25,
            46,
            12,
            13,
            51,
            27,
            24,
            45,
            47,
            37,
            44,
            2,
            22,
            49,
            19,
            29,
            28,
            15,
            31,
            18,
            40,
            7,
            9,
            8,
            42,
            32,
            38,
            34,
            35,
            33,
            43
        ],
        0.7168352179652244
    ],
    "best": [
        0.3040573944085855,
        0.3040573944085855,
        0.32763674527258013,
        0.34809891984865693,
        0.34809891984865693,
        0.36347566879732024,
        0.36347566879732024,
        0.375537991521319,
        0.375537991521319,
        0.39779106960099464,
        0.39779106960099464,
        0.40115431224155595,
        0.41094170214584846,
        0.41383252309944385,
        0.42191279007530486,
        0.4322009472050955,
        0.44326751744484194,
        0.44326751744484194,
        0.44326751744484194,
        0.4535314091084353,
        0.4535314091084353,
        0.46762445325979984,
        0.46762445325979984,
        0.4809827246343384,
        0.4809827246343384,
        0.4809827246343384,
        0.4809827246343384,
        0.4815742566046216,
        0.49209864800359815,
        0.5082568809654812,
        0.5093550249277211,
        0.5205578581049277,
        0.5323040329920724,
        0.5323040329920724,
        0.5323040329920724,
        0.5386134901475516,
        0.5432834242244894,
        0.5560901876180789,
        0.5620625552960542,
        0.5688819492642512,
        0.5696600164023757,
        0.5746264833376052,
        0.5787477055196822,
        0.5830246347840813,
        0.5830246347840813,
        0.5830246347840813,
        0.5871972745456457,
        0.5871972745456457,
        0.5883358622297847,
        0.5899051373427111,
        0.6112150222529579,
        0.6112150222529579,
        0.6112150222529579,
        0.6112150222529579,
        0.6112150222529579,
        0.6112150222529579,
        0.612142919112174,
        0.6319791150105664,
        0.6319791150105664,
        0.6319791150105664,
        0.6319791150105664,
        0.6319791150105664,
        0.6362509399421187,
        0.6362509399421187,
        0.6373065044703033,
        0.6373065044703033,
        0.6373065044703033,
        0.6373065044703033,
        0.6410031162735695,
        0.6514054577170143,
        0.6514054577170143,
        0.6514054577170143,
        0.6514054577170143,
        0.6514054577170143,
        0.6580283041710823,
        0.6580283041710823,
        0.6580283041710823,
        0.6580283041710823,
        0.6598875696700351,
        0.6598875696700351,
        0.6608113220767786,
        0.6666002992468595,
        0.6666002992468595,
        0.6675429544753771,
        0.6683252382767756,
        0.6752116260376354,
        0.6761788112080236,
        0.6761788112080236,
        0.6761788112080236,
        0.6761788112080236,
        0.6761788112080236,
        0.6761788112080236,
        0.6761788112080236,
        0.6761788112080236,
        0.6761788112080236,
        0.6832527725709411,
        0.6832527725709411,
        0.6832527725709411,
        0.6832527725709411,
        0.6832527725709411,
        0.6832527725709411,
        0.6832527725709411,
        0.6832527725709411,
        0.6832527725709411,
        0.6859763669268589,
        0.6859763669268589,
        0.6915682461903068,
        0.6973535650685045,
        0.6973535650685045,
        0.6973535650685045,
        0.6973535650685045,
        0.6973535650685045,
        0.6973535650685045,
        0.6973535650685045,
        0.6973535650685045,
        0.6973535650685045,
        0.6973535650685045,
        0.6973535650685045,
        0.6973535650685045,
        0.6973535650685045,
        0.6973535650685045,
        0.6973535650685045,
        0.6973535650685045,
        0.6973535650685045,
        0.6973535650685045,
        0.6973535650685045,
        0.6973535650685045,
        0.6973535650685045,
        0.7025169156120252,
        0.7025169156120252,
        0.7025169156120252,
        0.7037220017497319,
        0.7037220017497319,
        0.7037220017497319,
        0.7037220017497319,
        0.7037220017497319,
        0.7037220017497321,
        0.7037220017497321,
        0.7037220017497321,
        0.7037220017497321,
        0.7037220017497321,
        0.7037220017497321,
        0.7037220017497321,
        0.7037220017497321,
        0.7037220017497321,
        0.7037220017497321,
        0.7037220017497321,
        0.7037220017497321,
        0.7037220017497321,
        0.7037220017497321,
        0.7037220017497321,
        0.7037220017497321,
        0.7037220017497321,
        0.70408767699467,
        0.70408767699467,
        0.7120951852974413,
        0.7120951852974413,
        0.7120951852974413,
        0.7124696165460171,
        0.7124696165460171,
        0.7124696165460171,
        0.7136621612623089,
        0.7136621612623089,
        0.7136621612623089,
        0.7136621612623089,
        0.7136621612623089,
        0.7136621612623089,
        0.7136621612623089,
        0.7136621612623089,
        0.7136621612623089,
        0.7136621612623089,
        0.7136621612623089,
        0.7136621612623089,
        0.7136621612623089,
        0.7136621612623089,
        0.7136621612623089,
        0.7136621612623089,
        0.7136621612623089,
        0.7136621612623089,
        0.7136621612623089,
        0.7136621612623089,
        0.7136621612623089,
        0.7136621612623089,
        0.7136621612623089,
        0.7136621612623089,
        0.7136621612623089,
        0.7136621612623089,
        0.7136621612623089,
        0.7136621612623089,
        0.7149359883117676,
        0.7149359883117676,
        0.7149359883117676,
        0.7149359883117676,
        0.7149359883117676,
        0.7149359883117676,
        0.7149359883117676,
        0.7149359883117676,
        0.7149359883117676,
        0.7168352179652244,
        0.7168352179652244,
        0.7168352179652244
    ],