{
    "bestIndiv": [
        [
            5,
            14,
            3,
            24,
            11,
            50,
            26,
            25,
            46,
            13,
            12,
            51,
            10,
            27,
            45,
            23,
            4,
            32,
            42,
            40,
            7,
            8,
            9,
            18,
            44,
            31,
            17,
            0,
            30,
            20,
            29,
            41,
            1,
            6,
            16,
            2,
            48,
            35,
            34,
            33,
            21,
            19,
            22,
            49,
            28,
            15,
            43,
            38,
            36,
            37,
            39,
            47
        ],
        0.7661279796991851
    ],
    "best": [
        0.28629774866658764,
        0.2897114352757037,
        0.3062786568377291,
        0.3155551589935259,
        0.32090219881006404,
        0.32583780293549114,
        0.3288727739653844,
        0.3450261841325893,
        0.347475496902264,
        0.3480123903379816,
        0.35886800456297546,
        0.3846309604840841,
        0.3846309604840841,
        0.408423734986048,
        0.408423734986048,
        0.41603544963343775,
        0.4253697740490323,
        0.42781048666354926,
        0.43293352467207213,
        0.4370489535816871,
        0.4370489535816871,
        0.4381744289167787,
        0.44305769930602296,
        0.4518709488879755,
        0.4539255485885426,
        0.4539255485885426,
        0.47116502580029396,
        0.48587842881175397,
        0.48972117625012324,
        0.48972117625012324,
        0.48972117625012324,
        0.5030995863634058,
        0.5030995863634058,
        0.5030995863634058,
        0.5030995863634058,
        0.5070608123749111,
        0.5145529765338593,
        0.5338143440429757,
        0.5338143440429757,
        0.5338143440429757,
        0.5454895563711958,
        0.5454895563711958,
        0.5532358283288105,
        0.5663893696681921,
        0.575226913248277,
        0.5757548149801067,
        0.5757548149801067,
        0.5775550956249551,
        0.5810682824594381,
        0.5908245806574668,
        0.5924324223671786,
        0.5924324223671786,
        0.6037215131100929,
        0.6041849942129472,
        0.6127480667909068,
        0.6127480667909068,
        0.6127480667909068,
        0.6143272556919136,
        0.6143272556919136,
        0.630418340114594,
        0.6318585980506848,
        0.6318585980506848,
        0.6318585980506848,
        0.6372308435388928,
        0.6417908112650925,
        0.6456739373194937,
        0.6456739373194937,
        0.6538863944152478,
        0.6538863944152478,
        0.6627340860261628,
        0.6705056898520119,
        0.6705056898520119,
        0.6705056898520119,
        0.673993176151616,
        0.6755088159343008,
        0.6823382723112872,
        0.6823382723112872,
        0.6850167309368191,
        0.6911741091550488,
        0.6911741091550488,
        0.6911741091550488,
        0.6964916561669002,
        0.6964916561669002,
        0.6964916561669002,
        0.6964916561669002,
        0.7049133442526834,
        0.7049133442526834,
        0.7141489811090521,
        0.7150856697301956,
        0.7246147791985874,
        0.7337109688846254,
        0.734377453888178,
        0.734377453888178,
        0.734377453888178,
        0.734377453888178,
        0.734377453888178,
        0.734377453888178,
        0.734377453888178,
        0.734377453888178,
        0.734377453888178,
        0.734377453888178,
        0.734377453888178,
        0.734377453888178,
        0.734377453888178,
        0.734377453888178,
        0.734377453888178,
        0.734377453888178,
        0.734377453888178,
        0.734377453888178,
        0.734377453888178,
        0.734377453888178,
        0.734377453888178,
        0.734377453888178,
        0.7421736280827651,
        0.7421736280827651,
        0.7421736280827651,
        0.7421736280827651,
        0.7421736280827651,
        0.7421736280827651,
        0.7421736280827651,
        0.7421736280827651,
        0.7421736280827651,
        0.7421736280827651,
        0.7421736280827651,
        0.7421736280827651,
        0.7421736280827651,
        0.7421736280827651,
        0.7421736280827651,
        0.7421736280827651,
        0.7421736280827651,
        0.7421736280827651,
        0.7421736280827651,
        0.7421736280827651,
        0.7421736280827651,
        0.7421736280827651,
        0.7421736280827651,
        0.7421736280827651,
        0.7421736280827651,
        0.7421736280827651,
        0.7421736280827651,
        0.7421736280827651,
        0.7421736280827651,
        0.7421736280827651,
        0.7421736280827651,
        0.7421736280827653,
        0.7421736280827653,
        0.7421736280827653,
        0.7421736280827653,
        0.7421736280827653,
        0.7421736280827653,
        0.7421736280827653,
        0.7429185088143171,
        0.7429185088143171,
        0.7457262361516931,
        0.7457262361516931,
        0.7495796625440011,
        0.7495796625440011,
        0.7501972944028954,
        0.7501972944028954,
        0.7501972944028954,
        0.754097187158337,
        0.754097187158337,
        0.754097187158337,
        0.754097187158337,
        0.754097187158337,
        0.754097187158337,
        0.754097187158337,
        0.754097187158337,
        0.754097187158337,
        0.754097187158337,
        0.7541967786660321,
        0.7541967786660321,
        0.7541967786660321,
        0.7541967786660321,
        0.7551586376171912,
        0.7552585097063604,
        0.7552585097063604,
        0.7552585097063604,
        0.7552585097063604,
        0.7552585097063604,
        0.7552585097063604,
        0.7552585097063604,
        0.7552585097063604,
        0.7552585097063604,
        0.7552585097063604,
        0.7588844575482456,
        0.7588844575482456,
        0.7588844575482456,
        0.7650660637249848,
        0.7661279796991851,
        0.7661279796991851,
        0.7661279796991851,
        0.7661279796991851,
        0.7661279796991851,
        0.7661279796991851,
        0.7661279796991851,
        0.7661279796991851,
        0.7661279796991851,
        0.7661279796991851,
        0.7661279796991851,
        0.7661279796991851
    ],