{
    "bestIndiv": [
        [
            10,
            50,
            32,
            18,
            7,
            40,
            8,
            9,
            42,
            3,
            24,
            5,
            14,
            4,
            37,
            34,
            35,
            38,
            33,
            45,
            15,
            43,
            39,
            36,
            47,
            23,
            31,
            21,
            30,
            0,
            48,
            44,
            2,
            17,
            16,
            6,
            1,
            41,
            20,
            29,
            22,
            19,
            49,
            28,
            46,
            25,
            27,
            26,
            51,
            13,
            12,
            11
        ],
        0.7749341953477833
    ],
    "best": [
        0.2843134709142403,
        0.2906506066412067,
        0.30622409399698597,
        0.32320677663267705,
        0.335134938048804,
        0.335134938048804,
        0.3401863825082168,
        0.3458794956294581,
        0.347961709770189,
        0.35335109954299665,
        0.35516414585430667,
        0.3605122160145917,
        0.3706628168653149,
        0.3706628168653149,
        0.3754740993918118,
        0.3754740993918118,
        0.38320864856482373,
        0.40647767633218224,
        0.40647767633218224,
        0.40647767633218224,
        0.40647767633218224,
        0.4147581515425761,
        0.4320501658781819,
        0.4320501658781819,
        0.4348150229082629,
        0.4427463381425362,
        0.4469106285869574,
        0.4520251876546626,
        0.4821975532234546,
        0.4821975532234546,
        0.4821975532234546,
        0.4821975532234546,
        0.4821975532234546,
        0.4821975532234546,
        0.4901073492293808,
        0.4901073492293808,
        0.49054165878277,
        0.49054165878277,
        0.49054165878277,
        0.4913829830940269,
        0.4913829830940269,
        0.5005427344050397,
        0.5005427344050397,
        0.500995162674276,
        0.5036440257393668,
        0.5036440257393668,
        0.5041020803038996,
        0.5135361640302836,
        0.5135361640302836,
        0.5135361640302836,
        0.5212327200031533,
        0.5212327200031533,
        0.5216990819251025,
        0.5344991450561983,
        0.5344991450561983,
        0.5344991450561983,
        0.5344991450561983,
        0.5344991450561983,
        0.5458596756921164,
        0.5460902159708991,
        0.5460902159708991,
        0.5513023318527486,
        0.5513023318527486,
        0.554819676380146,
        0.5647263846856694,
        0.5647263846856694,
        0.5647263846856694,
        0.5647263846856694,
        0.5705537832795399,
        0.5769505599539493,
        0.5837378931076017,
        0.5867398518539201,
        0.5867398518539201,
        0.5867398518539201,
        0.5867398518539202,
        0.5956029589430228,
        0.5976834141429318,
        0.6072302149174233,
        0.6078399873567498,
        0.6139639672561987,
        0.6139639672561988,
        0.6139639672561988,
        0.6139639672561988,
        0.6193596959180787,
        0.6195226982735059,
        0.6195226982735059,
        0.6195226982735059,
        0.6266556580794388,
        0.6266556580794388,
        0.6309993430553085,
        0.6309993430553085,
        0.6309993430553085,
        0.6318040391212679,
        0.6318040391212679,
        0.6363841254971334,
        0.6363841254971334,
        0.6363841254971334,
        0.639994649914409,
        0.6424640803406073,
        0.6424640803406073,
        0.6428975045608843,
        0.6428975045608843,
        0.6428975045608843,
        0.6452207407978771,
        0.6452207407978771,
        0.6452207407978772,
        0.645657893703525,
        0.645657893703525,
        0.645657893703525,
        0.645657893703525,
        0.645657893703525,
        0.645657893703525,
        0.6556421475355677,
        0.6556421475355677,
        0.6556421475355677,
        0.6643304509890557,
        0.6643304509890557,
        0.6643304509890557,
        0.6643304509890557,
        0.6645825072960296,
        0.6645825072960296,
        0.6645825072960296,
        0.6645825072960296,
        0.6645825072960296,
        0.6713468252140369,
        0.6713468252140369,
        0.6713468252140369,
        0.6984507685405082,
        0.7136344107630321,
        0.7136344107630321,
        0.7136344107630322,
        0.7136344107630322,
        0.7136344107630322,
        0.7195470674441891,
        0.7195470674441891,
        0.7195470674441891,
        0.7195470674441891,
        0.7195470674441891,
        0.7195470674441891,
        0.7195470674441891,
        0.7195470674441891,
        0.7195470674441891,
        0.7195470674441891,
        0.7195470674441891,
        0.7195470674441891,
        0.7195470674441891,
        0.7195470674441891,
        0.7195470674441891,
        0.7195470674441891,
        0.7195470674441891,
        0.7195470674441891,
        0.7195884389977484,
        0.7195884389977484,
        0.7195884389977484,
        0.7195884389977484,
        0.7263840680840222,
        0.7263840680840222,
        0.7263840680840222,
        0.7367766082013194,
        0.7367766082013194,
        0.7367766082013194,
        0.7367766082013194,
        0.7367766082013194,
        0.7367766082013194,
        0.7367766082013194,
        0.7367766082013194,
        0.7367766082013194,
        0.7367766082013194,
        0.7367766082013194,
        0.7367766082013194,
        0.7367766082013194,
        0.7530671502933605,
        0.7530671502933605,
        0.7530671502933605,
        0.7530671502933605,
        0.7530671502933605,
        0.7530671502933605,
        0.7530671502933605,
        0.7530671502933605,
        0.7530671502933605,
        0.7530671502933605,
        0.7530671502933605,
        0.7530671502933605,
        0.7530671502933605,
        0.7530671502933605,
        0.7530671502933605,
        0.7530671502933605,
        0.7530671502933605,
        0.7530671502933605,
        0.7530671502933605,
        0.7749341953477829,
        0.7749341953477829,
        0.7749341953477829,
        0.7749341953477829,
        0.7749341953477831,
        0.7749341953477831,
        0.7749341953477831,
        0.7749341953477833,
        0.7749341953477833,
        0.7749341953477833,
        0.7749341953477833
    ],