{
    "bestIndiv": [
        [
            23,
            47,
            36,
            24,
            27,
            26,
            25,
            46,
            12,
            13,
            51,
            10,
            11,
            50,
            32,
            3,
            4,
            37,
            45,
            15,
            28,
            49,
            20,
            29,
            1,
            41,
            6,
            19,
            22,
            16,
            2,
            17,
            30,
            21,
            0,
            48,
            34,
            39,
            38,
            35,
            33,
            43,
            31,
            44,
            18,
            40,
            7,
            8,
            9,
            42,
            14,
            5
        ],
        0.7999849015529813
    ],
    "best": [
        0.28990787091869336,
        0.29638393295039533,
        0.3041992627434525,
        0.32764914557916075,
        0.32764914557916075,
        0.333212409921185,
        0.333212409921185,
        0.333212409921185,
        0.3359545311467084,
        0.3549112497627561,
        0.3549112497627561,
        0.3618710443834726,
        0.3618710443834726,
        0.36348856312030575,
        0.36348856312030575,
        0.38815357806065826,
        0.38815357806065826,
        0.38973731534824746,
        0.40191070531707546,
        0.40558516478510825,
        0.41673130995461627,
        0.4173807376348335,
        0.423952419943506,
        0.42420664794806084,
        0.42420664794806084,
        0.4266153793902723,
        0.4266153793902723,
        0.43287351094919674,
        0.43323564562784583,
        0.43589150012920486,
        0.4454809188500575,
        0.4454809188500575,
        0.446816715018975,
        0.461932365245464,
        0.46650683929793346,
        0.47123104201735566,
        0.4732547592728807,
        0.4732547592728807,
        0.4732547592728807,
        0.4846275099784076,
        0.49467201663480953,
        0.49467201663480953,
        0.49868568206596336,
        0.5155242092740386,
        0.5162460492329334,
        0.5232398003492743,
        0.5289575484814634,
        0.5289575484814634,
        0.5289575484814634,
        0.5434813441280856,
        0.5437450658181328,
        0.5437450658181328,
        0.5437450658181328,
        0.5531168484439584,
        0.5531168484439584,
        0.5566973906084419,
        0.5566973906084419,
        0.5640229851175609,
        0.5644928031156926,
        0.5713428405906958,
        0.5713428405906958,
        0.5747307364898713,
        0.586622248472085,
        0.586622248472085,
        0.586622248472085,
        0.5879755104560963,
        0.5879755104560963,
        0.593602455326096,
        0.593602455326096,
        0.5956105639221103,
        0.5956105639221103,
        0.5980621165132917,
        0.5980621165132917,
        0.5980621165132917,
        0.6186270391043647,
        0.6186270391043647,
        0.6186270391043647,
        0.6193720120462619,
        0.6193720120462619,
        0.6193720120462619,
        0.619372012046262,
        0.6344834143308052,
        0.6344834143308052,
        0.6344834143308052,
        0.6344834143308052,
        0.6344834143308052,
        0.6411817077848444,
        0.6411817077848444,
        0.6411817077848444,
        0.6411817077848445,
        0.6445356796133254,
        0.6445356796133254,
        0.644809049422615,
        0.644809049422615,
        0.644809049422615,
        0.6537715832580379,
        0.6537715832580379,
        0.6537715832580379,
        0.6559049599497144,
        0.6618797488353056,
        0.6680516427481256,
        0.6680516427481256,
        0.676520177344308,
        0.683431827526692,
        0.683431827526692,
        0.6891786779093942,
        0.6891786779093942,
        0.6891786779093942,
        0.6891786779093942,
        0.6891973331916037,
        0.6941928598618458,
        0.6941928598618458,
        0.6942117875916797,
        0.6942117875916797,
        0.696597374731296,
        0.696597374731296,
        0.6966164338121031,
        0.6966164338121031,
        0.7007924924255527,
        0.7007924924255527,
        0.7083244697988104,
        0.7083244697988104,
        0.7083244697988104,
        0.7083244697988104,
        0.7203298272634029,
        0.7203298272634029,
        0.720329827263403,
        0.720329827263403,
        0.7205254483053906,
        0.7205254483053906,
        0.7205254483053906,
        0.7234572308175831,
        0.7234572308175831,
        0.723654554406895,
        0.723654554406895,
        0.723654554406895,
        0.723654554406895,
        0.723654554406895,
        0.723654554406895,
        0.723654554406895,
        0.723654554406895,
        0.723654554406895,
        0.723654554406895,
        0.723654554406895,
        0.723654554406895,
        0.723654554406895,
        0.723654554406895,
        0.723654554406895,
        0.7249840236281563,
        0.7259860101927709,
        0.7259860101927709,
        0.728353792940298,
        0.728353792940298,
        0.7360569186752798,
        0.7360569186752798,
        0.7409191545825902,
        0.7409191545825902,
        0.7409191545825902,
        0.7409191545825902,
        0.7423128772662164,
        0.7423128772662164,
        0.7423128772662164,
        0.7423128772662164,
        0.7430270622474137,
        0.7430270622474138,
        0.7454978431155738,
        0.7482215359455506,
        0.7482215359455506,
        0.7666200994334753,
        0.7717978360700942,
        0.7717978360700942,
        0.7721509141148033,
        0.7721509141148033,
        0.7721509141148033,
        0.7721509141148033,
        0.7721509141148033,
        0.7940844974725287,
        0.7940844974725287,
        0.7989510006138407,
        0.7989510006138407,
        0.7989510006138407,
        0.7989510006138407,
        0.7989510006138407,
        0.7995857636608305,
        0.7995857636608305,
        0.7995857636608305,
        0.7995857636608305,
        0.7995857636608305,
        0.7995857636608305,
        0.7995857636608305,
        0.7995857636608305,
        0.7995857636608305,
        0.7995857636608305,
        0.7995857636608305,
        0.7995857636608305,
        0.7995857636608305,
        0.7999849015529813,
        0.7999849015529813,
        0.7999849015529813,
        0.7999849015529813,
        0.7999849015529813
    ],