{
    "bestIndiv": [
        [
            44,
            18,
            2,
            16,
            21,
            0,
            33,
            14,
            4,
            32,
            50,
            11,
            27,
            26,
            46,
            25,
            12,
            13,
            51,
            10,
            45,
            20,
            41,
            6,
            1,
            29,
            28,
            15,
            47,
            23,
            5,
            3,
            24,
            37,
            39,
            17,
            31,
            48,
            34,
            35,
            38,
            36,
            43,
            49,
            19,
            22,
            30,
            40,
            7,
            8,
            9,
            42
        ],
        0.7176275861467877
    ],
    "best": [
        0.3007324081009109,
        0.3007324081009109,
        0.3221916799552701,
        0.33150837964268,
        0.33150837964268,
        0.33150837964268,
        0.34192898685824846,
        0.35237711095078167,
        0.3603388599594905,
        0.36285923207864795,
        0.36285923207864795,
        0.38304721042509104,
        0.40378509656661704,
        0.40378509656661704,
        0.42281649349087824,
        0.42281649349087824,
        0.42281649349087824,
        0.42281649349087824,
        0.42914532908125075,
        0.43294253500176705,
        0.4435329019684742,
        0.4435329019684742,
        0.46377969906360894,
        0.46377969906360894,
        0.46377969906360894,
        0.4706095896476459,
        0.4727866222774751,
        0.47320170189154503,
        0.4812159995097632,
        0.48579572179291924,
        0.4909253757522831,
        0.4983078525833974,
        0.5095798137436549,
        0.5097159417741335,
        0.5133640744891224,
        0.5201060107697221,
        0.5245443938142755,
        0.5346079702555723,
        0.5346079702555723,
        0.5368841262408574,
        0.5368841262408574,
        0.5379071583236319,
        0.5476955821292325,
        0.5476955821292325,
        0.5476955821292325,
        0.5476955821292325,
        0.5476955821292325,
        0.5585641681783818,
        0.5585641681783818,
        0.5597718019197437,
        0.5614219484076121,
        0.5614219484076121,
        0.5614219484076121,
        0.570086317893429,
        0.57664425492802,
        0.57664425492802,
        0.5798095604031724,
        0.5798095604031724,
        0.5798095604031724,
        0.5848363047056853,
        0.5848363047056853,
        0.5853912698504727,
        0.5860395040248048,
        0.5860395040248048,
        0.5890478062203638,
        0.5983593910768169,
        0.598529096597093,
        0.6077356281185902,
        0.6253758484606892,
        0.6253758484606892,
        0.6253758484606892,
        0.6256989643838102,
        0.6256989643838102,
        0.6256989643838102,
        0.6256989643838102,
        0.6260153193221051,
        0.6300088705768125,
        0.6300088705768125,
        0.6300088705768125,
        0.6303295998404383,
        0.6303295998404383,
        0.6303295998404383,
        0.6303295998404383,
        0.6303295998404383,
        0.6365279729663711,
        0.6365279729663711,
        0.6365279729663711,
        0.6365279729663711,
        0.6389586311290477,
        0.6389586311290477,
        0.6389586311290477,
        0.6426973861712318,
        0.6426973861712318,
        0.6426973861712318,
        0.6426973861712318,
        0.6426973861712318,
        0.6452218282551373,
        0.6452218282551373,
        0.6452218282551373,
        0.6578585371474606,
        0.6578585371474606,
        0.6578585371474606,
        0.6578585371474606,
        0.6620317216675031,
        0.6620317216675031,
        0.6620317216675031,
        0.6620317216675031,
        0.6620317216675031,
        0.6620317216675031,
        0.6620317216675031,
        0.6620317216675031,
        0.6620317216675031,
        0.6620317216675031,
        0.6620317216675031,
        0.6620317216675031,
        0.6620317216675031,
        0.6643268396387874,
        0.6643268396387874,
        0.6647881124438659,
        0.6647881124438659,
        0.6684000164216645,
        0.6684000164216645,
        0.6684000164216645,
        0.6684000164216645,
        0.6707395797299549,
        0.6723872690963238,
        0.6723872690963238,
        0.6723872690963238,
        0.6723872690963238,
        0.6723872690963238,
        0.6723872690963238,
        0.672754566970114,
        0.672754566970114,
        0.672754566970114,
        0.672754566970114,
        0.6734974107940666,
        0.6746719649722549,
        0.6746719649722549,
        0.6767602315283354,
        0.6767602315283354,
        0.6767602315283354,
        0.6806505875613796,
        0.6806505875613796,
        0.6806505875613796,
        0.6843809232068937,
        0.6843809232068937,
        0.6843809232068937,
        0.6843809232068937,
        0.6851293293441639,
        0.6865665445461524,
        0.6865665445461524,
        0.6903621881297018,
        0.6903621881297018,
        0.6903621881297018,
        0.6903621881297018,
        0.6903621881297018,
        0.6903621881297018,
        0.6903621881297018,
        0.690362188129702,
        0.690362188129702,
        0.690362188129702,
        0.690362188129702,
        0.690362188129702,
        0.690362188129702,
        0.690362188129702,
        0.690362188129702,
        0.6955836853364008,
        0.6955836853364008,
        0.6988136270679416,
        0.6988136270679416,
        0.6988136270679416,
        0.6988136270679416,
        0.6988136270679416,
        0.6988136270679416,
        0.6989848903325158,
        0.6989848903325158,
        0.6989848903325158,
        0.6989848903325158,
        0.6989848903325158,
        0.6989848903325158,
        0.6989848903325158,
        0.6989848903325158,
        0.6989848903325158,
        0.6989848903325158,
        0.6989848903325158,
        0.6989848903325158,
        0.6989848903325158,
        0.6989848903325158,
        0.6989848903325158,
        0.6994788033131101,
        0.7073773132151201,
        0.7073773132151201,
        0.7073773132151201,
        0.7107487195340105,
        0.7176275861467877,
        0.7176275861467877,
        0.7176275861467877,
        0.7176275861467877,
        0.7176275861467877,
        0.7176275861467877,
        0.7176275861467877
    ],