{
    "bestIndiv": [
        [
            5,
            14,
            4,
            47,
            23,
            35,
            48,
            21,
            30,
            17,
            16,
            6,
            41,
            1,
            20,
            2,
            15,
            28,
            29,
            22,
            49,
            19,
            43,
            33,
            34,
            37,
            38,
            0,
            31,
            44,
            18,
            40,
            7,
            8,
            9,
            42,
            39,
            36,
            45,
            3,
            24,
            27,
            11,
            26,
            12,
            46,
            25,
            13,
            51,
            10,
            50,
            32
        ],
        0.7535600660369762
    ],
    "best": [
        0.3000830371845322,
        0.3051533602717292,
        0.3058176034309819,
        0.3146486096347107,
        0.32339635537920364,
        0.33319760292578365,
        0.33319760292578365,
        0.3343815250671794,
        0.3554283086357269,
        0.3554283086357269,
        0.3651988575576779,
        0.3651988575576779,
        0.37684042275521556,
        0.37684042275521556,
        0.38151820096903005,
        0.3948748325965754,
        0.3948748325965754,
        0.3948748325965754,
        0.4055585321984966,
        0.40850849740756556,
        0.4121368472829081,
        0.4232451793220596,
        0.42405548048815705,
        0.43327222325356785,
        0.43692707747917453,
        0.4491260398155935,
        0.4491260398155935,
        0.45714835291882533,
        0.4659709059875834,
        0.47863222321198157,
        0.47863222321198157,
        0.517499064748877,
        0.517499064748877,
        0.517499064748877,
        0.5320615933456444,
        0.538878877871241,
        0.538878877871241,
        0.5503605119662978,
        0.5503605119662978,
        0.560009110553367,
        0.5641667914915603,
        0.5691588395337384,
        0.5691588395337384,
        0.5787912396460974,
        0.5928938238931514,
        0.5928938238931514,
        0.5980303603067793,
        0.6084974426109544,
        0.6084974426109544,
        0.6084974426109544,
        0.6084974426109544,
        0.6216419321805157,
        0.6259264752537984,
        0.6259264752537984,
        0.6318682197009704,
        0.6318682197009704,
        0.6331670555756359,
        0.6404821683945915,
        0.6471385302164437,
        0.6491663635885705,
        0.6491663635885705,
        0.6563996651968225,
        0.6563996651968226,
        0.6573913833215939,
        0.672964932149393,
        0.672964932149393,
        0.672964932149393,
        0.6820700989717232,
        0.7006917165130891,
        0.7006917165130891,
        0.7008768203241307,
        0.7008768203241307,
        0.7008768203241307,
        0.7008768203241307,
        0.7020012608056845,
        0.7108820701736085,
        0.7108820701736085,
        0.7108820701736085,
        0.7108820701736085,
        0.7108820701736085,
        0.7108820701736085,
        0.7121424308756605,
        0.7121424308756605,
        0.7121424308756605,
        0.7121424308756605,
        0.7121424308756605,
        0.7121424308756605,
        0.7121424308756605,
        0.7121424308756605,
        0.7121424308756605,
        0.712498874105359,
        0.712498874105359,
        0.712498874105359,
        0.712498874105359,
        0.7177619873109756,
        0.7177619873109756,
        0.7177619873109756,
        0.7283270911952933,
        0.7283270911952933,
        0.7283270911952933,
        0.7283270911952933,
        0.7283270911952933,
        0.7283270911952933,
        0.7283270911952933,
        0.7283270911952933,
        0.7283270911952933,
        0.7283270911952933,
        0.7283270911952933,
        0.7283270911952933,
        0.7283270911952933,
        0.7283270911952933,
        0.7283270911952933,
        0.7283270911952933,
        0.7283270911952933,
        0.7283270911952933,
        0.7283270911952933,
        0.7283270911952933,
        0.7283270911952933,
        0.7283270911952933,
        0.7283270911952933,
        0.7283270911952933,
        0.7283270911952933,
        0.7283270911952933,
        0.7283270911952933,
        0.7283270911952933,
        0.7283270911952933,
        0.7283270911952933,
        0.7283270911952933,
        0.7283270911952933,
        0.7283270911952933,
        0.7283270911952933,
        0.7283270911952933,
        0.7369027418460307,
        0.7369027418460307,
        0.7369027418460307,
        0.7369027418460307,
        0.7369027418460307,
        0.7369027418460307,
        0.7369027418460307,
        0.7369027418460307,
        0.7420302042653246,
        0.7420302042653246,
        0.7420302042653246,
        0.7420302042653246,
        0.7420302042653246,
        0.7420302042653246,
        0.7420302042653246,
        0.7420302042653246,
        0.7420302042653246,
        0.7420302042653246,
        0.7420302042653246,
        0.7420302042653246,
        0.7420302042653246,
        0.7420302042653246,
        0.7420302042653246,
        0.7420302042653246,
        0.7420302042653246,
        0.7420302042653246,
        0.7420302042653246,
        0.7420302042653246,
        0.7420302042653246,
        0.7420302042653246,
        0.7420302042653246,
        0.7420302042653246,
        0.7420302042653246,
        0.7420302042653246,
        0.7420302042653246,
        0.7420302042653246,
        0.7420302042653246,
        0.7420302042653246,
        0.7420302042653246,
        0.7420302042653246,
        0.7420302042653246,
        0.7420302042653246,
        0.7420302042653246,
        0.7420302042653246,
        0.7420302042653246,
        0.7443293488594274,
        0.7443293488594274,
        0.7443293488594274,
        0.7443293488594274,
        0.7443293488594274,
        0.7443293488594274,
        0.7443293488594274,
        0.7443293488594274,
        0.7443293488594274,
        0.7443293488594274,
        0.7443293488594274,
        0.7443293488594274,
        0.7443293488594274,
        0.7443293488594274,
        0.7443293488594274,
        0.7443293488594274,
        0.7443293488594274,
        0.7443293488594274,
        0.7443293488594274,
        0.7535600660369762,
        0.7535600660369762,
        0.7535600660369762,
        0.7535600660369762,
        0.7535600660369762
    ],