{
    "bestIndiv": [
        [
            24,
            11,
            26,
            51,
            13,
            12,
            46,
            25,
            27,
            10,
            50,
            32,
            42,
            8,
            9,
            7,
            40,
            18,
            44,
            36,
            47,
            45,
            15,
            49,
            28,
            19,
            21,
            30,
            17,
            16,
            2,
            20,
            41,
            6,
            1,
            29,
            22,
            0,
            31,
            48,
            43,
            33,
            35,
            34,
            38,
            39,
            37,
            14,
            23,
            4,
            5,
            3
        ],
        0.837166354905969
    ],
    "best": [
        0.293365696484161,
        0.3060046640396905,
        0.3060046640396905,
        0.32139703532298325,
        0.32251123512597285,
        0.32896612769789324,
        0.3366850447381105,
        0.3588028204721535,
        0.36323563429745315,
        0.3751728490859841,
        0.3893796578824693,
        0.3893796578824693,
        0.3893796578824693,
        0.39324841246011705,
        0.4149254818313748,
        0.41744304948757044,
        0.43207069517331226,
        0.43207069517331226,
        0.43207069517331226,
        0.44646614217336195,
        0.44646614217336195,
        0.4616327108584788,
        0.4620179781181665,
        0.4764781731484396,
        0.4954811814899473,
        0.4954811814899473,
        0.5012991128815082,
        0.5012991128815082,
        0.5012991128815082,
        0.5090236419176877,
        0.5278185459008693,
        0.5278185459008693,
        0.5278185459008693,
        0.5310177089630606,
        0.5366959477353955,
        0.5380322363127543,
        0.5396432895588865,
        0.542584270113456,
        0.553221686577206,
        0.553221686577206,
        0.561478404844408,
        0.5872568454695937,
        0.5872568454695937,
        0.5872568454695937,
        0.5872568454695937,
        0.5927641807557015,
        0.5973347601760988,
        0.6005147147079106,
        0.6148709718154091,
        0.6148709718154091,
        0.6148709718154091,
        0.6230788340995077,
        0.6230788340995077,
        0.6244668599788726,
        0.6244668599788726,
        0.6260729047579138,
        0.6260729047579138,
        0.6360244497638484,
        0.6360244497638484,
        0.6364552415868545,
        0.6367978297441936,
        0.6398608056614583,
        0.6398608056614583,
        0.6408543385179144,
        0.6420338980677258,
        0.6442798451797673,
        0.6442798451797673,
        0.6530341267523395,
        0.6548947966591764,
        0.6572722787079226,
        0.6605288218945929,
        0.6605288218945929,
        0.660528821894593,
        0.661513986990559,
        0.661513986990559,
        0.670122197919035,
        0.6711362094357939,
        0.6778904980618986,
        0.6911816035486137,
        0.6911816035486137,
        0.7055597857381586,
        0.7055597857381586,
        0.7055597857381586,
        0.7177248752221309,
        0.7177248752221309,
        0.7343804430591873,
        0.7380246234062713,
        0.7380246234062713,
        0.7380246234062713,
        0.7477369222813054,
        0.7477369222813054,
        0.7477369222813054,
        0.7610853406746871,
        0.7610853406746871,
        0.7610853406746872,
        0.7651185470187671,
        0.7651185470187671,
        0.7651185470187671,
        0.7675611093080308,
        0.7682859170790731,
        0.7682859170790731,
        0.7682859170790731,
        0.7682859170790732,
        0.7689755081319893,
        0.7922909540852219,
        0.7922909540852219,
        0.7922909540852219,
        0.7922909540852219,
        0.7932459115794699,
        0.7932459115794699,
        0.7932459115794699,
        0.7932459115794699,
        0.7932459115794699,
        0.7932459115794699,
        0.7932459115794699,
        0.7932459115794699,
        0.7932459115794699,
        0.7932459115794699,
        0.7932459115794699,
        0.7932459115794699,
        0.7932459115794699,
        0.7932459115794699,
        0.7932459115794699,
        0.7932459115794699,
        0.7932459115794699,
        0.7932459115794699,
        0.7932459115794699,
        0.7932459115794699,
        0.7932459115794699,
        0.7932459115794699,
        0.7932459115794699,
        0.7932459115794699,
        0.7932459115794699,
        0.7932459115794699,
        0.7932459115794699,
        0.7932459115794699,
        0.7932459115794699,
        0.7932459115794699,
        0.7932459115794699,
        0.7932459115794699,
        0.7932459115794699,
        0.7932459115794699,
        0.7932459115794699,
        0.7932459115794699,
        0.7932459115794699,
        0.7932459115794699,
        0.7932459115794699,
        0.7932459115794699,
        0.7953336539041601,
        0.7953336539041601,
        0.7953336539041601,
        0.7953336539041601,
        0.8026696949257848,
        0.8026696949257848,
        0.8026696949257848,
        0.8058412450431015,
        0.8113668793351042,
        0.8113668793351042,
        0.8113668793351042,
        0.8113668793351042,
        0.8113668793351042,
        0.8113668793351042,
        0.8113668793351042,
        0.8113668793351042,
        0.8113668793351044,
        0.8113668793351044,
        0.8131049498677136,
        0.8141330090580697,
        0.8141330090580697,
        0.8158697620177361,
        0.8158697620177361,
        0.8158829635081523,
        0.8158829635081523,
        0.8158829635081523,
        0.8233664889328586,
        0.8233664889328586,
        0.8233664889328586,
        0.8233664889328586,
        0.8233664889328586,
        0.8233664889328586,
        0.8233664889328586,
        0.8233664889328586,
        0.8233664889328586,
        0.8233664889328586,
        0.837166354905969,
        0.837166354905969,
        0.837166354905969,
        0.837166354905969,
        0.837166354905969,
        0.837166354905969,
        0.837166354905969,
        0.837166354905969,
        0.837166354905969,
        0.837166354905969,
        0.837166354905969,
        0.837166354905969,
        0.837166354905969,
        0.837166354905969,
        0.837166354905969,
        0.837166354905969,
        0.837166354905969
    ],