{
    "bestIndiv": [
        [
            17,
            30,
            19,
            49,
            28,
            15,
            46,
            25,
            27,
            26,
            12,
            13,
            51,
            10,
            50,
            11,
            24,
            5,
            47,
            35,
            34,
            33,
            36,
            45,
            43,
            22,
            20,
            29,
            41,
            6,
            1,
            16,
            2,
            31,
            48,
            38,
            39,
            37,
            23,
            4,
            14,
            3,
            42,
            32,
            8,
            9,
            7,
            40,
            44,
            18,
            0,
            21
        ],
        0.8378236547457523
    ],
    "best": [
        0.28629774866658764,
        0.2897114352757037,
        0.3062786568377291,
        0.3155551589935259,
        0.32090219881006404,
        0.32583780293549114,
        0.3288727739653844,
        0.33715072203060126,
        0.3525622951274689,
        0.3525622951274689,
        0.36298553294133723,
        0.36298553294133723,
        0.36298553294133723,
        0.37469203950712826,
        0.3968578162074252,
        0.3968578162074252,
        0.3968578162074252,
        0.4007531890932012,
        0.41135683294635444,
        0.41135683294635444,
        0.4180218703885259,
        0.42807655748943224,
        0.42807655748943224,
        0.42807655748943224,
        0.43912623292442576,
        0.45790632167712664,
        0.4588534124566743,
        0.4588534124566743,
        0.4588534124566743,
        0.4673577909745616,
        0.4673577909745616,
        0.4693962095171642,
        0.47457189898690216,
        0.47712345024673425,
        0.478600690828999,
        0.48194367809533245,
        0.48194367809533245,
        0.48830317151086683,
        0.5116380836568741,
        0.5148766262611196,
        0.5514466125115587,
        0.5514466125115587,
        0.5514466125115587,
        0.5523603526962684,
        0.5700809107162641,
        0.5742015894957727,
        0.5833284770481081,
        0.5833284770481081,
        0.5841190171168438,
        0.5841190171168439,
        0.5897478006983166,
        0.5897478006983166,
        0.5897478006983166,
        0.592628733232936,
        0.6002144109358881,
        0.6002144109358881,
        0.6033828935575883,
        0.6056518877245372,
        0.6100267738419087,
        0.634876359740142,
        0.634876359740142,
        0.634876359740142,
        0.6452117909973081,
        0.6452117909973081,
        0.6456541747573863,
        0.6485176412804993,
        0.6485176412804993,
        0.6495741802052165,
        0.6495741802052165,
        0.6554871510586608,
        0.6558559377762637,
        0.6565665488585847,
        0.6658486324681657,
        0.6658486324681657,
        0.6658486324681657,
        0.6658486324681657,
        0.6688069697630545,
        0.6688069697630545,
        0.6688069697630545,
        0.6711858511435808,
        0.6738241370405684,
        0.675840308874657,
        0.6800823393569689,
        0.6814278933365737,
        0.6882616940869526,
        0.6882616940869526,
        0.6895525313638005,
        0.6898690303988264,
        0.6957124450514846,
        0.6957124450514846,
        0.7104601185176156,
        0.7202030359399733,
        0.7202030359399733,
        0.7270748398751755,
        0.7270748398751755,
        0.7367549574473505,
        0.7367549574473505,
        0.7367549574473505,
        0.7367549574473505,
        0.7422498275018513,
        0.7540646860305403,
        0.7540646860305403,
        0.7540646860305403,
        0.7540646860305403,
        0.7564404258976182,
        0.7584316689951405,
        0.7584316689951405,
        0.7584316689951405,
        0.7584316689951405,
        0.7584316689951405,
        0.7584316689951405,
        0.7584316689951405,
        0.7584316689951405,
        0.7584316689951405,
        0.7584316689951405,
        0.7584316689951405,
        0.7584316689951405,
        0.7584316689951405,
        0.7584316689951405,
        0.7584316689951405,
        0.7706500736827846,
        0.7706500736827846,
        0.7706500736827846,
        0.7706500736827846,
        0.7706500736827846,
        0.7706500736827846,
        0.7706500736827846,
        0.7706500736827846,
        0.7706500736827847,
        0.7706500736827847,
        0.7706500736827847,
        0.7730349410198027,
        0.7730349410198027,
        0.7780369466081319,
        0.7780369466081319,
        0.7780369466081319,
        0.7780369466081319,
        0.7780369466081319,
        0.7780369466081319,
        0.780677264425342,
        0.8011860799639606,
        0.8011860799639606,
        0.8011860799639606,
        0.8011860799639607,
        0.8011860799639607,
        0.8011860799639607,
        0.8011860799639607,
        0.8011860799639607,
        0.8011860799639607,
        0.8011860799639607,
        0.8011860799639607,
        0.8011860799639607,
        0.8011860799639607,
        0.8011860799639607,
        0.8011860799639607,
        0.8011860799639607,
        0.8011860799639607,
        0.8011860799639607,
        0.8011860799639607,
        0.8011860799639607,
        0.8011860799639607,
        0.8011860799639607,
        0.8011860799639607,
        0.8011860799639607,
        0.8014193707798832,
        0.8014193707798832,
        0.8014193707798832,
        0.8014193707798832,
        0.8014193707798832,
        0.8014193707798833,
        0.8050726175013124,
        0.8325883194539544,
        0.8325883194539544,
        0.8325883194539544,
        0.8365319567249373,
        0.8365319567249374,
        0.8365319567249374,
        0.8365319567249374,
        0.837823654745752,
        0.837823654745752,
        0.837823654745752,
        0.837823654745752,
        0.837823654745752,
        0.837823654745752,
        0.837823654745752,
        0.837823654745752,
        0.837823654745752,
        0.837823654745752,
        0.837823654745752,
        0.8378236547457523,
        0.8378236547457523,
        0.8378236547457523,
        0.8378236547457523,
        0.8378236547457523,
        0.8378236547457523,
        0.8378236547457523,
        0.8378236547457523,
        0.8378236547457523,
        0.8378236547457523,
        0.8378236547457523,
        0.8378236547457523
    ],