{
    "bestIndiv": [
        [
            37,
            14,
            23,
            4,
            11,
            27,
            26,
            12,
            51,
            13,
            46,
            25,
            24,
            3,
            5,
            36,
            39,
            38,
            33,
            35,
            34,
            18,
            7,
            40,
            8,
            9,
            42,
            32,
            10,
            50,
            45,
            48,
            31,
            21,
            0,
            19,
            30,
            17,
            44,
            2,
            16,
            41,
            6,
            1,
            20,
            22,
            15,
            49,
            29,
            28,
            43,
            47
        ],
        0.7335666929701485
    ],
    "best": [
        0.29026853471561676,
        0.3094512125771139,
        0.3094512125771139,
        0.3195327767755154,
        0.3283384765065957,
        0.32910094525152905,
        0.34067368701523887,
        0.3467754350913327,
        0.351547013826582,
        0.3634590183678481,
        0.36569399659926227,
        0.3832124107817373,
        0.3832124107817373,
        0.3832124107817373,
        0.4114497783732588,
        0.411923696171812,
        0.4268174149823636,
        0.4268174149823636,
        0.4268174149823636,
        0.4268174149823636,
        0.42987888833198334,
        0.45006534446368135,
        0.45006534446368135,
        0.45006534446368135,
        0.453867813281016,
        0.45604678937849147,
        0.4717472303861688,
        0.4717472303861688,
        0.478323079314247,
        0.4784576234814433,
        0.48522322145475943,
        0.4970978482184602,
        0.4970978482184602,
        0.501771477589916,
        0.5047140320073573,
        0.5047140320073573,
        0.5093191386252688,
        0.5208394368430956,
        0.5208394368430956,
        0.527731983960383,
        0.5419499334496305,
        0.5419499334496305,
        0.5419499334496305,
        0.5502270640153978,
        0.5502270640153978,
        0.5505474922942138,
        0.5583859308540133,
        0.5654246515641683,
        0.5654246515641683,
        0.5654246515641683,
        0.5719516017995504,
        0.5743944019828123,
        0.5743944019828123,
        0.5743944019828123,
        0.5743944019828123,
        0.5840444591180477,
        0.5938283635727605,
        0.5938283635727605,
        0.5938283635727605,
        0.6032302523560161,
        0.6032302523560161,
        0.6032302523560161,
        0.6032302523560161,
        0.6062783202705948,
        0.6099142657434196,
        0.6170158932062041,
        0.6170158932062041,
        0.6226908361504913,
        0.6226908361504913,
        0.6354469946163697,
        0.6354469946163697,
        0.6354469946163697,
        0.6354469946163697,
        0.6354469946163697,
        0.6354469946163697,
        0.6426807419459712,
        0.6426807419459712,
        0.6426807419459712,
        0.6426807419459712,
        0.6426807419459712,
        0.6447564987394488,
        0.6830330763701906,
        0.6830330763701906,
        0.6830330763701906,
        0.6845917368039975,
        0.6845917368039975,
        0.6845917368039975,
        0.6845917368039975,
        0.6845917368039975,
        0.6845917368039975,
        0.6845917368039975,
        0.6845917368039975,
        0.6845917368039975,
        0.6845917368039975,
        0.6845917368039975,
        0.6845917368039975,
        0.6946565966304133,
        0.6946565966304133,
        0.6946565966304133,
        0.6946565966304133,
        0.6946565966304133,
        0.6946565966304133,
        0.6946565966304133,
        0.6946565966304133,
        0.6946565966304133,
        0.6946565966304133,
        0.6946565966304133,
        0.6946565966304133,
        0.6946565966304133,
        0.6946565966304133,
        0.6946565966304133,
        0.6959866235921461,
        0.6959866235921461,
        0.6959866235921461,
        0.6959866235921461,
        0.6959866235921461,
        0.6959866235921461,
        0.6959866235921461,
        0.6959866235921461,
        0.6959866235921461,
        0.6959866235921461,
        0.6959866235921461,
        0.6959866235921461,
        0.7011995282089661,
        0.7019619473051901,
        0.703627537133874,
        0.703627537133874,
        0.7072650869196386,
        0.7072650869196386,
        0.7072650869196386,
        0.7124137267700634,
        0.7124137267700634,
        0.7124137267700634,
        0.7153853628220243,
        0.7153853628220243,
        0.7153853628220243,
        0.7274112630156998,
        0.72812884723976,
        0.7305096042087307,
        0.7305096042087307,
        0.7335666929701481,
        0.7335666929701481,
        0.7335666929701481,
        0.7335666929701481,
        0.7335666929701481,
        0.7335666929701481,
        0.7335666929701482,
        0.7335666929701484,
        0.7335666929701484,
        0.7335666929701484,
        0.7335666929701484,
        0.7335666929701484,
        0.7335666929701484,
        0.7335666929701484,
        0.7335666929701485,
        0.7335666929701485,
        0.7335666929701485,
        0.7335666929701485,
        0.7335666929701485,
        0.7335666929701485,
        0.7335666929701485,
        0.7335666929701485,
        0.7335666929701485,
        0.7335666929701485,
        0.7335666929701485,
        0.7335666929701485,
        0.7335666929701485,
        0.7335666929701485,
        0.7335666929701485,
        0.7335666929701485,
        0.7335666929701485,
        0.7335666929701485,
        0.7335666929701485,
        0.7335666929701485,
        0.7335666929701485,
        0.7335666929701485,
        0.7335666929701485,
        0.7335666929701485,
        0.7335666929701485,
        0.7335666929701485,
        0.7335666929701485,
        0.7335666929701485,
        0.7335666929701485,
        0.7335666929701485,
        0.7335666929701485,
        0.7335666929701485,
        0.7335666929701485,
        0.7335666929701485,
        0.7335666929701485,
        0.7335666929701485,
        0.7335666929701485,
        0.7335666929701485,
        0.7335666929701485,
        0.7335666929701485,
        0.7335666929701485,
        0.7335666929701485,
        0.7335666929701485,
        0.7335666929701485,
        0.7335666929701485,
        0.7335666929701485,
        0.7335666929701485
    ],