{
    "bestIndiv": [
        [
            19,
            15,
            45,
            43,
            33,
            34,
            48,
            0,
            49,
            28,
            46,
            25,
            27,
            26,
            13,
            12,
            51,
            10,
            50,
            11,
            24,
            14,
            23,
            47,
            38,
            35,
            31,
            44,
            40,
            18,
            7,
            8,
            9,
            32,
            42,
            3,
            4,
            5,
            37,
            36,
            39,
            21,
            16,
            2,
            17,
            30,
            22,
            29,
            1,
            6,
            41,
            20
        ],
        0.8132439760173532
    ],
    "best": [
        0.3123150139911174,
        0.3178996084971784,
        0.32102522202082545,
        0.32102522202082545,
        0.3289584194214943,
        0.33069097598860603,
        0.33428293321377545,
        0.33446653848476,
        0.34600759618222343,
        0.3503934275446059,
        0.3503934275446059,
        0.35443043566972343,
        0.3779996654352069,
        0.3779996654352069,
        0.3779996654352069,
        0.3779996654352069,
        0.3935745123326284,
        0.3935745123326284,
        0.3935745123326284,
        0.4007754335549647,
        0.4007754335549647,
        0.41122623086911425,
        0.41122623086911425,
        0.41289381404595804,
        0.4217123556326172,
        0.4217123556326172,
        0.4303342643491923,
        0.4400732310865655,
        0.4415859853465002,
        0.4415859853465002,
        0.4415859853465002,
        0.44351505631110366,
        0.4528933232257305,
        0.4581261688859204,
        0.4624586202926182,
        0.47367969144087746,
        0.47389501429170156,
        0.47389501429170156,
        0.4741086049527338,
        0.4838407971968341,
        0.5153613242742483,
        0.5197056989504366,
        0.5229815854858271,
        0.5229815854858271,
        0.5234195495893669,
        0.5351920322314431,
        0.5362816835414752,
        0.5475835903579249,
        0.5475835903579249,
        0.5482868969850889,
        0.5528287874863022,
        0.5528287874863022,
        0.559260170646095,
        0.559260170646095,
        0.5783768791740544,
        0.5783768791740544,
        0.5783768791740544,
        0.5856811290677719,
        0.5856811290677719,
        0.594804982821342,
        0.5960197666321261,
        0.5961895587552718,
        0.601201212893872,
        0.601201212893872,
        0.6113109747266725,
        0.6113109747266725,
        0.6500494787806723,
        0.6500494787806723,
        0.6500494787806723,
        0.6555991845642566,
        0.6586747871194025,
        0.6586747871194025,
        0.6586747871194025,
        0.6630997402899774,
        0.6720772362567217,
        0.6720772362567217,
        0.6720772362567217,
        0.6725181055302737,
        0.6760124105178881,
        0.6760124105178881,
        0.678082987237606,
        0.678082987237606,
        0.678082987237606,
        0.681608798164392,
        0.681608798164392,
        0.681608798164392,
        0.681608798164392,
        0.681608798164392,
        0.684967448849951,
        0.6854764506315747,
        0.6885728476665998,
        0.6885728476665998,
        0.6885728476665998,
        0.6885728476665998,
        0.6885728476665998,
        0.6885728476665998,
        0.6885728476665998,
        0.6885728476665998,
        0.6965379213365497,
        0.6965379213365497,
        0.6965379213365497,
        0.7025864810884739,
        0.7025864810884739,
        0.7079171639270275,
        0.7079171639270275,
        0.7079171639270275,
        0.7079171639270275,
        0.7079171639270275,
        0.7127389265528331,
        0.7139049743687373,
        0.7139049743687373,
        0.7139049743687373,
        0.7214284340773286,
        0.7306600557355276,
        0.7306600557355276,
        0.7392857485100631,
        0.7394930647658385,
        0.7534740321898926,
        0.7534740321898926,
        0.7534740321898926,
        0.7534740321898926,
        0.7628707997571317,
        0.7628707997571317,
        0.7628707997571317,
        0.7628707997571317,
        0.7628707997571319,
        0.7628707997571319,
        0.7628707997571319,
        0.7628707997571319,
        0.7628707997571319,
        0.7837665953183959,
        0.7837665953183959,
        0.7837665953183959,
        0.7837665953183959,
        0.7837665953183959,
        0.7907132973178502,
        0.7907132973178502,
        0.7907132973178502,
        0.7907132973178502,
        0.7907132973178502,
        0.7907132973178502,
        0.7907132973178502,
        0.7907132973178502,
        0.7907132973178502,
        0.7907132973178502,
        0.7907132973178502,
        0.7907132973178502,
        0.7907132973178502,
        0.7907132973178502,
        0.7907132973178502,
        0.7907132973178502,
        0.7907132973178502,
        0.7930102674506968,
        0.7930102674506968,
        0.7930102674506968,
        0.7930102674506968,
        0.7930102674506968,
        0.7930102674506968,
        0.7930102674506968,
        0.793010267450697,
        0.793010267450697,
        0.7976230817809914,
        0.7976230817809914,
        0.7976230817809914,
        0.7976230817809914,
        0.7976230817809914,
        0.7976230817809915,
        0.7976230817809915,
        0.7976230817809915,
        0.7976230817809915,
        0.7976230817809915,
        0.7989840435732741,
        0.7989840435732741,
        0.7989840435732741,
        0.7989840435732742,
        0.7989840435732742,
        0.7989840435732742,
        0.7989840435732742,
        0.7989840435732742,
        0.7989840435732742,
        0.7989840435732742,
        0.810086446240604,
        0.810086446240604,
        0.8100864462406041,
        0.8100864462406041,
        0.8114188736593334,
        0.8114188736593334,
        0.8114188736593334,
        0.8114188736593334,
        0.8114188736593334,
        0.8132439760173532,
        0.8132439760173532,
        0.8132439760173532,
        0.8132439760173532,
        0.8132439760173532,
        0.8132439760173532,
        0.8132439760173532,
        0.8132439760173532,
        0.8132439760173532,
        0.8132439760173532,
        0.8132439760173532
    ],