{
    "bestIndiv": [
        [
            2,
            44,
            18,
            40,
            7,
            8,
            9,
            42,
            32,
            50,
            11,
            24,
            3,
            4,
            47,
            23,
            5,
            14,
            37,
            35,
            34,
            33,
            36,
            39,
            38,
            0,
            22,
            19,
            49,
            15,
            43,
            45,
            25,
            26,
            27,
            10,
            51,
            13,
            12,
            46,
            28,
            29,
            6,
            1,
            41,
            20,
            30,
            31,
            48,
            21,
            17,
            16
        ],
        0.8414747421412975
    ],
    "best": [
        0.2876155854478391,
        0.303016834736376,
        0.3161810437524179,
        0.31912422249538025,
        0.3234137807554156,
        0.3417851071824101,
        0.3417851071824101,
        0.3440958047641653,
        0.3514811369034521,
        0.3622308135548983,
        0.369999503426007,
        0.3779541083869538,
        0.3779541083869538,
        0.38403035401140906,
        0.396342762267123,
        0.39996680099757964,
        0.40767019780738234,
        0.40989061901001217,
        0.413752602893869,
        0.4217350182666769,
        0.4241603689428982,
        0.44774121126834654,
        0.44774121126834654,
        0.46022430640201123,
        0.46022430640201123,
        0.4652944777829363,
        0.47994570576574586,
        0.47994570576574586,
        0.47994570576574586,
        0.4951624936203563,
        0.4951624936203563,
        0.4991473002358998,
        0.5153272491587677,
        0.5153272491587677,
        0.5168618685598788,
        0.5231993926791332,
        0.5537893677758692,
        0.5537893677758692,
        0.5537893677758692,
        0.5571775288289879,
        0.5662935584505087,
        0.5875384955365571,
        0.5875384955365571,
        0.5875384955365571,
        0.5961805568638732,
        0.5961805568638732,
        0.6023605304708397,
        0.6173306263220717,
        0.6230805069659863,
        0.6230805069659864,
        0.6230805069659864,
        0.6251818055194035,
        0.6251818055194035,
        0.6347071078871057,
        0.6383265590978258,
        0.6383265590978258,
        0.6450088045406581,
        0.6450088045406581,
        0.6565223364137627,
        0.6565223364137627,
        0.6585749095394396,
        0.6585773905472381,
        0.6744840640197282,
        0.6975576357773032,
        0.6975576357773032,
        0.6975576357773032,
        0.7070758158486363,
        0.7070758158486363,
        0.7070758158486363,
        0.707614622144731,
        0.7142951479084582,
        0.7142951479084582,
        0.7159643192791081,
        0.7159643192791081,
        0.722246599715712,
        0.7233672477857435,
        0.7233672477857435,
        0.730811211066466,
        0.7337114614398141,
        0.7337114614398141,
        0.7556467554195861,
        0.7556895768526524,
        0.7556895768526524,
        0.7602424652360695,
        0.7602424652360695,
        0.7716765328348831,
        0.7716765328348831,
        0.7716765328348831,
        0.7728035942923539,
        0.7728035942923539,
        0.7728035942923539,
        0.7748081428601977,
        0.7794470816821706,
        0.7849756105757493,
        0.7849756105757493,
        0.7849756105757493,
        0.7849756105757493,
        0.7900519900136883,
        0.7932002025857341,
        0.7932002025857341,
        0.7962439397056998,
        0.7962439397056998,
        0.796793800539376,
        0.7972828094093221,
        0.7972828094093221,
        0.7972828094093221,
        0.7972828094093221,
        0.7986628635825463,
        0.7986628635825463,
        0.7986628635825463,
        0.7986628635825463,
        0.7986628635825463,
        0.7986628635825463,
        0.7986628635825463,
        0.7986628635825463,
        0.7986628635825463,
        0.7986628635825463,
        0.7986628635825463,
        0.808826048691176,
        0.808826048691176,
        0.808826048691176,
        0.808826048691176,
        0.808826048691176,
        0.808826048691176,
        0.808826048691176,
        0.808826048691176,
        0.808826048691176,
        0.808826048691176,
        0.808826048691176,
        0.808826048691176,
        0.808826048691176,
        0.808826048691176,
        0.808826048691176,
        0.808826048691176,
        0.808826048691176,
        0.808826048691176,
        0.808826048691176,
        0.808826048691176,
        0.808826048691176,
        0.808826048691176,
        0.808826048691176,
        0.8213517453308193,
        0.8213517453308193,
        0.8213517453308193,
        0.8276118470349727,
        0.8276118470349727,
        0.8276118470349727,
        0.8276118470349727,
        0.8276118470349727,
        0.8276118470349727,
        0.8276118470349727,
        0.8276118470349727,
        0.8276118470349727,
        0.8276118470349727,
        0.8276118470349727,
        0.8276118470349727,
        0.8276118470349727,
        0.8276118470349727,
        0.8276118470349727,
        0.8276118470349727,
        0.8276118470349727,
        0.8276118470349727,
        0.8276118470349727,
        0.8276118470349727,
        0.8276118470349727,
        0.8276118470349727,
        0.8276118470349727,
        0.8276118470349727,
        0.8276118470349727,
        0.8276118470349727,
        0.8276118470349727,
        0.8276118470349727,
        0.8276118470349727,
        0.8276118470349727,
        0.8276118470349727,
        0.8276118470349727,
        0.8276118470349727,
        0.8276118470349727,
        0.8276118470349727,
        0.8276118470349727,
        0.8276118470349727,
        0.8276118470349727,
        0.8276118470349727,
        0.8276118470349727,
        0.8276118470349727,
        0.8276118470349727,
        0.8287668754709129,
        0.8287668754709129,
        0.8287668754709129,
        0.8287668754709129,
        0.8414747421412975,
        0.8414747421412975,
        0.8414747421412975,
        0.8414747421412975,
        0.8414747421412975,
        0.8414747421412975,
        0.8414747421412975,
        0.8414747421412975,
        0.8414747421412975,
        0.8414747421412975,
        0.8414747421412975
    ],