{
    "bestIndiv": [
        [
            28,
            15,
            34,
            35,
            33,
            36,
            4,
            14,
            3,
            24,
            12,
            13,
            51,
            26,
            46,
            25,
            27,
            10,
            50,
            11,
            45,
            39,
            38,
            0,
            48,
            31,
            17,
            30,
            21,
            19,
            43,
            37,
            47,
            23,
            5,
            42,
            32,
            7,
            8,
            9,
            18,
            40,
            44,
            2,
            16,
            22,
            29,
            1,
            6,
            41,
            20,
            49
        ],
        0.7279720919285741
    ],
    "best": [
        0.29677378681497585,
        0.29677378681497585,
        0.3306741267104718,
        0.338638377222903,
        0.338638377222903,
        0.33993007689078714,
        0.34615948361076015,
        0.3582111725721279,
        0.3623935680024713,
        0.36496323937166575,
        0.3774529374376874,
        0.3884807558148108,
        0.3884807558148108,
        0.4051244741872147,
        0.4051244741872147,
        0.4051244741872147,
        0.4051244741872147,
        0.4135749891352056,
        0.41445616118142387,
        0.41445616118142387,
        0.4234775893937306,
        0.4234775893937306,
        0.43738457071275066,
        0.43738457071275066,
        0.43738457071275066,
        0.44657395886066165,
        0.45578491412755956,
        0.45578491412755956,
        0.45777337093260867,
        0.4612922306732221,
        0.4803928425164442,
        0.4803928425164442,
        0.4897209531418268,
        0.4899024163942296,
        0.5021515970160776,
        0.5021515970160776,
        0.5033956521737922,
        0.5228169499501859,
        0.5433094547874967,
        0.5433094547874967,
        0.5452542268145639,
        0.5475029827485441,
        0.5639487343799995,
        0.5876553815014287,
        0.5876553815014287,
        0.5876553815014287,
        0.5876553815014287,
        0.5876553815014287,
        0.5944706825553123,
        0.5944706825553123,
        0.6010669784521997,
        0.6114050219438112,
        0.6114050219438112,
        0.6174728895374684,
        0.6279401223655527,
        0.6279401223655527,
        0.6279401223655527,
        0.6279401223655527,
        0.6286855405828989,
        0.63266442306872,
        0.63266442306872,
        0.63266442306872,
        0.6367080176936767,
        0.6399963794778557,
        0.6462228779227307,
        0.6462228779227307,
        0.6462228779227307,
        0.6475314773530245,
        0.6475314773530245,
        0.6485048755183607,
        0.6485048755183607,
        0.6485048755183607,
        0.6545983913817157,
        0.6545983913817157,
        0.6559411666528918,
        0.6559411666528918,
        0.6559411666528918,
        0.6559411666528918,
        0.6635032602969861,
        0.6635032602969861,
        0.6635032602969861,
        0.6635032602969861,
        0.66423267687319,
        0.6651257592158046,
        0.6719882883180118,
        0.6719882883180118,
        0.6739591396854571,
        0.6739591396854571,
        0.6739591396854571,
        0.6739591396854571,
        0.6739591396854571,
        0.6739591396854571,
        0.6739591396854571,
        0.6739591396854571,
        0.6752563483940248,
        0.6752563483940248,
        0.6752563483940248,
        0.6752563483940248,
        0.6752563483940248,
        0.6752563483940248,
        0.6752563483940248,
        0.6752563483940248,
        0.6752563483940248,
        0.6752563483940248,
        0.6752563483940248,
        0.6752563483940248,
        0.6752563483940248,
        0.6764954465304367,
        0.6764954465304367,
        0.6818054507265267,
        0.6818054507265267,
        0.6818054507265267,
        0.685810468013445,
        0.685810468013445,
        0.6870886392132867,
        0.6870886392132867,
        0.6884983730313265,
        0.6884983730313265,
        0.6897676717425469,
        0.6897676717425469,
        0.7028351652477323,
        0.7041579270348719,
        0.7041579270348719,
        0.704157927034872,
        0.704157927034872,
        0.704157927034872,
        0.7057366450981756,
        0.7070703611756349,
        0.7070703611756349,
        0.7070703611756349,
        0.708535687769783,
        0.708535687769783,
        0.708535687769783,
        0.708535687769783,
        0.708535687769783,
        0.708535687769783,
        0.708535687769783,
        0.708535687769783,
        0.708535687769783,
        0.708535687769783,
        0.708535687769783,
        0.708535687769783,
        0.708535687769783,
        0.708535687769783,
        0.708535687769783,
        0.709706092628175,
        0.709706092628175,
        0.7098700203089136,
        0.7098700203089136,
        0.7098700203089136,
        0.7098700203089136,
        0.7098700203089136,
        0.7098700203089136,
        0.7098700203089136,
        0.7098700203089136,
        0.7098700203089136,
        0.7098700203089136,
        0.7098700203089136,
        0.7098700203089136,
        0.7098700203089136,
        0.7098700203089136,
        0.7098700203089136,
        0.7098700203089136,
        0.7192315623117879,
        0.7192315623117879,
        0.7192315623117879,
        0.7192315623117879,
        0.7192315623117879,
        0.7192315623117879,
        0.7192315623117879,
        0.7192315623117879,
        0.7192315623117879,
        0.7192315623117879,
        0.7192315623117879,
        0.7192315623117879,
        0.7192315623117879,
        0.7192315623117879,
        0.7192315623117879,
        0.7192315623117879,
        0.7192315623117879,
        0.7192315623117879,
        0.7192315623117879,
        0.7192315623117879,
        0.7192315623117879,
        0.7192315623117879,
        0.7192315623117879,
        0.7192315623117879,
        0.7192315623117879,
        0.7192315623117879,
        0.7197459492869513,
        0.7279720919285741,
        0.7279720919285741,
        0.7279720919285741,
        0.7279720919285741,
        0.7279720919285741,
        0.7279720919285741,
        0.7279720919285741,
        0.7279720919285741,
        0.7279720919285741,
        0.7279720919285741,
        0.7279720919285741
    ],