{
    "bestIndiv": [
        [
            30,
            21,
            33,
            36,
            37,
            47,
            4,
            23,
            14,
            5,
            24,
            11,
            27,
            46,
            45,
            38,
            44,
            18,
            7,
            9,
            32,
            42,
            3,
            43,
            15,
            19,
            29,
            22,
            34,
            35,
            49,
            28,
            25,
            26,
            12,
            13,
            51,
            10,
            50,
            39,
            31,
            2,
            40,
            8,
            48,
            0,
            20,
            6,
            1,
            41,
            16,
            17
        ],
        0.658559657972578
    ],
    "best": [
        0.3123150139911174,
        0.3178996084971784,
        0.32102522202082545,
        0.32102522202082545,
        0.3289584194214943,
        0.33069097598860603,
        0.33428293321377545,
        0.34118565878723567,
        0.34201039705512887,
        0.3569373258263918,
        0.3706755105604994,
        0.3714249822245524,
        0.37649980184399906,
        0.39764199661123345,
        0.39971336650743605,
        0.39971336650743605,
        0.4013590685597723,
        0.41052212116698805,
        0.4128177667019178,
        0.4324952688587842,
        0.43407521824692974,
        0.45272819871687936,
        0.47551295508384755,
        0.47551295508384755,
        0.47551295508384755,
        0.4828551077700123,
        0.5011679087868257,
        0.5011679087868257,
        0.5296769057939998,
        0.5296769057939998,
        0.5296769057939998,
        0.530439471207776,
        0.5394305934623534,
        0.5394305934623534,
        0.5394305934623534,
        0.5550734911685712,
        0.5668451775220802,
        0.5668451775220803,
        0.5670280111894518,
        0.5782829918571663,
        0.5782829918571663,
        0.5797087726310222,
        0.5797087726310222,
        0.5835547259614643,
        0.5835547259614643,
        0.5835547259614643,
        0.5856391078791064,
        0.5871014388479093,
        0.591147572313102,
        0.591147572313102,
        0.591147572313102,
        0.591147572313102,
        0.5916135552572382,
        0.5916135552572382,
        0.5916135552572382,
        0.5916135552572382,
        0.5916135552572382,
        0.5916135552572382,
        0.5916135552572382,
        0.5916135552572382,
        0.5916135552572382,
        0.5916135552572382,
        0.5916135552572382,
        0.5916135552572382,
        0.5916135552572384,
        0.5916135552572384,
        0.5950567618925917,
        0.5950567618925917,
        0.5950567618925917,
        0.5951118248813547,
        0.5992592786596193,
        0.5992592786596193,
        0.5992592786596193,
        0.5992592786596193,
        0.602792322735193,
        0.602848826702084,
        0.6087028600167854,
        0.6087028600167854,
        0.6087028600167854,
        0.6087028600167854,
        0.6096776534205371,
        0.6096776534205371,
        0.6096776534205371,
        0.6096776534205371,
        0.6102428733733274,
        0.6117043644288392,
        0.6117043644288392,
        0.6123137443771292,
        0.6123137443771292,
        0.6123137443771292,
        0.618635203887544,
        0.6265339122578277,
        0.6265339122578277,
        0.6265339122578277,
        0.6270320294134526,
        0.6270320294134526,
        0.6270320294134526,
        0.6331539832804856,
        0.6331539832804856,
        0.6331539832804856,
        0.633662686713892,
        0.6343166250546571,
        0.6343166250546571,
        0.6402625958536062,
        0.6402625958536062,
        0.6402625958536062,
        0.6407827908394117,
        0.6407827908394117,
        0.6407827908394117,
        0.6410269540884841,
        0.6410269540884841,
        0.6410269540884841,
        0.6410269540884841,
        0.6410269540884841,
        0.6410269540884841,
        0.6416430149483897,
        0.6416430149483897,
        0.6419271450689401,
        0.6419271450689401,
        0.6502023819889395,
        0.6502023819889395,
        0.6516717207527397,
        0.6516717207527397,
        0.6516717207527397,
        0.6516717207527397,
        0.6516717207527397,
        0.6516717207527397,
        0.6516717207527397,
        0.6516717207527397,
        0.6516717207527397,
        0.6516717207527397,
        0.6516717207527397,
        0.6516717207527397,
        0.6516717207527397,
        0.6516717207527397,
        0.6516717207527397,
        0.6516717207527397,
        0.6516717207527397,
        0.6516717207527397,
        0.6516717207527397,
        0.6516717207527397,
        0.6516717207527397,
        0.6516717207527397,
        0.6516717207527397,
        0.6516717207527397,
        0.6516717207527397,
        0.6516717207527397,
        0.6516717207527397,
        0.6516717207527397,
        0.6516717207527397,
        0.6516717207527397,
        0.6516717207527397,
        0.6516717207527397,
        0.6516717207527397,
        0.6516717207527397,
        0.6516717207527397,
        0.6516717207527397,
        0.6516717207527397,
        0.6516717207527397,
        0.6516717207527397,
        0.6516717207527397,
        0.6516717207527397,
        0.6516717207527397,
        0.6516717207527397,
        0.6516717207527397,
        0.6516717207527397,
        0.6516717207527397,
        0.6516717207527397,
        0.6516717207527397,
        0.6516717207527397,
        0.6516717207527397,
        0.6516717207527397,
        0.6516717207527397,
        0.6516717207527397,
        0.6540762741249578,
        0.6540762741249578,
        0.6563216151504071,
        0.6563216151504071,
        0.6563216151504071,
        0.6563216151504071,
        0.6563216151504071,
        0.658559657972578,
        0.658559657972578,
        0.658559657972578,
        0.658559657972578,
        0.658559657972578,
        0.658559657972578,
        0.658559657972578,
        0.658559657972578,
        0.658559657972578,
        0.658559657972578,
        0.658559657972578,
        0.658559657972578,
        0.658559657972578,
        0.658559657972578,
        0.658559657972578,
        0.658559657972578,
        0.658559657972578,
        0.658559657972578,
        0.658559657972578,
        0.658559657972578
    ],