{
    "bestIndiv": [
        [
            35,
            19,
            49,
            28,
            29,
            22,
            30,
            17,
            2,
            16,
            41,
            1,
            6,
            20,
            21,
            0,
            43,
            15,
            45,
            25,
            27,
            26,
            46,
            13,
            12,
            51,
            10,
            50,
            11,
            32,
            24,
            5,
            14,
            47,
            33,
            34,
            48,
            31,
            44,
            18,
            7,
            40,
            9,
            8,
            42,
            3,
            4,
            23,
            36,
            37,
            39,
            38
        ],
        0.8044220509711301
    ],
    "best": [
        0.2970436211377127,
        0.30105987639885745,
        0.30105987639885745,
        0.3145075994815273,
        0.3271614570397743,
        0.32978693600841474,
        0.34328622139909115,
        0.34328622139909115,
        0.3499585747514493,
        0.3590443568647691,
        0.3590443568647691,
        0.36381897004550773,
        0.36458719791239935,
        0.3668684641871893,
        0.3934039995977073,
        0.39680267881200937,
        0.4183759524471451,
        0.4183759524471451,
        0.4229544282183539,
        0.4231785676566128,
        0.4264347290750764,
        0.4390143911586593,
        0.4390143911586593,
        0.4405908051903465,
        0.4405908051903465,
        0.46499960031642973,
        0.46499960031642973,
        0.46499960031642973,
        0.4718452957966792,
        0.47495098656835766,
        0.47854345850652735,
        0.4896010698972912,
        0.4896010698972912,
        0.49417779576307413,
        0.49831878588225686,
        0.49831878588225686,
        0.5074981979734207,
        0.5074981979734207,
        0.5185558050482141,
        0.5185558050482141,
        0.5301184607588652,
        0.5301184607588652,
        0.5301184607588652,
        0.531081784093063,
        0.5474152209842692,
        0.551346384448442,
        0.5650840757277258,
        0.5703318422369157,
        0.5703318422369157,
        0.5721810748154742,
        0.5737477946877099,
        0.5793342774944614,
        0.5793342774944614,
        0.580790568566194,
        0.5860549620150295,
        0.5891877560763883,
        0.5891877560763883,
        0.6005081638490827,
        0.6005081638490827,
        0.6072475405256644,
        0.6165219085312389,
        0.6253093251762948,
        0.6253093251762948,
        0.6253093251762948,
        0.6360952810572733,
        0.6360952810572733,
        0.6360952810572733,
        0.6478715349281109,
        0.6478715349281109,
        0.6526402566585361,
        0.6526402566585361,
        0.6545751784017255,
        0.6545751784017255,
        0.6545751784017255,
        0.6549584241507541,
        0.6607112281149998,
        0.6607112281149998,
        0.6607112281149998,
        0.6771044793653507,
        0.6771044793653507,
        0.6771044793653507,
        0.6771044793653507,
        0.6771044793653507,
        0.6771044793653508,
        0.6771044793653508,
        0.6812510220036396,
        0.6848491620453027,
        0.6919332605777467,
        0.6919332605777467,
        0.6919332605777467,
        0.6927408162544871,
        0.700142180583086,
        0.700142180583086,
        0.700142180583086,
        0.7084260603024103,
        0.7084260603024103,
        0.7084260603024103,
        0.7084260603024103,
        0.7190791252243356,
        0.7190791252243356,
        0.7190791252243356,
        0.7238314499934079,
        0.7238314499934079,
        0.7238314499934079,
        0.7238314499934079,
        0.7253639363533817,
        0.7358296196843989,
        0.7358296196843989,
        0.7358296196843989,
        0.7508884877547607,
        0.7508884877547607,
        0.7525378155715277,
        0.7572897824257819,
        0.7589673824294385,
        0.7589673824294385,
        0.763533072702954,
        0.763533072702954,
        0.763533072702954,
        0.763533072702954,
        0.763533072702954,
        0.7671736698388981,
        0.7671736698388982,
        0.7671736698388982,
        0.768250860001214,
        0.768250860001214,
        0.7721211071100457,
        0.7721211071100457,
        0.7732122453654079,
        0.7732122453654079,
        0.7774838845074425,
        0.7806841264483663,
        0.7826967880114759,
        0.7826967880114759,
        0.7826967880114759,
        0.7826967880114759,
        0.7826967880114759,
        0.7826967880114759,
        0.7826967880114759,
        0.7880175292897872,
        0.7880175292897872,
        0.7880175292897872,
        0.7880175292897872,
        0.7880175292897872,
        0.7880175292897872,
        0.7880175292897872,
        0.7880175292897872,
        0.7880175292897872,
        0.7880175292897872,
        0.7880175292897872,
        0.7880175292897872,
        0.7880175292897872,
        0.7880175292897872,
        0.7880175292897872,
        0.7880175292897872,
        0.7880175292897872,
        0.7880175292897872,
        0.7880175292897872,
        0.7880175292897872,
        0.7880175292897872,
        0.7880175292897872,
        0.7880175292897872,
        0.7880175292897872,
        0.7880175292897872,
        0.7880175292897872,
        0.7880175292897872,
        0.7880175292897872,
        0.7880175292897872,
        0.7880175292897872,
        0.7880175292897872,
        0.7880175292897872,
        0.7880175292897872,
        0.7880175292897872,
        0.7880175292897872,
        0.7880175292897872,
        0.7943833013165825,
        0.7943833013165825,
        0.7995647405404511,
        0.7995647405404511,
        0.7995647405404511,
        0.7995647405404511,
        0.7995647405404511,
        0.7995647405404511,
        0.7995647405404511,
        0.7995647405404511,
        0.7995647405404511,
        0.800250807886288,
        0.800250807886288,
        0.800250807886288,
        0.800250807886288,
        0.800250807886288,
        0.800250807886288,
        0.800250807886288,
        0.800250807886288,
        0.800250807886288,
        0.800250807886288,
        0.800250807886288,
        0.800250807886288,
        0.800250807886288,
        0.800250807886288,
        0.8044220509711301,
        0.8044220509711301
    ],