{
    "bestIndiv": [
        [
            17,
            21,
            0,
            31,
            39,
            36,
            23,
            11,
            10,
            50,
            32,
            42,
            9,
            7,
            40,
            44,
            48,
            14,
            5,
            3,
            27,
            26,
            12,
            51,
            13,
            25,
            46,
            45,
            35,
            34,
            33,
            22,
            30,
            16,
            2,
            8,
            18,
            38,
            37,
            4,
            24,
            47,
            43,
            15,
            19,
            49,
            28,
            29,
            41,
            6,
            1,
            20
        ],
        0.6958135617681577
    ],
    "best": [
        0.28736496189655236,
        0.29062114461772875,
        0.3067693996869781,
        0.31529015684900075,
        0.32693982359959156,
        0.32693982359959156,
        0.3358744667745656,
        0.3358744667745656,
        0.33858620252140476,
        0.3427637805779549,
        0.34920480781291985,
        0.35805044424946436,
        0.3602469252952364,
        0.3737896387802473,
        0.3737896387802473,
        0.37399116922469816,
        0.37912223463229733,
        0.37912223463229733,
        0.383581983560818,
        0.38941121871114437,
        0.3958525086332067,
        0.39631302004040264,
        0.39631302004040264,
        0.39631302004040264,
        0.431789982288079,
        0.431789982288079,
        0.431789982288079,
        0.431789982288079,
        0.431789982288079,
        0.43665558472595845,
        0.4380394911936978,
        0.4380394911936978,
        0.4380394911936978,
        0.4467053810839675,
        0.4467053810839675,
        0.4467053810839675,
        0.46666429854840463,
        0.46725220865470035,
        0.46725220865470035,
        0.46725220865470035,
        0.4704627621070437,
        0.4717576631627195,
        0.4717576631627195,
        0.49524663226989024,
        0.49524663226989024,
        0.49524663226989024,
        0.4984829533387796,
        0.503518217815179,
        0.5166412386972299,
        0.5166412386972299,
        0.5166412386972299,
        0.5166412386972299,
        0.5166412386972299,
        0.5166412386972299,
        0.5189607688168932,
        0.5227476121924988,
        0.5227476121924988,
        0.5227476121924988,
        0.5310171043339882,
        0.5310171043339882,
        0.5312277282570276,
        0.5316122893102001,
        0.5316122893102001,
        0.5387435811434378,
        0.5391391048262284,
        0.5391391048262284,
        0.5421055375018514,
        0.5421055375018514,
        0.5440751848415103,
        0.5440751848415104,
        0.5459260571342426,
        0.5498949106388908,
        0.5498949106388908,
        0.5498949106388908,
        0.5538264092807109,
        0.5809104920866458,
        0.5809104920866458,
        0.5809104920866458,
        0.5809104920866458,
        0.5869051508784093,
        0.5935898072222208,
        0.596046002629792,
        0.6024486037788178,
        0.6051273465961772,
        0.6051273465961772,
        0.6051273465961772,
        0.605860639083718,
        0.605860639083718,
        0.6060096035110956,
        0.6060096035110956,
        0.6060096035110956,
        0.6060096035110956,
        0.6060096035110956,
        0.6060096035110956,
        0.6060096035110956,
        0.6060096035110956,
        0.6060096035110956,
        0.6060096035110956,
        0.6060096035110956,
        0.6060096035110956,
        0.6060096035110956,
        0.6065137089472104,
        0.6065137089472104,
        0.6065137089472104,
        0.6065137089472104,
        0.6260914947494987,
        0.6260914947494987,
        0.6260914947494987,
        0.6260914947494987,
        0.6260914947494987,
        0.6260914947494987,
        0.6260914947494987,
        0.6361082344124813,
        0.6361082344124813,
        0.6361082344124813,
        0.6384794912523727,
        0.6384794912523727,
        0.6384794912523727,
        0.6384794912523727,
        0.6422470388209579,
        0.6422470388209579,
        0.6422470388209579,
        0.6422470388209579,
        0.6448178371935257,
        0.6448178371935257,
        0.6448178371935257,
        0.6448178371935257,
        0.6448178371935257,
        0.6448178371935257,
        0.6448178371935257,
        0.6448178371935257,
        0.6448178371935257,
        0.6448178371935257,
        0.6448178371935257,
        0.6448178371935257,
        0.6480424590660901,
        0.6480424590660901,
        0.6480424590660901,
        0.6480424590660901,
        0.6485877806037305,
        0.6485877806037305,
        0.6485951498895465,
        0.6485951498895465,
        0.6485951498895465,
        0.6491414023839659,
        0.6569798141069627,
        0.6569798141069627,
        0.6569798141069627,
        0.6569798141069628,
        0.6569798141069628,
        0.6569798141069628,
        0.6626728358015339,
        0.6626728358015339,
        0.6626728358015339,
        0.6626728358015339,
        0.6626728358015339,
        0.6626728358015339,
        0.6626728358015339,
        0.6626728358015339,
        0.6626728358015339,
        0.6726106944103988,
        0.6726106944103988,
        0.6726106944103988,
        0.6726106944103988,
        0.6726106944103988,
        0.6726106944103988,
        0.6726106944103988,
        0.6726106944103988,
        0.6726106944103988,
        0.6726106944103988,
        0.6726106944103988,
        0.6726106944103988,
        0.6726106944103988,
        0.6726106944103988,
        0.6726106944103988,
        0.6726106944103988,
        0.6726106944103988,
        0.6726106944103988,
        0.6726106944103988,
        0.6726106944103988,
        0.6726967293171793,
        0.6779129832337161,
        0.6779129832337161,
        0.6779129832337161,
        0.6844477106209277,
        0.6844477106209277,
        0.6844477106209277,
        0.6844477106209277,
        0.689939029318991,
        0.689939029318991,
        0.689939029318991,
        0.689939029318991,
        0.689939029318991,
        0.6903731646571007,
        0.6903731646571007,
        0.6903731646571007,
        0.6903731646571007,
        0.6903731646571007,
        0.6903731646571007,
        0.6958135617681576,
        0.6958135617681577
    ],