{
    "bestIndiv": [
        [
            9,
            8,
            7,
            40,
            18,
            44,
            31,
            37,
            23,
            4,
            47,
            38,
            48,
            0,
            22,
            29,
            20,
            17,
            30,
            41,
            1,
            6,
            16,
            2,
            21,
            35,
            39,
            5,
            24,
            26,
            25,
            46,
            13,
            51,
            12,
            27,
            11,
            10,
            50,
            32,
            42,
            3,
            14,
            33,
            34,
            45,
            15,
            28,
            49,
            19,
            43,
            36
        ],
        0.7522482926797228
    ],
    "best": [
        0.2856811492242353,
        0.2961299596004015,
        0.3019298512363373,
        0.31545051200203295,
        0.31616521234462036,
        0.3250102746893409,
        0.3547222597143525,
        0.3547222597143525,
        0.3547222597143525,
        0.3689219206665416,
        0.37467058535832776,
        0.3820314611139404,
        0.3820314611139404,
        0.39043804983693603,
        0.39630118518376833,
        0.401010872414933,
        0.401010872414933,
        0.4048917672449173,
        0.4076662153904832,
        0.4348070068384076,
        0.4411272615857674,
        0.4411272615857674,
        0.4411272615857674,
        0.4530767767835589,
        0.4686445174600337,
        0.4686445174600337,
        0.4686445174600337,
        0.4686445174600337,
        0.4799872707969195,
        0.4799872707969195,
        0.4858285864388172,
        0.5180176326354581,
        0.5180176326354581,
        0.5180176326354583,
        0.5226362903219338,
        0.5226362903219339,
        0.5226362903219339,
        0.523238357503079,
        0.5319010480402125,
        0.5407090963958169,
        0.5450715086019793,
        0.5461009129177402,
        0.5579480121292163,
        0.5700903055817604,
        0.5700903055817604,
        0.5726937147946601,
        0.5772254257414007,
        0.5820806632285668,
        0.5820806632285668,
        0.5837602680543017,
        0.5837602680543017,
        0.5860995473425383,
        0.5881929010291679,
        0.5881929010291679,
        0.5897600586912406,
        0.5991035686757124,
        0.5991035686757124,
        0.5991035686757124,
        0.6031859467856902,
        0.6031859467856902,
        0.6186337533242305,
        0.619799129352398,
        0.619799129352398,
        0.6250502154296333,
        0.6277510958689002,
        0.630863624193475,
        0.6343459827458867,
        0.647462951816545,
        0.647462951816545,
        0.6475373939492155,
        0.656581393554055,
        0.656581393554055,
        0.656581393554055,
        0.656581393554055,
        0.6566969899383887,
        0.6583498637916497,
        0.6583498637916497,
        0.662180734384381,
        0.6625647544851521,
        0.6636833026525729,
        0.6637994308895786,
        0.6646273674342427,
        0.6646273674342427,
        0.6779280140947609,
        0.680410219457188,
        0.6918976139961351,
        0.6927429380291383,
        0.6955687200711919,
        0.6955687200711919,
        0.70361560320326,
        0.712879232387094,
        0.712879232387094,
        0.712879232387094,
        0.7206047932371761,
        0.7206047932371761,
        0.7206047932371761,
        0.7206047932371761,
        0.7206047932371763,
        0.7206047932371763,
        0.7326366729367051,
        0.7326366729367051,
        0.7326366729367052,
        0.7369121480897474,
        0.7369121480897475,
        0.7369121480897475,
        0.7369121480897475,
        0.7369121480897475,
        0.7369121480897475,
        0.7369121480897475,
        0.7369121480897475,
        0.7369121480897475,
        0.7369121480897475,
        0.7369121480897475,
        0.7369121480897476,
        0.7369121480897476,
        0.7369121480897476,
        0.7369121480897476,
        0.7369121480897476,
        0.7369121480897476,
        0.7369121480897476,
        0.7369121480897476,
        0.7369121480897476,
        0.7369121480897476,
        0.7369121480897476,
        0.7369121480897476,
        0.7369121480897476,
        0.7369121480897476,
        0.7369121480897476,
        0.7369121480897476,
        0.7369121480897476,
        0.7369121480897476,
        0.7369121480897476,
        0.7369121480897476,
        0.7369121480897476,
        0.7369121480897476,
        0.7369121480897476,
        0.7369121480897476,
        0.7369121480897476,
        0.7369121480897476,
        0.7369121480897476,
        0.7369121480897476,
        0.7369121480897476,
        0.7369121480897476,
        0.7369121480897476,
        0.7369121480897476,
        0.7369121480897476,
        0.7369121480897476,
        0.7369121480897476,
        0.7369121480897476,
        0.7407423376910929,
        0.7407423376910929,
        0.7407423376910929,
        0.7407423376910929,
        0.7407423376910929,
        0.7407423376910929,
        0.7407423376910929,
        0.7407423376910929,
        0.7407423376910929,
        0.7407423376910929,
        0.7407423376910929,
        0.7407423376910929,
        0.7407423376910929,
        0.7407423376910929,
        0.7407423376910929,
        0.7431204242034295,
        0.7431204242034295,
        0.7431204242034295,
        0.7431204242034295,
        0.7431204242034295,
        0.7431204242034295,
        0.7455999702244932,
        0.7455999702244932,
        0.7455999702244932,
        0.7455999702244932,
        0.7455999702244932,
        0.7455999702244932,
        0.7455999702244932,
        0.7455999702244932,
        0.7455999702244932,
        0.7455999702244932,
        0.7455999702244932,
        0.7455999702244932,
        0.7455999702244932,
        0.7455999702244932,
        0.7455999702244933,
        0.7455999702244933,
        0.7455999702244933,
        0.7468276116466382,
        0.7497939673926667,
        0.7497939673926667,
        0.7497939673926667,
        0.7497939673926667,
        0.7519468272656507,
        0.7519468272656507,
        0.7519468272656507,
        0.7519468272656507,
        0.7519468272656507,
        0.7519468272656507,
        0.7522482926797228,
        0.7522482926797228,
        0.7522482926797228
    ],