{
    "bestIndiv": [
        [
            37,
            39,
            38,
            36,
            23,
            5,
            45,
            46,
            25,
            27,
            26,
            12,
            13,
            51,
            10,
            50,
            11,
            24,
            47,
            4,
            3,
            42,
            9,
            8,
            40,
            2,
            16,
            28,
            19,
            49,
            15,
            43,
            22,
            30,
            20,
            29,
            41,
            6,
            1,
            44,
            18,
            7,
            32,
            14,
            33,
            31,
            48,
            0,
            21,
            17,
            34,
            35
        ],
        0.7132328700005081
    ],
    "best": [
        0.2861159382151202,
        0.2931216300724998,
        0.3048951211635761,
        0.3099846424068414,
        0.32013088483262747,
        0.3259179790301034,
        0.35846737908878074,
        0.35846737908878074,
        0.37771738575950675,
        0.37771738575950675,
        0.37813363633930674,
        0.37813363633930674,
        0.38390045951136426,
        0.38928559485212116,
        0.3965482642082271,
        0.3965482642082271,
        0.41777540059561996,
        0.4248224604284917,
        0.42547330256847543,
        0.44681152096758475,
        0.44681152096758475,
        0.44681152096758475,
        0.4584838756308472,
        0.4584838756308472,
        0.4589246095206808,
        0.45941709509212264,
        0.45941709509212264,
        0.46630997901229887,
        0.4691922920713711,
        0.49454194366254695,
        0.49454194366254695,
        0.49672398962635705,
        0.49672398962635705,
        0.5137830977426328,
        0.5203897797010326,
        0.5222639377803121,
        0.5357271065075263,
        0.5357271065075263,
        0.5468532806650791,
        0.5468532806650791,
        0.5519705629134534,
        0.5519705629134534,
        0.5590657745395,
        0.5590657745395,
        0.5590657745395,
        0.5720673611517484,
        0.5720673611517484,
        0.5720673611517484,
        0.5785362078388566,
        0.5785362078388566,
        0.5847622859357022,
        0.5847622859357022,
        0.5875119560425925,
        0.5875119560425925,
        0.5875119560425925,
        0.5875119560425925,
        0.5875119560425925,
        0.589869978589637,
        0.6073437008069694,
        0.6073437008069694,
        0.6186789087071426,
        0.6186789087071426,
        0.6186789087071426,
        0.6186789087071426,
        0.6186789087071426,
        0.6306441063635327,
        0.6306441063635327,
        0.6306441063635327,
        0.6306441063635327,
        0.6452801977232839,
        0.6452801977232839,
        0.6487297685338697,
        0.6494947123164465,
        0.6494947123164465,
        0.6499750799414833,
        0.6503830902040164,
        0.6503830902040164,
        0.6515356067751741,
        0.6515356067751741,
        0.6515356067751741,
        0.6515356067751741,
        0.6518237463474019,
        0.6565595856246482,
        0.6565595856246482,
        0.657506728507822,
        0.657728788253476,
        0.6714986463004481,
        0.6714986463004481,
        0.6714986463004481,
        0.6714986463004481,
        0.6778430654532158,
        0.6778430654532158,
        0.6781549491454146,
        0.6781549491454146,
        0.6781549491454146,
        0.6781549491454146,
        0.6781549491454146,
        0.6781549491454146,
        0.6781549491454146,
        0.6781549491454146,
        0.6781549491454146,
        0.6781549491454146,
        0.6781549491454146,
        0.6781549491454146,
        0.6781549491454146,
        0.6781549491454146,
        0.6781549491454146,
        0.6781549491454146,
        0.6781549491454146,
        0.6781549491454146,
        0.6783747507937821,
        0.6783747507937821,
        0.6783747507937821,
        0.6783747507937821,
        0.6783747507937821,
        0.6783747507937821,
        0.6783747507937821,
        0.6783747507937821,
        0.6783747507937821,
        0.6783747507937821,
        0.6783747507937821,
        0.6783747507937821,
        0.6783747507937821,
        0.6783747507937821,
        0.6783747507937821,
        0.6783747507937821,
        0.6783747507937821,
        0.6783747507937821,
        0.6783747507937821,
        0.6783747507937821,
        0.6783747507937821,
        0.6783747507937821,
        0.6783747507937821,
        0.6783747507937821,
        0.6783747507937821,
        0.6783747507937821,
        0.6783747507937821,
        0.6783747507937821,
        0.6783747507937821,
        0.6783747507937821,
        0.6783747507937821,
        0.6783747507937821,
        0.6783747507937821,
        0.6783747507937821,
        0.6783747507937821,
        0.6783747507937821,
        0.6783747507937821,
        0.6783747507937821,
        0.6783747507937821,
        0.6783747507937821,
        0.6783747507937821,
        0.6783747507937821,
        0.6783747507937821,
        0.6783747507937821,
        0.6783747507937821,
        0.6783747507937821,
        0.6783747507937821,
        0.6783747507937821,
        0.6783747507937821,
        0.6783747507937821,
        0.6783747507937821,
        0.6783747507937821,
        0.684179217410612,
        0.684179217410612,
        0.684179217410612,
        0.7012137239455084,
        0.7012137239455084,
        0.7023283994693369,
        0.7023283994693369,
        0.7023283994693369,
        0.7093734389324807,
        0.7093734389324807,
        0.7093734389324807,
        0.7093734389324807,
        0.7093734389324807,
        0.7093734389324807,
        0.7093734389324807,
        0.7093734389324807,
        0.7093734389324807,
        0.7093734389324807,
        0.7093734389324807,
        0.7093734389324807,
        0.7093734389324807,
        0.7093734389324807,
        0.7093734389324807,
        0.7132328700005081,
        0.7132328700005081,
        0.7132328700005081,
        0.7132328700005081,
        0.7132328700005081,
        0.7132328700005081,
        0.7132328700005081,
        0.7132328700005081,
        0.7132328700005081,
        0.7132328700005081,
        0.7132328700005081,
        0.7132328700005081,
        0.7132328700005081,
        0.7132328700005081,
        0.7132328700005081,
        0.7132328700005081
    ],