{
    "bestIndiv": [
        [
            4,
            37,
            43,
            15,
            28,
            45,
            24,
            11,
            27,
            25,
            26,
            5,
            47,
            23,
            34,
            22,
            49,
            19,
            29,
            20,
            41,
            1,
            6,
            16,
            2,
            21,
            33,
            35,
            38,
            39,
            3,
            50,
            10,
            51,
            13,
            12,
            46,
            36,
            48,
            31,
            0,
            30,
            17,
            44,
            40,
            18,
            7,
            9,
            8,
            32,
            42,
            14
        ],
        0.7180250330753958
    ],
    "best": [
        0.284757160386086,
        0.3040361188101609,
        0.3040361188101609,
        0.31230051710319373,
        0.32046903461682347,
        0.3314631884290262,
        0.3314631884290262,
        0.3377131894159341,
        0.35095140037651124,
        0.35796173856060204,
        0.35796173856060204,
        0.3671708589379779,
        0.3671708589379779,
        0.38200457932676396,
        0.38326233512309266,
        0.38326233512309266,
        0.38326233512309266,
        0.38326233512309266,
        0.38756606801359983,
        0.38756606801359983,
        0.40054049092683475,
        0.4021094745320113,
        0.4021094745320113,
        0.4021094745320113,
        0.4116366075586772,
        0.4177055711715808,
        0.43089283329364214,
        0.43089283329364214,
        0.43089283329364214,
        0.44209028865073885,
        0.4460601192594139,
        0.4499748789699048,
        0.4641900055684016,
        0.47581065911938947,
        0.47581065911938947,
        0.47581065911938947,
        0.4818224407453646,
        0.4818224407453646,
        0.48496771540019384,
        0.48496771540019384,
        0.5002510716135266,
        0.5002510716135266,
        0.5073793104190788,
        0.5084896516049343,
        0.5084896516049343,
        0.5161497559602796,
        0.5161497559602796,
        0.5276139561467514,
        0.5317926487641317,
        0.5317926487641317,
        0.5317926487641319,
        0.534263030062788,
        0.534263030062788,
        0.534263030062788,
        0.5342630300627881,
        0.5359538225564204,
        0.536096926352679,
        0.536096926352679,
        0.536096926352679,
        0.5382406790024221,
        0.5382406790024221,
        0.5386650220594977,
        0.5386650220594977,
        0.5386650220594977,
        0.5637367237563324,
        0.5852726065809867,
        0.5852726065809867,
        0.5852726065809867,
        0.5852726065809867,
        0.592478341506678,
        0.592478341506678,
        0.592478341506678,
        0.5978349802304855,
        0.5978349802304855,
        0.6021364282632485,
        0.6021364282632485,
        0.6076699448205644,
        0.6076699448205644,
        0.6076699448205644,
        0.6092355766178004,
        0.6118854839342937,
        0.6183850700276347,
        0.6227511202717881,
        0.6227511202717881,
        0.6227511202717881,
        0.6227511202717881,
        0.627796136599279,
        0.627796136599279,
        0.627796136599279,
        0.627796136599279,
        0.627796136599279,
        0.627796136599279,
        0.627796136599279,
        0.627796136599279,
        0.6298227652435675,
        0.6298227652435675,
        0.6413741860761746,
        0.6413741860761746,
        0.6413741860761746,
        0.6413741860761746,
        0.6422906915220017,
        0.6502380173125336,
        0.6502380173125336,
        0.6635358540257718,
        0.6664520772515279,
        0.6664520772515279,
        0.6664520772515279,
        0.6664520772515279,
        0.6664520772515279,
        0.669559763857654,
        0.6874997757837176,
        0.6874997757837176,
        0.6874997757837176,
        0.6932015024817041,
        0.6932990639026051,
        0.6932990639026051,
        0.6932990639026051,
        0.6932990639026051,
        0.6932990639026051,
        0.6956364222458572,
        0.6957346703019677,
        0.6957346703019678,
        0.6957346703019678,
        0.6999777276495426,
        0.6999777276495426,
        0.7000772059064351,
        0.7000772059064351,
        0.7000772059064351,
        0.7006986814119883,
        0.7006986814119883,
        0.7006986814119883,
        0.7006986814119885,
        0.7006986814119885,
        0.7006986814119885,
        0.7006986814119885,
        0.7006986814119885,
        0.7006986814119885,
        0.7021584226409817,
        0.705692496755349,
        0.705692496755349,
        0.7092271170070806,
        0.7092271170070806,
        0.7092271170070806,
        0.7092271170070806,
        0.7092271170070806,
        0.7092271170070806,
        0.7092271170070806,
        0.7092271170070806,
        0.7092271170070806,
        0.7092271170070806,
        0.7092271170070806,
        0.7092271170070806,
        0.7092271170070806,
        0.7092271170070806,
        0.7092271170070806,
        0.7092271170070806,
        0.7092271170070806,
        0.7092271170070806,
        0.7092271170070806,
        0.7092271170070806,
        0.7092271170070806,
        0.7092271170070806,
        0.7092271170070806,
        0.7092271170070806,
        0.7092271170070806,
        0.7092271170070806,
        0.7092271170070806,
        0.7092271170070806,
        0.7092271170070806,
        0.7092271170070806,
        0.7092271170070806,
        0.7092271170070806,
        0.7092271170070806,
        0.7092271170070806,
        0.7092271170070806,
        0.7092271170070806,
        0.7092271170070806,
        0.7092271170070806,
        0.7092271170070806,
        0.7092271170070806,
        0.7092271170070806,
        0.7092271170070806,
        0.7092271170070806,
        0.7092271170070806,
        0.7098390028185351,
        0.7098390028185351,
        0.7098390028185351,
        0.712885132564955,
        0.7140190193386547,
        0.7140273233740313,
        0.7140273233740313,
        0.7140273233740313,
        0.7140273233740313,
        0.7180166357946801,
        0.7180166357946801,
        0.7180166357946801,
        0.7180166357946801,
        0.7180166357946801,
        0.7180166357946801,
        0.7180166357946801,
        0.7180250330753958
    ],