{
    "bestIndiv": [
        [
            42,
            3,
            27,
            13,
            51,
            12,
            46,
            25,
            26,
            10,
            11,
            50,
            40,
            2,
            17,
            16,
            41,
            6,
            1,
            49,
            19,
            15,
            43,
            45,
            24,
            5,
            14,
            4,
            23,
            47,
            39,
            37,
            36,
            38,
            35,
            33,
            34,
            48,
            0,
            30,
            22,
            28,
            29,
            20,
            21,
            31,
            44,
            18,
            7,
            8,
            9,
            32
        ],
        0.7315507946052284
    ],
    "best": [
        0.29026853471561676,
        0.3094512125771139,
        0.3094512125771139,
        0.3195327767755154,
        0.3283384765065957,
        0.32910094525152905,
        0.34067368701523887,
        0.34067368701523887,
        0.35023038501773385,
        0.35789582702859196,
        0.36012760999927207,
        0.37861596941843706,
        0.37861596941843706,
        0.37861596941843706,
        0.38965351089007366,
        0.4027785269308079,
        0.41741522498704053,
        0.41741522498704053,
        0.4210050044436789,
        0.42394892622230945,
        0.44236658134327633,
        0.4423948851640358,
        0.4533274864920437,
        0.4537441064877003,
        0.4537441064877003,
        0.4537441064877003,
        0.4590645144354061,
        0.46146958989723824,
        0.46146958989723824,
        0.4793340471840598,
        0.48480158100885906,
        0.48480158100885906,
        0.48480158100885906,
        0.4851900040756277,
        0.4958198631839243,
        0.49884665278459955,
        0.5008901260888455,
        0.5008901260888455,
        0.5066171369297428,
        0.5336133406000175,
        0.5336133406000175,
        0.5344138887693779,
        0.5344138887693779,
        0.5344138887693779,
        0.5344138887693779,
        0.5424247338461392,
        0.5424247338461392,
        0.5427091423678658,
        0.560592344910269,
        0.5802202234639774,
        0.5802202234639774,
        0.5802202234639774,
        0.5917331626887792,
        0.5953366646969099,
        0.5953366646969099,
        0.6000503245917086,
        0.6000503245917086,
        0.6000503245917086,
        0.6000503245917086,
        0.6007580378970746,
        0.6007580378970746,
        0.6049064664667595,
        0.6049064664667595,
        0.6049064664667595,
        0.6049064664667595,
        0.6118276818347169,
        0.6118276818347169,
        0.6118276818347169,
        0.6173974849667603,
        0.6240009566662508,
        0.6240009566662508,
        0.628266405402216,
        0.628266405402216,
        0.628266405402216,
        0.628266405402216,
        0.6318877718129904,
        0.6318877718129904,
        0.6353448307729403,
        0.6393764980486883,
        0.6393764980486883,
        0.6393764980486885,
        0.6393764980486885,
        0.6393764980486885,
        0.6393764980486885,
        0.6393764980486886,
        0.6393764980486886,
        0.6393764980486886,
        0.6393764980486886,
        0.6393764980486886,
        0.6627705568085491,
        0.6627705568085491,
        0.6774984914434954,
        0.6774984914434954,
        0.6774984914434954,
        0.6774984914434954,
        0.6774984914434954,
        0.6774984914434954,
        0.6774984914434954,
        0.6774984914434954,
        0.6774984914434954,
        0.6774984914434954,
        0.6774984914434954,
        0.6774984914434954,
        0.6774984914434954,
        0.681862922426119,
        0.681862922426119,
        0.6818629224261191,
        0.6915224050349985,
        0.6915224050349985,
        0.6915224050349985,
        0.6915224050349985,
        0.6966908716794564,
        0.6966908716794564,
        0.6966908716794564,
        0.6966908716794564,
        0.697289635023508,
        0.697289635023508,
        0.6972896350235082,
        0.6972896350235082,
        0.6978589262033894,
        0.7024774995809164,
        0.7024774995809164,
        0.7024774995809164,
        0.7024774995809164,
        0.7159553100784615,
        0.7159553100784615,
        0.7159553100784615,
        0.7159553100784615,
        0.7159553100784615,
        0.7159553100784615,
        0.7192509189284217,
        0.7192509189284217,
        0.7192509189284217,
        0.7192509189284217,
        0.7213011906453587,
        0.7213011906453587,
        0.7246526375258846,
        0.7246526375258846,
        0.7246526375258846,
        0.726869998226514,
        0.726869998226514,
        0.726869998226514,
        0.726869998226514,
        0.726869998226514,
        0.726869998226514,
        0.726869998226514,
        0.726869998226514,
        0.726869998226514,
        0.727869023373512,
        0.727869023373512,
        0.727869023373512,
        0.727869023373512,
        0.727869023373512,
        0.727869023373512,
        0.727869023373512,
        0.727869023373512,
        0.727869023373512,
        0.727869023373512,
        0.727869023373512,
        0.7285324502101043,
        0.7292087666862341,
        0.7292087666862341,
        0.7292087666862341,
        0.7292087666862342,
        0.7292087666862342,
        0.7292087666862342,
        0.7298746391447627,
        0.7298746391447627,
        0.7298746391447627,
        0.7298746391447629,
        0.7315507946052279,
        0.731550794605228,
        0.731550794605228,
        0.731550794605228,
        0.7315507946052282,
        0.7315507946052282,
        0.7315507946052282,
        0.7315507946052282,
        0.7315507946052282,
        0.7315507946052282,
        0.7315507946052282,
        0.7315507946052282,
        0.7315507946052282,
        0.7315507946052282,
        0.7315507946052282,
        0.7315507946052282,
        0.7315507946052282,
        0.7315507946052282,
        0.7315507946052282,
        0.7315507946052282,
        0.7315507946052282,
        0.7315507946052282,
        0.7315507946052282,
        0.7315507946052282,
        0.7315507946052282,
        0.7315507946052282,
        0.7315507946052282,
        0.7315507946052282,
        0.7315507946052282,
        0.7315507946052284,
        0.7315507946052284
    ],