{
    "bestIndiv": [
        [
            5,
            3,
            11,
            27,
            12,
            13,
            46,
            25,
            45,
            35,
            38,
            32,
            9,
            8,
            44,
            18,
            40,
            7,
            2,
            16,
            30,
            17,
            20,
            41,
            6,
            1,
            29,
            22,
            19,
            49,
            28,
            15,
            43,
            47,
            23,
            4,
            24,
            26,
            51,
            10,
            50,
            42,
            31,
            48,
            21,
            0,
            34,
            33,
            36,
            39,
            37,
            14
        ],
        0.7340208693344512
    ],
    "best": [
        0.3040573944085855,
        0.3040573944085855,
        0.3214358917635827,
        0.3303656632535202,
        0.3323685170959048,
        0.35393683673650306,
        0.35393683673650306,
        0.35433225500167664,
        0.36287894942154414,
        0.36709131147794527,
        0.3740967470354115,
        0.3801697459912829,
        0.3909160122082895,
        0.39764832503960673,
        0.39896772988669954,
        0.4071647443705512,
        0.4155361848393686,
        0.42023316552813494,
        0.4387352942514448,
        0.446102020364977,
        0.446102020364977,
        0.45817052774856876,
        0.4581705277485688,
        0.4581705277485688,
        0.4785365827206165,
        0.48443444594995894,
        0.48443444594995894,
        0.48443444594995894,
        0.49826067977581573,
        0.49826067977581573,
        0.5144969276719606,
        0.5144969276719606,
        0.5171089853964829,
        0.547575586931011,
        0.5703736286938625,
        0.5736722111621163,
        0.5736722111621163,
        0.5838625501832618,
        0.6012825680619382,
        0.6012825680619382,
        0.6077132128245339,
        0.6077132128245339,
        0.6081662687674173,
        0.612720193302555,
        0.6140196845019944,
        0.6140196845019944,
        0.6195536801173043,
        0.6195536801173043,
        0.6249171329513862,
        0.6249171329513862,
        0.6259900120127682,
        0.6259900120127682,
        0.6259900120127682,
        0.6314659743346175,
        0.638277826091281,
        0.638277826091281,
        0.638277826091281,
        0.6383229691579767,
        0.6393044040229104,
        0.6393044040229104,
        0.6464141023212274,
        0.6464141023212274,
        0.6464141023212274,
        0.6464141023212274,
        0.6480799958501182,
        0.6480799958501182,
        0.6512130840806327,
        0.6512130840806327,
        0.6570053316606113,
        0.6578539647991827,
        0.6578539647991827,
        0.6794376604796641,
        0.6845237308874834,
        0.6845237308874834,
        0.6845237308874834,
        0.6845237308874834,
        0.6901245906273272,
        0.6953725356886238,
        0.6953725356886238,
        0.6962699917514008,
        0.701554813347089,
        0.701554813347089,
        0.701554813347089,
        0.7034847244306555,
        0.7034847244306555,
        0.7034847244306555,
        0.7034847244306555,
        0.7034847244306555,
        0.7034847244306555,
        0.7034847244306555,
        0.7034847244306555,
        0.7034847244306555,
        0.7034847244306555,
        0.7034847244306555,
        0.7034847244306555,
        0.7034847244306555,
        0.7034847244306555,
        0.7034847244306555,
        0.7034847244306555,
        0.7174598246949375,
        0.7174598246949375,
        0.7174598246949375,
        0.7174598246949375,
        0.7174598246949375,
        0.7174598246949375,
        0.7174598246949375,
        0.7174598246949375,
        0.7174598246949375,
        0.7174598246949375,
        0.7174598246949375,
        0.7174598246949375,
        0.7174598246949375,
        0.7174598246949375,
        0.7174598246949375,
        0.7174598246949375,
        0.7174598246949375,
        0.7174598246949375,
        0.7174598246949375,
        0.7174598246949375,
        0.7174598246949375,
        0.7174598246949375,
        0.7174598246949375,
        0.7264006873089538,
        0.7264006873089538,
        0.7264006873089538,
        0.7264006873089538,
        0.7264006873089538,
        0.7264006873089538,
        0.7264006873089538,
        0.7264006873089538,
        0.7264006873089538,
        0.7264006873089538,
        0.7264006873089538,
        0.7264006873089538,
        0.7264006873089538,
        0.7264006873089538,
        0.7264006873089538,
        0.7264006873089538,
        0.7264006873089538,
        0.7264006873089538,
        0.7300599257717827,
        0.7300599257717827,
        0.7300599257717827,
        0.7300599257717827,
        0.7300599257717827,
        0.7300599257717827,
        0.7300599257717827,
        0.7300599257717827,
        0.7300599257717827,
        0.7300599257717827,
        0.7300599257717827,
        0.7300599257717827,
        0.7300599257717827,
        0.7300599257717827,
        0.7300599257717827,
        0.7300599257717827,
        0.7300599257717827,
        0.7300599257717827,
        0.7300599257717827,
        0.7300599257717827,
        0.7300599257717827,
        0.7300599257717827,
        0.7300599257717827,
        0.7300599257717827,
        0.7300599257717827,
        0.7300599257717827,
        0.7300599257717827,
        0.7300599257717827,
        0.7300599257717827,
        0.7300599257717827,
        0.7300599257717827,
        0.7300599257717827,
        0.7300599257717827,
        0.7300599257717827,
        0.7300599257717827,
        0.7300599257717827,
        0.7300599257717827,
        0.7300599257717827,
        0.7300599257717827,
        0.7300599257717827,
        0.7300599257717827,
        0.7300599257717827,
        0.7300599257717827,
        0.7300599257717827,
        0.7300599257717827,
        0.7300599257717827,
        0.7300599257717827,
        0.7300599257717827,
        0.7300599257717827,
        0.7300599257717827,
        0.7340208693344512,
        0.7340208693344512,
        0.7340208693344512,
        0.7340208693344512,
        0.7340208693344512,
        0.7340208693344512,
        0.7340208693344512,
        0.7340208693344512,
        0.7340208693344512,
        0.7340208693344512,
        0.7340208693344512
    ],