{
    "bestIndiv": [
        [
            17,
            30,
            21,
            33,
            34,
            35,
            38,
            37,
            47,
            4,
            14,
            5,
            23,
            24,
            3,
            32,
            11,
            50,
            10,
            51,
            13,
            12,
            46,
            25,
            27,
            26,
            15,
            28,
            19,
            22,
            0,
            48,
            42,
            9,
            8,
            7,
            40,
            44,
            31,
            39,
            36,
            45,
            43,
            49,
            29,
            1,
            6,
            41,
            20,
            16,
            2,
            18
        ],
        0.7859547953419753
    ],
    "best": [
        0.29317376744304846,
        0.29742701167362656,
        0.31466706877357997,
        0.3398601308082841,
        0.3398601308082841,
        0.34669471778641237,
        0.37453551365789645,
        0.37453551365789645,
        0.3748155300470431,
        0.3842444035096579,
        0.3867061399609877,
        0.3967410715689917,
        0.4284933222294721,
        0.4284933222294721,
        0.42955037404794577,
        0.43748872804795924,
        0.43748872804795924,
        0.43748872804795924,
        0.44731204268774444,
        0.44731204268774444,
        0.4610683723395289,
        0.4610683723395289,
        0.4769876835990853,
        0.4769876835990853,
        0.4797230430110282,
        0.48649246882602815,
        0.48649246882602815,
        0.48649246882602815,
        0.49226312711090514,
        0.5084477494801417,
        0.5084477494801417,
        0.5119695978994474,
        0.5178634841923518,
        0.5234834858398826,
        0.5293358155809825,
        0.5297532111172678,
        0.5297532111172678,
        0.5297532111172679,
        0.5335711002335198,
        0.5378235035912454,
        0.541745198966868,
        0.5622749778417736,
        0.5711665357693255,
        0.5711665357693255,
        0.5779077348008546,
        0.5779077348008546,
        0.5779077348008546,
        0.5827094101725416,
        0.5853152663199055,
        0.590295275564339,
        0.5980967311238142,
        0.5980967311238142,
        0.5980967311238142,
        0.5980967311238143,
        0.6056377311706471,
        0.6056377311706471,
        0.6073348211534961,
        0.611817740454148,
        0.611817740454148,
        0.6150216415179983,
        0.621640496622981,
        0.621640496622981,
        0.621640496622981,
        0.6373127507075058,
        0.6373127507075058,
        0.6373127507075058,
        0.644516434474501,
        0.6445164344745011,
        0.6445164344745011,
        0.6528053638647018,
        0.6528053638647018,
        0.6609724072255643,
        0.6609724072255643,
        0.6609724072255643,
        0.6651146287256805,
        0.6651146287256805,
        0.6651146287256805,
        0.6651146287256805,
        0.6731720422679306,
        0.6731720422679306,
        0.6760473587020926,
        0.6760473587020926,
        0.6843734924616663,
        0.6843734924616663,
        0.6843734924616663,
        0.6843734924616663,
        0.6846798649827465,
        0.6846798649827466,
        0.6865299179401783,
        0.6900458538016164,
        0.6914099016430634,
        0.6914981706707477,
        0.6914981706707477,
        0.6928679719868142,
        0.7129735888229205,
        0.7129735888229205,
        0.7129735888229205,
        0.7129735888229205,
        0.7129735888229205,
        0.7139903224419314,
        0.7148178892552132,
        0.7169913184098694,
        0.7169913184098694,
        0.7169913184098694,
        0.7169913184098694,
        0.7169913184098694,
        0.723871972447413,
        0.7257731622636077,
        0.7257731622636077,
        0.7257731622636077,
        0.7538677414621274,
        0.7538677414621274,
        0.7559299830674435,
        0.7559299830674436,
        0.7559299830674436,
        0.7559299830674436,
        0.758511730014512,
        0.758511730014512,
        0.758511730014512,
        0.758511730014512,
        0.7585343276991408,
        0.7585343276991408,
        0.7585343276991408,
        0.7585343276991408,
        0.7585343276991408,
        0.7585343276991408,
        0.7585343276991408,
        0.7585343276991408,
        0.7585343276991408,
        0.7585343276991408,
        0.7585343276991408,
        0.7585343276991408,
        0.7585343276991408,
        0.7585343276991408,
        0.7585343276991408,
        0.7585343276991408,
        0.7585343276991408,
        0.7585343276991408,
        0.7585343276991408,
        0.7585343276991408,
        0.7585343276991408,
        0.7585343276991408,
        0.7585343276991408,
        0.7585343276991408,
        0.7585343276991408,
        0.7585343276991408,
        0.7585343276991408,
        0.7585343276991408,
        0.7585343276991408,
        0.7585343276991408,
        0.7585343276991408,
        0.7585343276991408,
        0.7585343276991408,
        0.7585343276991408,
        0.7585343276991408,
        0.7585343276991408,
        0.7585343276991408,
        0.7585343276991408,
        0.7585343276991408,
        0.7585343276991408,
        0.7585343276991408,
        0.7585343276991408,
        0.7585343276991408,
        0.7585343276991408,
        0.7585343276991408,
        0.7585343276991408,
        0.7585343276991408,
        0.7585343276991408,
        0.7585343276991408,
        0.7585343276991408,
        0.7585343276991408,
        0.7585343276991408,
        0.7585343276991408,
        0.7600013917539753,
        0.7600013917539753,
        0.7600013917539753,
        0.7600013917539753,
        0.7600013917539753,
        0.7600013917539753,
        0.7600013917539753,
        0.7600013917539753,
        0.7600013917539753,
        0.7600013917539753,
        0.7600013917539753,
        0.7600013917539753,
        0.7600013917539753,
        0.7600013917539753,
        0.7600013917539753,
        0.7600013917539753,
        0.7600013917539753,
        0.7600013917539753,
        0.7600013917539753,
        0.7600013917539753,
        0.7601212191242743,
        0.7626259585322752,
        0.7678813375068545,
        0.7841195066240708,
        0.7841195066240708,
        0.7859547953419753,
        0.7859547953419753,
        0.7859547953419753
    ],