{
    "bestIndiv": [
        [
            22,
            29,
            1,
            6,
            41,
            20,
            16,
            2,
            17,
            31,
            44,
            42,
            32,
            9,
            8,
            7,
            40,
            18,
            36,
            38,
            33,
            43,
            34,
            35,
            39,
            37,
            23,
            14,
            47,
            45,
            25,
            46,
            13,
            51,
            50,
            11,
            27,
            26,
            12,
            10,
            24,
            3,
            5,
            4,
            48,
            21,
            30,
            0,
            15,
            28,
            49,
            19
        ],
        0.7628172716400354
    ],
    "best": [
        0.2970436211377127,
        0.30105987639885745,
        0.30105987639885745,
        0.3145075994815273,
        0.3271614570397743,
        0.32978693600841474,
        0.34328622139909115,
        0.34328622139909115,
        0.34328622139909115,
        0.3486153587895003,
        0.3503660928653628,
        0.36117108681205207,
        0.37948988279615825,
        0.37948988279615825,
        0.37948988279615825,
        0.37948988279615825,
        0.4010029794547876,
        0.4010029794547876,
        0.4037750086310795,
        0.4056983832658222,
        0.40962015017695735,
        0.40962015017695735,
        0.40962015017695735,
        0.41225624216581863,
        0.4123145525474685,
        0.41663854089054597,
        0.4227346239069872,
        0.42697122977603685,
        0.42697122977603685,
        0.4291638414082158,
        0.43378811147339447,
        0.44307067981947706,
        0.4431569605348606,
        0.4539930735541298,
        0.4552115766378042,
        0.45661840021538713,
        0.4603288274428397,
        0.4603288274428397,
        0.4603288274428397,
        0.464464465896778,
        0.464464465896778,
        0.48301954544218323,
        0.48301954544218323,
        0.48301954544218323,
        0.48301954544218323,
        0.48900184743925723,
        0.48900184743925723,
        0.48900184743925723,
        0.48900184743925723,
        0.493713164708501,
        0.4941649026148618,
        0.500736246105273,
        0.500736246105273,
        0.500736246105273,
        0.500736246105273,
        0.5249587508963677,
        0.5249587508963678,
        0.5249587508963678,
        0.5293304575122646,
        0.5293304575122646,
        0.532813006952313,
        0.5402539770196635,
        0.5402539770196635,
        0.5448852670939299,
        0.5515663881329353,
        0.5615865288460895,
        0.5615865288460895,
        0.5648340698287492,
        0.5648340698287492,
        0.5648340698287492,
        0.5663960659688433,
        0.5809595490749254,
        0.5809595490749254,
        0.5956978804022505,
        0.6036175936572167,
        0.6038016023368681,
        0.6038016023368681,
        0.6038016023368681,
        0.6281717821094059,
        0.6281717821094059,
        0.6281717821094059,
        0.6285078923407904,
        0.6285078923407904,
        0.6371898075989035,
        0.6385507695263318,
        0.6385507695263318,
        0.6430560435079096,
        0.6430560435079096,
        0.6430560435079096,
        0.6430560435079096,
        0.6468036071355633,
        0.6468036071355633,
        0.6468036071355633,
        0.6521526462573175,
        0.6521526462573175,
        0.6521526462573175,
        0.6523380662328764,
        0.6559074703312363,
        0.6608805160240306,
        0.6650570654662761,
        0.6650570654662761,
        0.6669871398679018,
        0.680289619795702,
        0.680289619795702,
        0.6804913872032455,
        0.6804913872032455,
        0.6804913872032455,
        0.6804913872032455,
        0.6804913872032455,
        0.6804913872032455,
        0.6804913872032455,
        0.6804913872032455,
        0.6804913872032455,
        0.6804913872032455,
        0.6804913872032455,
        0.6804913872032455,
        0.6804913872032455,
        0.6804913872032455,
        0.6804913872032455,
        0.6804913872032455,
        0.6804913872032455,
        0.6804913872032455,
        0.6804913872032455,
        0.6816370833293122,
        0.684989441166617,
        0.684989441166617,
        0.684989441166617,
        0.684989441166617,
        0.6895502255387269,
        0.6895502255387269,
        0.6895502255387269,
        0.6895502255387269,
        0.6918707423734756,
        0.6918707423734756,
        0.6918707423734756,
        0.6948232704728546,
        0.6948232704728546,
        0.6948232704728547,
        0.6948232704728549,
        0.7379381447301765,
        0.7379381447301765,
        0.7379381447301765,
        0.7379381447301765,
        0.74067001147064,
        0.74067001147064,
        0.74067001147064,
        0.74067001147064,
        0.74067001147064,
        0.74067001147064,
        0.7406700114706402,
        0.7532211512558393,
        0.7532211512558393,
        0.7532211512558393,
        0.7532211512558393,
        0.7532211512558393,
        0.7562288932434126,
        0.7562288932434126,
        0.7562288932434126,
        0.7562288932434126,
        0.7562288932434126,
        0.7562288932434126,
        0.7562288932434126,
        0.7562288932434126,
        0.7562288932434126,
        0.7562288932434126,
        0.7562288932434126,
        0.7562288932434126,
        0.7562288932434126,
        0.7562288932434126,
        0.7568673993207965,
        0.7568673993207965,
        0.7568673993207965,
        0.7568673993207965,
        0.7578541144291745,
        0.7610375759345396,
        0.7610375759345396,
        0.7628172716400353,
        0.7628172716400353,
        0.7628172716400354,
        0.7628172716400354,
        0.7628172716400354,
        0.7628172716400354,
        0.7628172716400354,
        0.7628172716400354,
        0.7628172716400354,
        0.7628172716400354,
        0.7628172716400354,
        0.7628172716400354,
        0.7628172716400354,
        0.7628172716400354,
        0.7628172716400354,
        0.7628172716400354,
        0.7628172716400354,
        0.7628172716400354,
        0.7628172716400354,
        0.7628172716400354,
        0.7628172716400354,
        0.7628172716400354,
        0.7628172716400354,
        0.7628172716400354,
        0.7628172716400354
    ],