{
    "bestIndiv": [
        [
            31,
            44,
            18,
            2,
            7,
            40,
            16,
            41,
            22,
            43,
            15,
            46,
            51,
            13,
            12,
            26,
            11,
            50,
            10,
            27,
            25,
            28,
            45,
            24,
            3,
            5,
            14,
            37,
            8,
            9,
            32,
            42,
            4,
            39,
            38,
            35,
            48,
            0,
            17,
            20,
            1,
            6,
            29,
            49,
            19,
            30,
            21,
            33,
            47,
            23,
            36,
            34
        ],
        0.6572697712011285
    ],
    "best": [
        0.2856811492242353,
        0.2961299596004015,
        0.3073510357691975,
        0.3168384011651944,
        0.3168384011651944,
        0.3195427238858743,
        0.32292576098068654,
        0.3418114341594623,
        0.3418114341594623,
        0.34469284965190217,
        0.3510038344449684,
        0.3627744553470114,
        0.364227971523899,
        0.37020945903530533,
        0.3770000817632455,
        0.3846306999465656,
        0.3846306999465656,
        0.39101041798191394,
        0.40236649305793626,
        0.4033234814591503,
        0.41873392066202486,
        0.41873392066202486,
        0.42332977524152493,
        0.42332977524152493,
        0.42332977524152493,
        0.42332977524152493,
        0.4349275197356375,
        0.44004038530550454,
        0.44623285793634365,
        0.4525585403776072,
        0.4525585403776072,
        0.45390042162056204,
        0.4585345736800353,
        0.4619278177231734,
        0.46354791917945887,
        0.4725081194695628,
        0.47664943439929286,
        0.47902608295396776,
        0.4821753572061564,
        0.4821753572061564,
        0.4821753572061564,
        0.4897486320921603,
        0.4974892478018599,
        0.5070413108420738,
        0.5083406914949166,
        0.5138565112790385,
        0.5181198865521315,
        0.5210538617309042,
        0.5210538617309042,
        0.5249994723548838,
        0.5297802413661497,
        0.5297802413661497,
        0.5394705307343391,
        0.5394705307343391,
        0.5558623362324507,
        0.5558623362324507,
        0.5558623362324507,
        0.5593696939961049,
        0.5633997296455335,
        0.5713241466567435,
        0.5713241466567435,
        0.5782804952223524,
        0.5782804952223524,
        0.5782804952223524,
        0.5947949590569735,
        0.596924382791858,
        0.6049787926602181,
        0.6049787926602181,
        0.6049787926602181,
        0.6149285707873746,
        0.6149285707873746,
        0.6149285707873746,
        0.6224724215701475,
        0.6225389633135577,
        0.6225389633135577,
        0.6229642438684547,
        0.6271786341433822,
        0.6272461859248115,
        0.6296232160762892,
        0.6296232160762892,
        0.6296232160762892,
        0.6296232160762892,
        0.6296244756953515,
        0.6296244756953515,
        0.6389748133553135,
        0.6393066572116128,
        0.6393066572116128,
        0.6393066572116128,
        0.6417761555153106,
        0.6417761555153106,
        0.6418069240363344,
        0.6418069240363344,
        0.6418069240363344,
        0.6418069240363344,
        0.6459816131842812,
        0.6459816131842812,
        0.6459816131842812,
        0.6460127862787968,
        0.6460127862787968,
        0.6494119191304657,
        0.6494119191304657,
        0.6499418038326849,
        0.6509023649745616,
        0.6509023649745616,
        0.6509023649745616,
        0.6509023649745616,
        0.6509023649745616,
        0.6509023649745616,
        0.6509023649745616,
        0.6509023649745616,
        0.6509023649745616,
        0.6509023649745616,
        0.6509023649745616,
        0.6509023649745616,
        0.6509023649745616,
        0.6509023649745616,
        0.6509023649745616,
        0.6509023649745616,
        0.6509023649745616,
        0.6509023649745616,
        0.6509023649745616,
        0.6509023649745616,
        0.6509023649745616,
        0.6509023649745616,
        0.6509023649745616,
        0.6509023649745616,
        0.6509023649745616,
        0.6509023649745616,
        0.6509023649745616,
        0.6509023649745616,
        0.6509023649745616,
        0.6509023649745616,
        0.6509023649745616,
        0.6509023649745616,
        0.6509023649745616,
        0.6509023649745616,
        0.6509023649745616,
        0.6509023649745616,
        0.6509023649745616,
        0.6509023649745616,
        0.6509023649745616,
        0.6509023649745616,
        0.6509023649745616,
        0.6509023649745616,
        0.6509023649745616,
        0.6509023649745616,
        0.6509023649745616,
        0.6509023649745616,
        0.6509023649745616,
        0.6509023649745616,
        0.6509023649745616,
        0.6509023649745616,
        0.6509023649745616,
        0.6519347717187615,
        0.6571451043816097,
        0.6571451043816097,
        0.6571451043816097,
        0.6571451043816097,
        0.6571451043816097,
        0.6571451043816097,
        0.6571451043816097,
        0.6572697712011285,
        0.6572697712011285,
        0.6572697712011285,
        0.6572697712011285,
        0.6572697712011285,
        0.6572697712011285,
        0.6572697712011285,
        0.6572697712011285,
        0.6572697712011285,
        0.6572697712011285,
        0.6572697712011285,
        0.6572697712011285,
        0.6572697712011285,
        0.6572697712011285,
        0.6572697712011285,
        0.6572697712011285,
        0.6572697712011285,
        0.6572697712011285,
        0.6572697712011285,
        0.6572697712011285,
        0.6572697712011285,
        0.6572697712011285,
        0.6572697712011285,
        0.6572697712011285,
        0.6572697712011285,
        0.6572697712011285,
        0.6572697712011285,
        0.6572697712011285,
        0.6572697712011285,
        0.6572697712011285,
        0.6572697712011285,
        0.6572697712011285,
        0.6572697712011285,
        0.6572697712011285,
        0.6572697712011285,
        0.6572697712011285,
        0.6572697712011285,
        0.6572697712011285,
        0.6572697712011285,
        0.6572697712011285
    ],