{
    "bestIndiv": [
        [
            5,
            14,
            4,
            36,
            44,
            18,
            40,
            7,
            8,
            9,
            42,
            32,
            11,
            27,
            26,
            25,
            13,
            51,
            12,
            46,
            28,
            19,
            22,
            17,
            30,
            0,
            21,
            23,
            47,
            37,
            39,
            35,
            34,
            43,
            33,
            38,
            48,
            31,
            2,
            16,
            20,
            41,
            6,
            1,
            29,
            49,
            15,
            45,
            24,
            3,
            50,
            10
        ],
        0.7621928909626947
    ],
    "best": [
        0.2982676061331995,
        0.2982676061331995,
        0.3062751755692619,
        0.3126196741844691,
        0.3385685236154946,
        0.3409077639617134,
        0.345454187358977,
        0.345454187358977,
        0.3463598491941304,
        0.35033024473247015,
        0.36094604639851696,
        0.3793432932504193,
        0.3793432932504193,
        0.37934329325041943,
        0.3851792110787919,
        0.3884327846253147,
        0.4041172472699368,
        0.4041172472699368,
        0.4041172472699368,
        0.4148905738028401,
        0.4177867969715255,
        0.4177867969715255,
        0.4189659170484355,
        0.42729249018730586,
        0.4367222653211769,
        0.4437214247631578,
        0.4437214247631578,
        0.44703964665474427,
        0.456579182824351,
        0.4577183158211196,
        0.46625140601116877,
        0.46625140601116877,
        0.46625140601116877,
        0.47878779837948143,
        0.48184626028018,
        0.48184626028018,
        0.48197817087295564,
        0.48197817087295564,
        0.49571960900831713,
        0.510969410903253,
        0.510969410903253,
        0.5109694109032531,
        0.5109694109032531,
        0.5109694109032531,
        0.5109694109032531,
        0.5352457353900334,
        0.5352457353900334,
        0.5444776834395697,
        0.5444776834395697,
        0.560926968162513,
        0.5808119276656196,
        0.5808119276656196,
        0.5808119276656196,
        0.5896286219392763,
        0.5896286219392763,
        0.5966650981617497,
        0.5984568686331012,
        0.5984568686331012,
        0.6027615957092182,
        0.6027615957092182,
        0.6027615957092182,
        0.6071894891155711,
        0.6113561331524651,
        0.6113561331524651,
        0.6194527672736879,
        0.6194527672736879,
        0.6194527672736879,
        0.6266173888760593,
        0.6266173888760593,
        0.6266173888760593,
        0.6312480262508308,
        0.6312480262508308,
        0.6312480262508308,
        0.6312480262508308,
        0.6408305488832237,
        0.6408305488832237,
        0.6408305488832237,
        0.6408305488832237,
        0.6456819615671289,
        0.6469543494537618,
        0.6486989607831782,
        0.6486989607831782,
        0.6486989607831782,
        0.6486989607831782,
        0.6542926803024821,
        0.6684817161050484,
        0.6684817161050484,
        0.6689046225921877,
        0.6689046225921877,
        0.6848057735980777,
        0.6848057735980777,
        0.6848057735980777,
        0.6943645364901044,
        0.6943645364901044,
        0.6950207613409859,
        0.6950207613409859,
        0.6950207613409859,
        0.6950207613409859,
        0.6950207613409859,
        0.695020761340986,
        0.695020761340986,
        0.695020761340986,
        0.695020761340986,
        0.695020761340986,
        0.695020761340986,
        0.695020761340986,
        0.695020761340986,
        0.695020761340986,
        0.695020761340986,
        0.695020761340986,
        0.695020761340986,
        0.695020761340986,
        0.695020761340986,
        0.695020761340986,
        0.695020761340986,
        0.695020761340986,
        0.6978944255372111,
        0.6978944255372111,
        0.6978944255372111,
        0.6978944255372111,
        0.6986360976087357,
        0.7003063634245773,
        0.7003063634245773,
        0.7003063634245773,
        0.7003063634245773,
        0.7020565685662176,
        0.7020565685662176,
        0.7020565685662176,
        0.7020565685662176,
        0.7027217015482333,
        0.7027217015482333,
        0.707165987891181,
        0.7181138056876316,
        0.7181138056876316,
        0.7181138056876316,
        0.7181138056876316,
        0.7181138056876316,
        0.7181138056876316,
        0.7181138056876316,
        0.7181138056876316,
        0.7186365129545449,
        0.7186365129545449,
        0.7186365129545449,
        0.7186365129545449,
        0.7186365129545449,
        0.7186365129545449,
        0.7186365129545449,
        0.7186365129545449,
        0.7186365129545449,
        0.7236917460276555,
        0.7236917460276555,
        0.7236917460276555,
        0.7236917460276555,
        0.7236917460276555,
        0.7236917460276556,
        0.7279756979738058,
        0.7279756979738058,
        0.7331636516803037,
        0.7338849579116976,
        0.7338849579116976,
        0.7359836790254894,
        0.7359836790254894,
        0.7359836790254897,
        0.7359836790254897,
        0.751613248283089,
        0.7579141494572218,
        0.7579141494572218,
        0.7579141494572218,
        0.7579141494572218,
        0.7579141494572218,
        0.7579141494572218,
        0.7579141494572218,
        0.7579141494572218,
        0.7579141494572218,
        0.7579141494572218,
        0.7579141494572218,
        0.7579141494572218,
        0.7579141494572218,
        0.7579141494572218,
        0.7579141494572218,
        0.7579141494572218,
        0.7579141494572218,
        0.7579141494572218,
        0.7579141494572218,
        0.7579141494572219,
        0.7579141494572219,
        0.7579141494572219,
        0.7579141494572219,
        0.7579141494572219,
        0.7579141494572219,
        0.7579141494572219,
        0.7579141494572219,
        0.7579141494572219,
        0.7579141494572219,
        0.7579141494572219,
        0.7579141494572219,
        0.7579141494572219,
        0.76078634663083,
        0.76078634663083,
        0.7621928909626947,
        0.7621928909626947
    ],