{
    "bestIndiv": [
        [
            26,
            24,
            23,
            47,
            37,
            14,
            5,
            4,
            36,
            48,
            31,
            17,
            22,
            19,
            29,
            28,
            15,
            49,
            0,
            21,
            30,
            20,
            6,
            1,
            41,
            16,
            2,
            44,
            18,
            7,
            40,
            8,
            9,
            42,
            32,
            39,
            38,
            35,
            34,
            33,
            43,
            45,
            3,
            11,
            50,
            10,
            27,
            25,
            46,
            13,
            51,
            12
        ],
        0.8052628197052717
    ],
    "best": [
        0.28178294217625266,
        0.29868416420071314,
        0.3027394687550149,
        0.31687029771537534,
        0.32705725001492514,
        0.32705725001492514,
        0.33402312790625094,
        0.3408700079282757,
        0.34672325953559263,
        0.3571757131090916,
        0.3911338190056975,
        0.3911338190056975,
        0.3911338190056975,
        0.39222204190366244,
        0.4030073258759349,
        0.4204981623075222,
        0.43965505406630845,
        0.43965505406630845,
        0.457134329514836,
        0.4581430769358297,
        0.4581430769358297,
        0.4610942027520541,
        0.47738995882687607,
        0.47738995882687607,
        0.48105446922929646,
        0.48105446922929646,
        0.4837524264038713,
        0.4951187693089644,
        0.4951187693089644,
        0.49689278495237615,
        0.5125068419668429,
        0.5125068419668429,
        0.5125068419668429,
        0.5147965790682968,
        0.5147965790682968,
        0.5193422699391078,
        0.5204748770248495,
        0.5204748770248495,
        0.5204748770248495,
        0.5216272084193635,
        0.5286393348172652,
        0.5478812920318412,
        0.5478812920318412,
        0.5524180222058009,
        0.5529541271328337,
        0.556153753986375,
        0.5604211872690522,
        0.5604211872690522,
        0.5618050685946429,
        0.5618050685946429,
        0.5661169073829241,
        0.567529096654297,
        0.567529096654297,
        0.567529096654297,
        0.5699316655821017,
        0.5729789956875503,
        0.5933372173760129,
        0.5933372173760129,
        0.5933372173760129,
        0.5992966520623028,
        0.6003108782766854,
        0.6003108782766854,
        0.6003108782766854,
        0.6064119422808281,
        0.6064119422808281,
        0.61181152479571,
        0.61181152479571,
        0.6119191949041325,
        0.6181498282660349,
        0.6181498282660349,
        0.6210014329099789,
        0.6234192797568846,
        0.6234192797568846,
        0.6234192797568846,
        0.6257388887998281,
        0.6257388887998281,
        0.6346102338963756,
        0.6346102338963756,
        0.6421981754905631,
        0.6425683639218104,
        0.6425683639218104,
        0.6435283391350554,
        0.6435283391350554,
        0.6490821344351911,
        0.6538030273866349,
        0.6538030273866349,
        0.6595363742345351,
        0.6595363742345351,
        0.6595363742345351,
        0.6595363742345351,
        0.666757930441959,
        0.666757930441959,
        0.6668031206200594,
        0.6781713506798426,
        0.6785757546571314,
        0.6861349515970566,
        0.6934039347666535,
        0.6934039347666535,
        0.6934039347666535,
        0.6934039347666535,
        0.6934039347666535,
        0.6934039347666535,
        0.6934039347666535,
        0.6934039347666535,
        0.6934039347666535,
        0.6934039347666535,
        0.6934039347666535,
        0.6934039347666535,
        0.6934039347666535,
        0.6934039347666535,
        0.6934039347666535,
        0.6934039347666535,
        0.6934039347666535,
        0.6934039347666535,
        0.6934039347666535,
        0.6934039347666535,
        0.6934039347666535,
        0.6934039347666535,
        0.6934039347666535,
        0.6963030924722534,
        0.6963030924722534,
        0.6963030924722534,
        0.6963030924722534,
        0.6963030924722534,
        0.6963030924722534,
        0.6963030924722534,
        0.6963030924722534,
        0.6963030924722534,
        0.6963030924722534,
        0.6963030924722535,
        0.6963030924722535,
        0.7106588404379292,
        0.7106588404379292,
        0.7106588404379292,
        0.7149661753097919,
        0.7214866721593465,
        0.7214866721593465,
        0.7214866721593465,
        0.7214866721593466,
        0.7214866721593466,
        0.7259266729263066,
        0.7259266729263066,
        0.7352972348253902,
        0.7352972348253902,
        0.7399093850756412,
        0.7399093850756412,
        0.7399093850756412,
        0.7399093850756412,
        0.7399093850756412,
        0.7399093850756412,
        0.7399093850756412,
        0.7399093850756412,
        0.7399093850756412,
        0.7399093850756412,
        0.7399093850756412,
        0.7399093850756412,
        0.7399093850756412,
        0.7399093850756412,
        0.7465892415195889,
        0.7465892415195889,
        0.7465892415195889,
        0.7465892415195889,
        0.7465892415195889,
        0.7465892415195889,
        0.7465892415195889,
        0.7465892415195889,
        0.7465892415195889,
        0.7465892415195889,
        0.7465892415195889,
        0.7465892415195889,
        0.7465892415195889,
        0.7465892415195889,
        0.7465892415195889,
        0.7465892415195889,
        0.775522784087884,
        0.775522784087884,
        0.7809248960356032,
        0.7809248960356032,
        0.7809248960356032,
        0.7809248960356032,
        0.7817418093291896,
        0.7817418093291896,
        0.7872312158801723,
        0.7886652397494278,
        0.7886652397494278,
        0.7886652397494278,
        0.8052628197052717,
        0.8052628197052717,
        0.8052628197052717,
        0.8052628197052717,
        0.8052628197052717,
        0.8052628197052717,
        0.8052628197052717,
        0.8052628197052717,
        0.8052628197052717,
        0.8052628197052717,
        0.8052628197052717,
        0.8052628197052717,
        0.8052628197052717,
        0.8052628197052717,
        0.8052628197052717
    ],