{
    "bestIndiv": [
        [
            39,
            23,
            47,
            4,
            5,
            14,
            3,
            24,
            11,
            27,
            25,
            26,
            46,
            13,
            12,
            51,
            10,
            50,
            32,
            42,
            9,
            8,
            40,
            7,
            17,
            21,
            0,
            30,
            22,
            29,
            1,
            6,
            41,
            20,
            16,
            2,
            18,
            44,
            31,
            48,
            43,
            45,
            15,
            19,
            49,
            28,
            33,
            34,
            35,
            38,
            36,
            37
        ],
        0.8645982088576694
    ],
    "best": [
        0.29923997976019284,
        0.31444122630267707,
        0.32267483239659916,
        0.32267483239659916,
        0.33480126367497504,
        0.34040328877732284,
        0.3430882336955994,
        0.35062488022020194,
        0.35062488022020194,
        0.3581884926425841,
        0.366961164864429,
        0.37830717418487003,
        0.37830717418487003,
        0.38132485109105463,
        0.40471255571025216,
        0.40471255571025216,
        0.40471255571025216,
        0.40471255571025216,
        0.4152783965494778,
        0.4152783965494778,
        0.42565597794297183,
        0.42565597794297183,
        0.4384268836786809,
        0.44080048753182943,
        0.44080048753182943,
        0.4485047434303703,
        0.4485047434303703,
        0.4485047434303703,
        0.45204931811641436,
        0.4565073827372536,
        0.4661234516730199,
        0.4661234516730199,
        0.4661234516730199,
        0.4716576439419059,
        0.4716576439419059,
        0.4716576439419059,
        0.4893476896214894,
        0.4893476896214894,
        0.489365095437749,
        0.49680020248283624,
        0.49894682801518947,
        0.4999755236356657,
        0.4999755236356657,
        0.503890237486854,
        0.503890237486854,
        0.5106645484735102,
        0.5106645484735102,
        0.5120169645415839,
        0.5341667222577803,
        0.5341667222577803,
        0.5341667222577803,
        0.5341667222577803,
        0.5341667222577803,
        0.5341667222577803,
        0.5358519018591049,
        0.5425475206919984,
        0.5458271440035145,
        0.5458271440035145,
        0.5458271440035145,
        0.5553784970641233,
        0.5613921084015638,
        0.5624519852019172,
        0.5624519852019173,
        0.5687832304705602,
        0.5687832304705602,
        0.5776863805995146,
        0.5844921806276777,
        0.5849657687924775,
        0.5849657687924775,
        0.5947849470121149,
        0.5947849470121149,
        0.5947849470121149,
        0.5947849470121149,
        0.5973681748918777,
        0.6054212983136795,
        0.6054212983136795,
        0.6054212983136795,
        0.6054212983136795,
        0.6276492143938056,
        0.6276492143938056,
        0.6341398400733061,
        0.6434585743247999,
        0.6434585743247999,
        0.6434585743247999,
        0.6496340566541727,
        0.6496340566541727,
        0.6496340566541727,
        0.6585025303548713,
        0.6786373185801067,
        0.6786373185801067,
        0.6786373185801068,
        0.6864430823064016,
        0.6864430823064016,
        0.6958189248275303,
        0.7080620139539032,
        0.7080620139539032,
        0.7138823169270666,
        0.7138823169270668,
        0.7138823169270668,
        0.7168808739672552,
        0.7168808739672552,
        0.7223119884309024,
        0.7223119884309025,
        0.7223119884309025,
        0.7223119884309025,
        0.7223119884309025,
        0.7376285210965684,
        0.7376285210965684,
        0.7376285210965685,
        0.7412074761414617,
        0.7412074761414617,
        0.7551269550436208,
        0.7551269550436208,
        0.7551269550436209,
        0.7552454182434386,
        0.7552454182434387,
        0.757505246503121,
        0.7613968963330447,
        0.766902056202577,
        0.766902056202577,
        0.766902056202577,
        0.7766731916503112,
        0.7871370684560054,
        0.7911216226451064,
        0.7911216226451064,
        0.7911216226451064,
        0.8015238543462508,
        0.8096024621443091,
        0.8096024621443091,
        0.8096024621443091,
        0.8360816769058702,
        0.8360816769058702,
        0.8360816769058702,
        0.8360816769058702,
        0.8360816769058702,
        0.8360816769058702,
        0.8360816769058702,
        0.8360816769058702,
        0.8360816769058702,
        0.8360816769058702,
        0.8360816769058702,
        0.8360816769058702,
        0.8360816769058702,
        0.8360816769058702,
        0.8360816769058702,
        0.8360816769058702,
        0.8555906548344545,
        0.8555906548344545,
        0.8555906548344545,
        0.8555906548344545,
        0.8555906548344545,
        0.8555906548344545,
        0.8555906548344545,
        0.8555906548344545,
        0.8555906548344545,
        0.8555906548344545,
        0.8555906548344545,
        0.8555906548344545,
        0.8555906548344545,
        0.8555906548344545,
        0.8555906548344545,
        0.8555906548344545,
        0.8555906548344545,
        0.8555906548344545,
        0.8555906548344545,
        0.8555906548344545,
        0.8555906548344545,
        0.8555906548344545,
        0.8555906548344545,
        0.8555906548344545,
        0.8555906548344545,
        0.8555906548344545,
        0.8555906548344545,
        0.8555906548344545,
        0.8555906548344545,
        0.8555906548344545,
        0.8555906548344545,
        0.8555906548344545,
        0.8555906548344545,
        0.8555906548344545,
        0.8555906548344545,
        0.8555906548344545,
        0.8555906548344545,
        0.8555906548344545,
        0.8555906548344545,
        0.8555906548344545,
        0.8555906548344545,
        0.8555906548344545,
        0.8555906548344545,
        0.8555906548344545,
        0.8555906548344545,
        0.8555906548344545,
        0.8555906548344545,
        0.8555906548344545,
        0.8555906548344545,
        0.8598049774489606,
        0.8598049774489606,
        0.8598049774489606,
        0.8598049774489606,
        0.8645982088576694,
        0.8645982088576694
    ],