{
    "bestIndiv": [
        [
            9,
            32,
            50,
            11,
            27,
            10,
            51,
            12,
            46,
            13,
            25,
            26,
            24,
            3,
            5,
            4,
            14,
            23,
            33,
            43,
            0,
            21,
            30,
            17,
            22,
            29,
            41,
            6,
            1,
            20,
            16,
            2,
            18,
            35,
            34,
            39,
            47,
            45,
            15,
            28,
            49,
            19,
            48,
            31,
            38,
            36,
            37,
            42,
            7,
            40,
            44,
            8
        ],
        0.7544694045750626
    ],
    "best": [
        0.29923997976019284,
        0.31356726654902883,
        0.3220677987135448,
        0.3220677987135448,
        0.3220677987135448,
        0.3292538159477111,
        0.34646762357982547,
        0.35481079305072016,
        0.3578674115628974,
        0.36384112056109863,
        0.36384112056109863,
        0.3690541073393905,
        0.38097193395989226,
        0.393414541012583,
        0.3941942971272729,
        0.42890865095997904,
        0.42890865095997904,
        0.42890865095997904,
        0.45314422977049196,
        0.45314422977049196,
        0.45314422977049196,
        0.46033775895997175,
        0.47341399013178737,
        0.47341399013178737,
        0.47341399013178737,
        0.4734139901317875,
        0.47476229851739515,
        0.47476229851739515,
        0.4747622985173952,
        0.48474522536121145,
        0.48474522536121145,
        0.48474522536121145,
        0.48474522536121145,
        0.48835343349382315,
        0.5197958452339393,
        0.5435565186924695,
        0.5440240883475009,
        0.5537335151586702,
        0.5537335151586702,
        0.5718491786387171,
        0.5718491786387171,
        0.5752690553204944,
        0.5752690553204944,
        0.5880806496595277,
        0.5924546089927996,
        0.5924546089927996,
        0.5924546089927996,
        0.5973804467128431,
        0.5973804467128431,
        0.6163140287690617,
        0.6202730238892139,
        0.6202730238892139,
        0.6240600807282306,
        0.6240600807282306,
        0.6240600807282306,
        0.6384549684543003,
        0.6387634175789456,
        0.6411369386273545,
        0.6411369386273545,
        0.6411369386273545,
        0.6605817869190638,
        0.6605817869190638,
        0.6605817869190638,
        0.6606261909386266,
        0.6606261909386266,
        0.6719709746402031,
        0.6719709746402031,
        0.6719709746402031,
        0.6744775898810783,
        0.6744775898810783,
        0.6755378301235059,
        0.6795837650131376,
        0.6795837650131376,
        0.6795837650131376,
        0.6795837650131376,
        0.6795837650131376,
        0.6804493292112892,
        0.6849928385249137,
        0.6849928385249137,
        0.6853947901130645,
        0.6853947901130645,
        0.6853947901130645,
        0.6853947901130645,
        0.6853947901130645,
        0.6853947901130645,
        0.6853947901130645,
        0.6855155407465232,
        0.6855155407465232,
        0.6855155407465232,
        0.6855155407465232,
        0.6856790613179516,
        0.6856790613179516,
        0.6856790613179516,
        0.6856790613179516,
        0.6856790613179516,
        0.6856790613179516,
        0.6893266005068822,
        0.6893266005068822,
        0.6893266005068822,
        0.6893266005068822,
        0.6893266005068822,
        0.6893266005068822,
        0.6893266005068822,
        0.7125720708281804,
        0.7125720708281804,
        0.7125720708281804,
        0.7256127036923689,
        0.7256127036923689,
        0.7256127036923689,
        0.7256127036923689,
        0.7256127036923689,
        0.7256127036923689,
        0.7256127036923689,
        0.7256127036923689,
        0.7256127036923689,
        0.7256127036923689,
        0.7256127036923689,
        0.7256127036923689,
        0.7256127036923689,
        0.7256127036923689,
        0.7256127036923689,
        0.7300728027987977,
        0.7300728027987977,
        0.7300728027987977,
        0.7300728027987977,
        0.743967084817025,
        0.743967084817025,
        0.743967084817025,
        0.743967084817025,
        0.743967084817025,
        0.7439670848170251,
        0.7439670848170251,
        0.7439670848170251,
        0.7439670848170251,
        0.7439670848170251,
        0.7439670848170251,
        0.7439670848170251,
        0.7439670848170251,
        0.7439670848170251,
        0.7439670848170251,
        0.7439670848170251,
        0.7439670848170251,
        0.7439670848170251,
        0.7439670848170251,
        0.7439670848170251,
        0.7439670848170251,
        0.7439670848170251,
        0.7439670848170251,
        0.7439670848170251,
        0.7439670848170251,
        0.7452918155204693,
        0.7452918155204693,
        0.7452918155204693,
        0.7452918155204693,
        0.7452918155204693,
        0.7452918155204693,
        0.7452918155204693,
        0.7452918155204693,
        0.7452918155204693,
        0.7452918155204693,
        0.7452918155204693,
        0.7452918155204693,
        0.7452918155204693,
        0.7452918155204693,
        0.7452918155204693,
        0.7452918155204693,
        0.7452918155204693,
        0.7452918155204693,
        0.7452918155204693,
        0.7452918155204693,
        0.7452918155204693,
        0.7452918155204693,
        0.7452918155204693,
        0.7452918155204693,
        0.7452918155204693,
        0.7452918155204693,
        0.7452918155204693,
        0.7452918155204693,
        0.7452918155204693,
        0.7452918155204693,
        0.7452918155204693,
        0.7452918155204693,
        0.7452918155204693,
        0.7452918155204693,
        0.7452918155204693,
        0.7452918155204693,
        0.7452918155204693,
        0.7452918155204693,
        0.7452918155204693,
        0.7452918155204693,
        0.7452918155204693,
        0.7452918155204693,
        0.7452918155204693,
        0.7452918155204693,
        0.7499172949110133,
        0.7499172949110133,
        0.7499172949110133,
        0.7499172949110133,
        0.7499172949110133,
        0.7544694045750626,
        0.7544694045750626
    ],