{
    "bestIndiv": [
        [
            28,
            49,
            19,
            29,
            41,
            6,
            1,
            20,
            22,
            48,
            31,
            35,
            17,
            16,
            2,
            30,
            21,
            0,
            15,
            46,
            26,
            51,
            13,
            12,
            10,
            50,
            32,
            37,
            39,
            44,
            18,
            40,
            7,
            9,
            8,
            42,
            3,
            24,
            25,
            27,
            11,
            14,
            5,
            4,
            36,
            33,
            34,
            38,
            23,
            47,
            45,
            43
        ],
        0.7157950818999527
    ],
    "best": [
        0.2843134709142403,
        0.2906506066412067,
        0.30622409399698597,
        0.32320677663267705,
        0.335134938048804,
        0.335134938048804,
        0.3401863825082168,
        0.3458794956294581,
        0.347961709770189,
        0.35335109954299665,
        0.35516414585430667,
        0.3605122160145917,
        0.36659661305385133,
        0.3666735093100547,
        0.37840296912960775,
        0.3869282650170804,
        0.4086780928359773,
        0.4086780928359773,
        0.4086780928359773,
        0.4086780928359773,
        0.4086780928359773,
        0.41260250409030275,
        0.432282855752773,
        0.4375091175755565,
        0.4660801116910335,
        0.46667706011446297,
        0.4756906541418074,
        0.4756906541418074,
        0.47930425833186835,
        0.48285028818717773,
        0.4938128245502996,
        0.4938128245502996,
        0.4938128245502996,
        0.4938128245502996,
        0.5133788978324293,
        0.5133788978324293,
        0.5133788978324293,
        0.5133788978324293,
        0.5133788978324293,
        0.5137806305862,
        0.5285363112705289,
        0.5568178142215747,
        0.5568178142215747,
        0.5568178142215747,
        0.5664947485736694,
        0.5694838954606206,
        0.5789262771583275,
        0.5850294218504444,
        0.5850294218504444,
        0.5935916991070076,
        0.5944866465183155,
        0.5944866465183155,
        0.5965769329238938,
        0.601663962832467,
        0.6041878977517529,
        0.6047311509780711,
        0.6047311509780711,
        0.6125529602104637,
        0.6125529602104637,
        0.6125529602104637,
        0.6125529602104637,
        0.6125529602104637,
        0.6129611619388706,
        0.6189645625351665,
        0.6220011470217819,
        0.6273315976268528,
        0.6273315976268528,
        0.6273315976268528,
        0.6286131308659416,
        0.6286131308659416,
        0.6343017272945063,
        0.6343017272945063,
        0.6343017272945063,
        0.6356119260874386,
        0.6417094842644683,
        0.6417094842644683,
        0.6417094842644683,
        0.6493113258873849,
        0.6493113258873849,
        0.6493113258873849,
        0.6543859133232915,
        0.6543859133232915,
        0.6543859133232915,
        0.6594926495940668,
        0.6594926495940668,
        0.6622929076479527,
        0.6622929076479527,
        0.6622929076479527,
        0.6660593674555234,
        0.668915789520864,
        0.668915789520864,
        0.6742476278051405,
        0.6742476278051405,
        0.6742476278051405,
        0.6742476278051405,
        0.6742476278051405,
        0.6742476278051405,
        0.6742476278051405,
        0.6742476278051405,
        0.6756203780145982,
        0.6756203780145982,
        0.6756203780145982,
        0.6756203780145982,
        0.6756203780145982,
        0.6756203780145982,
        0.6784737954240921,
        0.6784737954240921,
        0.6784737954240921,
        0.6784737954240921,
        0.6784737954240921,
        0.6784737954240921,
        0.6784737954240921,
        0.6784737954240921,
        0.6784737954240921,
        0.6801534142890385,
        0.6859437184776378,
        0.6859437184776378,
        0.6859437184776378,
        0.6859437184776378,
        0.7007263255389271,
        0.7007263255389271,
        0.7007913206070943,
        0.7007913206070943,
        0.7007913206070943,
        0.7007913206070943,
        0.7007913206070943,
        0.7007913206070943,
        0.7007913206070943,
        0.7007913206070943,
        0.7007913206070943,
        0.7092207428181582,
        0.7092207428181582,
        0.7092207428181582,
        0.7092207428181582,
        0.7092207428181582,
        0.7092207428181582,
        0.7092207428181582,
        0.7092207428181582,
        0.7092207428181582,
        0.7092207428181582,
        0.7092207428181582,
        0.7092207428181582,
        0.7092207428181582,
        0.7092207428181582,
        0.7092207428181582,
        0.7092207428181582,
        0.7092207428181582,
        0.7092207428181582,
        0.7092207428181582,
        0.7092207428181582,
        0.7092207428181582,
        0.7092207428181582,
        0.7092207428181582,
        0.7092207428181582,
        0.7092207428181582,
        0.7092207428181582,
        0.7092207428181582,
        0.7092207428181582,
        0.7092207428181582,
        0.7112270795207105,
        0.7112270795207105,
        0.7112270795207105,
        0.7112270795207105,
        0.7112270795207105,
        0.7112270795207106,
        0.7112270795207106,
        0.7112270795207106,
        0.7112270795207106,
        0.7112270795207106,
        0.7112270795207106,
        0.7112270795207106,
        0.7112270795207106,
        0.7112270795207106,
        0.7112270795207106,
        0.7112270795207106,
        0.7112270795207106,
        0.7112270795207106,
        0.7112270795207106,
        0.7112270795207106,
        0.7112270795207106,
        0.7112270795207106,
        0.7112270795207106,
        0.7112270795207106,
        0.7112270795207106,
        0.7112270795207106,
        0.7112270795207106,
        0.7124397208545122,
        0.7124397208545122,
        0.7124397208545122,
        0.7124397208545122,
        0.7124397208545122,
        0.7124397208545122,
        0.7124397208545122,
        0.7124397208545122,
        0.7124397208545122,
        0.7157950818999527,
        0.7157950818999527,
        0.7157950818999527,
        0.7157950818999527,
        0.7157950818999527,
        0.7157950818999527
    ],