{
    "bestIndiv": [
        [
            44,
            31,
            35,
            33,
            34,
            43,
            49,
            19,
            22,
            29,
            41,
            6,
            1,
            28,
            15,
            45,
            38,
            39,
            36,
            47,
            24,
            27,
            26,
            25,
            51,
            12,
            13,
            46,
            23,
            37,
            4,
            14,
            5,
            3,
            11,
            10,
            50,
            32,
            42,
            9,
            8,
            7,
            40,
            18,
            2,
            16,
            20,
            17,
            30,
            21,
            0,
            48
        ],
        0.7901659453770907
    ],
    "best": [
        0.2953321428489969,
        0.2965231171893405,
        0.32770151372612555,
        0.3283365713222304,
        0.3329582867028909,
        0.3551066416147929,
        0.3599946369294923,
        0.3616244579325495,
        0.36916823607570154,
        0.37860261820265295,
        0.3832202744165682,
        0.39632524122124063,
        0.39836816527719576,
        0.39836816527719576,
        0.41796442684963125,
        0.41796442684963125,
        0.41796442684963125,
        0.4209985216425709,
        0.43507055324487537,
        0.4446529234073239,
        0.4459065878431583,
        0.45517435673769624,
        0.455428707838657,
        0.455428707838657,
        0.455428707838657,
        0.46085235381254963,
        0.46085235381254963,
        0.46085235381254963,
        0.46624640337526835,
        0.47173723983768934,
        0.47315790118793655,
        0.47896182932114395,
        0.47896182932114395,
        0.47896182932114395,
        0.47896182932114395,
        0.486895707629313,
        0.486895707629313,
        0.486895707629313,
        0.486895707629313,
        0.48689570762931306,
        0.48689570762931306,
        0.4894411974618657,
        0.48944119746186576,
        0.49783246604636566,
        0.49783246604636566,
        0.49783246604636566,
        0.49783246604636566,
        0.5077467249498411,
        0.5077467249498411,
        0.5183030952981558,
        0.5320769857896015,
        0.5339671482480899,
        0.5340160255625164,
        0.5422008928272202,
        0.5427622937096338,
        0.5646989558417573,
        0.5646989558417573,
        0.5738651932143127,
        0.5738651932143127,
        0.5738651932143127,
        0.5738651932143127,
        0.583371308504498,
        0.583371308504498,
        0.583371308504498,
        0.583371308504498,
        0.593159003410428,
        0.593159003410428,
        0.600493453241721,
        0.6050901539825447,
        0.6050901539825447,
        0.6163172071426761,
        0.6163172071426761,
        0.6163172071426761,
        0.6163172071426761,
        0.6163172071426761,
        0.6167934476710815,
        0.6167934476710815,
        0.6203753851779569,
        0.6203753851779569,
        0.6235698172299221,
        0.6305892345533084,
        0.6336488651992408,
        0.6336488651992408,
        0.6336488651992408,
        0.6378926754184977,
        0.6489508734520131,
        0.6489508734520131,
        0.6583440270063577,
        0.6583440270063577,
        0.6583440270063577,
        0.665624446018143,
        0.665624446018143,
        0.665624446018143,
        0.6698005338126259,
        0.6698005338126259,
        0.6744153741507639,
        0.6744153741507639,
        0.6810633492787167,
        0.683289099656565,
        0.683289099656565,
        0.6839690464168355,
        0.6881490539027052,
        0.6881490539027052,
        0.6891091460777107,
        0.6891091460777107,
        0.6891091460777107,
        0.6891091460777107,
        0.6896722677749013,
        0.6896722677749013,
        0.6982735812013148,
        0.707119097058486,
        0.707119097058486,
        0.707119097058486,
        0.7099413122620416,
        0.7099413122620416,
        0.7099413122620416,
        0.7099413122620416,
        0.7099413122620416,
        0.7099413122620416,
        0.7099413122620416,
        0.7230282744656072,
        0.7230282744656072,
        0.7230282744656072,
        0.7304522780283864,
        0.7304522780283864,
        0.7304522780283864,
        0.7443137388387205,
        0.7443137388387205,
        0.7457634273597131,
        0.7457634273597131,
        0.7457634273597131,
        0.7457634273597131,
        0.7457634273597131,
        0.7457634273597131,
        0.7511003142057818,
        0.7511003142057818,
        0.7511003142057818,
        0.7511003142057818,
        0.7511003142057818,
        0.7511003142057818,
        0.7511003142057818,
        0.7511003142057818,
        0.7511003142057818,
        0.7511003142057818,
        0.7511003142057822,
        0.7511003142057822,
        0.7560403400412592,
        0.757899524573852,
        0.757899524573852,
        0.757899524573852,
        0.757899524573852,
        0.757899524573852,
        0.757899524573852,
        0.763660521395362,
        0.763660521395362,
        0.7658605857007348,
        0.7658605857007348,
        0.7677684429273045,
        0.7677684429273045,
        0.7677684429273045,
        0.7677684429273045,
        0.7748498731364389,
        0.7748498731364389,
        0.7748498731364389,
        0.7748498731364389,
        0.7748498731364389,
        0.7748498731364389,
        0.7748498731364389,
        0.7748498731364389,
        0.7859055135705141,
        0.7859055135705141,
        0.7859055135705141,
        0.7859055135705141,
        0.7859055135705141,
        0.7859055135705141,
        0.7859055135705141,
        0.7859055135705141,
        0.7859055135705141,
        0.7859055135705141,
        0.7859055135705141,
        0.7859055135705141,
        0.7859055135705141,
        0.7859055135705141,
        0.7859055135705141,
        0.7859055135705141,
        0.7859055135705141,
        0.7859055135705141,
        0.7859055135705141,
        0.7859055135705141,
        0.7859055135705141,
        0.7862315102719935,
        0.7862315102719935,
        0.7882724719165164,
        0.7882724719165164,
        0.7882724719165164,
        0.7882724719165164,
        0.7882724719165164,
        0.7901659453770907,
        0.7901659453770907,
        0.7901659453770907,
        0.7901659453770907
    ],