{
    "bestIndiv": [
        [
            39,
            34,
            38,
            33,
            43,
            46,
            12,
            13,
            51,
            10,
            50,
            11,
            27,
            26,
            25,
            28,
            19,
            22,
            29,
            41,
            1,
            6,
            16,
            20,
            17,
            21,
            0,
            35,
            37,
            14,
            5,
            24,
            3,
            32,
            42,
            7,
            8,
            9,
            31,
            48,
            44,
            40,
            18,
            2,
            30,
            49,
            15,
            45,
            36,
            23,
            4,
            47
        ],
        0.7522324532198481
    ],
    "best": [
        0.29677378681497585,
        0.29677378681497585,
        0.30686086843508315,
        0.3169222708568556,
        0.3436610260552604,
        0.3436610260552604,
        0.3436610260552604,
        0.35583262482562694,
        0.36367624307791857,
        0.39199185419602595,
        0.39199185419602595,
        0.40569043527671994,
        0.40569043527671994,
        0.40569043527671994,
        0.41245752385345097,
        0.41797252474568053,
        0.4302113031644515,
        0.4302113031644515,
        0.44340382937908973,
        0.446231531909066,
        0.4733315145408985,
        0.4733315145408985,
        0.4733315145408985,
        0.4733315145408985,
        0.481892615471238,
        0.49118332357746297,
        0.49118332357746297,
        0.4966043929532153,
        0.51032392390257,
        0.51032392390257,
        0.5154558244339953,
        0.5240367748100339,
        0.5572401007698535,
        0.5572401007698535,
        0.5572401007698535,
        0.5572401007698535,
        0.5572401007698535,
        0.5662780605052855,
        0.5662780605052855,
        0.5662780605052855,
        0.5662780605052855,
        0.571307102832212,
        0.5714486691135111,
        0.5832591475228787,
        0.5832591475228787,
        0.5873344940625584,
        0.5873344940625584,
        0.5873344940625584,
        0.5938894007103394,
        0.5965144487046853,
        0.5965144487046853,
        0.6103221244284084,
        0.6227219201973216,
        0.6227219201973216,
        0.6227219201973216,
        0.6227219201973216,
        0.6311638831644776,
        0.6311638831644776,
        0.6311638831644776,
        0.6406172392432549,
        0.6406172392432549,
        0.6406172392432549,
        0.6406172392432549,
        0.6406172392432549,
        0.6438877210173513,
        0.6481128335093271,
        0.648911562676763,
        0.648911562676763,
        0.6609780587038558,
        0.6609780587038558,
        0.6609780587038558,
        0.6649383718070687,
        0.6691738936891021,
        0.6763537540683676,
        0.6926201272299625,
        0.6926201272299625,
        0.6926201272299625,
        0.6926201272299625,
        0.6939157495377236,
        0.6939157495377236,
        0.6939157495377236,
        0.6960140929084223,
        0.6960140929084223,
        0.6962062187158607,
        0.6969028308059625,
        0.6969028308059625,
        0.6989998899778403,
        0.7114415723464546,
        0.7114415723464546,
        0.7114415723464546,
        0.7115329821587475,
        0.7125438436916037,
        0.7174904791323273,
        0.7174904791323273,
        0.7221447417698416,
        0.7250674046714821,
        0.7250674046714821,
        0.7251311982383939,
        0.7375033288248464,
        0.7375033288248464,
        0.7375033288248464,
        0.7375033288248464,
        0.7375033288248464,
        0.7375033288248464,
        0.7447406118272419,
        0.7447406118272419,
        0.7447406118272419,
        0.7447406118272419,
        0.744740611827242,
        0.744740611827242,
        0.744740611827242,
        0.744740611827242,
        0.744740611827242,
        0.744740611827242,
        0.744740611827242,
        0.744740611827242,
        0.744740611827242,
        0.744740611827242,
        0.744740611827242,
        0.744740611827242,
        0.744740611827242,
        0.744740611827242,
        0.744740611827242,
        0.744740611827242,
        0.744740611827242,
        0.744740611827242,
        0.744740611827242,
        0.744740611827242,
        0.744740611827242,
        0.744740611827242,
        0.744740611827242,
        0.744740611827242,
        0.744740611827242,
        0.744740611827242,
        0.744740611827242,
        0.744740611827242,
        0.744740611827242,
        0.744740611827242,
        0.744740611827242,
        0.744740611827242,
        0.744740611827242,
        0.744740611827242,
        0.744740611827242,
        0.744740611827242,
        0.744740611827242,
        0.744740611827242,
        0.744740611827242,
        0.744740611827242,
        0.744740611827242,
        0.744740611827242,
        0.744740611827242,
        0.744740611827242,
        0.744740611827242,
        0.744740611827242,
        0.744740611827242,
        0.744740611827242,
        0.744740611827242,
        0.744740611827242,
        0.744740611827242,
        0.744740611827242,
        0.744740611827242,
        0.744740611827242,
        0.744740611827242,
        0.744740611827242,
        0.7509527597296198,
        0.7509527597296198,
        0.7509527597296198,
        0.7509527597296198,
        0.7509527597296198,
        0.7509527597296198,
        0.7509527597296198,
        0.7509527597296198,
        0.7509527597296198,
        0.7509527597296198,
        0.7509527597296198,
        0.7509527597296198,
        0.7509527597296198,
        0.7509527597296198,
        0.7509527597296198,
        0.7509527597296198,
        0.7509527597296198,
        0.7509527597296198,
        0.7509527597296198,
        0.7509527597296198,
        0.7509527597296198,
        0.7509527597296198,
        0.7509527597296198,
        0.7509527597296198,
        0.7509527597296198,
        0.7509527597296198,
        0.7509527597296198,
        0.7509527597296198,
        0.7509527597296198,
        0.7509527597296198,
        0.7522324532198481,
        0.7522324532198481,
        0.7522324532198481,
        0.7522324532198481,
        0.7522324532198481,
        0.7522324532198481,
        0.7522324532198481
    ],