{
    "bestIndiv": [
        [
            34,
            33,
            43,
            49,
            28,
            15,
            5,
            3,
            42,
            32,
            9,
            8,
            7,
            40,
            18,
            37,
            14,
            4,
            23,
            45,
            46,
            25,
            11,
            50,
            10,
            51,
            13,
            12,
            27,
            26,
            24,
            47,
            35,
            38,
            39,
            36,
            0,
            21,
            20,
            1,
            6,
            41,
            29,
            22,
            19,
            17,
            30,
            16,
            2,
            44,
            31,
            48
        ],
        0.7578914272115245
    ],
    "best": [
        0.293365696484161,
        0.3060046640396905,
        0.3060046640396905,
        0.32139703532298325,
        0.32251123512597285,
        0.32896612769789324,
        0.3366850447381105,
        0.3588028204721535,
        0.36323563429745315,
        0.3751728490859841,
        0.3893796578824693,
        0.3893796578824693,
        0.4113097248609055,
        0.4113097248609055,
        0.4113097248609055,
        0.4113097248609055,
        0.4174697125314071,
        0.42137406355562756,
        0.42516803005139214,
        0.42745494124794464,
        0.4494359601924473,
        0.451547964499198,
        0.4524136785790438,
        0.4524136785790438,
        0.4524136785790438,
        0.4703415872041014,
        0.4703415872041014,
        0.49163969349800835,
        0.49163969349800835,
        0.49163969349800835,
        0.49376361988274625,
        0.49868471123488717,
        0.5090128499944924,
        0.5167969958417454,
        0.5468036240952138,
        0.5468036240952138,
        0.5468036240952138,
        0.5483382720477454,
        0.5483382720477454,
        0.5612214294428008,
        0.562271930329028,
        0.562271930329028,
        0.5703044870720214,
        0.5703044870720214,
        0.5771488061187874,
        0.5827166629099644,
        0.597226251360836,
        0.5972262513608361,
        0.6084535041266149,
        0.6084535041266149,
        0.6084535041266149,
        0.613173859386065,
        0.613173859386065,
        0.6251613004733848,
        0.6251613004733848,
        0.631847545074502,
        0.631847545074502,
        0.631847545074502,
        0.631847545074502,
        0.6318475450745021,
        0.6318475450745021,
        0.641377416827169,
        0.641377416827169,
        0.641377416827169,
        0.641377416827169,
        0.641377416827169,
        0.6413774168271691,
        0.6413774168271691,
        0.644376180003069,
        0.644376180003069,
        0.644376180003069,
        0.644376180003069,
        0.644376180003069,
        0.6445776782975929,
        0.654087145503351,
        0.654087145503351,
        0.6644575328623531,
        0.6669082808390843,
        0.6669139392878503,
        0.6688001113432777,
        0.6765808239610008,
        0.6765808239610008,
        0.6804224419513989,
        0.6804224419513989,
        0.6804224419513989,
        0.6804224419513989,
        0.6804224419513989,
        0.6839459837216109,
        0.6840290303517337,
        0.6840290303517337,
        0.6862237221995618,
        0.6862237221995618,
        0.6863073229232723,
        0.6863073229232723,
        0.6863073229232723,
        0.6863073229232723,
        0.6866479890169467,
        0.6866479890169467,
        0.6866479890169467,
        0.6866479890169467,
        0.6866479890169467,
        0.6866479890169467,
        0.6866479890169467,
        0.6866479890169467,
        0.6866479890169467,
        0.6866479890169467,
        0.6866479890169467,
        0.6866479890169467,
        0.6866479890169467,
        0.6866479890169467,
        0.6866479890169467,
        0.6866479890169467,
        0.6866479890169467,
        0.6866479890169467,
        0.6982860313149356,
        0.6982860313149356,
        0.6982860313149356,
        0.6982860313149356,
        0.700052138637413,
        0.700052138637413,
        0.700052138637413,
        0.700052138637413,
        0.700052138637413,
        0.700052138637413,
        0.700052138637413,
        0.700052138637413,
        0.700052138637413,
        0.700052138637413,
        0.7006163966063073,
        0.7063757105757711,
        0.7063757105757711,
        0.7063757105757711,
        0.7063757105757711,
        0.7063757105757711,
        0.7152908406995375,
        0.7152908406995375,
        0.7152908406995375,
        0.7152908406995375,
        0.7152908406995375,
        0.7211375455398448,
        0.7273612970017699,
        0.7273612970017699,
        0.7273612970017699,
        0.7273612970017699,
        0.7273612970017699,
        0.7320338861104315,
        0.7320338861104315,
        0.7320338861104315,
        0.7320338861104315,
        0.7320338861104315,
        0.7320338861104315,
        0.7320338861104315,
        0.7320338861104315,
        0.7320338861104315,
        0.7320338861104315,
        0.7320338861104315,
        0.7320338861104315,
        0.7320338861104315,
        0.7320338861104315,
        0.7320338861104315,
        0.7320338861104315,
        0.7320338861104315,
        0.7320338861104315,
        0.7320338861104315,
        0.7320338861104315,
        0.7320338861104315,
        0.7320338861104315,
        0.7320338861104315,
        0.7320338861104315,
        0.7320338861104315,
        0.7379286756885143,
        0.7379286756885143,
        0.7379286756885143,
        0.7379286756885143,
        0.7379286756885143,
        0.7379286756885143,
        0.7395158230653729,
        0.7395158230653729,
        0.7395158230653729,
        0.7395158230653729,
        0.7395158230653729,
        0.7395158230653729,
        0.7395158230653729,
        0.7395158230653729,
        0.7395158230653731,
        0.7395158230653731,
        0.7395158230653731,
        0.7395158230653731,
        0.7435392166248004,
        0.7435392166248004,
        0.7435392166248004,
        0.7435392166248004,
        0.7442560989177649,
        0.7442560989177649,
        0.7442560989177649,
        0.7442560989177649,
        0.7442560989177649,
        0.7553749075396302,
        0.7553749075396302,
        0.7578914272115245,
        0.7578914272115245
    ],