{
    "bestIndiv": [
        [
            16,
            2,
            44,
            18,
            40,
            7,
            8,
            9,
            35,
            38,
            39,
            36,
            37,
            4,
            14,
            5,
            47,
            23,
            24,
            51,
            10,
            25,
            46,
            13,
            12,
            26,
            27,
            11,
            50,
            32,
            42,
            3,
            45,
            43,
            33,
            48,
            0,
            49,
            19,
            28,
            15,
            22,
            29,
            6,
            1,
            41,
            20,
            30,
            31,
            34,
            21,
            17
        ],
        0.769302786878813
    ],
    "best": [
        0.29415596602819777,
        0.3016369884755416,
        0.3016369884755416,
        0.3214125813307891,
        0.33059386067261964,
        0.3687908933654932,
        0.3687908933654932,
        0.3819959839057675,
        0.39220450916940786,
        0.39220450916940786,
        0.39220450916940786,
        0.3987483973322368,
        0.3987483973322368,
        0.41132402465128265,
        0.41132402465128265,
        0.4143444957941796,
        0.4246042201324212,
        0.43224465219024266,
        0.43224465219024266,
        0.4360164549514001,
        0.44165990386973686,
        0.44681368341484,
        0.4616548769769222,
        0.4932559525610766,
        0.4933818489876503,
        0.4933818489876503,
        0.4949846802130703,
        0.4949846802130703,
        0.5028633635998522,
        0.5029942127434103,
        0.5029942127434103,
        0.5124589537453088,
        0.514917371093815,
        0.5230179397755707,
        0.5333049875909593,
        0.5333049875909593,
        0.5333049875909593,
        0.5558452032644539,
        0.5558452032644539,
        0.5558452032644539,
        0.5558452032644539,
        0.5570353571042205,
        0.5620558292678983,
        0.5620558292678983,
        0.5621046814096884,
        0.5621046814096884,
        0.5655710693849083,
        0.5704481801774782,
        0.5754012042837277,
        0.5812899608494133,
        0.5906092046524805,
        0.5920577892656488,
        0.5968197481547729,
        0.5970748346198897,
        0.5979634994726263,
        0.6059602961267713,
        0.6079486605448862,
        0.6079486605448862,
        0.6079486605448862,
        0.6079486605448862,
        0.6079486605448862,
        0.6079486605448862,
        0.6079486605448862,
        0.6170817832896429,
        0.6170817832896429,
        0.6170817832896429,
        0.6245813655578583,
        0.6245813655578583,
        0.6245813655578583,
        0.6403260800933085,
        0.6403260800933085,
        0.6403260800933085,
        0.6403260800933085,
        0.6403260800933085,
        0.6403260800933085,
        0.6429781442797124,
        0.6495231214488798,
        0.6495231214488798,
        0.6495231214488798,
        0.6548681795689038,
        0.6548681795689038,
        0.6554822529792843,
        0.6579483547919381,
        0.6579483547919381,
        0.6579483547919381,
        0.6579483547919381,
        0.661235337496354,
        0.6619029367792254,
        0.6624203381829227,
        0.6630738718349019,
        0.6630738718349019,
        0.6637451906214574,
        0.671104343338235,
        0.6721417206432271,
        0.695175991005152,
        0.709386706753512,
        0.709386706753512,
        0.7093867067535121,
        0.7119085944982045,
        0.7260140812928007,
        0.7260140812928007,
        0.7260140812928007,
        0.7262152551103592,
        0.7303725041017533,
        0.7303725041017533,
        0.7303725041017533,
        0.7303725041017533,
        0.7303725041017533,
        0.7303725041017533,
        0.7303725041017533,
        0.7303725041017533,
        0.7574780788615325,
        0.7574780788615325,
        0.7574780788615326,
        0.7574780788615326,
        0.7574780788615326,
        0.7574780788615326,
        0.76641477541239,
        0.76641477541239,
        0.76641477541239,
        0.76641477541239,
        0.76641477541239,
        0.76641477541239,
        0.76641477541239,
        0.76641477541239,
        0.76641477541239,
        0.76641477541239,
        0.76641477541239,
        0.76641477541239,
        0.76641477541239,
        0.76641477541239,
        0.76641477541239,
        0.76641477541239,
        0.76641477541239,
        0.76641477541239,
        0.76641477541239,
        0.76641477541239,
        0.76641477541239,
        0.76641477541239,
        0.76641477541239,
        0.76641477541239,
        0.76641477541239,
        0.76641477541239,
        0.76641477541239,
        0.76641477541239,
        0.76641477541239,
        0.7670429178525473,
        0.7680555322618137,
        0.7680555322618137,
        0.768686368168735,
        0.769302786878813,
        0.769302786878813,
        0.769302786878813,
        0.769302786878813,
        0.769302786878813,
        0.769302786878813,
        0.769302786878813,
        0.769302786878813,
        0.769302786878813,
        0.769302786878813,
        0.769302786878813,
        0.769302786878813,
        0.769302786878813,
        0.769302786878813,
        0.769302786878813,
        0.769302786878813,
        0.769302786878813,
        0.769302786878813,
        0.769302786878813,
        0.769302786878813,
        0.769302786878813,
        0.769302786878813,
        0.769302786878813,
        0.769302786878813,
        0.769302786878813,
        0.769302786878813,
        0.769302786878813,
        0.769302786878813,
        0.769302786878813,
        0.769302786878813,
        0.769302786878813,
        0.769302786878813,
        0.769302786878813,
        0.769302786878813,
        0.769302786878813,
        0.769302786878813,
        0.769302786878813,
        0.769302786878813,
        0.769302786878813,
        0.769302786878813,
        0.769302786878813,
        0.769302786878813,
        0.769302786878813,
        0.769302786878813,
        0.769302786878813,
        0.769302786878813,
        0.769302786878813,
        0.769302786878813,
        0.769302786878813,
        0.769302786878813,
        0.769302786878813
    ],