{
    "bestIndiv": [
        [
            21,
            18,
            7,
            40,
            44,
            31,
            17,
            2,
            30,
            20,
            16,
            41,
            6,
            1,
            29,
            15,
            45,
            24,
            27,
            11,
            50,
            10,
            26,
            25,
            13,
            51,
            12,
            46,
            3,
            5,
            14,
            38,
            48,
            34,
            35,
            39,
            36,
            37,
            47,
            23,
            4,
            42,
            32,
            9,
            8,
            33,
            43,
            49,
            28,
            19,
            22,
            0
        ],
        0.7307693371585021
    ],
    "best": [
        0.2866095923875466,
        0.2908715993391262,
        0.30133210060177895,
        0.30318526652576416,
        0.31691775102525954,
        0.32840469211710427,
        0.33583133188926545,
        0.3441581097895148,
        0.3659119250453423,
        0.3659119250453423,
        0.38735333671635036,
        0.38735333671635036,
        0.38735333671635036,
        0.39172492050163804,
        0.4004031532667697,
        0.4049856684810986,
        0.4049856684810986,
        0.4107488813717197,
        0.41500915805151684,
        0.42964635646355814,
        0.42964635646355814,
        0.42964635646355814,
        0.4319994792082083,
        0.4547690834246075,
        0.457906246739605,
        0.457906246739605,
        0.46872979201990506,
        0.46876817718238906,
        0.4721186014457046,
        0.47964056049944476,
        0.47964056049944476,
        0.4806556487281901,
        0.4976420357951735,
        0.4976420357951735,
        0.4976420357951735,
        0.5072855511254925,
        0.5101938567710013,
        0.5124709126151172,
        0.5213112088977513,
        0.5235810295313817,
        0.5295392669069267,
        0.5393572646277955,
        0.5393572646277955,
        0.5393572646277955,
        0.5410477898731331,
        0.5419496392144516,
        0.5419496392144516,
        0.5617045251681276,
        0.5628098708139788,
        0.5628098708139789,
        0.5702853394187744,
        0.5702857917307336,
        0.5702857917307336,
        0.5715421703929858,
        0.5735197708734722,
        0.5748380033504389,
        0.5756268230288432,
        0.5875817222193119,
        0.5925591792735909,
        0.5925591792735909,
        0.5929797526073832,
        0.6090167751945775,
        0.6090167751945775,
        0.6090167751945775,
        0.6120285262175571,
        0.6120285262175572,
        0.6120285262175572,
        0.619096002645194,
        0.6347743745447842,
        0.6347743745447842,
        0.6347743745447844,
        0.6402709260051589,
        0.6416023569830636,
        0.6600095931242924,
        0.6642629234354233,
        0.6642629234354233,
        0.6735100988911652,
        0.6760125026118138,
        0.6883876358283089,
        0.6883876358283089,
        0.6883876358283089,
        0.6883876358283089,
        0.688387635828309,
        0.6893252489760898,
        0.6893252489760899,
        0.6950465461524018,
        0.6950465461524019,
        0.6950465461524019,
        0.6950465461524019,
        0.696002399063425,
        0.6960902426221699,
        0.6960902426221699,
        0.6960902426221699,
        0.697933338538111,
        0.697933338538111,
        0.6989631730036686,
        0.701347139270777,
        0.701347139270777,
        0.701347139270777,
        0.7017674673597866,
        0.7017674673597866,
        0.7023092640432322,
        0.7038860074500392,
        0.7038860074500392,
        0.7038860074500392,
        0.7038860074500392,
        0.7038860074500392,
        0.7038860074500392,
        0.7038860074500392,
        0.7038860074500392,
        0.7038860074500392,
        0.7038860074500392,
        0.7038860074500392,
        0.7038860074500392,
        0.7038860074500392,
        0.7038860074500392,
        0.7038860074500392,
        0.7038860074500392,
        0.7038860074500392,
        0.7038860074500392,
        0.7038860074500392,
        0.7038860074500392,
        0.7038860074500392,
        0.7038860074500392,
        0.7038860074500392,
        0.7054551498907785,
        0.7054551498907785,
        0.7054551498907786,
        0.7054551498907786,
        0.7054551498907786,
        0.7065792013056987,
        0.7065792013056988,
        0.7065792013056988,
        0.7093801446038365,
        0.7093801446038365,
        0.7093801446038365,
        0.7097287097460994,
        0.7097287097460994,
        0.7097287097460994,
        0.7097287097460994,
        0.7097287097460994,
        0.7097287097460994,
        0.7097287097460994,
        0.7097287097460994,
        0.7097287097460994,
        0.7097287097460994,
        0.7097287097460994,
        0.7111083063585687,
        0.7111083063585687,
        0.7111083063585687,
        0.7111083063585687,
        0.7164586509314519,
        0.7164586509314519,
        0.7197239605582005,
        0.7197239605582005,
        0.7197239605582005,
        0.7197239605582005,
        0.7197239605582005,
        0.7197239605582005,
        0.7197239605582005,
        0.7197239605582005,
        0.7197239605582005,
        0.7197239605582005,
        0.7197239605582005,
        0.7197239605582005,
        0.7197239605582005,
        0.7226844749287692,
        0.7226844749287692,
        0.723004919203438,
        0.723004919203438,
        0.723004919203438,
        0.723004919203438,
        0.723004919203438,
        0.723004919203438,
        0.723004919203438,
        0.723004919203438,
        0.723004919203438,
        0.723004919203438,
        0.723004919203438,
        0.723004919203438,
        0.723004919203438,
        0.723004919203438,
        0.723004919203438,
        0.723004919203438,
        0.723004919203438,
        0.7307693371585021,
        0.7307693371585021,
        0.7307693371585021,
        0.7307693371585021,
        0.7307693371585021,
        0.7307693371585021,
        0.7307693371585021,
        0.7307693371585021,
        0.7307693371585021,
        0.7307693371585021,
        0.7307693371585021,
        0.7307693371585021,
        0.7307693371585021,
        0.7307693371585021,
        0.7307693371585021,
        0.7307693371585021
    ],