{
    "bestIndiv": [
        [
            27,
            26,
            25,
            46,
            49,
            19,
            21,
            2,
            16,
            41,
            6,
            1,
            20,
            30,
            17,
            40,
            8,
            9,
            42,
            32,
            50,
            10,
            12,
            13,
            51,
            11,
            24,
            36,
            38,
            35,
            48,
            31,
            0,
            22,
            29,
            28,
            15,
            43,
            33,
            34,
            45,
            37,
            39,
            44,
            18,
            7,
            14,
            5,
            4,
            47,
            23,
            3
        ],
        0.7243804303289844
    ],
    "best": [
        0.2876155854478391,
        0.303016834736376,
        0.303016834736376,
        0.30930738426717,
        0.32680526047381925,
        0.32680526047381925,
        0.35214615132485205,
        0.35214615132485205,
        0.3626714526121805,
        0.3626714526121805,
        0.3716165469096984,
        0.38415915872213063,
        0.38415915872213063,
        0.3912195039330997,
        0.3951709953492896,
        0.41529536653355537,
        0.41529536653355537,
        0.4200471633886093,
        0.43827146568388614,
        0.43827146568388614,
        0.43827146568388614,
        0.4546953497625874,
        0.4546953497625874,
        0.47227644968077137,
        0.47227644968077137,
        0.47227644968077137,
        0.47227644968077137,
        0.47227644968077137,
        0.48931345629012757,
        0.48931345629012757,
        0.48931345629012757,
        0.48931345629012757,
        0.48931345629012757,
        0.48931345629012757,
        0.48931345629012757,
        0.48931345629012757,
        0.4948012847933387,
        0.4948012847933387,
        0.4948012847933387,
        0.49871632787662584,
        0.49871632787662584,
        0.5090067606493213,
        0.5093857970928048,
        0.5093857970928048,
        0.5105579787176462,
        0.5105579787176462,
        0.5105579787176462,
        0.5117053375350185,
        0.5166794509582479,
        0.5232077693392809,
        0.5232077693392809,
        0.5232077693392809,
        0.5244445045719764,
        0.5266261793108687,
        0.5266261793108687,
        0.5266261793108687,
        0.5266261793108687,
        0.533059982921565,
        0.533059982921565,
        0.5353735502069566,
        0.5372957759441568,
        0.5386000920576248,
        0.5424848836529123,
        0.5430329880390874,
        0.545498088049889,
        0.545498088049889,
        0.545498088049889,
        0.5466820221497706,
        0.5466820221497706,
        0.5466820221497706,
        0.5478244399625936,
        0.5487885049007668,
        0.5487885049007668,
        0.5487885049007668,
        0.5544268066583249,
        0.5544268066583249,
        0.55799140418276,
        0.5591816294742779,
        0.5593033228417925,
        0.5627125276783616,
        0.5627125276783616,
        0.5627125276783616,
        0.5635923602703932,
        0.5664975956568273,
        0.5697148122566589,
        0.5697148122566589,
        0.5710864268484298,
        0.5710864268484298,
        0.5733830374565807,
        0.5733830374565807,
        0.5746419286326632,
        0.5746419286326632,
        0.5769203478215241,
        0.5769203478215242,
        0.5769203478215242,
        0.5785063483357259,
        0.5785063483357259,
        0.5785063483357259,
        0.5791846436353036,
        0.5791846436353036,
        0.5791846436353036,
        0.5791846436353036,
        0.5791846436353036,
        0.5791846436353036,
        0.5791846436353036,
        0.5791846436353036,
        0.5832671308354491,
        0.5832671308354492,
        0.5907519471790312,
        0.5907519471790312,
        0.5907519471790312,
        0.5909868780001126,
        0.6017919114088098,
        0.6017919114088098,
        0.6059910501878617,
        0.6059910501878617,
        0.6059910501878617,
        0.6073265623944389,
        0.6073265623944389,
        0.6073265623944389,
        0.6073265623944389,
        0.6081057821072869,
        0.6081057821072869,
        0.6081057821072869,
        0.6081057821072869,
        0.6105980019296636,
        0.6105980019296636,
        0.6105980019296637,
        0.6105980019296637,
        0.611385644422131,
        0.6118763083006777,
        0.6139313238909666,
        0.6139313238909666,
        0.6139313238909666,
        0.6139313238909666,
        0.6139313238909666,
        0.6139313238909666,
        0.6139313238909666,
        0.6139313238909666,
        0.6139313238909666,
        0.6139313238909666,
        0.6139313238909666,
        0.6139313238909666,
        0.6139313238909666,
        0.6197897347946268,
        0.6197897347946268,
        0.6197897347946268,
        0.6197897347946268,
        0.6197897347946268,
        0.6197897347946268,
        0.6197897347946268,
        0.630949357196292,
        0.630949357196292,
        0.630949357196292,
        0.630949357196292,
        0.630949357196292,
        0.630949357196292,
        0.630949357196292,
        0.630949357196292,
        0.630949357196292,
        0.630949357196292,
        0.630949357196292,
        0.630949357196292,
        0.630949357196292,
        0.6309493571962921,
        0.6309493571962921,
        0.6393697152609626,
        0.6393697152609626,
        0.6483252060493508,
        0.6483252060493508,
        0.6483252060493508,
        0.6644485494590715,
        0.6644485494590715,
        0.6644485494590715,
        0.6644485494590715,
        0.6644485494590715,
        0.6644485494590715,
        0.6644485494590715,
        0.6644485494590715,
        0.6644485494590715,
        0.6644485494590715,
        0.6803916234383626,
        0.6803916234383626,
        0.700039354650875,
        0.700039354650875,
        0.700039354650875,
        0.700039354650875,
        0.7067482459275225,
        0.7067482459275225,
        0.7067482459275225,
        0.7067482459275225,
        0.7067482459275225,
        0.7126164522513712,
        0.7126164522513712,
        0.7136722037107324,
        0.7136722037107324,
        0.7136722037107324,
        0.7243804303289844,
        0.7243804303289844,
        0.7243804303289844,
        0.7243804303289844
    ],