{
    "bestIndiv": [
        [
            30,
            16,
            2,
            44,
            18,
            40,
            7,
            8,
            9,
            31,
            48,
            21,
            0,
            33,
            34,
            39,
            4,
            5,
            3,
            11,
            26,
            25,
            27,
            50,
            10,
            51,
            13,
            12,
            46,
            24,
            32,
            42,
            14,
            45,
            15,
            49,
            28,
            29,
            19,
            1,
            6,
            41,
            20,
            22,
            43,
            38,
            36,
            47,
            23,
            37,
            35,
            17
        ],
        0.7449856455652409
    ],
    "best": [
        0.29317376744304846,
        0.29742701167362656,
        0.30674405762396256,
        0.314811531468248,
        0.32143834436096413,
        0.34061507972170246,
        0.3603418025290607,
        0.366552209021484,
        0.366552209021484,
        0.3740754074450663,
        0.3850689920764845,
        0.4011147788469018,
        0.4058345895422397,
        0.4222729633542326,
        0.4222729633542326,
        0.42468015767233386,
        0.4261040388156751,
        0.44429317029199134,
        0.44429317029199134,
        0.45260401251879795,
        0.45260401251879795,
        0.45615079384544166,
        0.4582135726178486,
        0.46479850617569546,
        0.472951327121399,
        0.47324950521395553,
        0.48144237252333444,
        0.48144237252333444,
        0.48925097448493454,
        0.5089259409968417,
        0.5089259409968417,
        0.5089259409968417,
        0.5089259409968417,
        0.5089259409968419,
        0.5152659224232904,
        0.5160971947016092,
        0.5189305063107811,
        0.5195137597956576,
        0.5219522236003,
        0.5278614031004686,
        0.5292483038466013,
        0.5292483038466013,
        0.5388656062420945,
        0.5461239297008676,
        0.5461239297008676,
        0.5517101789904668,
        0.5517101789904668,
        0.5673669676994716,
        0.5673669676994716,
        0.5788298687672739,
        0.5874863509527987,
        0.5874863509527987,
        0.5874863509527987,
        0.5940664302987699,
        0.5940664302987699,
        0.5978446858863635,
        0.5984435995034093,
        0.5984435995034093,
        0.6002080427054236,
        0.602135628575437,
        0.6164901459336404,
        0.6164901459336404,
        0.6164901459336404,
        0.6164901459336404,
        0.6308615807679495,
        0.6308615807679495,
        0.6308615807679495,
        0.6308615807679495,
        0.6309732297956508,
        0.6396455965660759,
        0.6396455965660759,
        0.6399426066245969,
        0.6424303097531316,
        0.6424303097531316,
        0.6518499312737098,
        0.6590072750302127,
        0.6616162181839991,
        0.666430782162579,
        0.666430782162579,
        0.666430782162579,
        0.666430782162579,
        0.6690989531901086,
        0.6713467395010527,
        0.6713467395010527,
        0.6752275980537799,
        0.6752275980537799,
        0.6765237067352193,
        0.6765237067352193,
        0.6779668178895882,
        0.6786206192598467,
        0.6799401495362433,
        0.6918768011341487,
        0.6918768011341487,
        0.6918768011341487,
        0.6926169798705195,
        0.6926169798705195,
        0.6926169798705195,
        0.6926169798705195,
        0.6926169798705195,
        0.6926169798705195,
        0.6926169798705195,
        0.6926169798705195,
        0.6926169798705195,
        0.6926169798705195,
        0.6926169798705195,
        0.6926169798705195,
        0.6926169798705195,
        0.6939421268433046,
        0.6939421268433046,
        0.6939421268433046,
        0.6939421268433046,
        0.6939421268433046,
        0.6939421268433046,
        0.6939421268433046,
        0.6939421268433046,
        0.6939421268433046,
        0.6959977746378495,
        0.6959977746378495,
        0.6959977746378495,
        0.6959977746378495,
        0.6959977746378495,
        0.6959977746378495,
        0.6959977746378495,
        0.6959977746378495,
        0.6959977746378495,
        0.6959977746378495,
        0.6959977746378495,
        0.7047233527803971,
        0.7047233527803971,
        0.7047233527803971,
        0.7047233527803971,
        0.7047233527803971,
        0.7047233527803971,
        0.7048253870168953,
        0.7048253870168953,
        0.7048253870168953,
        0.7048253870168953,
        0.7048253870168953,
        0.7048253870168953,
        0.7048253870168953,
        0.7048253870168953,
        0.7088733268374867,
        0.7088733268374867,
        0.7270469790812966,
        0.7301588003013565,
        0.7301588003013565,
        0.7308117435843914,
        0.7308117435843914,
        0.7308117435843914,
        0.7308117435843914,
        0.7308117435843914,
        0.7308117435843914,
        0.7308117435843914,
        0.7308117435843914,
        0.7308117435843914,
        0.7308117435843914,
        0.7308117435843914,
        0.7308117435843914,
        0.7308117435843914,
        0.7308117435843914,
        0.7308117435843914,
        0.7326283967472154,
        0.7326283967472154,
        0.7326283967472154,
        0.7326283967472154,
        0.7326283967472154,
        0.7326283967472154,
        0.7326283967472154,
        0.7436390423355836,
        0.7436390423355836,
        0.7436390423355836,
        0.7436390423355836,
        0.7436390423355836,
        0.7436390423355836,
        0.7436390423355836,
        0.7436390423355836,
        0.7436390423355836,
        0.7436390423355836,
        0.7436390423355836,
        0.7436390423355836,
        0.7436390423355836,
        0.7436390423355836,
        0.7436390423355836,
        0.7436390423355836,
        0.7436390423355836,
        0.7436390423355836,
        0.7436390423355836,
        0.7436390423355836,
        0.7436390423355836,
        0.7436390423355836,
        0.7436390423355836,
        0.7436390423355836,
        0.7438936467612952,
        0.7438936467612952,
        0.7438936467612952,
        0.7438936467612952,
        0.7438936467612953,
        0.7441700414519823,
        0.7441700414519823,
        0.7449856455652409,
        0.7449856455652409
    ],