{
    "bestIndiv": [
        [
            51,
            10,
            50,
            11,
            24,
            5,
            36,
            39,
            38,
            47,
            23,
            4,
            3,
            42,
            40,
            18,
            2,
            17,
            30,
            49,
            28,
            19,
            22,
            20,
            16,
            6,
            1,
            41,
            29,
            21,
            0,
            43,
            33,
            34,
            35,
            37,
            14,
            32,
            8,
            9,
            7,
            44,
            31,
            48,
            15,
            45,
            27,
            25,
            46,
            26,
            12,
            13
        ],
        0.7673355062036432
    ],
    "best": [
        0.28178294217625266,
        0.29868416420071314,
        0.3027394687550149,
        0.31687029771537534,
        0.32705725001492514,
        0.32705725001492514,
        0.33402312790625094,
        0.35060240577841223,
        0.35684047994544726,
        0.35684047994544726,
        0.365861117426615,
        0.3820154490227358,
        0.3820154490227358,
        0.38312833477853064,
        0.3977410941046426,
        0.3977410941046426,
        0.4024457284679588,
        0.4231824921525907,
        0.4231824921525907,
        0.4231824921525907,
        0.4231824921525907,
        0.4312265190821968,
        0.4312265190821968,
        0.4312265190821968,
        0.4352613903703499,
        0.4352613903703499,
        0.4443029547257953,
        0.4499994423585294,
        0.4544235151067031,
        0.4544235151067031,
        0.4612144184225386,
        0.49664708596573814,
        0.49664708596573814,
        0.5019022382106388,
        0.5019022382106388,
        0.5021986612609738,
        0.5068042955176194,
        0.5075549407577558,
        0.5075549407577558,
        0.513495191387874,
        0.5374861560933838,
        0.5374861560933838,
        0.5374861560933838,
        0.5374861560933838,
        0.5374861560933838,
        0.5391003898056319,
        0.5391003898056319,
        0.5429145940770689,
        0.5467082129945696,
        0.5516191990701402,
        0.5541083555147912,
        0.5584295012006324,
        0.5610653321822772,
        0.5610653321822772,
        0.5622678017709617,
        0.5690445095244556,
        0.5698343494711761,
        0.5771181986022494,
        0.5796921492703687,
        0.5846542705847555,
        0.5888023176634473,
        0.5888023176634473,
        0.5951312320393752,
        0.5951312320393752,
        0.5951312320393752,
        0.6015240110436864,
        0.6076883777493859,
        0.6094926488544613,
        0.6094926488544613,
        0.6210435346001009,
        0.6210435346001009,
        0.6210435346001009,
        0.6210435346001009,
        0.6487746124031144,
        0.6487850924996751,
        0.6487850924996751,
        0.6538813784558388,
        0.6538813784558388,
        0.6547601088012573,
        0.6575601917835446,
        0.6593865429783046,
        0.6593865429783046,
        0.6593865429783046,
        0.6593865429783046,
        0.6593865429783046,
        0.6593865429783046,
        0.6674231528426182,
        0.6725275162859483,
        0.6725275162859483,
        0.6727247049622785,
        0.6727247049622785,
        0.681674623394106,
        0.681674623394106,
        0.6818772133179789,
        0.6818772133179789,
        0.6858188774182101,
        0.6858188774182101,
        0.6858188774182101,
        0.6860239384991242,
        0.6860239384991242,
        0.6937012427472059,
        0.6946832853420174,
        0.6946832853420174,
        0.6946832853420174,
        0.6946832853420174,
        0.7027719328496038,
        0.7027719328496038,
        0.7027719328496038,
        0.7158254015279395,
        0.7158254015279395,
        0.7158254015279395,
        0.7158254015279395,
        0.7158254015279395,
        0.7158254015279395,
        0.7158254015279395,
        0.7238104235534478,
        0.7238104235534478,
        0.7238104235534478,
        0.7238104235534478,
        0.7238104235534478,
        0.7238104235534478,
        0.72635835003799,
        0.72635835003799,
        0.72635835003799,
        0.72635835003799,
        0.72635835003799,
        0.72635835003799,
        0.72635835003799,
        0.72635835003799,
        0.72635835003799,
        0.7270343953326284,
        0.7270343953326284,
        0.7270343953326284,
        0.7278617342370657,
        0.7278617342370657,
        0.7278617342370657,
        0.7298863969851438,
        0.7313128485648176,
        0.7313128485648176,
        0.7442951339745298,
        0.7442951339745298,
        0.7442951339745298,
        0.7442951339745298,
        0.7442951339745298,
        0.7442951339745298,
        0.7442951339745298,
        0.7442951339745298,
        0.7442951339745298,
        0.7442951339745298,
        0.7442951339745298,
        0.7457785180418574,
        0.7457785180418574,
        0.7457785180418574,
        0.7457785180418574,
        0.7506618487722369,
        0.7521707448959015,
        0.7521707448959015,
        0.7521707448959015,
        0.7521707448959015,
        0.7521707448959015,
        0.7521707448959015,
        0.755709080634597,
        0.755709080634597,
        0.755709080634597,
        0.755709080634597,
        0.755709080634597,
        0.7566354333813368,
        0.7586728029140491,
        0.7597815412766034,
        0.7597815412766034,
        0.7597815412766034,
        0.7597815412766034,
        0.7597815412766034,
        0.7597815412766034,
        0.7597815412766034,
        0.7597815412766034,
        0.7597815412766034,
        0.7597815412766034,
        0.7597815412766034,
        0.7597815412766034,
        0.7597815412766034,
        0.7621373394525035,
        0.7621373394525035,
        0.7621373394525035,
        0.7621373394525035,
        0.7621373394525035,
        0.7621373394525035,
        0.7621373394525035,
        0.7621373394525035,
        0.7621373394525035,
        0.7621373394525035,
        0.7621373394525035,
        0.7621373394525035,
        0.7621373394525035,
        0.7621373394525035,
        0.7621373394525035,
        0.7621373394525035,
        0.7621373394525035,
        0.7621373394525035,
        0.7621373394525035,
        0.7673355062036432
    ],