{
    "bestIndiv": [
        [
            21,
            0,
            48,
            31,
            38,
            37,
            4,
            50,
            10,
            51,
            13,
            12,
            26,
            46,
            25,
            28,
            15,
            49,
            19,
            44,
            18,
            40,
            7,
            8,
            9,
            32,
            42,
            3,
            5,
            14,
            23,
            47,
            24,
            11,
            27,
            45,
            36,
            39,
            35,
            34,
            33,
            43,
            22,
            29,
            1,
            6,
            41,
            20,
            16,
            2,
            17,
            30
        ],
        0.8058388044937227
    ],
    "best": [
        0.29923997976019284,
        0.31444122630267707,
        0.32267483239659916,
        0.32267483239659916,
        0.33480126367497504,
        0.34040328877732284,
        0.3430882336955994,
        0.35062488022020194,
        0.35062488022020194,
        0.3581884926425841,
        0.366961164864429,
        0.37830717418487003,
        0.3789290006926608,
        0.39459225980883655,
        0.39459225980883655,
        0.4009607168892952,
        0.4009607168892952,
        0.4051894555408887,
        0.4064796964185767,
        0.4071851777204902,
        0.41662991032947083,
        0.41662991032947083,
        0.428041758605657,
        0.428041758605657,
        0.428041758605657,
        0.428041758605657,
        0.4357120809944667,
        0.4357120809944667,
        0.44080246693416497,
        0.44080246693416497,
        0.4639821073077971,
        0.4639821073077971,
        0.4815485049923142,
        0.4815485049923142,
        0.4815485049923142,
        0.4864211775272571,
        0.505854111376399,
        0.505854111376399,
        0.5062160465668215,
        0.5062160465668215,
        0.5207724124142358,
        0.5214732533436519,
        0.5214732533436519,
        0.5214732533436519,
        0.5337207703604471,
        0.5337207703604472,
        0.5378339480251298,
        0.5512037642764324,
        0.5582782690094684,
        0.5609307362899583,
        0.5759327039749451,
        0.5862575662977789,
        0.5871189173962899,
        0.5899004021495775,
        0.6142470943331877,
        0.6142470943331877,
        0.6142470943331877,
        0.6155569664224875,
        0.625341176942151,
        0.6273849614468275,
        0.6279780675106115,
        0.6348147874636422,
        0.6348147874636422,
        0.6348147874636422,
        0.6375370889049065,
        0.6393240861920546,
        0.6409737546828888,
        0.6438046002532672,
        0.6458063550567803,
        0.647821939732633,
        0.6542943256520839,
        0.654294325652084,
        0.6618679343341328,
        0.6618679343341328,
        0.6618679343341328,
        0.6618679343341328,
        0.6618679343341328,
        0.6628678114387024,
        0.6652912191870306,
        0.6652912191870306,
        0.6663398873447659,
        0.669812009098049,
        0.6710435671560813,
        0.6710435671560813,
        0.6789697538900612,
        0.6789697538900612,
        0.6789697538900612,
        0.6789697538900612,
        0.6789697538900612,
        0.6789697538900612,
        0.6789697538900612,
        0.6789697538900612,
        0.6789697538900612,
        0.6789697538900612,
        0.6794042609866957,
        0.6794042609866957,
        0.6794042609866957,
        0.6794042609866957,
        0.6794042609866957,
        0.6794042609866957,
        0.6794042609866957,
        0.6794042609866957,
        0.6794042609866957,
        0.6794042609866957,
        0.6794042609866957,
        0.6794042609866957,
        0.6794042609866957,
        0.6794042609866957,
        0.6794042609866957,
        0.6794042609866957,
        0.6794042609866957,
        0.6797934830142226,
        0.6815016756494271,
        0.6815016756494271,
        0.6815016756494271,
        0.6815016756494271,
        0.6815016756494271,
        0.6826856632648258,
        0.6826856632648258,
        0.6826856632648258,
        0.6826856632648258,
        0.6826856632648258,
        0.6890413038980583,
        0.6890413038980583,
        0.6890413038980583,
        0.6890413038980583,
        0.6970542545180136,
        0.7067026689964592,
        0.7067026689964592,
        0.7067026689964592,
        0.7177937332777148,
        0.7177937332777148,
        0.7308752260443776,
        0.7308752260443776,
        0.7308752260443776,
        0.7308752260443776,
        0.7308752260443776,
        0.7518719769008232,
        0.7518719769008232,
        0.7518719769008232,
        0.7537104940930387,
        0.7537104940930387,
        0.7574801954662371,
        0.7574801954662371,
        0.7574801954662371,
        0.7574801954662371,
        0.7574801954662371,
        0.7574801954662371,
        0.7574801954662371,
        0.7574801954662371,
        0.7574801954662371,
        0.7574801954662371,
        0.760412784676784,
        0.760412784676784,
        0.760412784676784,
        0.760412784676784,
        0.7663877551880025,
        0.7663877551880025,
        0.7681632285203037,
        0.7681632285203037,
        0.7681632285203037,
        0.7681632285203039,
        0.7681632285203039,
        0.7683274242311148,
        0.7726016355710718,
        0.7726016355710718,
        0.7782856391203714,
        0.7782856391203714,
        0.7782856391203714,
        0.7782856391203714,
        0.7782856391203714,
        0.7782856391203714,
        0.7782856391203714,
        0.7810905310754729,
        0.7810905310754729,
        0.7829224308985511,
        0.7830929975154844,
        0.7830929975154844,
        0.7830929975154844,
        0.7830929975154844,
        0.7852574364174711,
        0.7852574364174711,
        0.7852574364174711,
        0.7852574364174711,
        0.7852574364174711,
        0.7878968842639629,
        0.7878968842639629,
        0.7878968842639629,
        0.8022809331955786,
        0.8022809331955786,
        0.8050362628015036,
        0.8050362628015036,
        0.8050362628015036,
        0.8050362628015036,
        0.8050362628015036,
        0.8050362628015036,
        0.8050362628015036,
        0.8050362628015036,
        0.8050362628015036,
        0.8058388044937227,
        0.8058388044937227
    ],