{
    "bestIndiv": [
        [
            31,
            48,
            36,
            43,
            33,
            35,
            34,
            38,
            42,
            32,
            50,
            10,
            51,
            13,
            12,
            26,
            27,
            45,
            15,
            19,
            22,
            29,
            20,
            41,
            1,
            6,
            16,
            17,
            40,
            7,
            8,
            9,
            44,
            2,
            30,
            4,
            3,
            24,
            11,
            25,
            46,
            28,
            49,
            37,
            14,
            5,
            23,
            47,
            39,
            18,
            21,
            0
        ],
        0.7161209072989438
    ],
    "best": [
        0.284757160386086,
        0.3040361188101609,
        0.3040361188101609,
        0.31230051710319373,
        0.32046903461682347,
        0.3314631884290262,
        0.3314631884290262,
        0.34909659140262506,
        0.34909659140262506,
        0.36164824356491815,
        0.3666718538842514,
        0.37003629193605625,
        0.37003629193605625,
        0.37003629193605625,
        0.39096836293396153,
        0.39096836293396153,
        0.39096836293396153,
        0.39096836293396153,
        0.40882882394073694,
        0.40882882394073694,
        0.4111262636206028,
        0.4111262636206028,
        0.4111262636206028,
        0.41605448719078714,
        0.4324853374984601,
        0.4324853374984601,
        0.4467971037306427,
        0.4483011670496614,
        0.4487057216305602,
        0.46250171121001254,
        0.46250171121001254,
        0.46898510861049986,
        0.4720777643383548,
        0.4748161764013212,
        0.47973521229925403,
        0.4822975553523032,
        0.4854725567204441,
        0.49164799539439125,
        0.4935124385300495,
        0.5007046354560594,
        0.5090210331696711,
        0.5090210331696711,
        0.5092359928544603,
        0.5092359928544603,
        0.5135790674249354,
        0.5145393065208149,
        0.5245461476907207,
        0.5272654944812408,
        0.5272654944812408,
        0.5304668611700671,
        0.5329530807026363,
        0.5330780198096912,
        0.5330780198096912,
        0.5363505777240691,
        0.5389996301071641,
        0.5389996301071641,
        0.5423496844505027,
        0.5423496844505027,
        0.5423496844505027,
        0.5423496844505027,
        0.5423496844505027,
        0.5423496844505027,
        0.5423496844505027,
        0.5423496844505027,
        0.54250313663211,
        0.54250313663211,
        0.542833735730533,
        0.5445721759549634,
        0.5445721759549634,
        0.5445721759549634,
        0.5446343897791927,
        0.5446343897791927,
        0.5463967691407244,
        0.5463967691407244,
        0.5528631257764559,
        0.5528631257764559,
        0.5528631257764559,
        0.5528631257764559,
        0.5542732991054747,
        0.5542732991054748,
        0.5542732991054748,
        0.5542732991054748,
        0.5542732991054748,
        0.5542732991054748,
        0.5542732991054748,
        0.5542732991054748,
        0.5542732991054748,
        0.5542732991054748,
        0.5542732991054748,
        0.5542732991054748,
        0.5542732991054748,
        0.5542732991054748,
        0.5542732991054748,
        0.561717291973355,
        0.561717291973355,
        0.5634370930732154,
        0.5634370930732154,
        0.5634370930732154,
        0.5689445708142762,
        0.5689445708142762,
        0.5689445708142762,
        0.5735771862062664,
        0.5735771862062664,
        0.5735771862062664,
        0.5864072497323648,
        0.5864072497323648,
        0.5975153693238047,
        0.6026270310766558,
        0.6026270310766558,
        0.6026270310766558,
        0.6089574175910373,
        0.6089574175910373,
        0.6180663130930002,
        0.6239749806248212,
        0.6239749806248212,
        0.6239749806248212,
        0.6239749806248212,
        0.625393775983946,
        0.6313755710197425,
        0.6313755710197425,
        0.6313755710197425,
        0.6313755710197425,
        0.6313755710197425,
        0.6367682748317958,
        0.6367682748317958,
        0.6367682748317958,
        0.6367682748317958,
        0.6374209576566915,
        0.6418542111498858,
        0.6418542111498858,
        0.6418542111498858,
        0.6418542111498858,
        0.6431821238060704,
        0.6431821238060704,
        0.6439238835748632,
        0.6454221934748084,
        0.6549329366461217,
        0.6549329366461217,
        0.6723656172522346,
        0.6723656172522346,
        0.6723656172522346,
        0.6723656172522346,
        0.6864985763241337,
        0.6864985763241337,
        0.6885389646570048,
        0.6885389646570048,
        0.6885389646570048,
        0.6885389646570048,
        0.6885389646570048,
        0.6965483034049926,
        0.6981064488722467,
        0.6981064488722467,
        0.6981064488722467,
        0.6981064488722467,
        0.6988913186517115,
        0.6988913186517115,
        0.6988913186517115,
        0.6988913186517115,
        0.6988913186517115,
        0.6988913186517115,
        0.6988913186517115,
        0.6989307931035171,
        0.6989307931035171,
        0.6989307931035171,
        0.7041588215636321,
        0.7041588215636321,
        0.7041588215636321,
        0.7041588215636321,
        0.7135235489801353,
        0.7135235489801353,
        0.7135235489801353,
        0.7135235489801353,
        0.7135235489801353,
        0.7135235489801353,
        0.7135235489801353,
        0.7135235489801353,
        0.7135235489801353,
        0.7135235489801353,
        0.7135235489801353,
        0.7135235489801353,
        0.7135235489801353,
        0.7135235489801353,
        0.7135235489801353,
        0.7135235489801353,
        0.7135235489801353,
        0.7135235489801353,
        0.7135235489801353,
        0.7135235489801353,
        0.7135235489801353,
        0.7135235489801353,
        0.7135235489801353,
        0.7161209072989438,
        0.7161209072989438,
        0.7161209072989438,
        0.7161209072989438,
        0.7161209072989438,
        0.7161209072989438,
        0.7161209072989438,
        0.7161209072989438,
        0.7161209072989438,
        0.7161209072989438
    ],