{
    "bestIndiv": [
        [
            19,
            49,
            28,
            46,
            12,
            13,
            51,
            26,
            25,
            27,
            45,
            24,
            11,
            10,
            50,
            32,
            3,
            14,
            37,
            38,
            48,
            17,
            2,
            20,
            1,
            29,
            22,
            43,
            23,
            4,
            39,
            36,
            33,
            0,
            31,
            44,
            16,
            6,
            41,
            30,
            21,
            34,
            35,
            18,
            40,
            7,
            8,
            9,
            42,
            5,
            47,
            15
        ],
        0.6692680773308352
    ],
    "best": [
        0.28999371619417674,
        0.3184421579806037,
        0.3184421579806037,
        0.32082231261660776,
        0.32682502459301094,
        0.352647331461777,
        0.352647331461777,
        0.35817317470497445,
        0.36384885885606,
        0.3782212531967032,
        0.3870837589759084,
        0.39537675283798346,
        0.40781524693453697,
        0.41852387009781783,
        0.43278820565661213,
        0.43484767769114047,
        0.4354371613288634,
        0.43891174677216516,
        0.44063485930801743,
        0.45961099894737023,
        0.47100252083000416,
        0.47426243077357805,
        0.47426243077357805,
        0.48370488722573873,
        0.48370488722573873,
        0.5066493605117156,
        0.5079543897928288,
        0.5079543897928288,
        0.5079543897928288,
        0.5293763819733642,
        0.5293763819733642,
        0.5293763819733642,
        0.5293763819733642,
        0.5306209112282649,
        0.5423166009505221,
        0.5423166009505221,
        0.5432636245223414,
        0.5432636245223414,
        0.5473500381458278,
        0.5473500381458278,
        0.5481282711074121,
        0.550344235354331,
        0.550344235354331,
        0.550344235354331,
        0.550344235354331,
        0.5549382940018608,
        0.5549382940018608,
        0.5587546402834664,
        0.5587546402834664,
        0.5711534696888823,
        0.5734638233963837,
        0.5734638233963837,
        0.574413444754646,
        0.574413444754646,
        0.5767736364958764,
        0.5767736364958764,
        0.5767736364958764,
        0.5767736364958764,
        0.5768621615378323,
        0.5768621615378323,
        0.5768621615378323,
        0.5771470170716266,
        0.5771470170716266,
        0.5771470170716266,
        0.5771470170716266,
        0.5771470170716266,
        0.5781257860786104,
        0.5781257860786104,
        0.579553831985773,
        0.5805407883068302,
        0.5822183408089227,
        0.5822183408089227,
        0.5846677281101914,
        0.5846677281101915,
        0.5846677281101915,
        0.5846677281101915,
        0.5846677281101915,
        0.5846677281101915,
        0.5846677281101915,
        0.5846677281101915,
        0.5880503641782906,
        0.5880503641782906,
        0.5880503641782906,
        0.5881962444506421,
        0.5881962444506421,
        0.5881962444506421,
        0.5881962444506421,
        0.5881962444506421,
        0.5881962444506421,
        0.6028914280432518,
        0.6028914280432518,
        0.6028914280432518,
        0.6238131786566429,
        0.6238131786566429,
        0.6238131786566429,
        0.6238131786566429,
        0.6238131786566429,
        0.6238131786566429,
        0.6238131786566429,
        0.6238131786566429,
        0.6238131786566429,
        0.6238131786566429,
        0.6238131786566429,
        0.6238131786566429,
        0.6238195738651576,
        0.6238195738651576,
        0.6265011586536369,
        0.6265011586536369,
        0.6265011586536369,
        0.6265011586536369,
        0.6265011586536369,
        0.6265011586536369,
        0.6265011586536369,
        0.6265011586536369,
        0.6265011586536369,
        0.6286169144518006,
        0.6286169144518006,
        0.6286169144518006,
        0.6286169144518006,
        0.6294166738867114,
        0.6294166738867114,
        0.6294166738867114,
        0.6294166738867114,
        0.6294166738867114,
        0.6294166738867114,
        0.6294166738867114,
        0.6294166738867114,
        0.6294166738867114,
        0.6294166738867114,
        0.6294166738867114,
        0.6294166738867114,
        0.6294166738867114,
        0.6294166738867114,
        0.6299189541923811,
        0.6299189541923811,
        0.6299189541923811,
        0.6299189541923811,
        0.630292843598004,
        0.630292843598004,
        0.6448486210628466,
        0.6448486210628466,
        0.6448486210628466,
        0.6463466850673261,
        0.6463466850673261,
        0.6463466850673261,
        0.6463466850673261,
        0.6467628285668439,
        0.6467628285668439,
        0.6467628285668439,
        0.6467628285668439,
        0.6467628285668439,
        0.6467628285668439,
        0.6467628285668439,
        0.6467628285668439,
        0.6467628285668439,
        0.6467628285668439,
        0.6467628285668439,
        0.6467628285668439,
        0.6467628285668439,
        0.6467628285668439,
        0.6467628285668439,
        0.6484716269324511,
        0.649329927506578,
        0.649329927506578,
        0.649329927506578,
        0.6504419959101699,
        0.6504419959101699,
        0.6504419959101699,
        0.6514729559371846,
        0.6554480212124286,
        0.6554480212124286,
        0.6554480212124286,
        0.6554480212124286,
        0.6559657095656537,
        0.6559657095656537,
        0.6559657095656537,
        0.6559657095656537,
        0.6559657095656537,
        0.6559657095656537,
        0.6559657095656537,
        0.6559657095656537,
        0.6559657095656537,
        0.6559657095656537,
        0.6692680773308352,
        0.6692680773308352,
        0.6692680773308352,
        0.6692680773308352,
        0.6692680773308352,
        0.6692680773308352,
        0.6692680773308352,
        0.6692680773308352,
        0.6692680773308352,
        0.6692680773308352,
        0.6692680773308352,
        0.6692680773308352,
        0.6692680773308352,
        0.6692680773308352,
        0.6692680773308352,
        0.6692680773308352,
        0.6692680773308352,
        0.6692680773308352
    ],