{
    "bestIndiv": [
        [
            19,
            22,
            1,
            6,
            41,
            20,
            29,
            28,
            43,
            0,
            21,
            30,
            17,
            16,
            7,
            31,
            48,
            34,
            33,
            35,
            39,
            36,
            38,
            4,
            3,
            14,
            5,
            24,
            27,
            11,
            50,
            10,
            51,
            13,
            25,
            26,
            12,
            46,
            47,
            23,
            37,
            2,
            44,
            18,
            40,
            8,
            9,
            32,
            42,
            45,
            15,
            49
        ],
        0.7225422904593314
    ],
    "best": [
        0.29317376744304846,
        0.29742701167362656,
        0.30674405762396256,
        0.314811531468248,
        0.32143834436096413,
        0.34061507972170246,
        0.3603418025290607,
        0.366552209021484,
        0.366552209021484,
        0.3740754074450663,
        0.3850689920764845,
        0.4011147788469018,
        0.4058345895422397,
        0.4222729633542326,
        0.4222729633542326,
        0.42468015767233386,
        0.4261040388156751,
        0.44429317029199134,
        0.44429317029199134,
        0.45260401251879795,
        0.45260401251879795,
        0.45615079384544166,
        0.4709258879985228,
        0.4716398261034599,
        0.479915207312332,
        0.48723772849966934,
        0.4895319944150354,
        0.4917562350347653,
        0.5008287415899648,
        0.5035447859816325,
        0.5035447859816325,
        0.5035447859816325,
        0.5062313359679947,
        0.5235717443123049,
        0.5235717443123049,
        0.5243746065221011,
        0.5315672647232179,
        0.5363102095779276,
        0.5374960232133139,
        0.5473493577616507,
        0.5473493577616507,
        0.5557112790824924,
        0.5557112790824924,
        0.5581372543200972,
        0.5581372543200972,
        0.5709822818797662,
        0.5709822818797662,
        0.5709822818797662,
        0.5714318770840806,
        0.5716134209885584,
        0.5808518479118648,
        0.5808518479118648,
        0.5812029072921108,
        0.6006195935133839,
        0.6006195935133839,
        0.6006195935133839,
        0.6006195935133839,
        0.6058728917619712,
        0.6058728917619712,
        0.6135112857853878,
        0.6135112857853878,
        0.6325926375013543,
        0.6325926375013543,
        0.6325926375013543,
        0.6325926375013543,
        0.6325926375013543,
        0.633615986982526,
        0.6411570162128187,
        0.6463739521343106,
        0.6475599324786279,
        0.6475599324786279,
        0.6476839528309433,
        0.6494634337055613,
        0.6547837546016508,
        0.6571736674578063,
        0.6571736674578063,
        0.6589469484765481,
        0.6589469484765481,
        0.6658687323500933,
        0.6701745421026133,
        0.6701745421026133,
        0.6701745421026134,
        0.6729885824858433,
        0.6729885824858433,
        0.6763782819671893,
        0.6763782819671893,
        0.6763782819671893,
        0.6763782819671894,
        0.6763782819671894,
        0.6769793936962147,
        0.6886884675661336,
        0.6886884675661337,
        0.6886884675661337,
        0.6893116691370905,
        0.6977689820235071,
        0.6977689820235071,
        0.6977689820235071,
        0.7006430738517074,
        0.7019992442735152,
        0.7019992442735152,
        0.7019992442735152,
        0.7019992442735152,
        0.7019992442735152,
        0.7019992442735152,
        0.7019992442735156,
        0.7019992442735156,
        0.7019992442735156,
        0.7019992442735156,
        0.7019992442735156,
        0.7019992442735156,
        0.7019992442735156,
        0.7019992442735156,
        0.7019992442735156,
        0.7019992442735156,
        0.7019992442735156,
        0.7019992442735156,
        0.7019992442735156,
        0.7187024287410776,
        0.7187024287410776,
        0.7187024287410776,
        0.7187024287410776,
        0.7187024287410776,
        0.7187024287410776,
        0.7187024287410776,
        0.7187024287410776,
        0.7187024287410776,
        0.7187024287410776,
        0.7187024287410776,
        0.7187024287410776,
        0.7187024287410776,
        0.7187024287410776,
        0.7187024287410776,
        0.7187024287410776,
        0.7187024287410776,
        0.7187024287410776,
        0.7187024287410776,
        0.7187024287410776,
        0.7187024287410776,
        0.7187024287410776,
        0.7187024287410776,
        0.7187024287410776,
        0.7187024287410776,
        0.7187024287410776,
        0.7187024287410776,
        0.7187024287410776,
        0.7187024287410776,
        0.7187024287410776,
        0.7187024287410776,
        0.718791957603401,
        0.718791957603401,
        0.718791957603401,
        0.7188592314456558,
        0.7188592314456558,
        0.7188592314456558,
        0.7188592314456558,
        0.7188592314456558,
        0.7188592314456558,
        0.7188592314456558,
        0.7188592314456558,
        0.7188592314456558,
        0.7188592314456558,
        0.7188592314456558,
        0.7188592314456558,
        0.7188592314456558,
        0.7188592314456558,
        0.7188592314456558,
        0.7188592314456558,
        0.7188592314456558,
        0.7188592314456558,
        0.7188592314456558,
        0.7188592314456558,
        0.7188592314456558,
        0.7188592314456558,
        0.7188592314456558,
        0.7188592314456558,
        0.7188592314456558,
        0.7188592314456558,
        0.7188592314456558,
        0.7188592314456558,
        0.7188592314456558,
        0.7188592314456558,
        0.7188592314456558,
        0.7188592314456558,
        0.7188592314456558,
        0.7188592314456558,
        0.7188592314456558,
        0.7188592314456558,
        0.7188592314456558,
        0.7225422904593314,
        0.7225422904593314,
        0.7225422904593314,
        0.7225422904593314,
        0.7225422904593314,
        0.7225422904593314,
        0.7225422904593314,
        0.7225422904593314,
        0.7225422904593314,
        0.7225422904593314,
        0.7225422904593314,
        0.7225422904593314,
        0.7225422904593314
    ],