{
    "bestIndiv": [
        [
            20,
            16,
            19,
            22,
            30,
            21,
            31,
            48,
            35,
            34,
            33,
            43,
            0,
            17,
            2,
            18,
            44,
            40,
            7,
            8,
            9,
            32,
            42,
            11,
            24,
            47,
            37,
            38,
            36,
            39,
            4,
            14,
            5,
            50,
            10,
            51,
            13,
            12,
            26,
            46,
            25,
            27,
            3,
            23,
            45,
            15,
            28,
            49,
            29,
            1,
            6,
            41
        ],
        0.7902236558052791
    ],
    "best": [
        0.29317376744304846,
        0.29742701167362656,
        0.30674405762396256,
        0.314811531468248,
        0.32143834436096413,
        0.34061507972170246,
        0.3603418025290607,
        0.366552209021484,
        0.366552209021484,
        0.3740754074450663,
        0.3850689920764845,
        0.4011147788469018,
        0.4058345895422397,
        0.4222729633542326,
        0.4222729633542326,
        0.42468015767233386,
        0.4261040388156751,
        0.44429317029199134,
        0.44429317029199134,
        0.45260401251879795,
        0.45260401251879795,
        0.45615079384544166,
        0.4709258879985228,
        0.4716398261034599,
        0.479915207312332,
        0.48723772849966934,
        0.4895319944150354,
        0.4917562350347653,
        0.5008287415899648,
        0.5035447859816325,
        0.5035447859816325,
        0.5035447859816325,
        0.5062313359679947,
        0.5235717443123049,
        0.5235717443123049,
        0.5243746065221011,
        0.5315672647232179,
        0.5363102095779276,
        0.5374960232133139,
        0.5473493577616507,
        0.5473493577616507,
        0.5557112790824924,
        0.5620437139504671,
        0.5620437139504671,
        0.5620437139504671,
        0.5620437139504671,
        0.5620437139504671,
        0.5654899433942525,
        0.5779772457525254,
        0.5779772457525254,
        0.5779772457525254,
        0.585258122963518,
        0.585258122963518,
        0.585258122963518,
        0.5861969957755964,
        0.5874149233619075,
        0.594073319779008,
        0.594073319779008,
        0.594073319779008,
        0.601768073185451,
        0.601768073185451,
        0.601768073185451,
        0.601768073185451,
        0.601768073185451,
        0.601768073185451,
        0.601768073185451,
        0.618146414952687,
        0.618146414952687,
        0.618146414952687,
        0.618146414952687,
        0.618146414952687,
        0.618146414952687,
        0.618146414952687,
        0.6236294644679818,
        0.6236294644679818,
        0.6236294644679818,
        0.628991476255952,
        0.628991476255952,
        0.6293205262684939,
        0.6333867628247389,
        0.634781277398959,
        0.634781277398959,
        0.634781277398959,
        0.6389186193225582,
        0.6389186193225582,
        0.6485280134401863,
        0.6485280134401863,
        0.6538621338005358,
        0.6538621338005358,
        0.6538621338005358,
        0.6556118856963993,
        0.6556118856963993,
        0.6602101934372544,
        0.6602101934372544,
        0.6602101934372544,
        0.6602101934372544,
        0.6602101934372544,
        0.6602101934372544,
        0.6624388131206204,
        0.6658678358568245,
        0.6658678358568245,
        0.6658678358568245,
        0.6735611339243958,
        0.6735611339243958,
        0.6735611339243958,
        0.6735788562386702,
        0.6763351468888765,
        0.6763351468888765,
        0.6763351468888765,
        0.6763351468888765,
        0.6786069530634488,
        0.6799553549312143,
        0.6817008316765931,
        0.6817008316765931,
        0.6817008316765931,
        0.682233406383515,
        0.682233406383515,
        0.6891309319978552,
        0.6891309319978552,
        0.6891309319978552,
        0.6891309319978552,
        0.6958029218068771,
        0.6958029218068771,
        0.702836426568712,
        0.702836426568712,
        0.7124770987682477,
        0.7124770987682477,
        0.7124772847105345,
        0.7155776178509324,
        0.7155776178509324,
        0.7155776178509324,
        0.7192720333640036,
        0.7192720333640036,
        0.7192720333640036,
        0.7192720333640036,
        0.7222259556807293,
        0.7222261467463437,
        0.7222261467463437,
        0.7222261467463437,
        0.7222261467463437,
        0.7222261467463437,
        0.7222261467463437,
        0.7222261467463437,
        0.7222261467463437,
        0.7222261467463437,
        0.7222261467463437,
        0.7222261467463437,
        0.7222261467463437,
        0.7222261467463437,
        0.7222261467463437,
        0.7222261467463437,
        0.7236227852195115,
        0.7236227852195115,
        0.7236227852195115,
        0.7236227852195115,
        0.7236227852195115,
        0.7236227852195115,
        0.7236227852195115,
        0.7236227852195115,
        0.7236227852195115,
        0.7236227852195115,
        0.7236227852195115,
        0.7236227852195115,
        0.7236227852195115,
        0.7252718618607107,
        0.7289319003266764,
        0.7289319003266764,
        0.7289319003266764,
        0.7289319003266764,
        0.7304840728933193,
        0.7304840728933193,
        0.7304840728933193,
        0.7304840728933193,
        0.7317433208727744,
        0.7317433208727744,
        0.7317433208727744,
        0.7416612955072596,
        0.7459556682446663,
        0.7459556682446663,
        0.7459556682446663,
        0.7562653637748877,
        0.7562653637748877,
        0.7562653637748877,
        0.7572760069582734,
        0.7572760069582734,
        0.7572760069582734,
        0.7572760069582734,
        0.7572760069582734,
        0.7572760069582734,
        0.7572760069582734,
        0.7572760069582734,
        0.7572760069582734,
        0.7572760069582734,
        0.7572760069582734,
        0.7572760069582734,
        0.7572760069582734,
        0.7853414391776583,
        0.7853414391776583,
        0.7853414391776583,
        0.7902236558052791,
        0.7902236558052791
    ],