{
    "bestIndiv": [
        [
            6,
            41,
            15,
            45,
            36,
            4,
            5,
            3,
            14,
            39,
            33,
            43,
            49,
            22,
            30,
            21,
            0,
            34,
            35,
            48,
            31,
            18,
            40,
            9,
            8,
            7,
            44,
            47,
            24,
            11,
            27,
            50,
            10,
            26,
            12,
            51,
            13,
            25,
            46,
            28,
            19,
            29,
            20,
            17,
            42,
            32,
            23,
            37,
            38,
            2,
            16,
            1
        ],
        0.6898512471574941
    ],
    "best": [
        0.284757160386086,
        0.3040361188101609,
        0.3040361188101609,
        0.31230051710319373,
        0.32046903461682347,
        0.3314631884290262,
        0.3314631884290262,
        0.34909659140262506,
        0.34909659140262506,
        0.36164824356491815,
        0.3666718538842514,
        0.37003629193605625,
        0.37003629193605625,
        0.37003629193605625,
        0.39096836293396153,
        0.39096836293396153,
        0.39096836293396153,
        0.39096836293396153,
        0.40882882394073694,
        0.40882882394073694,
        0.4111262636206028,
        0.4111262636206028,
        0.43005105193911836,
        0.44161525805977664,
        0.4677254959984126,
        0.4677254959984126,
        0.4677254959984126,
        0.4834624969927799,
        0.4834624969927799,
        0.48346249699277993,
        0.48621688736630875,
        0.492299352527879,
        0.492299352527879,
        0.49406357335249956,
        0.5075818305633993,
        0.5130410984680079,
        0.5130410984680079,
        0.5130410984680079,
        0.5194815344499621,
        0.5194815344499621,
        0.5315560682860427,
        0.5418768173156436,
        0.5418768173156436,
        0.5418768173156436,
        0.5460988092499723,
        0.550086649474011,
        0.563210599330008,
        0.5747318505338787,
        0.5747318505338787,
        0.574863188830071,
        0.5944675047621626,
        0.5944675047621626,
        0.5994089074039519,
        0.6100101086054188,
        0.619284634221111,
        0.6236277334104684,
        0.6236277334104684,
        0.6323287872084691,
        0.6323287872084691,
        0.6581118852801615,
        0.6581118852801615,
        0.6581118852801615,
        0.6581118852801615,
        0.6581118852801615,
        0.6581118852801615,
        0.6581118852801615,
        0.6581118852801615,
        0.6581118852801615,
        0.6581118852801615,
        0.6581118852801615,
        0.6581118852801615,
        0.6581118852801615,
        0.6581118852801615,
        0.6581118852801615,
        0.6581118852801615,
        0.6581118852801615,
        0.6581118852801615,
        0.659135037070647,
        0.6592328418475562,
        0.6612168260144841,
        0.6612168260144841,
        0.6612168260144841,
        0.6612168260144841,
        0.6612586042429734,
        0.6612586042429734,
        0.6612586042429734,
        0.6612586042429734,
        0.6619614775006163,
        0.6619614775006163,
        0.6619614775006163,
        0.6619614775006163,
        0.6628708159704472,
        0.6628708159704472,
        0.6628708159704472,
        0.6753940897254014,
        0.6753940897254014,
        0.6753940897254014,
        0.6763407338618097,
        0.6774350549235101,
        0.6774350549235101,
        0.6774350549235101,
        0.6774350549235101,
        0.6774350549235101,
        0.6774350549235101,
        0.6774350549235101,
        0.6774350549235101,
        0.6774350549235101,
        0.6852725536364761,
        0.6852725536364761,
        0.6852725536364761,
        0.6852725536364761,
        0.6852725536364761,
        0.6852725536364761,
        0.6852725536364761,
        0.6852725536364761,
        0.6852725536364761,
        0.6852725536364761,
        0.6852725536364761,
        0.6852725536364761,
        0.6852725536364761,
        0.6852725536364761,
        0.6852725536364761,
        0.6852725536364761,
        0.6852725536364761,
        0.6852725536364761,
        0.6852725536364761,
        0.6852725536364761,
        0.6852725536364761,
        0.6852725536364761,
        0.6859837302601308,
        0.6859837302601308,
        0.6866921978598953,
        0.6866921978598953,
        0.6866921978598953,
        0.6898512471574941,
        0.6898512471574941,
        0.6898512471574941,
        0.6898512471574941,
        0.6898512471574941,
        0.6898512471574941,
        0.6898512471574941,
        0.6898512471574941,
        0.6898512471574941,
        0.6898512471574941,
        0.6898512471574941,
        0.6898512471574941,
        0.6898512471574941,
        0.6898512471574941,
        0.6898512471574941,
        0.6898512471574941,
        0.6898512471574941,
        0.6898512471574941,
        0.6898512471574941,
        0.6898512471574941,
        0.6898512471574941,
        0.6898512471574941,
        0.6898512471574941,
        0.6898512471574941,
        0.6898512471574941,
        0.6898512471574941,
        0.6898512471574941,
        0.6898512471574941,
        0.6898512471574941,
        0.6898512471574941,
        0.6898512471574941,
        0.6898512471574941,
        0.6898512471574941,
        0.6898512471574941,
        0.6898512471574941,
        0.6898512471574941,
        0.6898512471574941,
        0.6898512471574941,
        0.6898512471574941,
        0.6898512471574941,
        0.6898512471574941,
        0.6898512471574941,
        0.6898512471574941,
        0.6898512471574941,
        0.6898512471574941,
        0.6898512471574941,
        0.6898512471574941,
        0.6898512471574941,
        0.6898512471574941,
        0.6898512471574941,
        0.6898512471574941,
        0.6898512471574941,
        0.6898512471574941,
        0.6898512471574941,
        0.6898512471574941,
        0.6898512471574941,
        0.6898512471574941,
        0.6898512471574941,
        0.6898512471574941,
        0.6898512471574941,
        0.6898512471574941,
        0.6898512471574941,
        0.6898512471574941,
        0.6898512471574941,
        0.6898512471574941,
        0.6898512471574941,
        0.6898512471574941
    ],