{
    "bestIndiv": [
        [
            38,
            39,
            32,
            50,
            11,
            27,
            26,
            10,
            51,
            13,
            12,
            46,
            25,
            24,
            5,
            14,
            37,
            47,
            23,
            4,
            3,
            42,
            8,
            9,
            7,
            44,
            2,
            16,
            20,
            29,
            6,
            41,
            1,
            28,
            15,
            19,
            49,
            22,
            0,
            30,
            17,
            40,
            18,
            36,
            45,
            43,
            48,
            31,
            21,
            33,
            34,
            35
        ],
        0.746243919366858
    ],
    "best": [
        0.2965246587783425,
        0.30101670851875584,
        0.3068162114406545,
        0.33013344403766165,
        0.33013344403766165,
        0.34302558057188653,
        0.3509893521852843,
        0.35702450110900097,
        0.38006152154821193,
        0.38054606466823193,
        0.3932174878183509,
        0.4218445954969184,
        0.4218445954969184,
        0.4218445954969184,
        0.4218445954969184,
        0.45158316152746436,
        0.4624196082602876,
        0.4624196082602876,
        0.4624196082602876,
        0.4624196082602876,
        0.4624196082602876,
        0.4665690289845253,
        0.4712549091532047,
        0.4718400065045149,
        0.47439611288522304,
        0.48341870286179833,
        0.5052438305171985,
        0.517989732689362,
        0.517989732689362,
        0.5274211069706608,
        0.5274211069706608,
        0.5274211069706608,
        0.5358740660691564,
        0.5366167955841168,
        0.537312062809197,
        0.5450779092130748,
        0.5502123367313411,
        0.5502123367313411,
        0.561893412099948,
        0.5896014805192762,
        0.5896014805192762,
        0.5896014805192762,
        0.597678846685388,
        0.597678846685388,
        0.6076475508914223,
        0.6076475508914223,
        0.6160878842675922,
        0.617151745185465,
        0.617151745185465,
        0.6230745744680409,
        0.6279274888207288,
        0.6300376194675447,
        0.6300376194675447,
        0.6338553984469824,
        0.6338553984469824,
        0.6362017602657185,
        0.6617295782447457,
        0.6617295782447457,
        0.6662654722241366,
        0.6689616862670139,
        0.6740169249225421,
        0.6740169249225421,
        0.6802065388383174,
        0.6802065388383174,
        0.6802065388383174,
        0.6802065388383174,
        0.6802065388383174,
        0.6802065388383174,
        0.6817163661062416,
        0.6817163661062416,
        0.6817163661062416,
        0.6849041784529538,
        0.6849041784529538,
        0.6849041784529538,
        0.6849041784529538,
        0.6849041784529538,
        0.6875975593236547,
        0.6875975593236547,
        0.6875975593236547,
        0.6875975593236547,
        0.6875975593236547,
        0.6902073034490711,
        0.6902073034490711,
        0.6902073034490711,
        0.6902073034490711,
        0.6902073034490711,
        0.6902073034490711,
        0.6902073034490711,
        0.6902073034490711,
        0.6902073034490711,
        0.6902073034490711,
        0.6902073034490711,
        0.6902073034490711,
        0.6902073034490711,
        0.6902073034490711,
        0.6902073034490711,
        0.6902073034490711,
        0.6902073034490711,
        0.6902073034490711,
        0.6902073034490711,
        0.6902073034490711,
        0.6902073034490711,
        0.6902073034490711,
        0.6904457171961703,
        0.6904457171961703,
        0.6975507552894373,
        0.6975507552894373,
        0.6975507552894373,
        0.6977942701196779,
        0.699587529404746,
        0.7133196291709738,
        0.7133196291709738,
        0.73044882642706,
        0.73044882642706,
        0.7328422004502195,
        0.7328422004502195,
        0.7328422004502195,
        0.7328422004502196,
        0.7328422004502196,
        0.7364128406381686,
        0.7364128406381686,
        0.7364128406381687,
        0.7364128406381687,
        0.7364128406381687,
        0.7364128406381687,
        0.7364128406381687,
        0.7364128406381687,
        0.7364128406381687,
        0.7364128406381687,
        0.7364128406381687,
        0.7364128406381687,
        0.7364128406381687,
        0.7364128406381687,
        0.7364128406381687,
        0.7364128406381687,
        0.7364128406381687,
        0.7364128406381687,
        0.7364128406381687,
        0.7364128406381687,
        0.7364128406381687,
        0.7364128406381687,
        0.7364128406381687,
        0.7364128406381687,
        0.7364128406381687,
        0.7364128406381687,
        0.7364128406381687,
        0.7388826066903202,
        0.7409934651302416,
        0.7409934651302416,
        0.7409934651302416,
        0.7409934651302416,
        0.7409934651302416,
        0.7409934651302416,
        0.7409934651302416,
        0.7409934651302416,
        0.7409934651302416,
        0.7409934651302416,
        0.7409934651302416,
        0.7409934651302416,
        0.7409934651302416,
        0.7409934651302416,
        0.7458240637168316,
        0.7458240637168316,
        0.7458240637168316,
        0.7458240637168316,
        0.7458240637168316,
        0.7458240637168316,
        0.7458240637168316,
        0.7458240637168316,
        0.7458240637168316,
        0.746243919366858,
        0.746243919366858,
        0.746243919366858,
        0.746243919366858,
        0.746243919366858,
        0.746243919366858,
        0.746243919366858,
        0.746243919366858,
        0.746243919366858,
        0.746243919366858,
        0.746243919366858,
        0.746243919366858,
        0.746243919366858,
        0.746243919366858,
        0.746243919366858,
        0.746243919366858,
        0.746243919366858,
        0.746243919366858,
        0.746243919366858,
        0.746243919366858,
        0.746243919366858,
        0.746243919366858,
        0.746243919366858,
        0.746243919366858,
        0.746243919366858,
        0.746243919366858,
        0.746243919366858,
        0.746243919366858,
        0.746243919366858,
        0.746243919366858,
        0.746243919366858
    ],