{
    "bestIndiv": [
        [
            14,
            5,
            11,
            27,
            26,
            25,
            24,
            45,
            15,
            31,
            2,
            44,
            18,
            17,
            30,
            16,
            1,
            6,
            41,
            20,
            29,
            19,
            22,
            43,
            3,
            50,
            10,
            12,
            51,
            13,
            46,
            28,
            49,
            21,
            0,
            48,
            40,
            7,
            8,
            9,
            32,
            42,
            38,
            35,
            34,
            33,
            39,
            37,
            47,
            23,
            36,
            4
        ],
        0.71789317385639
    ],
    "best": [
        0.2982676061331995,
        0.2982676061331995,
        0.3062751755692619,
        0.3126196741844691,
        0.3385685236154946,
        0.3409077639617134,
        0.345454187358977,
        0.3565790261996275,
        0.35962528092997836,
        0.35962528092997836,
        0.37824587450641983,
        0.39878304037982326,
        0.4177507145886287,
        0.4177507145886287,
        0.4177507145886287,
        0.4177507145886287,
        0.4247817691934548,
        0.4247817691934548,
        0.4416405719064279,
        0.451047579061903,
        0.451047579061903,
        0.451047579061903,
        0.4599962931976835,
        0.4751161534368995,
        0.4751161534368995,
        0.4829239950934507,
        0.4829239950934507,
        0.4936815756186729,
        0.49560625262841784,
        0.5116687044913468,
        0.5133075424763723,
        0.5332006804496516,
        0.5472799031380443,
        0.5472799031380443,
        0.5472799031380443,
        0.5597117699889932,
        0.5597117699889932,
        0.5597117699889932,
        0.5641980418024745,
        0.5641980418024745,
        0.5699115454680906,
        0.5849258884519499,
        0.5889619901154219,
        0.5889619901154219,
        0.5889619901154219,
        0.5921086065882429,
        0.5935896915154062,
        0.5935896915154062,
        0.5975087615839232,
        0.614586592648482,
        0.614586592648482,
        0.619799348519302,
        0.619799348519302,
        0.619799348519302,
        0.6313153449445936,
        0.6313153449445936,
        0.6381505122776757,
        0.6387097381617792,
        0.6468631176180498,
        0.6468631176180498,
        0.6468631176180498,
        0.6604965001471578,
        0.6604965001471578,
        0.6604965001471578,
        0.6646923871313939,
        0.667685171271407,
        0.667685171271407,
        0.667685171271407,
        0.667685171271407,
        0.6690497469215692,
        0.6690497469215692,
        0.6696269723355347,
        0.6696269723355347,
        0.6712762059631227,
        0.6712762059631227,
        0.6712762059631227,
        0.6712762059631227,
        0.6712762059631227,
        0.6712762059631227,
        0.6712762059631227,
        0.6712762059631227,
        0.6712762059631227,
        0.6724203912036893,
        0.6724203912036893,
        0.6724203912036893,
        0.6724203912036893,
        0.6735981208024948,
        0.6762433513833048,
        0.6762433513833048,
        0.6762433513833048,
        0.6762433513833049,
        0.6762433513833049,
        0.6762433513833049,
        0.6762433513833049,
        0.6762433513833049,
        0.6762433513833049,
        0.6762433513833049,
        0.6762433513833049,
        0.6762433513833049,
        0.6762433513833049,
        0.6762433513833049,
        0.6762433513833049,
        0.6762433513833049,
        0.6775436332901494,
        0.6775436332901494,
        0.6775436332901494,
        0.6775436332901494,
        0.6775436332901494,
        0.6775436332901494,
        0.6775436332901494,
        0.6775436332901494,
        0.6775436332901494,
        0.6828995475687236,
        0.6828995475687236,
        0.6828995475687236,
        0.6828995475687236,
        0.6828995475687236,
        0.6828995475687236,
        0.6828995475687236,
        0.6828995475687236,
        0.6828995475687236,
        0.6828995475687236,
        0.6828995475687236,
        0.6828995475687236,
        0.6828995475687236,
        0.6828995475687236,
        0.6828995475687236,
        0.6828995475687236,
        0.6828995475687236,
        0.6828995475687236,
        0.6828995475687236,
        0.6828995475687236,
        0.6828995475687236,
        0.6828995475687236,
        0.6828995475687236,
        0.6828995475687236,
        0.6828995475687236,
        0.6828995475687236,
        0.6828995475687236,
        0.6828995475687236,
        0.6828995475687236,
        0.6828995475687236,
        0.6828995475687236,
        0.6828995475687236,
        0.6966936392582836,
        0.6966936392582836,
        0.6966936392582836,
        0.6989589117170928,
        0.6989589117170928,
        0.6989589117170928,
        0.7053518201851803,
        0.7053518201851803,
        0.7070716383612486,
        0.7070716383612486,
        0.7070716383612486,
        0.7074119014727831,
        0.7074119014727831,
        0.7074119014727831,
        0.7074119014727831,
        0.7074119014727831,
        0.7114910689979859,
        0.7114910689979859,
        0.7114910689979859,
        0.7114910689979859,
        0.7114910689979859,
        0.7165291834182737,
        0.7165291834182737,
        0.7165291834182737,
        0.7165291834182737,
        0.7165291834182737,
        0.7165291834182737,
        0.7165291834182737,
        0.7165291834182737,
        0.7165291834182737,
        0.7165291834182737,
        0.7165291834182737,
        0.7165291834182737,
        0.7165291834182737,
        0.7165291834182737,
        0.7165291834182737,
        0.7165291834182737,
        0.7165291834182737,
        0.7165291834182737,
        0.7165291834182737,
        0.7165291834182737,
        0.7165291834182737,
        0.7165291834182737,
        0.7165291834182737,
        0.7165291834182737,
        0.7165291834182737,
        0.71789317385639,
        0.71789317385639,
        0.71789317385639,
        0.71789317385639,
        0.71789317385639,
        0.71789317385639,
        0.71789317385639,
        0.71789317385639,
        0.71789317385639,
        0.71789317385639,
        0.71789317385639
    ],