{
    "bestIndiv": [
        [
            12,
            13,
            51,
            10,
            50,
            11,
            32,
            3,
            5,
            23,
            48,
            0,
            30,
            17,
            2,
            6,
            1,
            41,
            16,
            44,
            18,
            31,
            21,
            15,
            28,
            29,
            20,
            22,
            19,
            49,
            43,
            47,
            42,
            9,
            8,
            7,
            40,
            36,
            37,
            14,
            4,
            39,
            38,
            34,
            35,
            33,
            45,
            24,
            27,
            26,
            25,
            46
        ],
        0.7460326676355983
    ],
    "best": [
        0.2843134709142403,
        0.2906506066412067,
        0.30622409399698597,
        0.32320677663267705,
        0.335134938048804,
        0.335134938048804,
        0.3401863825082168,
        0.3458794956294581,
        0.347961709770189,
        0.35335109954299665,
        0.35516414585430667,
        0.3605122160145917,
        0.36659661305385133,
        0.3666735093100547,
        0.37840296912960775,
        0.3869282650170804,
        0.4086780928359773,
        0.4086780928359773,
        0.4086780928359773,
        0.4086780928359773,
        0.4086780928359773,
        0.41260250409030275,
        0.42361232497701357,
        0.4296816253374281,
        0.4296816253374281,
        0.44888587561719845,
        0.44888587561719845,
        0.45734427811494954,
        0.45734427811494954,
        0.4579147707364946,
        0.4579147707364946,
        0.4630772928826074,
        0.46973837872042057,
        0.4700451350490498,
        0.4700451350490498,
        0.4832237289933457,
        0.4996459217606913,
        0.4996459217606913,
        0.4996459217606913,
        0.5023145156518825,
        0.5131582854973944,
        0.525608031405691,
        0.525608031405691,
        0.525608031405691,
        0.5284413534244322,
        0.5436254656856075,
        0.5436254656856077,
        0.5485259160493319,
        0.5510779997356201,
        0.5657234559734406,
        0.5660599984525726,
        0.5660599984525726,
        0.5679245877899215,
        0.5710305907148069,
        0.5718776188751963,
        0.5741632778790469,
        0.5766238691240779,
        0.5798617504854933,
        0.5798617504854933,
        0.5798617504854933,
        0.5879665965043014,
        0.5879665965043014,
        0.5879665965043014,
        0.5897980442694735,
        0.6010960237200138,
        0.6010960237200138,
        0.6010960237200138,
        0.6053295336513903,
        0.6134561408810596,
        0.6175902944038416,
        0.619255029794388,
        0.619255029794388,
        0.619255029794388,
        0.619255029794388,
        0.6205005686809386,
        0.620672748544304,
        0.620672748544304,
        0.620672748544304,
        0.620672748544304,
        0.620672748544304,
        0.6240755426299823,
        0.6240755426299823,
        0.6240755426299823,
        0.6240755426299823,
        0.625740759093567,
        0.625740759093567,
        0.6276792377812366,
        0.6276792377812366,
        0.6287267335168172,
        0.6297392225945978,
        0.6399697770997341,
        0.6417210136538223,
        0.6417210136538223,
        0.6444575987467998,
        0.647304905730625,
        0.6610868812734909,
        0.6610868812734909,
        0.6610868812734909,
        0.6610868812734909,
        0.6610868812734909,
        0.6625008936414621,
        0.6625008936414621,
        0.6625008936414621,
        0.6625008936414621,
        0.6625008936414621,
        0.6625008936414621,
        0.6625008936414621,
        0.6625008936414621,
        0.6625008936414621,
        0.6625008936414621,
        0.6625008936414621,
        0.6625008936414621,
        0.6625008936414621,
        0.6625008936414621,
        0.6625008936414621,
        0.6631857412311565,
        0.6631857412311565,
        0.6638757117974392,
        0.6715796089082794,
        0.6715796089082794,
        0.6715796089082794,
        0.6717802026355157,
        0.6717802026355157,
        0.6717802026355157,
        0.6756819675096152,
        0.6756819675096152,
        0.6756819675096152,
        0.6756819675096152,
        0.6756819675096152,
        0.6756819675096152,
        0.6756819675096152,
        0.6756819675096152,
        0.6756819675096152,
        0.6756819675096152,
        0.6756819675096152,
        0.6756819675096152,
        0.6756819675096152,
        0.6791012691990362,
        0.6791012691990362,
        0.6791012691990362,
        0.6791012691990362,
        0.6822896595817988,
        0.6822896595817988,
        0.6822896595817988,
        0.6822896595817988,
        0.6822896595817988,
        0.6822896595817988,
        0.6822896595817988,
        0.6822896595817988,
        0.6822896595817988,
        0.6822896595817988,
        0.6822896595817988,
        0.6856649183578397,
        0.6856649183578397,
        0.6856649183578397,
        0.6856649183578397,
        0.6856649183578397,
        0.6856649183578397,
        0.6872600259807532,
        0.6872600259807532,
        0.6872600259807532,
        0.6872600259807532,
        0.6872600259807532,
        0.6872600259807532,
        0.6932356948151027,
        0.6932356948151027,
        0.6932356948151027,
        0.6932356948151027,
        0.6932356948151027,
        0.6936175348030055,
        0.6936175348030055,
        0.693912811245095,
        0.693912811245095,
        0.7011548361164633,
        0.7011548361164633,
        0.7011548361164633,
        0.7011548361164633,
        0.7017402102795448,
        0.7030545626190745,
        0.7030545626190745,
        0.7104896825660554,
        0.7104896825660554,
        0.7104896825660554,
        0.7104896825660554,
        0.7109917596715994,
        0.7109917596715994,
        0.7328472508248047,
        0.7415330548078626,
        0.7415330548078626,
        0.7415330548078626,
        0.7422654624379692,
        0.7460326676355983,
        0.7460326676355983,
        0.7460326676355983,
        0.7460326676355983,
        0.7460326676355983,
        0.7460326676355983,
        0.7460326676355983,
        0.7460326676355983,
        0.7460326676355983,
        0.7460326676355983
    ],