{
    "bestIndiv": [
        [
            24,
            4,
            37,
            39,
            38,
            48,
            35,
            14,
            5,
            23,
            47,
            36,
            33,
            43,
            46,
            25,
            3,
            42,
            7,
            40,
            18,
            44,
            31,
            21,
            30,
            16,
            20,
            29,
            1,
            6,
            41,
            17,
            2,
            8,
            9,
            32,
            45,
            15,
            28,
            19,
            22,
            49,
            0,
            34,
            11,
            50,
            10,
            51,
            12,
            13,
            26,
            27
        ],
        0.6803632849555192
    ],
    "best": [
        0.29026853471561676,
        0.3094512125771139,
        0.3094512125771139,
        0.3195327767755154,
        0.3283384765065957,
        0.32910094525152905,
        0.34067368701523887,
        0.3467754350913327,
        0.351547013826582,
        0.3634590183678481,
        0.36569399659926227,
        0.3832124107817373,
        0.3877662263496309,
        0.3877662263496309,
        0.3877662263496309,
        0.413697731138345,
        0.413697731138345,
        0.413697731138345,
        0.413697731138345,
        0.42131409742021475,
        0.42174988479022746,
        0.42902531534873795,
        0.42902531534873795,
        0.42971011545595994,
        0.44129673490136556,
        0.44129673490136556,
        0.44504701559452053,
        0.45034071064523923,
        0.45505706906576204,
        0.4665078127379772,
        0.4665078127379772,
        0.4852264149893788,
        0.4922158548700913,
        0.4971833040008907,
        0.5002204451239007,
        0.5002204451239007,
        0.5094591969695074,
        0.5141193848940607,
        0.5215865404643903,
        0.5340662321924448,
        0.5398081179925113,
        0.5493873096330438,
        0.5664098730888273,
        0.5664098730888273,
        0.5664098730888273,
        0.5664098730888274,
        0.5664098730888274,
        0.5940128730501526,
        0.5940128730501526,
        0.5940128730501526,
        0.5980697177919305,
        0.6055727745174403,
        0.6055727745174403,
        0.6055727745174403,
        0.6150765515248704,
        0.6150765515248704,
        0.6150765515248704,
        0.6232262309177204,
        0.6314618640287362,
        0.6314618640287362,
        0.6314618640287362,
        0.6400545661506468,
        0.6400545661506468,
        0.6435410248477097,
        0.6435410248477097,
        0.6435410248477097,
        0.6435410248477097,
        0.6450407675295422,
        0.6450407675295422,
        0.6450407675295422,
        0.6450407675295422,
        0.6450407675295422,
        0.6450407675295422,
        0.6450407675295422,
        0.6450407675295422,
        0.6450407675295422,
        0.6450407675295422,
        0.6450407675295422,
        0.6452801688129803,
        0.6452801688129803,
        0.6452801688129803,
        0.6452801688129803,
        0.6452801688129803,
        0.6452801688129803,
        0.6452801688129803,
        0.6452801688129803,
        0.6452801688129803,
        0.6452801688129803,
        0.6452801688129803,
        0.6452801688129803,
        0.6452801688129803,
        0.6452801688129803,
        0.6452801688129803,
        0.6452801688129803,
        0.6452801688129803,
        0.6452801688129803,
        0.6452801688129803,
        0.6452801688129803,
        0.6452801688129803,
        0.6452801688129803,
        0.6452801688129803,
        0.6452801688129803,
        0.6452801688129803,
        0.6452801688129803,
        0.6452801688129803,
        0.6452801688129803,
        0.6452801688129803,
        0.6452801688129803,
        0.6452801688129803,
        0.6452801688129803,
        0.6452801688129803,
        0.6452801688129803,
        0.6452801688129803,
        0.6478181955773219,
        0.6478181955773219,
        0.6478181955773219,
        0.6478181955773219,
        0.6573856712964786,
        0.6573856712964786,
        0.6573856712964786,
        0.6573856712964786,
        0.6573856712964786,
        0.6573856712964786,
        0.6573856712964786,
        0.6573856712964786,
        0.6574090368733512,
        0.6613791448645595,
        0.6613791448645595,
        0.6614027951902927,
        0.6778443401280159,
        0.6778443401280159,
        0.6778443401280159,
        0.6778465745107475,
        0.6790498476639696,
        0.6790498476639696,
        0.6790520900012261,
        0.6791101164559735,
        0.6803624113542339,
        0.6803624113542339,
        0.6803624113542339,
        0.6803632849555192,
        0.6803632849555192,
        0.6803632849555192,
        0.6803632849555192,
        0.6803632849555192,
        0.6803632849555192,
        0.6803632849555192,
        0.6803632849555192,
        0.6803632849555192,
        0.6803632849555192,
        0.6803632849555192,
        0.6803632849555192,
        0.6803632849555192,
        0.6803632849555192,
        0.6803632849555192,
        0.6803632849555192,
        0.6803632849555192,
        0.6803632849555192,
        0.6803632849555192,
        0.6803632849555192,
        0.6803632849555192,
        0.6803632849555192,
        0.6803632849555192,
        0.6803632849555192,
        0.6803632849555192,
        0.6803632849555192,
        0.6803632849555192,
        0.6803632849555192,
        0.6803632849555192,
        0.6803632849555192,
        0.6803632849555192,
        0.6803632849555192,
        0.6803632849555192,
        0.6803632849555192,
        0.6803632849555192,
        0.6803632849555192,
        0.6803632849555192,
        0.6803632849555192,
        0.6803632849555192,
        0.6803632849555192,
        0.6803632849555192,
        0.6803632849555192,
        0.6803632849555192,
        0.6803632849555192,
        0.6803632849555192,
        0.6803632849555192,
        0.6803632849555192,
        0.6803632849555192,
        0.6803632849555192,
        0.6803632849555192,
        0.6803632849555192,
        0.6803632849555192,
        0.6803632849555192,
        0.6803632849555192,
        0.6803632849555192,
        0.6803632849555192,
        0.6803632849555192,
        0.6803632849555192,
        0.6803632849555192,
        0.6803632849555192,
        0.6803632849555192
    ],