{
    "bestIndiv": [
        [
            25,
            26,
            12,
            51,
            13,
            46,
            47,
            37,
            4,
            14,
            3,
            5,
            42,
            32,
            50,
            10,
            24,
            23,
            31,
            17,
            2,
            30,
            16,
            41,
            6,
            1,
            20,
            22,
            21,
            0,
            19,
            29,
            28,
            49,
            15,
            43,
            34,
            35,
            33,
            39,
            36,
            38,
            44,
            18,
            40,
            7,
            8,
            9,
            48,
            45,
            11,
            27
        ],
        0.7203712845363562
    ],
    "best": [
        0.2990230781085101,
        0.3085141784697704,
        0.3160377563199851,
        0.3226764639730248,
        0.32823540330793893,
        0.33339147361308785,
        0.34713497446103897,
        0.34713497446103897,
        0.34816671601027677,
        0.36092880920805415,
        0.3798648644854357,
        0.3798648644854357,
        0.3798648644854357,
        0.3904883117209661,
        0.3946222288910309,
        0.4343978277829524,
        0.4343978277829524,
        0.44453454060007547,
        0.44453454060007547,
        0.44762905853079576,
        0.44762905853079576,
        0.45090743487164664,
        0.4577038073462013,
        0.4577038073462013,
        0.4577038073462013,
        0.4577038073462013,
        0.4577038073462013,
        0.463985656873956,
        0.4657039236304584,
        0.4657039236304584,
        0.4657039236304584,
        0.4692618390911422,
        0.4692618390911422,
        0.47031880447088836,
        0.4733318660134919,
        0.479354161153245,
        0.4819352283358944,
        0.4819352283358944,
        0.48623371257441966,
        0.48623371257441966,
        0.4952522689746372,
        0.4962674078359975,
        0.4962674078359975,
        0.5009954566330185,
        0.5009954566330185,
        0.5065247941553084,
        0.5065247941553084,
        0.5065247941553084,
        0.5078708918701135,
        0.5078708918701135,
        0.5106278648594285,
        0.5134283717330987,
        0.513508574673677,
        0.5143993136910898,
        0.515008933530222,
        0.515008933530222,
        0.5203867292736755,
        0.5223153355979744,
        0.5223153355979744,
        0.5306009885434289,
        0.5306009885434289,
        0.5306009885434289,
        0.5306009885434289,
        0.5306009885434289,
        0.5406587526342731,
        0.5406587526342731,
        0.552642363843233,
        0.552642363843233,
        0.552642363843233,
        0.5565387056300214,
        0.5565387056300214,
        0.564301808165394,
        0.5680305345362923,
        0.5680305345362923,
        0.5728294475201454,
        0.5791288163168508,
        0.5884532758188197,
        0.5884532758188197,
        0.5884532758188197,
        0.6012716242350483,
        0.6012716242350483,
        0.6012716242350483,
        0.6012716242350483,
        0.6012716242350483,
        0.6067535772620454,
        0.6067535772620454,
        0.6067535772620454,
        0.6067535772620454,
        0.6363439490374494,
        0.6365606975393258,
        0.6365606975393258,
        0.6399334326525739,
        0.6527024169079684,
        0.6703967945790185,
        0.6703967945790185,
        0.6728166555984745,
        0.6728166555984745,
        0.6758090814428567,
        0.6758090814428567,
        0.6773447787524998,
        0.6798151509307568,
        0.6805251252269855,
        0.6820175807713986,
        0.6875139095581174,
        0.6885313361527096,
        0.6885313361527096,
        0.6885313361527096,
        0.6885313361527096,
        0.6885313361527096,
        0.6885313361527096,
        0.6885313361527096,
        0.6885313361527096,
        0.6885313361527096,
        0.6885313361527096,
        0.6885313361527096,
        0.6885313361527096,
        0.6885313361527096,
        0.6885313361527096,
        0.6885313361527096,
        0.6885313361527096,
        0.6885313361527096,
        0.6885313361527096,
        0.6885313361527096,
        0.6885313361527096,
        0.6885313361527096,
        0.6885313361527096,
        0.6885313361527096,
        0.6885313361527096,
        0.6885313361527096,
        0.6885313361527096,
        0.6885313361527096,
        0.6885313361527096,
        0.6885313361527096,
        0.6885313361527096,
        0.6885313361527096,
        0.6885313361527096,
        0.6885313361527096,
        0.6885313361527096,
        0.6885313361527096,
        0.6885313361527096,
        0.6885313361527096,
        0.6885313361527096,
        0.6885313361527096,
        0.6885313361527096,
        0.6885313361527096,
        0.6885313361527096,
        0.6885313361527096,
        0.6885313361527096,
        0.6885313361527096,
        0.6885313361527096,
        0.6885313361527096,
        0.6885313361527096,
        0.6885313361527096,
        0.7032156608781787,
        0.7032156608781787,
        0.7040164468773704,
        0.7040164468773704,
        0.7040164468773704,
        0.7040164468773704,
        0.7040164468773704,
        0.7040164468773704,
        0.7040164468773704,
        0.7040164468773704,
        0.7040164468773704,
        0.7040164468773704,
        0.7040164468773704,
        0.7040164468773704,
        0.7040164468773704,
        0.7040164468773704,
        0.7040164468773704,
        0.7040164468773704,
        0.7040164468773704,
        0.7040164468773704,
        0.7040164468773704,
        0.7040164468773704,
        0.7040164468773704,
        0.7040164468773704,
        0.7180422485966336,
        0.7180422485966336,
        0.7180422485966336,
        0.7180422485966336,
        0.7180422485966336,
        0.7180422485966336,
        0.7180422485966336,
        0.7180422485966336,
        0.7180422485966336,
        0.7180422485966336,
        0.7180422485966336,
        0.7180422485966336,
        0.7180422485966336,
        0.7180422485966336,
        0.7180422485966336,
        0.7180422485966336,
        0.7203712845363562,
        0.7203712845363562,
        0.7203712845363562,
        0.7203712845363562,
        0.7203712845363562,
        0.7203712845363562,
        0.7203712845363562,
        0.7203712845363562
    ],