{
    "bestIndiv": [
        [
            24,
            42,
            32,
            50,
            11,
            27,
            25,
            26,
            12,
            10,
            51,
            13,
            46,
            15,
            36,
            39,
            3,
            5,
            40,
            7,
            9,
            8,
            44,
            18,
            17,
            2,
            16,
            30,
            21,
            0,
            34,
            48,
            31,
            38,
            35,
            33,
            22,
            19,
            49,
            29,
            20,
            41,
            1,
            6,
            28,
            43,
            37,
            14,
            4,
            23,
            47,
            45
        ],
        0.7315742545462698
    ],
    "best": [
        0.28629774866658764,
        0.2897114352757037,
        0.3062786568377291,
        0.3155551589935259,
        0.32090219881006404,
        0.32583780293549114,
        0.3288727739653844,
        0.3450261841325893,
        0.347475496902264,
        0.3480123903379816,
        0.35886800456297546,
        0.3846309604840841,
        0.38829755153837897,
        0.39069204563163484,
        0.40318808085133423,
        0.40318808085133423,
        0.40318808085133423,
        0.4168937975754417,
        0.4168937975754417,
        0.4274553374135043,
        0.44231697578915125,
        0.49198766345885725,
        0.49198766345885725,
        0.49198766345885725,
        0.5010600604772869,
        0.5010600604772869,
        0.5179093659847199,
        0.5179093659847199,
        0.5205266169404049,
        0.5337997121429074,
        0.5370245758159766,
        0.5619799251398546,
        0.5619799251398546,
        0.5619799251398546,
        0.5619799251398546,
        0.5702357128630078,
        0.5795174703983043,
        0.5870648330230093,
        0.5870648330230093,
        0.5870648330230093,
        0.5870648330230093,
        0.5870648330230093,
        0.5870648330230093,
        0.6036291469382411,
        0.605218253882544,
        0.605218253882544,
        0.605218253882544,
        0.6059158517831006,
        0.6181803313589861,
        0.6181803313589861,
        0.6300207503870114,
        0.6300207503870114,
        0.6300207503870114,
        0.6300207503870114,
        0.6343305420393476,
        0.6442386653412486,
        0.6442386653412486,
        0.6485118915217982,
        0.6485118915217982,
        0.6586161585543107,
        0.658871604634286,
        0.662944464723698,
        0.6647977829348656,
        0.6787043039673034,
        0.6787043039673034,
        0.6787043039673034,
        0.6787043039673034,
        0.6855082422907859,
        0.6855082422907859,
        0.6855082422907859,
        0.6855082422907859,
        0.6855082422907859,
        0.6855082422907859,
        0.6855082422907859,
        0.6855082422907859,
        0.6855082422907859,
        0.6855082422907859,
        0.6855082422907859,
        0.6855082422907859,
        0.6855082422907859,
        0.6855082422907859,
        0.6855082422907859,
        0.6855082422907859,
        0.6855082422907859,
        0.685508242290786,
        0.685508242290786,
        0.685508242290786,
        0.685508242290786,
        0.685508242290786,
        0.685508242290786,
        0.685508242290786,
        0.685508242290786,
        0.685508242290786,
        0.685508242290786,
        0.685508242290786,
        0.6864012886791209,
        0.6864012886791209,
        0.6864012886791209,
        0.6864012886791209,
        0.6864012886791209,
        0.6868814753889135,
        0.6868814753889135,
        0.6921218715284956,
        0.6921218715284956,
        0.6921218715284956,
        0.6921218715284956,
        0.6924339211641299,
        0.6924339211641299,
        0.6924339211641299,
        0.6924339211641299,
        0.6924339211641299,
        0.6924339211641299,
        0.6924339211641299,
        0.6956117501972482,
        0.6956117501972482,
        0.6956117501972482,
        0.6956117501972482,
        0.6956117501972482,
        0.6956117501972482,
        0.6956117501972482,
        0.6956117501972482,
        0.6956117501972482,
        0.6956117501972482,
        0.6956117501972482,
        0.6956117501972482,
        0.6956117501972482,
        0.6956117501972482,
        0.6956117501972482,
        0.6956117501972482,
        0.6956117501972482,
        0.6956117501972482,
        0.6956117501972482,
        0.7035227601853061,
        0.7035227601853061,
        0.7035227601853061,
        0.7035227601853061,
        0.7035227601853061,
        0.7035227601853061,
        0.7035227601853061,
        0.7035227601853061,
        0.7035227601853061,
        0.7035227601853061,
        0.7036146287835726,
        0.7036146287835726,
        0.7134436429186605,
        0.7135381209707204,
        0.7135381209707204,
        0.7135381209707204,
        0.7135381209707204,
        0.7135381209707207,
        0.7135381209707207,
        0.7135381209707207,
        0.7135381209707207,
        0.7165511726593085,
        0.7165511726593085,
        0.7165511726593085,
        0.7165511726593085,
        0.7165511726593085,
        0.7186785030372739,
        0.7186785030372739,
        0.7186785030372739,
        0.7186785030372739,
        0.7187489186558979,
        0.7187489186558979,
        0.7187489186558979,
        0.7194194305753248,
        0.7209182555916419,
        0.7209182555916419,
        0.7209182555916419,
        0.7215409290711036,
        0.7215928230133642,
        0.7215928230133642,
        0.7215928230133642,
        0.7215928230133642,
        0.7215928230133642,
        0.7215928230133642,
        0.7287398784775536,
        0.7287398784775536,
        0.7287398784775536,
        0.7287398784775536,
        0.7287398784775536,
        0.7287398784775536,
        0.7287398784775536,
        0.7287398784775536,
        0.7287398784775536,
        0.7287398784775536,
        0.7287398784775536,
        0.7287398784775536,
        0.7287398784775536,
        0.7287398784775536,
        0.7287398784775536,
        0.7287398784775536,
        0.7287398784775536,
        0.7287398784775536,
        0.7287398784775536,
        0.7287398784775536,
        0.7315742545462698,
        0.7315742545462698,
        0.7315742545462698,
        0.7315742545462698,
        0.7315742545462698
    ],