{
    "bestIndiv": [
        [
            14,
            5,
            39,
            38,
            34,
            35,
            33,
            36,
            47,
            23,
            11,
            50,
            10,
            26,
            25,
            46,
            13,
            51,
            12,
            27,
            24,
            3,
            4,
            37,
            45,
            19,
            29,
            22,
            17,
            2,
            30,
            21,
            43,
            15,
            28,
            49,
            0,
            18,
            40,
            7,
            16,
            20,
            41,
            6,
            1,
            48,
            31,
            44,
            9,
            8,
            32,
            42
        ],
        0.7190231468310551
    ],
    "best": [
        0.29026853471561676,
        0.3094512125771139,
        0.3094512125771139,
        0.3195327767755154,
        0.3283384765065957,
        0.32910094525152905,
        0.34067368701523887,
        0.3467754350913327,
        0.351547013826582,
        0.3634590183678481,
        0.36569399659926227,
        0.3832124107817373,
        0.3877662263496309,
        0.3877662263496309,
        0.3877662263496309,
        0.413697731138345,
        0.413697731138345,
        0.413697731138345,
        0.413697731138345,
        0.42131409742021475,
        0.42174988479022746,
        0.42902531534873795,
        0.42902531534873795,
        0.4342057587691589,
        0.4452900444099556,
        0.44869213196697316,
        0.44869213196697316,
        0.4524330765238624,
        0.4616742493285518,
        0.4616742493285518,
        0.4726392493473358,
        0.47538656475426894,
        0.47875002928643745,
        0.47875002928643745,
        0.47875002928643745,
        0.4863628735770437,
        0.49243656843657874,
        0.4997439577101719,
        0.5017643378815192,
        0.5046236587148429,
        0.5081728441702038,
        0.509543819819173,
        0.515482340413865,
        0.515482340413865,
        0.515482340413865,
        0.5155509735589962,
        0.5299443695803301,
        0.5299443695803301,
        0.5301913895562825,
        0.5301913895562825,
        0.5377285492612528,
        0.5377285492612528,
        0.5403588535513717,
        0.5514148282679076,
        0.5514148282679076,
        0.5514148282679076,
        0.5567538355965196,
        0.5567538355965196,
        0.5685041077095866,
        0.5685041077095866,
        0.5814857114001272,
        0.5814857114001272,
        0.5814857114001272,
        0.5894812841567384,
        0.5894812841567384,
        0.5900907921470511,
        0.5957626672452728,
        0.5957626672452728,
        0.5957626672452728,
        0.5982217159467946,
        0.5992674254545778,
        0.5992674254545778,
        0.6004282877015281,
        0.6004282877015281,
        0.6072684441060955,
        0.6072684441060955,
        0.6072684441060955,
        0.6072684441060955,
        0.6072684441060955,
        0.6072684441060955,
        0.6091311166834762,
        0.6141407423228356,
        0.6141407423228356,
        0.6141407423228356,
        0.6162817556144088,
        0.6163048196491501,
        0.6178805886922863,
        0.6187047107774898,
        0.6296259636357171,
        0.6422470543682541,
        0.6422470543682541,
        0.6422470543682541,
        0.6422470543682541,
        0.6652092506269711,
        0.6652092506269711,
        0.6652092506269711,
        0.6652092506269711,
        0.672253013231119,
        0.672253013231119,
        0.672253013231119,
        0.672253013231119,
        0.672253013231119,
        0.672253013231119,
        0.672253013231119,
        0.672253013231119,
        0.6724290701734218,
        0.6724290701734218,
        0.6724290701734218,
        0.6724290701734218,
        0.6724290701734218,
        0.6724290701734218,
        0.6724290701734218,
        0.6724290701734218,
        0.6724290701734218,
        0.6724290701734218,
        0.6724290701734218,
        0.6724290701734218,
        0.6724290701734218,
        0.6724290701734218,
        0.6724290701734218,
        0.6724290701734218,
        0.6724290701734218,
        0.6724290701734218,
        0.6724290701734218,
        0.6724290701734218,
        0.6724290701734218,
        0.6724290701734218,
        0.6724290701734218,
        0.6724290701734218,
        0.6724290701734218,
        0.6724290701734218,
        0.6724290701734218,
        0.6724290701734218,
        0.6724290701734218,
        0.6724290701734218,
        0.6724290701734218,
        0.6724290701734218,
        0.6763560376748935,
        0.6763560376748935,
        0.6794868359120518,
        0.6794868359120518,
        0.6794868359120518,
        0.6794868359120518,
        0.6794868359120518,
        0.680072749555985,
        0.680072749555985,
        0.680072749555985,
        0.6877691103766941,
        0.6877691103766941,
        0.6939511741134436,
        0.7019667146527011,
        0.7019667146527011,
        0.702592055712628,
        0.702592055712628,
        0.7025920557126281,
        0.7025920557126281,
        0.7035841799441315,
        0.7035841799441315,
        0.7035841799441315,
        0.7035841799441315,
        0.7035841799441315,
        0.7035841799441315,
        0.7035841799441315,
        0.7035841799441315,
        0.703967031452528,
        0.703967031452528,
        0.703967031452528,
        0.703967031452528,
        0.7077885194196692,
        0.7077885194196692,
        0.7077885194196692,
        0.7077885194196692,
        0.7102136239593903,
        0.7102136239593903,
        0.7102136239593903,
        0.7102136239593903,
        0.7102136239593903,
        0.7102238339718545,
        0.7102238339718545,
        0.7102238339718545,
        0.7102238339718545,
        0.7102238339718545,
        0.7102238339718545,
        0.7102238339718545,
        0.7102238339718545,
        0.7102238339718545,
        0.7102238339718545,
        0.7102238339718545,
        0.7102238339718545,
        0.7102238339718545,
        0.7102238339718545,
        0.7102238339718545,
        0.7102238339718545,
        0.710839608999827,
        0.710839608999827,
        0.7164774563944076,
        0.7164774563944076,
        0.7164774563944076,
        0.7164774563944077,
        0.7164774563944077,
        0.7190231468310551
    ],