{
    "bestIndiv": [
        [
            28,
            29,
            1,
            6,
            41,
            20,
            22,
            19,
            49,
            43,
            0,
            21,
            17,
            2,
            16,
            30,
            31,
            48,
            33,
            37,
            14,
            5,
            3,
            42,
            32,
            50,
            10,
            11,
            24,
            4,
            23,
            36,
            35,
            34,
            44,
            18,
            40,
            9,
            8,
            7,
            38,
            39,
            47,
            25,
            46,
            13,
            51,
            12,
            26,
            27,
            45,
            15
        ],
        0.7754940926345468
    ],
    "best": [
        0.2938599743734584,
        0.31655391838602787,
        0.3220704600595441,
        0.3325292656003792,
        0.3359368101584656,
        0.3359368101584656,
        0.3359368101584656,
        0.35433211992820357,
        0.3565622798856619,
        0.3688247734423392,
        0.3762570208168139,
        0.3823891960421246,
        0.4025440058525717,
        0.4025440058525717,
        0.4055897105542631,
        0.40712818051539557,
        0.43759380136090775,
        0.44518191465655266,
        0.4459422176910763,
        0.48671762063710855,
        0.48671762063710855,
        0.48671762063710855,
        0.48671762063710855,
        0.505147474604108,
        0.5234578029628053,
        0.5234578029628053,
        0.5810593367243921,
        0.5810593367243921,
        0.5810593367243921,
        0.583471740206918,
        0.5961934330796946,
        0.5961934330796946,
        0.6005603900430805,
        0.6146019917356493,
        0.6146019917356493,
        0.616674779497832,
        0.6250270719804049,
        0.6307675219492364,
        0.6307675219492364,
        0.6339238531258765,
        0.6494538277238557,
        0.6494538277238557,
        0.6546473500089202,
        0.6601893450346988,
        0.6601893450346988,
        0.6601893450346988,
        0.6601893450346988,
        0.6601893450346988,
        0.6630800546918224,
        0.6630800546918224,
        0.6787238570088497,
        0.6787238570088497,
        0.6787238570088497,
        0.6817795313769386,
        0.6829328903210482,
        0.6829328903210482,
        0.6892847017114304,
        0.6892847017114304,
        0.6892847017114304,
        0.6944648943699732,
        0.6944648943699732,
        0.6946521377491689,
        0.6979502687853852,
        0.699110065319497,
        0.7086787280800787,
        0.7086787280800787,
        0.7086787280800787,
        0.7121117263563419,
        0.72185003007805,
        0.72185003007805,
        0.72185003007805,
        0.7218500300780502,
        0.7218500300780502,
        0.7218500300780502,
        0.7218500300780502,
        0.7218500300780502,
        0.7243133082399174,
        0.7243133082399174,
        0.7243133082399174,
        0.7243133082399174,
        0.7243133082399174,
        0.7243133082399174,
        0.7243133082399174,
        0.7243133082399174,
        0.7355896436372048,
        0.7355896436372048,
        0.7355896436372049,
        0.7355896436372049,
        0.7355896436372049,
        0.7355896436372049,
        0.7374368497943133,
        0.7374368497943133,
        0.7390098374481688,
        0.7396688170313243,
        0.7479192868873275,
        0.7514507880108046,
        0.7518736461166566,
        0.7550204256806756,
        0.7550204256806756,
        0.7550204256806756,
        0.7550204256806757,
        0.7550204256806757,
        0.7550204256806757,
        0.7550204256806757,
        0.7550204256806757,
        0.7550204256806757,
        0.7550204256806757,
        0.7550204256806757,
        0.7550204256806757,
        0.7550204256806757,
        0.7550204256806757,
        0.7550204256806757,
        0.7550204256806757,
        0.7550204256806757,
        0.7550204256806757,
        0.7550204256806757,
        0.7550204256806757,
        0.7550204256806757,
        0.7550204256806757,
        0.7550204256806757,
        0.7550204256806757,
        0.7557936642493673,
        0.7557936642493673,
        0.7557936642493673,
        0.7557936642493673,
        0.7557936642493673,
        0.7557936642493673,
        0.7714913027611362,
        0.7714913027611362,
        0.7714913027611362,
        0.7714913027611362,
        0.7714913027611362,
        0.7714913027611362,
        0.7714913027611362,
        0.7714913027611362,
        0.7714913027611362,
        0.7714913027611362,
        0.7714913027611362,
        0.7714913027611362,
        0.7714913027611362,
        0.7714913027611362,
        0.7714913027611362,
        0.7714913027611362,
        0.7714913027611362,
        0.7714913027611362,
        0.7714913027611362,
        0.7714913027611362,
        0.7714913027611362,
        0.7714913027611362,
        0.7714913027611362,
        0.7714913027611362,
        0.7714913027611362,
        0.7714913027611362,
        0.7714913027611362,
        0.7714913027611362,
        0.7714913027611362,
        0.7735045407288285,
        0.7735045407288285,
        0.7735045407288285,
        0.7735045407288285,
        0.7735045407288285,
        0.7735045407288285,
        0.7735045407288285,
        0.7735045407288285,
        0.7735045407288285,
        0.7735045407288285,
        0.7735045407288285,
        0.7735045407288285,
        0.7735045407288285,
        0.7746498261908153,
        0.7746498261908153,
        0.7746498261908153,
        0.7746498261908153,
        0.7746498261908153,
        0.7746498261908153,
        0.7746498261908153,
        0.7746498261908153,
        0.7754940926345468,
        0.7754940926345468,
        0.7754940926345468,
        0.7754940926345468,
        0.7754940926345468,
        0.7754940926345468,
        0.7754940926345468,
        0.7754940926345468,
        0.7754940926345468,
        0.7754940926345468,
        0.7754940926345468,
        0.7754940926345468,
        0.7754940926345468,
        0.7754940926345468,
        0.7754940926345468,
        0.7754940926345468,
        0.7754940926345468,
        0.7754940926345468,
        0.7754940926345468,
        0.7754940926345468,
        0.7754940926345468,
        0.7754940926345468,
        0.7754940926345468,
        0.7754940926345468
    ],