{
    "bestIndiv": [
        [
            23,
            47,
            4,
            14,
            42,
            32,
            50,
            11,
            25,
            46,
            15,
            0,
            21,
            30,
            19,
            29,
            41,
            1,
            6,
            16,
            2,
            17,
            31,
            27,
            26,
            10,
            51,
            13,
            12,
            28,
            49,
            22,
            20,
            18,
            7,
            9,
            8,
            40,
            44,
            43,
            45,
            24,
            3,
            5,
            48,
            35,
            33,
            34,
            38,
            36,
            39,
            37
        ],
        0.6922934515490451
    ],
    "best": [
        0.2970436211377127,
        0.30105987639885745,
        0.30105987639885745,
        0.3145075994815273,
        0.3271614570397743,
        0.32978693600841474,
        0.34328622139909115,
        0.34328622139909115,
        0.3499585747514493,
        0.3590443568647691,
        0.3590443568647691,
        0.36381897004550773,
        0.37445388538099217,
        0.3826171864443883,
        0.3826171864443883,
        0.39574903621928376,
        0.39574903621928376,
        0.39994260436691514,
        0.4108825603342869,
        0.42539461664598505,
        0.4487362887845184,
        0.4487362887845184,
        0.4487362887845184,
        0.4487362887845184,
        0.4535652026767518,
        0.4535652026767518,
        0.4535652026767518,
        0.4707342647323835,
        0.4707342647323835,
        0.47237744608225196,
        0.49411552722276497,
        0.49411552722276497,
        0.49411552722276497,
        0.49411552722276497,
        0.49411552722276497,
        0.5121831528768376,
        0.5121831528768376,
        0.5121831528768376,
        0.5209619857979222,
        0.5209619857979222,
        0.5290549362140545,
        0.5345154870580191,
        0.5345154870580191,
        0.5345154870580191,
        0.5345154870580191,
        0.5471736719665412,
        0.5471736719665412,
        0.5471736719665412,
        0.551927947899318,
        0.5599609640309464,
        0.5630974214413995,
        0.5740811581158519,
        0.575256385454643,
        0.5797725995171996,
        0.5806869209082447,
        0.5806869209082447,
        0.5928871094869019,
        0.5928871094869019,
        0.5928871094869019,
        0.5967229764023416,
        0.5979886690437642,
        0.5979886690437642,
        0.5979886690437642,
        0.5999133300607518,
        0.6031024946409804,
        0.6055675261402764,
        0.6065925163691517,
        0.6065925163691517,
        0.6065925163691517,
        0.606997940524298,
        0.606997940524298,
        0.606997940524298,
        0.6093136739663703,
        0.6093136739663703,
        0.6093136739663703,
        0.6093136739663703,
        0.60933686133204,
        0.60933686133204,
        0.60933686133204,
        0.60933686133204,
        0.60933686133204,
        0.6114858005895815,
        0.6114858005895815,
        0.6131603590657609,
        0.6193573896288279,
        0.6193573896288279,
        0.6235050329566296,
        0.6246428543518078,
        0.6246428543518078,
        0.6255522737646987,
        0.6255522737646987,
        0.6259389132601971,
        0.6259389132601971,
        0.6259389132601971,
        0.6259389132601971,
        0.6262423690948359,
        0.6335427587367141,
        0.6339393419186587,
        0.6339393419186587,
        0.6339393419186587,
        0.6370407235767642,
        0.6370407235767642,
        0.6370407235767643,
        0.6370407235767643,
        0.6370407235767643,
        0.6468264157065047,
        0.6468264157065047,
        0.6468264157065047,
        0.6468264157065047,
        0.6487880330603825,
        0.6494134371967971,
        0.6494134371967971,
        0.6494134371967971,
        0.6494134371967971,
        0.6513908011290925,
        0.6513908011290925,
        0.6513908011290925,
        0.6513908011290925,
        0.6513908011290925,
        0.6513908011290925,
        0.6513908011290925,
        0.6513908011290925,
        0.6513908011290925,
        0.6513908011290925,
        0.6513908011290925,
        0.6513908011290925,
        0.6513908011290925,
        0.6513908011290925,
        0.6513908011290925,
        0.6513908011290925,
        0.6513908011290925,
        0.6513908011290925,
        0.6513908011290925,
        0.6513908011290925,
        0.6513908011290925,
        0.6513908011290925,
        0.6513908011290925,
        0.6513908011290925,
        0.6513908011290925,
        0.6513908011290925,
        0.6513908011290925,
        0.6513908011290925,
        0.6513908011290925,
        0.6513908011290925,
        0.6513908011290925,
        0.6513908011290925,
        0.6513908011290925,
        0.6513908011290925,
        0.6553617628264707,
        0.6553617628264707,
        0.6553617628264707,
        0.6553617628264707,
        0.6553617628264707,
        0.6553617628264707,
        0.6553617628264707,
        0.6553617628264707,
        0.6553617628264707,
        0.6565402428642206,
        0.6565402428642206,
        0.6565402428642206,
        0.6565402428642206,
        0.6706066126842471,
        0.6706066126842471,
        0.6724294013690438,
        0.6724294013690438,
        0.6724294013690438,
        0.6724294013690438,
        0.6724294013690438,
        0.6724294013690438,
        0.6724294013690438,
        0.6724294013690438,
        0.6724294013690438,
        0.6724294013690438,
        0.6760627797984503,
        0.6760627797984503,
        0.6760627797984503,
        0.6760627797984503,
        0.6814543177176899,
        0.6814543177176899,
        0.6814543177176899,
        0.6814543177176899,
        0.6814543177176899,
        0.6814543177176899,
        0.6814543177176899,
        0.6814543177176899,
        0.6814543177176899,
        0.6814543177176899,
        0.6814543177176899,
        0.6814543177176899,
        0.6814543177176899,
        0.6922934515490451,
        0.6922934515490451,
        0.6922934515490451,
        0.6922934515490451,
        0.6922934515490451,
        0.6922934515490451,
        0.6922934515490451,
        0.6922934515490451,
        0.6922934515490451,
        0.6922934515490451,
        0.6922934515490451
    ],