{
    "bestIndiv": [
        [
            34,
            48,
            31,
            21,
            30,
            49,
            19,
            29,
            28,
            15,
            43,
            45,
            14,
            4,
            37,
            39,
            36,
            47,
            23,
            5,
            24,
            3,
            8,
            9,
            7,
            40,
            18,
            2,
            16,
            17,
            20,
            6,
            1,
            41,
            22,
            0,
            44,
            42,
            32,
            50,
            11,
            10,
            51,
            13,
            12,
            26,
            46,
            25,
            27,
            38,
            35,
            33
        ],
        0.7767872602853628
    ],
    "best": [
        0.29083059519524995,
        0.30732207312234444,
        0.3091925075005319,
        0.3174008309080457,
        0.3174008309080457,
        0.3228244309695114,
        0.34139237460819455,
        0.34139237460819455,
        0.35494893096311697,
        0.35494893096311697,
        0.35494893096311697,
        0.3705289213413204,
        0.3705289213413204,
        0.39472041503218414,
        0.43161481601381674,
        0.43279231051214,
        0.43279231051214,
        0.43279231051214,
        0.44122308441164176,
        0.44886934839834436,
        0.44886934839834436,
        0.454921220997454,
        0.46200515818677607,
        0.47477885837234507,
        0.47477885837234507,
        0.48694084130852683,
        0.48694084130852683,
        0.4869408413085269,
        0.49177421810863614,
        0.4943659627735194,
        0.49890447298991475,
        0.5098460061238483,
        0.5098460061238483,
        0.5125387330349308,
        0.5125387330349308,
        0.5219343018635336,
        0.5219343018635336,
        0.5219343018635336,
        0.526874440815105,
        0.5283455618231477,
        0.5283455618231477,
        0.549851948942395,
        0.5498519489423951,
        0.5540407378405452,
        0.5696305547048355,
        0.5696305547048355,
        0.5696305547048355,
        0.5696305547048355,
        0.5696305547048356,
        0.5786724134204485,
        0.5786724134204485,
        0.6030471134319684,
        0.6030471134319684,
        0.6030471134319684,
        0.6030471134319684,
        0.6066084718564569,
        0.6066084718564569,
        0.6066084718564569,
        0.6266877007147172,
        0.6266877007147172,
        0.6266877007147172,
        0.6387872263775813,
        0.6467678258183347,
        0.6467678258183347,
        0.6572497347449622,
        0.6642528723327408,
        0.6642528723327409,
        0.6692475645131852,
        0.6823002770625528,
        0.6823002770625528,
        0.6875711394085237,
        0.7039286273941178,
        0.7039286273941179,
        0.7163988920967739,
        0.7163988920967739,
        0.7163988920967739,
        0.7168330282596734,
        0.7173345537869942,
        0.7241794544088297,
        0.7241794544088297,
        0.7260414066435211,
        0.7260414066435211,
        0.728033830318183,
        0.728033830318183,
        0.7353896082403499,
        0.7421282152066997,
        0.7456532591731263,
        0.7456532591731263,
        0.7456532591731263,
        0.7456532591731263,
        0.7456532591731263,
        0.7456532591731263,
        0.7456532591731263,
        0.7456532591731263,
        0.7456532591731263,
        0.7456532591731263,
        0.7456532591731263,
        0.7587228708273132,
        0.7587228708273132,
        0.7634785208662024,
        0.7634785208662024,
        0.7634785208662024,
        0.7634785208662024,
        0.7634785208662024,
        0.7634785208662024,
        0.7634785208662024,
        0.7634785208662024,
        0.7634785208662024,
        0.7634785208662024,
        0.7634785208662024,
        0.7634785208662024,
        0.7634785208662024,
        0.7634785208662024,
        0.7634785208662024,
        0.7634785208662024,
        0.7634785208662024,
        0.7634785208662024,
        0.7634785208662024,
        0.7634785208662024,
        0.7645321867896429,
        0.7688128429239564,
        0.7688128429239564,
        0.7688128429239564,
        0.7688128429239564,
        0.7688128429239564,
        0.7688128429239564,
        0.7688128429239564,
        0.7688128429239564,
        0.7688128429239564,
        0.7688128429239564,
        0.7688128429239564,
        0.7688128429239564,
        0.7688128429239564,
        0.7688128429239564,
        0.7688128429239564,
        0.7688128429239564,
        0.7688128429239564,
        0.7688128429239564,
        0.7688128429239564,
        0.7688128429239564,
        0.7688128429239564,
        0.7688128429239564,
        0.7688128429239564,
        0.7688128429239564,
        0.7688128429239564,
        0.7688128429239564,
        0.7688128429239564,
        0.7688128429239564,
        0.7688128429239564,
        0.7688128429239564,
        0.7688128429239564,
        0.7688128429239564,
        0.7688128429239564,
        0.7688128429239564,
        0.7688128429239564,
        0.7688128429239564,
        0.7688128429239564,
        0.7688128429239564,
        0.7688128429239564,
        0.7688128429239564,
        0.7688128429239564,
        0.7688128429239564,
        0.7688128429239564,
        0.7688128429239564,
        0.7688128429239564,
        0.7730111587289706,
        0.7730111587289706,
        0.7730111587289706,
        0.7730111587289706,
        0.7730111587289706,
        0.7730111587289706,
        0.7730111587289706,
        0.7730111587289706,
        0.7730111587289706,
        0.7730111587289706,
        0.7730111587289706,
        0.7730111587289706,
        0.7730111587289706,
        0.7730111587289706,
        0.7730111587289706,
        0.7730111587289706,
        0.7730111587289706,
        0.7730111587289706,
        0.7730111587289706,
        0.7730111587289706,
        0.7730111587289706,
        0.7730111587289706,
        0.7730111587289706,
        0.7730111587289706,
        0.7730111587289706,
        0.7730111587289706,
        0.7730111587289706,
        0.7730111587289706,
        0.7730111587289706,
        0.7730111587289706,
        0.7730111587289706,
        0.7730111587289706,
        0.7743792432675474,
        0.7743792432675474,
        0.7767872602853628,
        0.7767872602853628
    ],