{
    "bestIndiv": [
        [
            2,
            40,
            7,
            18,
            3,
            14,
            39,
            38,
            35,
            34,
            33,
            31,
            48,
            9,
            8,
            16,
            41,
            1,
            6,
            29,
            20,
            22,
            30,
            0,
            21,
            19,
            49,
            28,
            15,
            45,
            47,
            23,
            5,
            4,
            37,
            36,
            43,
            24,
            11,
            27,
            10,
            51,
            13,
            12,
            25,
            46,
            26,
            50,
            32,
            42,
            44,
            17
        ],
        0.7254489385061191
    ],
    "best": [
        0.2856811492242353,
        0.2961299596004015,
        0.3035520337618013,
        0.3163663942344942,
        0.318300285789982,
        0.3302267243701407,
        0.3465085320025619,
        0.3465085320025619,
        0.3600082718105364,
        0.3718874940570572,
        0.3718874940570572,
        0.3718874940570572,
        0.3861789254902737,
        0.3861789254902737,
        0.3861789254902737,
        0.38721445384541203,
        0.3978920249832365,
        0.4053789874814093,
        0.4147903301657902,
        0.4159665653899734,
        0.41681397714686563,
        0.4237205626497591,
        0.42443354921654375,
        0.42443354921654375,
        0.4339398316133526,
        0.43531208996397414,
        0.4377325221650983,
        0.4438816073264075,
        0.4485039897483025,
        0.45284433329720614,
        0.45284433329720614,
        0.4564635590843365,
        0.4667596242221609,
        0.46999465876004587,
        0.46999465876004587,
        0.4804696493322092,
        0.5010939734781865,
        0.5010939734781865,
        0.5010939734781865,
        0.5010939734781865,
        0.5133792384797669,
        0.5133792384797669,
        0.5133792384797669,
        0.5159689741135883,
        0.5462919884677974,
        0.546946727688307,
        0.546946727688307,
        0.5514372007564178,
        0.5569159186214193,
        0.5705840096058843,
        0.5761993327474699,
        0.5853886273656714,
        0.5853886273656714,
        0.60932737641309,
        0.60932737641309,
        0.60932737641309,
        0.6197674626066615,
        0.6197674626066615,
        0.6231141114660412,
        0.6231141114660412,
        0.6231141114660412,
        0.6231141114660412,
        0.625255323761004,
        0.6268054314482725,
        0.6324192031131503,
        0.6324192031131503,
        0.6381901125019384,
        0.6381901125019384,
        0.6381901125019384,
        0.6440106090704071,
        0.6440184425984757,
        0.6680162215389813,
        0.6680162215389813,
        0.6684794292634058,
        0.6684794292634058,
        0.6838702575946519,
        0.6838702575946519,
        0.68426415288953,
        0.6897274218887881,
        0.6897274218887882,
        0.6897274218887882,
        0.6897274218887882,
        0.6897274218887882,
        0.6897274218887882,
        0.6897274218887882,
        0.6897274218887882,
        0.6897274218887882,
        0.6897274218887882,
        0.6897274218887882,
        0.6897274218887882,
        0.6897274218887882,
        0.6924487373242956,
        0.6924487373242956,
        0.6956027079958018,
        0.6956027079958018,
        0.6956027079958018,
        0.6956027079958018,
        0.6956027079958018,
        0.6956027079958018,
        0.6956027079958018,
        0.6962406267764201,
        0.6962406267764201,
        0.6962406267764201,
        0.6962406267764201,
        0.6962406267764201,
        0.6962406267764201,
        0.6962406267764201,
        0.6962406267764201,
        0.6962406267764201,
        0.6962406267764201,
        0.6962406267764201,
        0.6962406267764201,
        0.6962406267764201,
        0.6962406267764201,
        0.6962406267764201,
        0.6962406267764201,
        0.6962406267764201,
        0.6962406267764201,
        0.6962406267764201,
        0.6962406267764201,
        0.6962406267764201,
        0.6962406267764201,
        0.6962406267764201,
        0.6962406267764201,
        0.6962406267764201,
        0.6962406267764201,
        0.6962406267764201,
        0.6962406267764201,
        0.6962406267764201,
        0.6962406267764201,
        0.6962406267764201,
        0.6962406267764201,
        0.6973243712864206,
        0.6973243712864206,
        0.6973243712864206,
        0.6973243712864206,
        0.6973243712864206,
        0.699428575785026,
        0.699428575785026,
        0.699428575785026,
        0.699428575785026,
        0.7016344688555451,
        0.7063906038950837,
        0.7063906038950837,
        0.7063906038950837,
        0.7063906038950837,
        0.7063906038950837,
        0.7063906038950837,
        0.7063906038950837,
        0.7063906038950837,
        0.7063906038950837,
        0.7063906038950837,
        0.7063906038950837,
        0.7063906038950837,
        0.7115508015306925,
        0.7115508015306925,
        0.7115508015306925,
        0.7115508015306925,
        0.7115508015306925,
        0.7115508015306925,
        0.7115508015306925,
        0.7115508015306925,
        0.7115508015306925,
        0.7115508015306925,
        0.7115508015306925,
        0.7115508015306925,
        0.7115508015306925,
        0.7115508015306925,
        0.7115508015306925,
        0.7115508015306925,
        0.7115508015306925,
        0.7115508015306925,
        0.7115508015306925,
        0.7115508015306925,
        0.7115508015306925,
        0.7115508015306925,
        0.7115508015306925,
        0.7115508015306925,
        0.7115508015306925,
        0.721680571512179,
        0.721680571512179,
        0.7254489385061191,
        0.7254489385061191,
        0.7254489385061191,
        0.7254489385061191,
        0.7254489385061191,
        0.7254489385061191,
        0.7254489385061191,
        0.7254489385061191,
        0.7254489385061191,
        0.7254489385061191,
        0.7254489385061191,
        0.7254489385061191,
        0.7254489385061191,
        0.7254489385061191,
        0.7254489385061191,
        0.7254489385061191,
        0.7254489385061191,
        0.7254489385061191,
        0.7254489385061191,
        0.7254489385061191
    ],