{
    "bestIndiv": [
        [
            20,
            17,
            30,
            21,
            0,
            48,
            31,
            35,
            33,
            34,
            43,
            15,
            49,
            19,
            29,
            28,
            25,
            26,
            27,
            50,
            11,
            10,
            51,
            13,
            12,
            46,
            24,
            3,
            39,
            44,
            18,
            2,
            16,
            40,
            7,
            8,
            9,
            32,
            42,
            38,
            36,
            37,
            14,
            4,
            5,
            47,
            23,
            45,
            22,
            6,
            1,
            41
        ],
        0.7672860505747725
    ],
    "best": [
        0.2876155854478391,
        0.303016834736376,
        0.3161810437524179,
        0.31912422249538025,
        0.3234137807554156,
        0.3417851071824101,
        0.3417851071824101,
        0.3440958047641653,
        0.3514811369034521,
        0.3622308135548983,
        0.369999503426007,
        0.3779541083869538,
        0.39451943494189734,
        0.39451943494189734,
        0.40033140103604864,
        0.40836566991116724,
        0.4101780367645916,
        0.4222719982182874,
        0.4267430353886974,
        0.4466799571282135,
        0.4466799571282135,
        0.4466799571282135,
        0.4521089432507737,
        0.4521089432507737,
        0.4588545370932854,
        0.4588545370932854,
        0.4602846245539194,
        0.4667147299052225,
        0.47370503117523544,
        0.47370503117523544,
        0.4781032428491837,
        0.4975815738888257,
        0.4975815738888257,
        0.4975815738888257,
        0.4984424164171655,
        0.4984424164171655,
        0.4984424164171655,
        0.499400573932002,
        0.499400573932002,
        0.5028134167258979,
        0.5107095995144896,
        0.512263015160199,
        0.5307554000543981,
        0.5334509061996192,
        0.5562206231935525,
        0.5562206231935525,
        0.5562206231935525,
        0.5562206231935525,
        0.5610907803858409,
        0.5760177193548137,
        0.5760177193548137,
        0.5760177193548137,
        0.5847909612734872,
        0.5872862899890203,
        0.5872862899890203,
        0.5901767023667468,
        0.5901767023667468,
        0.5913035236499987,
        0.5964088675576671,
        0.5980029520315178,
        0.6035040297878908,
        0.6056394205291539,
        0.607283297774551,
        0.6105059735383475,
        0.6105059735383475,
        0.6262441321714911,
        0.6262441321714911,
        0.6303797205216077,
        0.6303797205216077,
        0.6349791276730626,
        0.6356537218263005,
        0.6376783608614046,
        0.6449821105804726,
        0.6449821105804726,
        0.6449821105804726,
        0.6478624597313696,
        0.6526248548613743,
        0.6526248548613743,
        0.6534343451719392,
        0.6534343451719392,
        0.6553164920534383,
        0.6553164920534383,
        0.656132677511517,
        0.6564658484447841,
        0.6597832555981842,
        0.6597832555981842,
        0.6611396129725545,
        0.6611396129725545,
        0.6727191671537758,
        0.6736173130133802,
        0.6755794702656063,
        0.6770912763447874,
        0.6796086025829482,
        0.6816958643896248,
        0.6816958643896248,
        0.6816958643896248,
        0.6822992946628968,
        0.687795615151671,
        0.687795615151671,
        0.6906725352344552,
        0.6912456024386829,
        0.6946560217903406,
        0.6946560217903406,
        0.6977885984666633,
        0.6977885984666633,
        0.705130973551592,
        0.7073678527699183,
        0.7145473388278252,
        0.7279865859423763,
        0.7279865859423763,
        0.733999147636115,
        0.7360378424069514,
        0.7383750485351321,
        0.7383750485351321,
        0.7460531930288916,
        0.7460531930288916,
        0.7505744425502647,
        0.7531907770635062,
        0.7531907770635062,
        0.755035956141412,
        0.755035956141412,
        0.7566334123539352,
        0.7566334123539352,
        0.7566334123539352,
        0.7566334123539352,
        0.7566334123539352,
        0.7566334123539352,
        0.7566334123539352,
        0.7566334123539352,
        0.7566334123539352,
        0.7566334123539352,
        0.7566334123539352,
        0.7566334123539352,
        0.7566334123539352,
        0.7566334123539352,
        0.7566334123539352,
        0.7566334123539352,
        0.7566334123539352,
        0.7566334123539352,
        0.7566334123539352,
        0.7566334123539352,
        0.7566334123539352,
        0.7566334123539352,
        0.7566334123539352,
        0.7566334123539352,
        0.7566334123539352,
        0.7566334123539352,
        0.7566334123539352,
        0.7566334123539352,
        0.7566334123539352,
        0.7566334123539352,
        0.7566334123539352,
        0.7566334123539352,
        0.7566334123539352,
        0.7566334123539352,
        0.7577152720820765,
        0.7577152720820765,
        0.7577152720820765,
        0.7632173012263901,
        0.7632173012263901,
        0.7643180842939926,
        0.7643180842939926,
        0.7643180842939926,
        0.7643180842939926,
        0.7643180842939926,
        0.7643180842939926,
        0.7643180842939926,
        0.7672860505747725,
        0.7672860505747725,
        0.7672860505747725,
        0.7672860505747725,
        0.7672860505747725,
        0.7672860505747725,
        0.7672860505747725,
        0.7672860505747725,
        0.7672860505747725,
        0.7672860505747725,
        0.7672860505747725,
        0.7672860505747725,
        0.7672860505747725,
        0.7672860505747725,
        0.7672860505747725,
        0.7672860505747725,
        0.7672860505747725,
        0.7672860505747725,
        0.7672860505747725,
        0.7672860505747725,
        0.7672860505747725,
        0.7672860505747725,
        0.7672860505747725,
        0.7672860505747725,
        0.7672860505747725,
        0.7672860505747725,
        0.7672860505747725,
        0.7672860505747725,
        0.7672860505747725,
        0.7672860505747725,
        0.7672860505747725,
        0.7672860505747725,
        0.7672860505747725,
        0.7672860505747725
    ],