{
    "bestIndiv": [
        [
            8,
            9,
            18,
            20,
            41,
            6,
            1,
            22,
            19,
            49,
            15,
            45,
            47,
            23,
            4,
            3,
            50,
            11,
            10,
            51,
            13,
            12,
            27,
            26,
            46,
            25,
            24,
            32,
            42,
            2,
            16,
            29,
            28,
            36,
            37,
            39,
            14,
            5,
            38,
            48,
            31,
            0,
            35,
            34,
            33,
            43,
            21,
            30,
            17,
            44,
            40,
            7
        ],
        0.7205736895029968
    ],
    "best": [
        0.28990787091869336,
        0.29638393295039533,
        0.3033314717913347,
        0.3240447292164569,
        0.3240447292164569,
        0.33255742493937956,
        0.33255742493937956,
        0.34497222101293745,
        0.36637057403630896,
        0.36637057403630896,
        0.36637057403630896,
        0.36637057403630896,
        0.36787015297050957,
        0.3735119214917752,
        0.39034429243828817,
        0.3986779662969218,
        0.3986779662969218,
        0.4133979444432634,
        0.4133979444432634,
        0.4135309643257077,
        0.4204242589915246,
        0.42079977164142446,
        0.4264725826546327,
        0.4496759888212116,
        0.4496759888212116,
        0.46005528918914523,
        0.46005528918914523,
        0.4647933009833436,
        0.47580730987257264,
        0.48390539816426376,
        0.4927891553149585,
        0.49862190301792814,
        0.5011756119132955,
        0.5054240612783412,
        0.5096682353844083,
        0.5096682353844083,
        0.5194367241020091,
        0.5240082165855411,
        0.5391961469501262,
        0.5391961469501262,
        0.5391961469501262,
        0.5461802119752296,
        0.5461802119752296,
        0.5627330723691495,
        0.5627330723691495,
        0.5627330723691495,
        0.5774938783835115,
        0.5774938783835115,
        0.5856725289325362,
        0.5858532763781831,
        0.5867819267711573,
        0.5867819267711573,
        0.5867819267711573,
        0.5904298057878158,
        0.5933376856758368,
        0.595956366837692,
        0.6006855508029451,
        0.6006855508029451,
        0.6020741407472598,
        0.6026764795268341,
        0.6026764795268341,
        0.6026764795268341,
        0.6034570050143081,
        0.6056967181963837,
        0.6059655668228513,
        0.6097634706970271,
        0.6110979456894352,
        0.6128553403645994,
        0.6155441726934486,
        0.6155441726934486,
        0.6165415955239123,
        0.6165415955239123,
        0.6197062426954864,
        0.6197062426954864,
        0.6197062426954864,
        0.6207172105736936,
        0.6207172105736936,
        0.6207172105736936,
        0.6207172105736936,
        0.6207172105736936,
        0.6222986166730784,
        0.6224730412828907,
        0.6224730412828907,
        0.6231264088910993,
        0.6232551894075599,
        0.6232551894075599,
        0.6292829669492737,
        0.6296562670003966,
        0.6296562670003966,
        0.6296562670003966,
        0.6313019418442082,
        0.6335472678505583,
        0.6335472678505584,
        0.6339256458586503,
        0.6339256458586503,
        0.6339256458586503,
        0.6339256458586503,
        0.6339256458586503,
        0.6339256458586503,
        0.6339256458586503,
        0.6341583192163487,
        0.6341583192163487,
        0.6373582978818111,
        0.6456889337905813,
        0.6456889337905813,
        0.6456889337905813,
        0.6456889337905813,
        0.6520700191116092,
        0.6520700191116092,
        0.6520700191116092,
        0.6520700191116092,
        0.6520700191116092,
        0.6520700191116092,
        0.6520700191116092,
        0.6520700191116092,
        0.6520700191116092,
        0.6520700191116092,
        0.6520700191116092,
        0.6520700191116092,
        0.6520700191116092,
        0.6520700191116092,
        0.6520700191116092,
        0.6520700191116092,
        0.6520700191116092,
        0.6520700191116092,
        0.6520700191116092,
        0.6520700191116092,
        0.6520700191116092,
        0.6520700191116092,
        0.6520700191116092,
        0.6520700191116092,
        0.6520700191116092,
        0.6520700191116092,
        0.6520700191116092,
        0.6520700191116092,
        0.6520700191116092,
        0.6520700191116092,
        0.6522718433780488,
        0.6522718433780488,
        0.6522718433780488,
        0.6526443815674268,
        0.6526443815674268,
        0.6526443815674268,
        0.6526443815674268,
        0.6526443815674268,
        0.6526443815674268,
        0.6717739238737412,
        0.6717739238737414,
        0.6717739238737414,
        0.6717739238737414,
        0.6717739238737414,
        0.6717739238737414,
        0.6717739238737414,
        0.6717739238737414,
        0.6717739238737414,
        0.6717739238737414,
        0.6717739238737414,
        0.6717739238737414,
        0.6717739238737414,
        0.6717739238737414,
        0.6717739238737414,
        0.6717739238737414,
        0.6717760713467055,
        0.6717760713467055,
        0.6717760713467055,
        0.6717760713467055,
        0.6717760713467055,
        0.6717760713467055,
        0.6717760713467055,
        0.6717760713467055,
        0.6728413862141693,
        0.6728413862141693,
        0.6747470713257039,
        0.6747470713257039,
        0.6921477510995433,
        0.6921477510995433,
        0.6921477510995433,
        0.6929287309778943,
        0.6992057038511378,
        0.6992057038511378,
        0.6992057038511378,
        0.6992057038511378,
        0.6992057038511378,
        0.700721545492736,
        0.7139027307310325,
        0.7139027307310325,
        0.7197251127032425,
        0.7197251127032425,
        0.7197251127032425,
        0.7197251127032425,
        0.7197251127032425,
        0.7197251127032425,
        0.7197251127032425,
        0.7199354375015903,
        0.7199354375015903,
        0.7199354375015903,
        0.7203629916709638,
        0.7203629916709638,
        0.7205736895029968,
        0.7205736895029968,
        0.7205736895029968
    ],