{
    "bestIndiv": [
        [
            38,
            34,
            33,
            43,
            47,
            23,
            5,
            14,
            4,
            37,
            36,
            35,
            30,
            17,
            20,
            6,
            1,
            41,
            16,
            2,
            22,
            19,
            49,
            15,
            25,
            46,
            13,
            51,
            12,
            27,
            26,
            11,
            50,
            10,
            32,
            42,
            3,
            24,
            31,
            7,
            9,
            8,
            40,
            18,
            44,
            48,
            0,
            21,
            29,
            28,
            45,
            39
        ],
        0.7469084388856281
    ],
    "best": [
        0.29415596602819777,
        0.3016369884755416,
        0.3188247759524683,
        0.32978560380143007,
        0.3511946999238069,
        0.3511946999238069,
        0.35466801657732433,
        0.3708858775661508,
        0.3708858775661508,
        0.3708858775661508,
        0.37225241911964374,
        0.3894468683848185,
        0.39116825642042874,
        0.40397457967937705,
        0.40397457967937705,
        0.41050877510278194,
        0.4116804986562875,
        0.41516294566074385,
        0.41766863426976814,
        0.41766863426976814,
        0.41766863426976814,
        0.4424767919435642,
        0.44471250245718724,
        0.44471250245718724,
        0.45125688624731186,
        0.45125688624731186,
        0.4530788479465692,
        0.46752947913106985,
        0.4771944128442588,
        0.4771944128442588,
        0.482965195187529,
        0.4941069813150176,
        0.5190389431087487,
        0.5190389431087487,
        0.5190389431087487,
        0.5190389431087487,
        0.5190389431087487,
        0.5190389431087488,
        0.5301997492918619,
        0.5333971211906869,
        0.5333971211906869,
        0.5361443564479931,
        0.5361443564479931,
        0.5416265125090541,
        0.556176413175458,
        0.556176413175458,
        0.5607265808480199,
        0.563322590829562,
        0.5709604086490832,
        0.5709604086490832,
        0.5712636585604621,
        0.5771133076879877,
        0.5863280803516907,
        0.5863280803516907,
        0.5878170441977448,
        0.592442816931655,
        0.592442816931655,
        0.5994668774052588,
        0.6047563124918,
        0.6057202212488695,
        0.617715982712877,
        0.617715982712877,
        0.6215357337376954,
        0.6298061063619925,
        0.6298061063619925,
        0.6298061063619925,
        0.6298061063619925,
        0.6319110136672056,
        0.6332200668119875,
        0.6332200668119875,
        0.650624614340055,
        0.650624614340055,
        0.6523099640078381,
        0.6523099640078381,
        0.6523099640078381,
        0.6523506857444493,
        0.65703229212444,
        0.6587925753727161,
        0.6587925753727161,
        0.6603136312357816,
        0.6687440983959878,
        0.6697404999489078,
        0.6758354021835161,
        0.6758354021835161,
        0.6758354021835161,
        0.6774362704237109,
        0.7132471779196284,
        0.7132471779196284,
        0.7132471779196284,
        0.7132471779196284,
        0.7132471779196284,
        0.7132471779196284,
        0.7159262798286206,
        0.7159262798286206,
        0.7159262798286206,
        0.7213659434597028,
        0.7213659434597028,
        0.721365943459703,
        0.7241065011514382,
        0.7241065011514382,
        0.7250254524998142,
        0.7314209982864179,
        0.7314209982864179,
        0.7314209982864179,
        0.7315890147151494,
        0.7315890147151494,
        0.7315890147151494,
        0.7316328168722357,
        0.7335180587320766,
        0.7335180587320766,
        0.7335180587320766,
        0.736858855959944,
        0.736858855959944,
        0.736858855959944,
        0.736858855959944,
        0.736858855959944,
        0.736858855959944,
        0.736858855959944,
        0.736858855959944,
        0.736858855959944,
        0.736858855959944,
        0.736858855959944,
        0.736858855959944,
        0.736858855959944,
        0.736858855959944,
        0.736858855959944,
        0.736858855959944,
        0.7417729255688479,
        0.7417729255688479,
        0.7417729255688479,
        0.7417729255688479,
        0.7417729255688479,
        0.7417729255688479,
        0.7417729255688479,
        0.7417729255688479,
        0.7417729255688479,
        0.7421440937084237,
        0.7421440937084237,
        0.7421440937084237,
        0.7421440937084237,
        0.7421440937084237,
        0.7421440937084237,
        0.7469084388856281,
        0.7469084388856281,
        0.7469084388856281,
        0.7469084388856281,
        0.7469084388856281,
        0.7469084388856281,
        0.7469084388856281,
        0.7469084388856281,
        0.7469084388856281,
        0.7469084388856281,
        0.7469084388856281,
        0.7469084388856281,
        0.7469084388856281,
        0.7469084388856281,
        0.7469084388856281,
        0.7469084388856281,
        0.7469084388856281,
        0.7469084388856281,
        0.7469084388856281,
        0.7469084388856281,
        0.7469084388856281,
        0.7469084388856281,
        0.7469084388856281,
        0.7469084388856281,
        0.7469084388856281,
        0.7469084388856281,
        0.7469084388856281,
        0.7469084388856281,
        0.7469084388856281,
        0.7469084388856281,
        0.7469084388856281,
        0.7469084388856281,
        0.7469084388856281,
        0.7469084388856281,
        0.7469084388856281,
        0.7469084388856281,
        0.7469084388856281,
        0.7469084388856281,
        0.7469084388856281,
        0.7469084388856281,
        0.7469084388856281,
        0.7469084388856281,
        0.7469084388856281,
        0.7469084388856281,
        0.7469084388856281,
        0.7469084388856281,
        0.7469084388856281,
        0.7469084388856281,
        0.7469084388856281,
        0.7469084388856281,
        0.7469084388856281,
        0.7469084388856281,
        0.7469084388856281,
        0.7469084388856281,
        0.7469084388856281,
        0.7469084388856281,
        0.7469084388856281,
        0.7469084388856281,
        0.7469084388856281
    ],