{
    "bestIndiv": [
        [
            7,
            8,
            9,
            24,
            11,
            27,
            26,
            12,
            25,
            46,
            13,
            51,
            10,
            50,
            32,
            42,
            44,
            40,
            2,
            17,
            16,
            1,
            6,
            41,
            34,
            33,
            35,
            38,
            45,
            15,
            43,
            22,
            19,
            49,
            28,
            29,
            20,
            30,
            21,
            0,
            39,
            47,
            23,
            4,
            5,
            3,
            14,
            37,
            36,
            48,
            31,
            18
        ],
        0.7649146758765276
    ],
    "best": [
        0.2878499221581428,
        0.2980081797078573,
        0.3119231207361048,
        0.3164467224175986,
        0.3164467224175986,
        0.32935468468967116,
        0.3329457995667549,
        0.3329457995667549,
        0.33658827068882485,
        0.33689331220377156,
        0.34943910855813587,
        0.3544329430697178,
        0.36639648579124556,
        0.36639648579124556,
        0.3726054393215986,
        0.3822934042969462,
        0.3822934042969462,
        0.389233799765476,
        0.39525951297963363,
        0.39525951297963363,
        0.3974884203597367,
        0.41331596135873666,
        0.4146143641431009,
        0.4160586290428635,
        0.43126694393088444,
        0.43126694393088444,
        0.4484233379087312,
        0.4484233379087312,
        0.46567573136880097,
        0.46567573136880097,
        0.47135801250860837,
        0.4887547924563189,
        0.4887547924563189,
        0.5028594775670628,
        0.5028594775670628,
        0.5060955058649554,
        0.5117733445521025,
        0.5177326437393106,
        0.5202076886244764,
        0.5202076886244764,
        0.526208465852347,
        0.526208465852347,
        0.5262084658523472,
        0.5337158159318266,
        0.5337158159318266,
        0.5437680313767727,
        0.5613745782552497,
        0.5614461691664607,
        0.5614461691664607,
        0.5650796845924116,
        0.5650796845924116,
        0.5650796845924116,
        0.5679262061485467,
        0.5831915165746091,
        0.5831915165746091,
        0.5831915165746091,
        0.5876599708792561,
        0.5876599708792561,
        0.5918096643685327,
        0.6043514659456883,
        0.6043514659456883,
        0.6043514659456884,
        0.6043514659456884,
        0.6048848905453735,
        0.6077585362638743,
        0.6115037723045234,
        0.6115037723045234,
        0.6130011701843624,
        0.6141433720970794,
        0.6191520950867538,
        0.6257732508321595,
        0.6282338346512731,
        0.6381273578405003,
        0.641655506035314,
        0.6416555060353141,
        0.6474614796976905,
        0.654651182221992,
        0.654651182221992,
        0.654651182221992,
        0.654651182221992,
        0.654651182221992,
        0.6629554355281568,
        0.6629554355281568,
        0.6629554355281568,
        0.6629554355281568,
        0.6716019219095758,
        0.6716019219095758,
        0.6803446546623155,
        0.6814086793128976,
        0.6814086793128976,
        0.6974158840475907,
        0.70411109267556,
        0.70411109267556,
        0.70411109267556,
        0.70411109267556,
        0.70411109267556,
        0.7116480131695352,
        0.7116480131695352,
        0.7116480131695352,
        0.7116480131695352,
        0.7116480131695352,
        0.7116480131695352,
        0.7116480131695352,
        0.7116480131695352,
        0.7116480131695352,
        0.7116480131695352,
        0.7116480131695352,
        0.7116480131695352,
        0.7116480131695352,
        0.7116480131695352,
        0.7116480131695352,
        0.7116480131695352,
        0.7116480131695352,
        0.7116480131695352,
        0.7224911588418624,
        0.7224911588418624,
        0.7224911588418624,
        0.7224911588418624,
        0.7224911588418624,
        0.7224911588418624,
        0.7224911588418624,
        0.7224911588418624,
        0.7224911588418624,
        0.7224911588418624,
        0.7224911588418624,
        0.7224911588418624,
        0.7224911588418624,
        0.7224911588418624,
        0.7224911588418624,
        0.7224911588418624,
        0.7224911588418624,
        0.7224911588418624,
        0.7224911588418624,
        0.7224911588418624,
        0.7224911588418624,
        0.7224911588418624,
        0.7224911588418624,
        0.7224911588418624,
        0.7224911588418624,
        0.7224911588418624,
        0.7224911588418624,
        0.7224911588418624,
        0.7280698000840746,
        0.7280698000840746,
        0.7280698000840746,
        0.7280698000840746,
        0.7280698000840746,
        0.7280698000840746,
        0.7280698000840746,
        0.7280698000840746,
        0.7280698000840746,
        0.7306346611081425,
        0.7306346611081425,
        0.7306346611081425,
        0.7306346611081425,
        0.7306346611081425,
        0.7306346611081425,
        0.7306346611081425,
        0.7306346611081425,
        0.7306346611081425,
        0.7306346611081425,
        0.7306346611081425,
        0.7306346611081425,
        0.7306346611081425,
        0.7306346611081425,
        0.7306346611081425,
        0.7306346611081425,
        0.7306346611081425,
        0.7306346611081425,
        0.7306346611081425,
        0.7314271311672135,
        0.7314271311672135,
        0.7314271311672135,
        0.7314271311672135,
        0.7314271311672135,
        0.7441296032484621,
        0.7441296032484621,
        0.7584604838064956,
        0.7584604838064956,
        0.7584604838064956,
        0.758658894917257,
        0.758658894917257,
        0.758658894917257,
        0.7586588949172571,
        0.7586588949172571,
        0.7586588949172571,
        0.7649146758765276,
        0.7649146758765276,
        0.7649146758765276,
        0.7649146758765276,
        0.7649146758765276,
        0.7649146758765276,
        0.7649146758765276,
        0.7649146758765276,
        0.7649146758765276,
        0.7649146758765276,
        0.7649146758765276,
        0.7649146758765276,
        0.7649146758765276,
        0.7649146758765276,
        0.7649146758765276
    ],