{
    "bestIndiv": [
        [
            34,
            39,
            23,
            4,
            5,
            14,
            37,
            48,
            0,
            31,
            44,
            40,
            42,
            9,
            8,
            7,
            18,
            2,
            17,
            22,
            19,
            49,
            28,
            15,
            43,
            24,
            3,
            32,
            50,
            11,
            27,
            26,
            12,
            10,
            51,
            13,
            46,
            25,
            45,
            47,
            36,
            38,
            35,
            21,
            30,
            29,
            41,
            1,
            6,
            16,
            20,
            33
        ],
        0.7534307041938749
    ],
    "best": [
        0.2970436211377127,
        0.30105987639885745,
        0.30980915971013256,
        0.3147928415834922,
        0.33324723157593317,
        0.33324723157593317,
        0.34912589349234185,
        0.36063568941862706,
        0.3631396291476472,
        0.3648771182785864,
        0.3648771182785864,
        0.3706141454830392,
        0.38250482480297354,
        0.38250482480297354,
        0.38615139728022163,
        0.38615139728022163,
        0.39129025738468814,
        0.39542209931173494,
        0.396371764323783,
        0.4050477322458585,
        0.40937313078308607,
        0.41042591880873547,
        0.42268164999131147,
        0.42268164999131147,
        0.43022979660302085,
        0.43022979660302085,
        0.43416817148757214,
        0.43416817148757214,
        0.44076181739748665,
        0.4427636188341616,
        0.44488029774099636,
        0.46114081344731733,
        0.46114081344731733,
        0.46114081344731733,
        0.4614735926896427,
        0.4830632029045769,
        0.4900313586816815,
        0.4900313586816815,
        0.4944763365903488,
        0.4944763365903488,
        0.4968458446804872,
        0.4968458446804872,
        0.5088221168303462,
        0.5195304386654802,
        0.5227474512997373,
        0.5347845257912018,
        0.5347845257912018,
        0.5434471701084707,
        0.5443772228492554,
        0.5443772228492554,
        0.5457707251470161,
        0.5603468867633788,
        0.5603468867633788,
        0.5603468867633788,
        0.5691446229428783,
        0.5691446229428783,
        0.5726898629317905,
        0.5735720378247996,
        0.5990285353963848,
        0.6026679516791201,
        0.611773879684754,
        0.611773879684754,
        0.611773879684754,
        0.6123653537484515,
        0.6123653537484515,
        0.6141662847628597,
        0.6193964819507763,
        0.6265124639734817,
        0.6265124639734817,
        0.6324708529971911,
        0.6464676958561703,
        0.6464676958561703,
        0.6464676958561703,
        0.6464676958561703,
        0.6558025804551982,
        0.6598127335319639,
        0.6598127335319639,
        0.6735819030258711,
        0.6772611031080514,
        0.6772611031080514,
        0.6772611031080514,
        0.680111465934215,
        0.680111465934215,
        0.680111465934215,
        0.680111465934215,
        0.680111465934215,
        0.7021712824247743,
        0.7052356526815109,
        0.7052356526815109,
        0.7052356526815109,
        0.7131988469125936,
        0.7296850023577177,
        0.7296850023577177,
        0.7296850023577177,
        0.7296850023577177,
        0.7330184127731619,
        0.7330184127731619,
        0.7330184127731619,
        0.7343972115953715,
        0.7343972115953715,
        0.7343972115953715,
        0.7343972115953715,
        0.7343972115953715,
        0.7343972115953715,
        0.7343972115953715,
        0.7343972115953715,
        0.7343972115953715,
        0.7343972115953715,
        0.7343972115953715,
        0.735317849348762,
        0.735317849348762,
        0.735317849348762,
        0.735317849348762,
        0.735317849348762,
        0.735317849348762,
        0.735317849348762,
        0.735317849348762,
        0.735317849348762,
        0.735317849348762,
        0.735317849348762,
        0.7430268150944518,
        0.7430268150944518,
        0.7430268150944518,
        0.7430268150944518,
        0.7430268150944518,
        0.7430268150944518,
        0.7430268150944518,
        0.7430268150944518,
        0.7430268150944518,
        0.7430268150944518,
        0.7430268150944518,
        0.7430268150944518,
        0.7430268150944518,
        0.7430268150944518,
        0.7430268150944518,
        0.7430268150944518,
        0.7450626303046294,
        0.7450626303046294,
        0.7450626303046294,
        0.7450626303046294,
        0.7450626303046294,
        0.7450626303046294,
        0.7450626303046294,
        0.7450626303046294,
        0.7450626303046294,
        0.7450626303046294,
        0.7450626303046294,
        0.7450626303046294,
        0.7450626303046294,
        0.7450626303046294,
        0.7450626303046294,
        0.7450626303046294,
        0.7450626303046294,
        0.7450626303046294,
        0.7450626303046294,
        0.7450626303046294,
        0.7450626303046294,
        0.7450626303046294,
        0.7534307041938749,
        0.7534307041938749,
        0.7534307041938749,
        0.7534307041938749,
        0.7534307041938749,
        0.7534307041938749,
        0.7534307041938749,
        0.7534307041938749,
        0.7534307041938749,
        0.7534307041938749,
        0.7534307041938749,
        0.7534307041938749,
        0.7534307041938749,
        0.7534307041938749,
        0.7534307041938749,
        0.7534307041938749,
        0.7534307041938749,
        0.7534307041938749,
        0.7534307041938749,
        0.7534307041938749,
        0.7534307041938749,
        0.7534307041938749,
        0.7534307041938749,
        0.7534307041938749,
        0.7534307041938749,
        0.7534307041938749,
        0.7534307041938749,
        0.7534307041938749,
        0.7534307041938749,
        0.7534307041938749,
        0.7534307041938749,
        0.7534307041938749,
        0.7534307041938749,
        0.7534307041938749,
        0.7534307041938749,
        0.7534307041938749,
        0.7534307041938749,
        0.7534307041938749,
        0.7534307041938749,
        0.7534307041938749,
        0.7534307041938749,
        0.7534307041938749,
        0.7534307041938749
    ],