{
    "bestIndiv": [
        [
            39,
            38,
            48,
            17,
            2,
            21,
            19,
            49,
            15,
            14,
            5,
            24,
            26,
            27,
            10,
            50,
            32,
            42,
            31,
            16,
            20,
            41,
            1,
            6,
            29,
            28,
            22,
            30,
            0,
            36,
            37,
            44,
            18,
            40,
            7,
            9,
            8,
            35,
            34,
            33,
            43,
            45,
            25,
            46,
            13,
            51,
            12,
            11,
            3,
            4,
            23,
            47
        ],
        0.6925496590931595
    ],
    "best": [
        0.2866095923875466,
        0.289985322555573,
        0.30913364665614124,
        0.30913364665614124,
        0.32778309548912954,
        0.33691294135714667,
        0.347425481315313,
        0.34895613934366193,
        0.35379553339012726,
        0.35402302611052006,
        0.3568572574791781,
        0.37350618448123113,
        0.37350618448123113,
        0.3769399287251085,
        0.37974391850765793,
        0.39737672688969344,
        0.39737672688969344,
        0.40003689144542715,
        0.4052064249215499,
        0.4063765990016486,
        0.423437621466095,
        0.423437621466095,
        0.4421870945750175,
        0.4421870945750175,
        0.4421870945750175,
        0.4432371349815633,
        0.44612529244079513,
        0.45171750321846754,
        0.4637139364271956,
        0.4637139364271956,
        0.4643441106053926,
        0.46848625440541497,
        0.4808302653940924,
        0.4808302653940924,
        0.4821953342899783,
        0.48841686455032113,
        0.49336533066228294,
        0.49336533066228294,
        0.49544105180913406,
        0.49544105180913406,
        0.4980372537089145,
        0.4980372537089145,
        0.5147786404451916,
        0.5257067037248851,
        0.5257067037248851,
        0.5257067037248851,
        0.5338449184876363,
        0.5338449184876363,
        0.537200603153973,
        0.5421212531132217,
        0.5447287440352788,
        0.5447287440352788,
        0.5500180479818839,
        0.5500180479818839,
        0.5540702378687267,
        0.5571681551601905,
        0.5571681551601905,
        0.5595323376509688,
        0.5771331102700614,
        0.5771331102700614,
        0.5800495400715114,
        0.5853669442693971,
        0.5853669442693971,
        0.5883010413143763,
        0.588607114093872,
        0.5932336846601515,
        0.5932336846601515,
        0.5993046314443012,
        0.5993046314443014,
        0.6079655413259234,
        0.6174821710406212,
        0.6272738508315752,
        0.6272738508315752,
        0.6319334955607105,
        0.6370133190515657,
        0.6370133190515657,
        0.642434730404677,
        0.642434730404677,
        0.642434730404677,
        0.642434730404677,
        0.6429547870962505,
        0.6429547870962505,
        0.6429547870962505,
        0.6429547870962505,
        0.6429547870962505,
        0.6429547870962505,
        0.6429547870962505,
        0.6479236253049748,
        0.6548453315674828,
        0.6548453315674828,
        0.6551724576692398,
        0.6551724576692398,
        0.6551724576692398,
        0.6551724576692398,
        0.6551724576692398,
        0.6551724576692398,
        0.6551724576692398,
        0.6557284051957015,
        0.6557284051957015,
        0.6557284051957015,
        0.6557284051957015,
        0.6623916531637132,
        0.6623916531637132,
        0.6623916531637132,
        0.6623916531637132,
        0.6623916531637132,
        0.6623916531637132,
        0.6623916531637132,
        0.6623916531637132,
        0.6624796882749482,
        0.663956801899319,
        0.663956801899319,
        0.663956801899319,
        0.6659567191063762,
        0.6659567191063762,
        0.6659567191063762,
        0.6659567191063762,
        0.6675387809103378,
        0.6675829361509903,
        0.6675829361509903,
        0.6675829361509903,
        0.6675829361509903,
        0.6713338451154376,
        0.6713338451154376,
        0.6713338451154376,
        0.6713338451154376,
        0.6713338451154376,
        0.6713338451154376,
        0.6713338451154376,
        0.6713338451154376,
        0.6730461526153597,
        0.6752497544737193,
        0.6752497544737193,
        0.6792784900439376,
        0.6810047624827801,
        0.6850346445602553,
        0.6850346445602553,
        0.6850346445602553,
        0.6870885157542765,
        0.6870885157542765,
        0.6870885157542765,
        0.6870885157542767,
        0.6870885157542767,
        0.6870885157542767,
        0.6879811132111213,
        0.6879811132111213,
        0.6879811132111213,
        0.6879811132111213,
        0.6879811132111213,
        0.6879811132111213,
        0.6879811132111213,
        0.6879811132111213,
        0.6879811132111213,
        0.6879811132111213,
        0.6879811132111213,
        0.688486913310246,
        0.688486913310246,
        0.688486913310246,
        0.688486913310246,
        0.688486913310246,
        0.6893041960925689,
        0.6893041960925689,
        0.6893041960925689,
        0.6893041960925689,
        0.6893041960925689,
        0.6893041960925689,
        0.6893041960925689,
        0.6893041960925689,
        0.6893041960925689,
        0.6893041960925689,
        0.6893041960925689,
        0.6893041960925689,
        0.6893041960925689,
        0.6893041960925689,
        0.6893041960925689,
        0.6893041960925689,
        0.6893041960925689,
        0.6893041960925689,
        0.6893041960925689,
        0.6893041960925689,
        0.6893041960925689,
        0.6893041960925689,
        0.6893041960925689,
        0.6893041960925689,
        0.6893041960925689,
        0.6893041960925689,
        0.6893041960925689,
        0.6893041960925689,
        0.6893041960925689,
        0.6893041960925689,
        0.6893041960925689,
        0.6893041960925689,
        0.6901957407689574,
        0.6901957407689574,
        0.6901957407689574,
        0.6914555945691045,
        0.6923527167809219,
        0.6923527167809219,
        0.6923527167809219,
        0.6925496590931595,
        0.6925496590931595
    ],