{
    "bestIndiv": [
        [
            3,
            5,
            4,
            14,
            24,
            11,
            27,
            46,
            28,
            29,
            1,
            6,
            41,
            22,
            30,
            17,
            0,
            21,
            35,
            38,
            47,
            23,
            39,
            36,
            45,
            25,
            26,
            12,
            13,
            51,
            10,
            50,
            32,
            42,
            9,
            8,
            7,
            40,
            18,
            48,
            43,
            15,
            49,
            19,
            20,
            16,
            2,
            44,
            31,
            34,
            33,
            37
        ],
        0.7842147521269244
    ],
    "best": [
        0.28999371619417674,
        0.3184421579806037,
        0.3361563665538799,
        0.3369642515568493,
        0.33705967303650064,
        0.3482523669175091,
        0.35673208575867016,
        0.35673208575867016,
        0.3631739621795785,
        0.39065904933716994,
        0.39065904933716994,
        0.400497960242276,
        0.400497960242276,
        0.40696752034868033,
        0.4331345017955633,
        0.4331345017955633,
        0.4331345017955633,
        0.44745339025109016,
        0.44745339025109016,
        0.46676888463227334,
        0.46676888463227334,
        0.47122752732023,
        0.4838804490689097,
        0.49004829842356606,
        0.49004829842356606,
        0.4940944326726146,
        0.49923522787841096,
        0.5137821886972349,
        0.5137821886972349,
        0.519310205099052,
        0.519310205099052,
        0.527519829239871,
        0.527519829239871,
        0.5280960708219954,
        0.5456531804562159,
        0.5456531804562159,
        0.5483543793380398,
        0.5503654553104177,
        0.5505534410055957,
        0.5586514685375293,
        0.5764484404368704,
        0.5764484404368704,
        0.5796671821135504,
        0.5837354421999211,
        0.5946146823887785,
        0.5987433113848799,
        0.5987433113848799,
        0.6076210147793168,
        0.6149929804490548,
        0.6149929804490548,
        0.6197704090697448,
        0.6295783964567345,
        0.6338750390205022,
        0.6338750390205022,
        0.6368457473781822,
        0.6368457473781822,
        0.6492071710187097,
        0.6492071710187097,
        0.6492071710187097,
        0.6582881294175675,
        0.6582881294175675,
        0.6582881294175675,
        0.6605822438870707,
        0.662402652458618,
        0.662402652458618,
        0.6624026524586181,
        0.6644384541593207,
        0.6644384541593208,
        0.6644384541593208,
        0.669097881334076,
        0.669097881334076,
        0.669097881334076,
        0.669097881334076,
        0.669097881334076,
        0.7156121137821964,
        0.7156121137821964,
        0.7156121137821964,
        0.7156121137821964,
        0.7156121137821964,
        0.7156121137821964,
        0.7156121137821964,
        0.7156121137821964,
        0.7156121137821964,
        0.7156121137821964,
        0.7156121137821964,
        0.7156121137821964,
        0.7156121137821964,
        0.7156121137821964,
        0.7156121137821964,
        0.7156121137821964,
        0.7156121137821964,
        0.7159083943888941,
        0.7159083943888941,
        0.7159083943888941,
        0.7342437690076803,
        0.7345556817226147,
        0.7345556817226147,
        0.7345556817226147,
        0.7345556817226147,
        0.7345556817226147,
        0.749432994981041,
        0.749432994981041,
        0.749432994981041,
        0.749432994981041,
        0.749432994981041,
        0.749432994981041,
        0.749432994981041,
        0.7506292981322714,
        0.7506292981322714,
        0.7506292981322715,
        0.7530889183783569,
        0.7530889183783569,
        0.7542969311430072,
        0.7542969311430072,
        0.7542969311430072,
        0.7542969311430072,
        0.7610519906967091,
        0.7647026224624448,
        0.7720062030238818,
        0.7720062030238818,
        0.7720062030238818,
        0.7720062030238818,
        0.7720062030238818,
        0.7720062030238818,
        0.7720062030238818,
        0.7762695958974412,
        0.7762695958974412,
        0.7762695958974412,
        0.7762695958974412,
        0.7762695958974412,
        0.7762695958974412,
        0.7762695958974412,
        0.7762695958974412,
        0.7762695958974412,
        0.7762695958974412,
        0.7762695958974412,
        0.7762695958974412,
        0.7762695958974412,
        0.7762695958974412,
        0.7762695958974412,
        0.7762695958974412,
        0.7762695958974412,
        0.7762695958974412,
        0.7762695958974412,
        0.7762695958974412,
        0.7762695958974412,
        0.7762695958974412,
        0.7762695958974412,
        0.7762695958974412,
        0.7775195135526788,
        0.7775195135526788,
        0.7775195135526788,
        0.780500663680339,
        0.780500663680339,
        0.780500663680339,
        0.780500663680339,
        0.780500663680339,
        0.7826247716923778,
        0.7826247716923778,
        0.7826247716923778,
        0.7826247716923778,
        0.7826247716923778,
        0.7826247716923779,
        0.7839944031678456,
        0.7839944031678456,
        0.7839944031678456,
        0.7839944031678456,
        0.7839944031678457,
        0.7839944031678457,
        0.7839944031678457,
        0.7839944031678457,
        0.7839944031678457,
        0.7839944031678457,
        0.7839944031678457,
        0.7839944031678457,
        0.7839944031678457,
        0.7839944031678457,
        0.7839944031678457,
        0.7842050221856487,
        0.7842050221856487,
        0.7842050221856487,
        0.7842050221856487,
        0.7842050221856487,
        0.7842050221856487,
        0.7842050221856487,
        0.7842050221856487,
        0.7842050221856487,
        0.7842050221856487,
        0.7842050221856487,
        0.7842050221856487,
        0.7842147521269244,
        0.7842147521269244,
        0.7842147521269244,
        0.7842147521269244,
        0.7842147521269244,
        0.7842147521269244,
        0.7842147521269244,
        0.7842147521269244,
        0.7842147521269244,
        0.7842147521269244,
        0.7842147521269244
    ],