{
    "bestIndiv": [
        [
            5,
            24,
            3,
            32,
            42,
            4,
            14,
            23,
            47,
            36,
            39,
            38,
            21,
            17,
            6,
            1,
            41,
            20,
            30,
            0,
            43,
            45,
            11,
            50,
            10,
            27,
            26,
            46,
            12,
            51,
            13,
            25,
            15,
            19,
            28,
            29,
            48,
            31,
            18,
            44,
            40,
            7,
            9,
            8,
            2,
            16,
            22,
            49,
            33,
            34,
            35,
            37
        ],
        0.7070246285043131
    ],
    "best": [
        0.28629774866658764,
        0.2897114352757037,
        0.31049152628652193,
        0.31049152628652193,
        0.3146035557823988,
        0.3275370492185725,
        0.3275370492185725,
        0.3275370492185725,
        0.32865675069091327,
        0.34165235986278647,
        0.35589861527195776,
        0.3621530620554781,
        0.3621530620554781,
        0.3621530620554781,
        0.3621530620554781,
        0.36957217505008017,
        0.37775511010396545,
        0.38444256535973836,
        0.38836777334850336,
        0.3974827421011474,
        0.3990841612618146,
        0.4033638699357635,
        0.4088929889885168,
        0.4330837097866895,
        0.4330837097866895,
        0.44010070826530767,
        0.4473220272761643,
        0.45794512131729065,
        0.45922121259824356,
        0.4595523401347287,
        0.49336243137606245,
        0.49336243137606245,
        0.49336243137606245,
        0.49336243137606245,
        0.49336243137606245,
        0.5066497749080203,
        0.5066497749080203,
        0.5218434335323173,
        0.5218434335323173,
        0.5218434335323173,
        0.5218434335323173,
        0.5218434335323173,
        0.5303408957668043,
        0.5303408957668043,
        0.5327531214825851,
        0.5327531214825851,
        0.539377157433267,
        0.550014291995693,
        0.550014291995693,
        0.5554903571416524,
        0.560576643444034,
        0.5609163823184257,
        0.5641987987899979,
        0.5641987987899979,
        0.5836036677043361,
        0.5836036677043361,
        0.5836036677043361,
        0.5867918538862827,
        0.5955242774547368,
        0.5955242774547368,
        0.6009259284158862,
        0.6009259284158862,
        0.6044676640198445,
        0.6044676640198445,
        0.6044676640198445,
        0.6044676640198445,
        0.6044676640198446,
        0.6095842452921881,
        0.6095842452921881,
        0.6192702437421502,
        0.6192702437421502,
        0.6192702437421502,
        0.6192702437421502,
        0.6192702437421502,
        0.623849692012524,
        0.6340742862423223,
        0.6340742862423223,
        0.6340742862423223,
        0.6388761495943974,
        0.6388761495943974,
        0.6388761495943974,
        0.6432475021290276,
        0.6432475021290276,
        0.6477589140811018,
        0.6477589140811018,
        0.6477589140811018,
        0.6477589140811018,
        0.6477589140811018,
        0.6477589140811018,
        0.6477589140811018,
        0.6534800354084115,
        0.6534800354084115,
        0.6580393519315902,
        0.6580393519315902,
        0.6580393519315902,
        0.6622993366584089,
        0.6630654730209684,
        0.6630654730209684,
        0.6630654730209684,
        0.6656409025061479,
        0.6656409025061479,
        0.6656409025061479,
        0.6656409025061479,
        0.6656409025061479,
        0.6656409025061479,
        0.6660532456891302,
        0.6682119166489717,
        0.6682119166489717,
        0.6682119166489717,
        0.6682119166489717,
        0.6682119166489717,
        0.6682119166489717,
        0.6684210983257037,
        0.6684210983257037,
        0.6684210983257037,
        0.6690642883315286,
        0.6690642883315286,
        0.6690642883315286,
        0.6714457855731701,
        0.6714457855731701,
        0.6714457855731701,
        0.6720215194532478,
        0.6720215194532478,
        0.6720215194532478,
        0.6720215194532478,
        0.6720215194532478,
        0.6720215194532478,
        0.6720215194532478,
        0.6720215194532478,
        0.6720215194532478,
        0.6720215194532478,
        0.6720215194532478,
        0.6720215194532478,
        0.679646176947973,
        0.679646176947973,
        0.679646176947973,
        0.6804470584956692,
        0.6804470584956692,
        0.6804470584956692,
        0.6804470584956692,
        0.6804470584956692,
        0.6804470584956692,
        0.6804470584956692,
        0.6804470584956692,
        0.6804470584956692,
        0.6804470584956692,
        0.6804470584956692,
        0.6804470584956692,
        0.6804470584956692,
        0.6804470584956692,
        0.6804470584956692,
        0.6804470584956692,
        0.6804470584956692,
        0.6804470584956692,
        0.6804470584956692,
        0.6804470584956692,
        0.6804470584956692,
        0.6804470584956692,
        0.6804470584956692,
        0.6804470584956692,
        0.6804470584956692,
        0.6804470584956692,
        0.6804470584956692,
        0.6804470584956692,
        0.6804470584956692,
        0.6805373413959275,
        0.6805373413959275,
        0.6805373413959275,
        0.6805373413959275,
        0.6852625193072639,
        0.6852625193072639,
        0.6873804357353741,
        0.6873804357353741,
        0.6873804357353742,
        0.6881027098611634,
        0.6881027098611635,
        0.6881027098611635,
        0.6881027098611635,
        0.6881027098611635,
        0.6881027098611635,
        0.6881027098611635,
        0.6881027098611635,
        0.6881027098611635,
        0.6881027098611635,
        0.6881027098611635,
        0.6881027098611635,
        0.6881027098611635,
        0.7070246285043131,
        0.7070246285043131,
        0.7070246285043131,
        0.7070246285043131,
        0.7070246285043131,
        0.7070246285043131,
        0.7070246285043131,
        0.7070246285043131,
        0.7070246285043131,
        0.7070246285043131,
        0.7070246285043131,
        0.7070246285043131,
        0.7070246285043131,
        0.7070246285043131
    ],