{
    "bestIndiv": [
        [
            11,
            10,
            50,
            24,
            37,
            39,
            48,
            0,
            21,
            28,
            15,
            45,
            3,
            5,
            14,
            4,
            23,
            47,
            36,
            38,
            35,
            33,
            34,
            19,
            49,
            22,
            2,
            16,
            20,
            1,
            6,
            41,
            29,
            30,
            17,
            18,
            40,
            8,
            9,
            7,
            32,
            42,
            44,
            31,
            43,
            26,
            25,
            46,
            12,
            51,
            13,
            27
        ],
        0.7153507067946848
    ],
    "best": [
        0.28629774866658764,
        0.2897114352757037,
        0.31049152628652193,
        0.31049152628652193,
        0.3146035557823988,
        0.3275370492185725,
        0.3275370492185725,
        0.33145535829480594,
        0.33145535829480594,
        0.337196660706592,
        0.3525305061802785,
        0.35267803892896,
        0.36179261452444816,
        0.3737425371563563,
        0.3737425371563563,
        0.3838539675183504,
        0.3870209960993358,
        0.40235595008997105,
        0.41874797203518355,
        0.4192408381939621,
        0.4221438323457947,
        0.44019407278387224,
        0.4525179582331865,
        0.4627467166122681,
        0.4627467166122681,
        0.4770427677609027,
        0.48938461740088873,
        0.4966525161769395,
        0.4966525161769395,
        0.4966525161769395,
        0.5021808318130803,
        0.5118001452049968,
        0.5129965414039173,
        0.5129965414039173,
        0.5301669295950877,
        0.5301669295950877,
        0.5301669295950877,
        0.5301669295950877,
        0.5301669295950877,
        0.5394062391529089,
        0.5489435203432663,
        0.5830745018874257,
        0.5830745018874257,
        0.5975300649512486,
        0.5993980186686749,
        0.5993980186686749,
        0.6130225917461172,
        0.6193690141295269,
        0.6193690141295269,
        0.6316569394006076,
        0.6316569394006077,
        0.635694524247112,
        0.635694524247112,
        0.635694524247112,
        0.6393285431318566,
        0.6393285431318566,
        0.6393285431318566,
        0.6393285431318566,
        0.6393285431318566,
        0.6413750001696452,
        0.6413750001696452,
        0.6413750001696452,
        0.6413750001696452,
        0.6413750001696452,
        0.6510339804587022,
        0.6510339804587022,
        0.6510339804587022,
        0.6510339804587022,
        0.6510339804587022,
        0.652535379534402,
        0.652535379534402,
        0.652535379534402,
        0.6529550003199134,
        0.6729365021615082,
        0.6729365021615082,
        0.6729365021615082,
        0.6729365021615082,
        0.6729365021615082,
        0.6750512289578734,
        0.6827950686246986,
        0.6827950686246986,
        0.6827950686246986,
        0.6849084010427919,
        0.6849084010427919,
        0.6849084010427919,
        0.6853382875329814,
        0.6853382875329814,
        0.6867135825175043,
        0.6874674169495121,
        0.6890240056406522,
        0.6890240056406522,
        0.6890240056406522,
        0.6890240056406522,
        0.6942632288526094,
        0.6942632288526094,
        0.6942632288526094,
        0.6993951316969734,
        0.6993951316969734,
        0.6993951316969734,
        0.7006732081739991,
        0.7006732081739991,
        0.7006732081739991,
        0.7006732081739991,
        0.7006732081739991,
        0.7035938901777598,
        0.7035938901777598,
        0.7035938901777598,
        0.7035938901777598,
        0.7035938901777598,
        0.7035938901777598,
        0.7035938901777598,
        0.7035938901777598,
        0.7035938901777598,
        0.7035938901777598,
        0.7035938901777598,
        0.7035938901777598,
        0.7036599882572276,
        0.7036599882572276,
        0.7041060996048181,
        0.7041722939613455,
        0.7050271782190074,
        0.7050364944922535,
        0.7055414773734837,
        0.7055414773734837,
        0.7055414773734837,
        0.7066166322643389,
        0.7066166322643389,
        0.7071238820459563,
        0.7078610652045245,
        0.7078610652045245,
        0.7078610652045245,
        0.7078610652045245,
        0.7078610652045245,
        0.7078610652045245,
        0.7078610652045245,
        0.7078610652045245,
        0.7078610652045245,
        0.7078610652045245,
        0.7078610652045245,
        0.7078610652045245,
        0.7078610652045245,
        0.7078610652045245,
        0.7078610652045245,
        0.7078610652045245,
        0.7078610652045245,
        0.7078610652045245,
        0.7078610652045245,
        0.7078610652045245,
        0.7078610652045245,
        0.7078610652045245,
        0.7078610652045245,
        0.7078610652045245,
        0.7078610652045245,
        0.7078610652045245,
        0.7078610652045245,
        0.7078610652045245,
        0.7078610652045245,
        0.7078610652045245,
        0.7082331309532264,
        0.7082331309532264,
        0.7082331309532264,
        0.7082331309532264,
        0.7082331309532264,
        0.7082331309532264,
        0.7082331309532264,
        0.7082331309532264,
        0.7082331309532264,
        0.7082331309532264,
        0.7104108370794034,
        0.7104108370794034,
        0.7104108370794034,
        0.7104108370794034,
        0.7104108370794034,
        0.7104108370794034,
        0.7104108370794034,
        0.7104108370794034,
        0.7104108370794034,
        0.7126703424026773,
        0.7126703424026773,
        0.7126703424026773,
        0.7126703424026773,
        0.7126703424026773,
        0.7126703424026773,
        0.7126703424026773,
        0.7126703424026773,
        0.7126703424026773,
        0.7126703424026773,
        0.7153507067946848,
        0.7153507067946848,
        0.7153507067946848,
        0.7153507067946848,
        0.7153507067946848,
        0.7153507067946848,
        0.7153507067946848,
        0.7153507067946848,
        0.7153507067946848,
        0.7153507067946848,
        0.7153507067946848,
        0.7153507067946848,
        0.7153507067946848,
        0.7153507067946848
    ],