{
    "bestIndiv": [
        [
            12,
            25,
            47,
            23,
            4,
            39,
            36,
            35,
            33,
            43,
            34,
            48,
            0,
            21,
            30,
            22,
            29,
            49,
            19,
            45,
            27,
            26,
            46,
            28,
            15,
            42,
            32,
            50,
            24,
            14,
            37,
            38,
            31,
            18,
            2,
            16,
            20,
            41,
            6,
            1,
            17,
            9,
            8,
            7,
            40,
            44,
            5,
            3,
            11,
            10,
            51,
            13
        ],
        0.6725254297185235
    ],
    "best": [
        0.29083059519524995,
        0.30732207312234444,
        0.3091925075005319,
        0.3174008309080457,
        0.3174008309080457,
        0.3228244309695114,
        0.34139237460819455,
        0.34139237460819455,
        0.35494893096311697,
        0.35494893096311697,
        0.35494893096311697,
        0.3705289213413204,
        0.3705289213413204,
        0.39472041503218414,
        0.43161481601381674,
        0.43279231051214,
        0.43279231051214,
        0.43279231051214,
        0.44122308441164176,
        0.44886934839834436,
        0.44886934839834436,
        0.454921220997454,
        0.4634981921711893,
        0.4634981921711893,
        0.475115673955721,
        0.47646980113799225,
        0.47646980113799225,
        0.48156905757088897,
        0.48156905757088897,
        0.4951578022004735,
        0.4951578022004735,
        0.4951578022004735,
        0.5047854631824059,
        0.5211014557281101,
        0.5211014557281101,
        0.5211014557281101,
        0.5221674217223673,
        0.5250050466960545,
        0.529092484625429,
        0.5338604243319196,
        0.5416784417137134,
        0.5481559102083153,
        0.5481559102083153,
        0.5509404719262008,
        0.5509404719262008,
        0.5509404719262008,
        0.5544505857981046,
        0.5556021919229203,
        0.5556021919229203,
        0.5591721504098273,
        0.5599474997409023,
        0.5673101667791852,
        0.5673101667791852,
        0.5694266051448295,
        0.5744078244093145,
        0.5758040473791216,
        0.5923271263132727,
        0.5923271263132727,
        0.5923271263132727,
        0.6003195857827668,
        0.6003195857827668,
        0.6003195857827668,
        0.6060049640207907,
        0.6079996433778411,
        0.6126282724335751,
        0.6126282724335751,
        0.6126282724335751,
        0.6126282724335751,
        0.6135958319331066,
        0.6135958319331066,
        0.6192534134449079,
        0.6192534134449079,
        0.6192534134449079,
        0.6192534134449081,
        0.6337828362054969,
        0.6337828362054969,
        0.6337828362054969,
        0.6378462442397927,
        0.6378462442397927,
        0.6384684743423676,
        0.6384684743423676,
        0.6384684743423676,
        0.6384684743423676,
        0.6384684743423676,
        0.6418132489965765,
        0.6418132489965765,
        0.6418132489965765,
        0.6418132489965765,
        0.6418132489965765,
        0.6418132489965765,
        0.6436932304015545,
        0.6436932304015545,
        0.6436932304015545,
        0.6440624534875667,
        0.6440624534875667,
        0.6440624534875667,
        0.6440624534875667,
        0.6440624534875667,
        0.650711809512868,
        0.650711809512868,
        0.650711809512868,
        0.650711809512868,
        0.6515933722625001,
        0.6515933722625001,
        0.6515933722625001,
        0.654385712786553,
        0.654385712786553,
        0.654385712786553,
        0.654385712786553,
        0.654385712786553,
        0.654385712786553,
        0.654385712786553,
        0.654385712786553,
        0.654385712786553,
        0.654385712786553,
        0.654385712786553,
        0.654385712786553,
        0.654385712786553,
        0.654385712786553,
        0.654385712786553,
        0.654385712786553,
        0.654385712786553,
        0.654385712786553,
        0.654385712786553,
        0.654385712786553,
        0.654385712786553,
        0.654385712786553,
        0.654385712786553,
        0.654385712786553,
        0.654385712786553,
        0.654385712786553,
        0.654385712786553,
        0.654385712786553,
        0.654385712786553,
        0.654385712786553,
        0.654385712786553,
        0.654385712786553,
        0.654385712786553,
        0.654385712786553,
        0.654385712786553,
        0.654385712786553,
        0.654385712786553,
        0.654385712786553,
        0.654385712786553,
        0.654385712786553,
        0.654385712786553,
        0.654385712786553,
        0.654385712786553,
        0.654385712786553,
        0.6554439928159008,
        0.656654728490949,
        0.656654728490949,
        0.658140948149353,
        0.658140948149353,
        0.658140948149353,
        0.658140948149353,
        0.658140948149353,
        0.6594464851644483,
        0.6594464851644483,
        0.6594464851644483,
        0.6594464851644483,
        0.6628373061566358,
        0.6628373061566358,
        0.6641615604795447,
        0.6664125842239551,
        0.6664125842239551,
        0.6664125842239551,
        0.6664125842239551,
        0.6664125842239551,
        0.6664125842239551,
        0.6664125842239551,
        0.6664125842239551,
        0.6664125842239551,
        0.6664125842239551,
        0.6664125842239551,
        0.6664125842239551,
        0.6664125842239551,
        0.6664125842239551,
        0.6664125842239551,
        0.6664125842239551,
        0.6664125842239551,
        0.6664125842239551,
        0.6664125842239551,
        0.6664125842239551,
        0.6664125842239551,
        0.6664125842239551,
        0.6664125842239551,
        0.6664125842239551,
        0.6664125842239551,
        0.6664125842239551,
        0.6664125842239551,
        0.6664125842239551,
        0.6664125842239551,
        0.6664125842239551,
        0.6725254297185235,
        0.6725254297185235,
        0.6725254297185235,
        0.6725254297185235,
        0.6725254297185235,
        0.6725254297185235,
        0.6725254297185235
    ],